time,open,high,low,close
1779058800.0,1.1626555919647217,1.1626555919647217,1.16225004196167,1.1623852252960205
1779060600.0,1.1621150970458984,1.16225004196167,1.1615750789642334,1.1617100238800049
1779062400.0,1.1618449687957764,1.1623852252960205,1.1617100238800049,1.1618449687957764
1779064200.0,1.1618449687957764,1.1618449687957764,1.161170482635498,1.161440134048462
1779066000.0,1.1615750789642334,1.1617100238800049,1.161170482635498,1.1615750789642334
1779067800.0,1.1617100238800049,1.16225004196167,1.1615750789642334,1.1621150970458984
1779069600.0,1.1619800329208374,1.1621150970458984,1.1617100238800049,1.1621150970458984
1779071400.0,1.1621150970458984,1.16225004196167,1.1617100238800049,1.1618449687957764
1779073200.0,1.1619800329208374,1.16225004196167,1.1619800329208374,1.16225004196167
1779075000.0,1.1623852252960205,1.162520408630371,1.16225004196167,1.162520408630371
1779076800.0,1.162520408630371,1.1629259586334229,1.1623852252960205,1.1623852252960205
1779078600.0,1.162520408630371,1.1626555919647217,1.16225004196167,1.1623852252960205
1779080400.0,1.162520408630371,1.162520408630371,1.1621150970458984,1.1623852252960205
1779082200.0,1.1623852252960205,1.162520408630371,1.16225004196167,1.162520408630371
1779084000.0,1.1626555919647217,1.1637378931045532,1.1626555919647217,1.1634671688079834
1779085800.0,1.1634671688079834,1.1640088558197021,1.1634671688079834,1.163873314857483
1779087600.0,1.163873314857483,1.1641442775726318,1.1634671688079834,1.1641442775726318
1779089400.0,1.1641442775726318,1.1642799377441406,1.163602590560913,1.163602590560913
1779091200.0,1.1637378931045532,1.1641442775726318,1.1633317470550537,1.1640088558197021
1779093000.0,1.1641442775726318,1.1648223400115967,1.1641442775726318,1.1645511388778687
1779094800.0,1.1645511388778687,1.1645511388778687,1.1641442775726318,1.1642799377441406
1779096600.0,1.1642799377441406,1.1644154787063599,1.163873314857483,1.163873314857483
1779098400.0,1.163873314857483,1.163873314857483,1.163602590560913,1.163873314857483
1779100200.0,1.1640088558197021,1.1640088558197021,1.163061261177063,1.163061261177063
1779102000.0,1.163061261177063,1.163602590560913,1.163061261177063,1.1634671688079834
1779103800.0,1.1633317470550537,1.1652295589447021,1.1633317470550537,1.1644154787063599
1779105600.0,1.1644154787063599,1.1652295589447021,1.1644154787063599,1.164958119392395
1779107400.0,1.164958119392395,1.16604483127594,1.164958119392395,1.1655012369155884
1779109200.0,1.1655012369155884,1.1657729148864746,1.164958119392395,1.1652295589447021
1779111000.0,1.1650937795639038,1.1659088134765625,1.1648223400115967,1.1655012369155884
1779112800.0,1.1656370162963867,1.1656370162963867,1.164686679840088,1.1648223400115967
1779114600.0,1.164958119392395,1.164958119392395,1.1645511388778687,1.164686679840088
1779116400.0,1.1645511388778687,1.1645511388778687,1.1637378931045532,1.1645511388778687
1779118200.0,1.1644154787063599,1.1655012369155884,1.1642799377441406,1.1653653383255005
1779120000.0,1.1650937795639038,1.1659088134765625,1.1648223400115967,1.1652295589447021
1779121800.0,1.1652295589447021,1.1657729148864746,1.1652295589447021,1.1656370162963867
1779123600.0,1.1655012369155884,1.1656370162963867,1.1653653383255005,1.1655012369155884
1779125400.0,1.1655012369155884,1.1656370162963867,1.1652295589447021,1.1652295589447021
1779127200.0,1.1652295589447021,1.1652295589447021,1.1640088558197021,1.1642799377441406
1779129000.0,1.1642799377441406,1.1642799377441406,1.1634671688079834,1.1634671688079834
1779130800.0,1.1633317470550537,1.1656370162963867,1.1633317470550537,1.1650937795639038
1779132600.0,1.1650937795639038,1.1659088134765625,1.1650937795639038,1.1656370162963867
1779134400.0,1.1655012369155884,1.1663167476654053,1.1655012369155884,1.1661807298660278
1779136200.0,1.1663167476654053,1.1663167476654053,1.1657729148864746,1.1659088134765625
1779138000.0,1.1656370162963867,1.1659088134765625,1.1655012369155884,1.1659088134765625
1779139800.0,1.1657729148864746,1.1664528846740723,1.1657729148864746,1.1663167476654053
1779141600.0,1.1664528846740723,1.1664528846740723,1.1661807298660278,1.1661807298660278
1779143400.0,1.1663167476654053,1.1663167476654053,1.1661807298660278,1.1661807298660278
1779145200.0,1.1661807298660278,1.1661807298660278,1.1659088134765625,1.1661807298660278
1779147000.0,1.1661807298660278,1.1661807298660278,1.1657729148864746,1.1657729148864746
1779148800.0,1.1659088134765625,1.1659088134765625,1.1652295589447021,1.1653653383255005
1779150600.0,1.1653653383255005,1.1653653383255005,1.164686679840088,1.1648223400115967
1779152400.0,1.164686679840088,1.1650937795639038,1.164686679840088,1.164958119392395
1779154200.0,1.164958119392395,1.1656370162963867,1.1648223400115967,1.1650937795639038
1779156000.0,1.1648223400115967,1.1650937795639038,1.1645511388778687,1.164958119392395
1779157800.0,1.1648223400115967,1.164958119392395,1.1645511388778687,1.164686679840088
1779159600.0,1.164686679840088,1.164958119392395,1.1644154787063599,1.1648223400115967
1779161400.0,1.1648223400115967,1.1648223400115967,1.1645511388778687,1.1645511388778687
1779163200.0,1.1645511388778687,1.164686679840088,1.1644154787063599,1.1644154787063599
1779165000.0,1.1644154787063599,1.1645511388778687,1.163873314857483,1.1640088558197021
1779166800.0,1.1640088558197021,1.1642799377441406,1.1637378931045532,1.163873314857483
1779168600.0,1.1637378931045532,1.1645511388778687,1.1637378931045532,1.1645511388778687
1779170400.0,1.1644154787063599,1.164958119392395,1.1641442775726318,1.164686679840088
1779172200.0,1.164686679840088,1.164686679840088,1.1640088558197021,1.1640088558197021
1779174000.0,1.1640088558197021,1.1640088558197021,1.1633317470550537,1.1634671688079834
1779175800.0,1.1634671688079834,1.1640088558197021,1.1634671688079834,1.163873314857483
1779177600.0,1.163873314857483,1.163873314857483,1.163061261177063,1.1633317470550537
1779179400.0,1.1633317470550537,1.163602590560913,1.1626555919647217,1.1626555919647217
1779181200.0,1.1626555919647217,1.1626555919647217,1.1618449687957764,1.1621150970458984
1779183000.0,1.16225004196167,1.1623852252960205,1.1618449687957764,1.16225004196167
1779184800.0,1.16225004196167,1.1629259586334229,1.16225004196167,1.1627906560897827
1779186600.0,1.1626555919647217,1.1627906560897827,1.161440134048462,1.162520408630371
1779188400.0,1.162520408630371,1.162520408630371,1.1621150970458984,1.1621150970458984
1779190200.0,1.16225004196167,1.162520408630371,1.1621150970458984,1.1621150970458984
1779192000.0,1.1619800329208374,1.1627906560897827,1.1618449687957764,1.1627906560897827
1779193800.0,1.162520408630371,1.162520408630371,1.1619800329208374,1.1621150970458984
1779195600.0,1.1619800329208374,1.1619800329208374,1.1607661247253418,1.1607661247253418
1779197400.0,1.1609008312225342,1.1618449687957764,1.160496711730957,1.1618449687957764
1779199200.0,1.1615750789642334,1.1617100238800049,1.1599582433700562,1.1603620052337646
1779201000.0,1.160496711730957,1.160496711730957,1.1599582433700562,1.1599582433700562
1779202800.0,1.1599582433700562,1.160092830657959,1.15968918800354,1.160092830657959
1779204600.0,1.1598236560821533,1.160496711730957,1.1598236560821533,1.160496711730957
1779206400.0,1.160496711730957,1.1609008312225342,1.160092830657959,1.1609008312225342
1779208200.0,1.1609008312225342,1.16130530834198,1.1607661247253418,1.1610356569290161
1779210000.0,1.161170482635498,1.1615750789642334,1.1610356569290161,1.16130530834198
1779211800.0,1.16130530834198,1.1615750789642334,1.161170482635498,1.1615750789642334
1779213600.0,1.161440134048462,1.1617100238800049,1.16130530834198,1.161440134048462
1779215400.0,1.1610356569290161,1.16130530834198,1.1606314182281494,1.1607661247253418
1779217200.0,1.1607661247253418,1.1609008312225342,1.1606314182281494,1.1607661247253418
1779219000.0,1.1607661247253418,1.161170482635498,1.1607661247253418,1.1609008312225342
1779220800.0,1.1609008312225342,1.1609008312225342,1.1607661247253418,1.1607661247253418
1779222600.0,1.1609008312225342,1.1610356569290161,1.1607661247253418,1.1609008312225342
1779224400.0,1.1602274179458618,1.161440134048462,1.1602274179458618,1.161170482635498
1779226200.0,1.161170482635498,1.161440134048462,1.1609008312225342,1.161170482635498
1779228000.0,1.1610356569290161,1.161170482635498,1.1609008312225342,1.161170482635498
1779229800.0,1.1610356569290161,1.161170482635498,1.1610356569290161,1.161170482635498
1779231600.0,1.161170482635498,1.161440134048462,1.161170482635498,1.161440134048462
1779233400.0,1.16130530834198,1.1615750789642334,1.1610356569290161,1.1610356569290161
1779235200.0,1.1610356569290161,1.161170482635498,1.1607661247253418,1.161170482635498
1779237000.0,1.161170482635498,1.16130530834198,1.160496711730957,1.160496711730957
1779238800.0,1.160496711730957,1.160496711730957,1.1599582433700562,1.1599582433700562
1779240600.0,1.1599582433700562,1.1602274179458618,1.15968918800354,1.1599582433700562
1779242400.0,1.160092830657959,1.1606314182281494,1.160092830657959,1.1603620052337646
1779244200.0,1.1602274179458618,1.1603620052337646,1.1598236560821533,1.1602274179458618
1779246000.0,1.1599582433700562,1.1606314182281494,1.1599582433700562,1.160496711730957
1779247800.0,1.160496711730957,1.1609008312225342,1.160496711730957,1.160496711730957
1779249600.0,1.1606314182281494,1.1609008312225342,1.160496711730957,1.1606314182281494
1779251400.0,1.1606314182281494,1.1606314182281494,1.160092830657959,1.160092830657959
1779253200.0,1.160092830657959,1.1603620052337646,1.1599582433700562,1.1599582433700562
1779255000.0,1.1599582433700562,1.1602274179458618,1.1595547199249268,1.1598236560821533
1779256800.0,1.1598236560821533,1.1609008312225342,1.15968918800354,1.1609008312225342
1779258600.0,1.1607661247253418,1.1607661247253418,1.15968918800354,1.160092830657959
1779260400.0,1.1599582433700562,1.160496711730957,1.1599582433700562,1.160092830657959
1779262200.0,1.1599582433700562,1.160092830657959,1.1595547199249268,1.15968918800354
1779264000.0,1.1595547199249268,1.1598236560821533,1.1587486267089844,1.1590172052383423
1779265800.0,1.1594202518463135,1.15968918800354,1.159151554107666,1.1594202518463135
1779267600.0,1.1594202518463135,1.1598236560821533,1.1594202518463135,1.1594202518463135
1779269400.0,1.1594202518463135,1.1595547199249268,1.1592857837677002,1.1592857837677002
1779271200.0,1.159151554107666,1.1599582433700562,1.159151554107666,1.1599582433700562
1779273000.0,1.1598236560821533,1.1606314182281494,1.1598236560821533,1.160496711730957
1779274800.0,1.1603620052337646,1.160496711730957,1.1599582433700562,1.160496711730957
1779276600.0,1.160496711730957,1.1607661247253418,1.1602274179458618,1.1603620052337646
1779278400.0,1.160496711730957,1.1606314182281494,1.1599582433700562,1.1602274179458618
1779280200.0,1.1602274179458618,1.160496711730957,1.15968918800354,1.15968918800354
1779282000.0,1.1598236560821533,1.1598236560821533,1.1594202518463135,1.1594202518463135
1779283800.0,1.1594202518463135,1.1599582433700562,1.1592857837677002,1.1594202518463135
1779285600.0,1.1594202518463135,1.1619800329208374,1.1586142778396606,1.1615750789642334
1779287400.0,1.1618449687957764,1.1626555919647217,1.1615750789642334,1.16225004196167
1779289200.0,1.16225004196167,1.164686679840088,1.1617100238800049,1.1627906560897827
1779291000.0,1.163061261177063,1.1637378931045532,1.16225004196167,1.16225004196167
1779292800.0,1.16225004196167,1.1633317470550537,1.16225004196167,1.162520408630371
1779294600.0,1.1626555919647217,1.1633317470550537,1.1623852252960205,1.1627906560897827
1779296400.0,1.1627906560897827,1.1629259586334229,1.16225004196167,1.1626555919647217
1779298200.0,1.1627906560897827,1.1629259586334229,1.16225004196167,1.16225004196167
1779300000.0,1.1619800329208374,1.163061261177063,1.1619800329208374,1.1629259586334229
1779301800.0,1.1631964445114136,1.163873314857483,1.1631964445114136,1.163602590560913
1779303600.0,1.1634671688079834,1.1637378931045532,1.1633317470550537,1.163602590560913
1779305400.0,1.163602590560913,1.163602590560913,1.163061261177063,1.163061261177063
1779307200.0,1.163061261177063,1.1631964445114136,1.1629259586334229,1.163061261177063
1779309000.0,1.163061261177063,1.163061261177063,1.1626555919647217,1.1629259586334229
1779310800.0,1.1626555919647217,1.163061261177063,1.162520408630371,1.1629259586334229
1779312600.0,1.1629259586334229,1.163061261177063,1.1626555919647217,1.1629259586334229
1779314400.0,1.1629259586334229,1.163061261177063,1.1627906560897827,1.1629259586334229
1779316200.0,1.163061261177063,1.163061261177063,1.1629259586334229,1.1629259586334229
1779318000.0,1.1629259586334229,1.163061261177063,1.1627906560897827,1.1627906560897827
1779319800.0,1.1627906560897827,1.163061261177063,1.1626555919647217,1.1627906560897827
1779321600.0,1.1627906560897827,1.1629259586334229,1.1626555919647217,1.1629259586334229
1779323400.0,1.1629259586334229,1.1631964445114136,1.1627906560897827,1.1631964445114136
1779325200.0,1.1633317470550537,1.163873314857483,1.1633317470550537,1.163602590560913
1779327000.0,1.1633317470550537,1.1637378931045532,1.1626555919647217,1.1629259586334229
1779328800.0,1.163061261177063,1.1631964445114136,1.162520408630371,1.162520408630371
1779330600.0,1.1623852252960205,1.162520408630371,1.1621150970458984,1.1621150970458984
1779332400.0,1.1621150970458984,1.1626555919647217,1.1621150970458984,1.162520408630371
1779334200.0,1.1623852252960205,1.162520408630371,1.16225004196167,1.16225004196167
1779336000.0,1.16225004196167,1.162520408630371,1.16225004196167,1.1623852252960205
1779337800.0,1.162520408630371,1.1626555919647217,1.1623852252960205,1.1626555919647217
1779339600.0,1.1626555919647217,1.1626555919647217,1.16225004196167,1.16225004196167
1779341400.0,1.16225004196167,1.162520408630371,1.16225004196167,1.162520408630371
1779343200.0,1.162520408630371,1.1629259586334229,1.1623852252960205,1.1627906560897827
1779345000.0,1.1627906560897827,1.1629259586334229,1.1619800329208374,1.1623852252960205
1779346800.0,1.1623852252960205,1.1623852252960205,1.1599582433700562,1.1599582433700562
1779348600.0,1.1603620052337646,1.161170482635498,1.1602274179458618,1.1610356569290161
1779350400.0,1.1610356569290161,1.1637378931045532,1.1610356569290161,1.1633317470550537
1779352200.0,1.1634671688079834,1.1634671688079834,1.162520408630371,1.162520408630371
1779354000.0,1.1626555919647217,1.1634671688079834,1.162520408630371,1.1634671688079834
1779355800.0,1.1634671688079834,1.163602590560913,1.1629259586334229,1.163061261177063
1779357600.0,1.163061261177063,1.1633317470550537,1.161440134048462,1.161440134048462
1779359400.0,1.161440134048462,1.161440134048462,1.1603620052337646,1.161170482635498
1779361200.0,1.1610356569290161,1.1618449687957764,1.1610356569290161,1.1615750789642334
1779363000.0,1.1615750789642334,1.1617100238800049,1.160092830657959,1.160092830657959
1779364800.0,1.1603620052337646,1.1606314182281494,1.15968918800354,1.1598236560821533
1779366600.0,1.1599582433700562,1.161170482635498,1.1599582433700562,1.160092830657959
1779368400.0,1.160092830657959,1.1603620052337646,1.159151554107666,1.159151554107666
1779370200.0,1.159151554107666,1.1603620052337646,1.1582117080688477,1.1598236560821533
1779372000.0,1.1598236560821533,1.1598236560821533,1.1588828563690186,1.159151554107666
1779373800.0,1.1592857837677002,1.1599582433700562,1.1590172052383423,1.1598236560821533
1779375600.0,1.15968918800354,1.15968918800354,1.1586142778396606,1.1590172052383423
1779377400.0,1.1590172052383423,1.1592857837677002,1.1587486267089844,1.1592857837677002
1779379200.0,1.1592857837677002,1.15968918800354,1.1590172052383423,1.15968918800354
1779381000.0,1.15968918800354,1.1599582433700562,1.15968918800354,1.1599582433700562
1779382800.0,1.1599582433700562,1.16225004196167,1.1595547199249268,1.16225004196167
1779384600.0,1.16225004196167,1.1633317470550537,1.1618449687957764,1.1627906560897827
1779386400.0,1.1629259586334229,1.1633317470550537,1.1623852252960205,1.163061261177063
1779388200.0,1.1629259586334229,1.1629259586334229,1.161170482635498,1.1615750789642334
1779390000.0,1.1615750789642334,1.1623852252960205,1.161440134048462,1.1623852252960205
1779391800.0,1.1623852252960205,1.1627906560897827,1.1619800329208374,1.162520408630371
1779393600.0,1.162520408630371,1.1626555919647217,1.1619800329208374,1.16225004196167
1779395400.0,1.1621150970458984,1.16225004196167,1.1619800329208374,1.1621150970458984
1779397200.0,1.1619800329208374,1.1626555919647217,1.161440134048462,1.162520408630371
1779399000.0,1.162520408630371,1.1626555919647217,1.1621150970458984,1.162520408630371
1779400800.0,1.162520408630371,1.162520408630371,1.1619800329208374,1.1621150970458984
1779402600.0,1.1621150970458984,1.16225004196167,1.1619800329208374,1.1621150970458984
1779404400.0,1.16225004196167,1.16225004196167,1.1619800329208374,1.1621150970458984
1779406200.0,1.1621150970458984,1.16225004196167,1.1619800329208374,1.1621150970458984
1779408000.0,1.1621150970458984,1.1621150970458984,1.1617100238800049,1.1618449687957764
1779409800.0,1.1618449687957764,1.1619800329208374,1.1617100238800049,1.1618449687957764
1779411600.0,1.1618449687957764,1.1619800329208374,1.1615750789642334,1.1618449687957764
1779413400.0,1.1617100238800049,1.1619800329208374,1.161440134048462,1.161440134048462
1779415200.0,1.161440134048462,1.1615750789642334,1.161440134048462,1.1615750789642334
1779417000.0,1.1615750789642334,1.1618449687957764,1.161440134048462,1.1615750789642334
1779418800.0,1.1617100238800049,1.1617100238800049,1.16130530834198,1.161440134048462
1779420600.0,1.161440134048462,1.1615750789642334,1.161440134048462,1.1615750789642334
1779422400.0,1.1615750789642334,1.1618449687957764,1.1615750789642334,1.1617100238800049
1779424200.0,1.1617100238800049,1.1619800329208374,1.1617100238800049,1.1619800329208374
1779426000.0,1.1619800329208374,1.1621150970458984,1.1618449687957764,1.1618449687957764
1779427800.0,1.1618449687957764,1.1621150970458984,1.16130530834198,1.16130530834198
1779429600.0,1.16130530834198,1.1618449687957764,1.16130530834198,1.1617100238800049
1779431400.0,1.1615750789642334,1.1615750789642334,1.1609008312225342,1.161440134048462
1779433200.0,1.1610356569290161,1.161170482635498,1.1606314182281494,1.161170482635498
1779435000.0,1.161170482635498,1.16130530834198,1.1609008312225342,1.16130530834198
1779436800.0,1.16130530834198,1.1617100238800049,1.1610356569290161,1.161440134048462
1779438600.0,1.1615750789642334,1.1615750789642334,1.1609008312225342,1.161170482635498
1779440400.0,1.161170482635498,1.161170482635498,1.160092830657959,1.160496711730957
1779442200.0,1.1603620052337646,1.1609008312225342,1.1602274179458618,1.1607661247253418
1779444000.0,1.1609008312225342,1.161170482635498,1.160496711730957,1.160496711730957
1779445800.0,1.160496711730957,1.160496711730957,1.1599582433700562,1.160092830657959
1779447600.0,1.160092830657959,1.160092830657959,1.1598236560821533,1.1598236560821533
1779449400.0,1.1598236560821533,1.160496711730957,1.15968918800354,1.1599582433700562
1779451200.0,1.160092830657959,1.1610356569290161,1.1598236560821533,1.160092830657959
1779453000.0,1.1602274179458618,1.1607661247253418,1.1602274179458618,1.1606314182281494
1779454800.0,1.1607661247253418,1.1621150970458984,1.1607661247253418,1.1615750789642334
1779456600.0,1.161440134048462,1.1615750789642334,1.1603620052337646,1.1607661247253418
1779458400.0,1.1603620052337646,1.1603620052337646,1.1592857837677002,1.1599582433700562
1779460200.0,1.1599582433700562,1.160496711730957,1.1599582433700562,1.1602274179458618
1779462000.0,1.160092830657959,1.1609008312225342,1.160092830657959,1.1607661247253418
1779463800.0,1.1606314182281494,1.1607661247253418,1.1602274179458618,1.1606314182281494
1779465600.0,1.160496711730957,1.16130530834198,1.1603620052337646,1.16130530834198
1779467400.0,1.16130530834198,1.161440134048462,1.1610356569290161,1.161440134048462
1779469200.0,1.1615750789642334,1.1619800329208374,1.16130530834198,1.161440134048462
1779471000.0,1.16225004196167,1.16225004196167,1.161440134048462,1.1617100238800049
1779472800.0,1.1617100238800049,1.1618449687957764,1.161440134048462,1.161440134048462
1779474600.0,1.161440134048462,1.1618449687957764,1.16130530834198,1.1615750789642334
1779476400.0,1.1615750789642334,1.1617100238800049,1.161170482635498,1.161170482635498
1779478200.0,1.161170482635498,1.16130530834198,1.1609008312225342,1.1610356569290161
1779480000.0,1.1610356569290161,1.1610356569290161,1.1607661247253418,1.1607661247253418
1779481800.0,1.1607661247253418,1.1607661247253418,1.1603620052337646,1.160496711730957
1779483600.0,1.1606314182281494,1.1606314182281494,1.160496711730957,1.160496711730957
1779663600.0,1.164686679840088,1.164958119392395,1.164686679840088,1.1648223400115967
1779665400.0,1.1648223400115967,1.164958119392395,1.1644154787063599,1.1644154787063599
1779667200.0,1.1644154787063599,1.1645511388778687,1.1641442775726318,1.1645511388778687
1779669000.0,1.164686679840088,1.1650937795639038,1.1640088558197021,1.1640088558197021
1779670800.0,1.163873314857483,1.164958119392395,1.163873314857483,1.164958119392395
1779672600.0,1.164958119392395,1.164958119392395,1.1642799377441406,1.1642799377441406
1779674400.0,1.1642799377441406,1.1645511388778687,1.1642799377441406,1.1645511388778687
1779676200.0,1.1644154787063599,1.1645511388778687,1.1640088558197021,1.1641442775726318
1779678000.0,1.1642799377441406,1.1642799377441406,1.1640088558197021,1.1641442775726318
1779679800.0,1.1641442775726318,1.1642799377441406,1.1640088558197021,1.1640088558197021
1779681600.0,1.1641442775726318,1.1641442775726318,1.163873314857483,1.1640088558197021
1779683400.0,1.1640088558197021,1.164686679840088,1.1640088558197021,1.1645511388778687
1779685200.0,1.1645511388778687,1.164686679840088,1.1645511388778687,1.164686679840088
1779687000.0,1.164686679840088,1.1648223400115967,1.1641442775726318,1.1642799377441406
1779688800.0,1.1641442775726318,1.1644154787063599,1.1641442775726318,1.1642799377441406
1779690600.0,1.1641442775726318,1.164686679840088,1.1641442775726318,1.1644154787063599
1779692400.0,1.1644154787063599,1.1645511388778687,1.1634671688079834,1.1637378931045532
1779694200.0,1.1637378931045532,1.1640088558197021,1.1637378931045532,1.1640088558197021
1779696000.0,1.163873314857483,1.1644154787063599,1.1637378931045532,1.1644154787063599
1779697800.0,1.1644154787063599,1.164686679840088,1.1644154787063599,1.164686679840088
1779699600.0,1.164686679840088,1.1648223400115967,1.1644154787063599,1.1645511388778687
1779701400.0,1.1645511388778687,1.1648223400115967,1.1644154787063599,1.1644154787063599
1779703200.0,1.1645511388778687,1.1648223400115967,1.1645511388778687,1.1645511388778687
1779705000.0,1.1645511388778687,1.164686679840088,1.1645511388778687,1.164686679840088
1779706800.0,1.1645511388778687,1.1648223400115967,1.1644154787063599,1.164686679840088
1779708600.0,1.1648223400115967,1.1653653383255005,1.164686679840088,1.164686679840088
1779710400.0,1.164686679840088,1.164958119392395,1.164686679840088,1.164686679840088
1779712200.0,1.1648223400115967,1.1655012369155884,1.1648223400115967,1.1652295589447021
1779714000.0,1.1650937795639038,1.1653653383255005,1.1648223400115967,1.1648223400115967
1779715800.0,1.164686679840088,1.1648223400115967,1.1642799377441406,1.1642799377441406
1779717600.0,1.1642799377441406,1.1645511388778687,1.1641442775726318,1.1645511388778687
1779719400.0,1.1644154787063599,1.164958119392395,1.1644154787063599,1.1645511388778687
1779721200.0,1.1645511388778687,1.1650937795639038,1.1642799377441406,1.164958119392395
1779723000.0,1.1648223400115967,1.164958119392395,1.1645511388778687,1.1645511388778687
1779724800.0,1.1645511388778687,1.1645511388778687,1.1641442775726318,1.1641442775726318
1779726600.0,1.1641442775726318,1.1645511388778687,1.1640088558197021,1.1644154787063599
1779728400.0,1.1644154787063599,1.164686679840088,1.1644154787063599,1.164686679840088
1779730200.0,1.164686679840088,1.164686679840088,1.1645511388778687,1.164686679840088
1779732000.0,1.164686679840088,1.164686679840088,1.1645511388778687,1.1645511388778687
1779733800.0,1.1645511388778687,1.164686679840088,1.1645511388778687,1.164686679840088
1779735600.0,1.164686679840088,1.164686679840088,1.1645511388778687,1.164686679840088
1779737400.0,1.164686679840088,1.164686679840088,1.1645511388778687,1.1645511388778687
1779739200.0,1.1645511388778687,1.164686679840088,1.1645511388778687,1.164686679840088
1779741000.0,1.164686679840088,1.164686679840088,1.1645511388778687,1.164686679840088
1779742800.0,1.1650937795639038,1.1650937795639038,1.1640088558197021,1.1642799377441406
1779744600.0,1.1644154787063599,1.1648223400115967,1.1641442775726318,1.1644154787063599
1779746400.0,1.1642799377441406,1.1645511388778687,1.1642799377441406,1.1644154787063599
1779748200.0,1.1644154787063599,1.1645511388778687,1.1642799377441406,1.1644154787063599
1779750000.0,1.1644154787063599,1.164686679840088,1.1644154787063599,1.1644154787063599
1779751800.0,1.1644154787063599,1.1644154787063599,1.163873314857483,1.1640088558197021
1779753600.0,1.1640088558197021,1.1642799377441406,1.1637378931045532,1.163873314857483
1779755400.0,1.1640088558197021,1.1642799377441406,1.163873314857483,1.1642799377441406
1779757200.0,1.1641442775726318,1.1642799377441406,1.163873314857483,1.1640088558197021
1779759000.0,1.1640088558197021,1.1640088558197021,1.1633317470550537,1.1637378931045532
1779760800.0,1.1637378931045532,1.163873314857483,1.163602590560913,1.163602590560913
1779762600.0,1.1637378931045532,1.1637378931045532,1.1634671688079834,1.1637378931045532
1779764400.0,1.1637378931045532,1.1640088558197021,1.1637378931045532,1.163873314857483
1779766200.0,1.163873314857483,1.1640088558197021,1.1637378931045532,1.1640088558197021
1779768000.0,1.163873314857483,1.163873314857483,1.163602590560913,1.163602590560913
1779769800.0,1.163602590560913,1.1637378931045532,1.1633317470550537,1.1633317470550537
1779771600.0,1.1633317470550537,1.1633317470550537,1.1631964445114136,1.1633317470550537
1779773400.0,1.1633317470550537,1.1633317470550537,1.163061261177063,1.1631964445114136
1779775200.0,1.163061261177063,1.163873314857483,1.163061261177063,1.1637378931045532
1779777000.0,1.1637378931045532,1.1640088558197021,1.163602590560913,1.1637378931045532
1779778800.0,1.163873314857483,1.163873314857483,1.163061261177063,1.1637378931045532
1779780600.0,1.1637378931045532,1.1642799377441406,1.1637378931045532,1.1641442775726318
1779782400.0,1.1640088558197021,1.1644154787063599,1.1640088558197021,1.1641442775726318
1779784200.0,1.1642799377441406,1.1644154787063599,1.1637378931045532,1.1640088558197021
1779786000.0,1.163873314857483,1.1645511388778687,1.1637378931045532,1.1645511388778687
1779787800.0,1.1644154787063599,1.164686679840088,1.1644154787063599,1.164686679840088
1779789600.0,1.164686679840088,1.164686679840088,1.1644154787063599,1.1645511388778687
1779791400.0,1.164686679840088,1.164686679840088,1.1641442775726318,1.1645511388778687
1779793200.0,1.1645511388778687,1.1648223400115967,1.1644154787063599,1.1644154787063599
1779795000.0,1.1642799377441406,1.1645511388778687,1.1637378931045532,1.1637378931045532
1779796800.0,1.1637378931045532,1.163873314857483,1.163602590560913,1.163873314857483
1779798600.0,1.1637378931045532,1.1640088558197021,1.1634671688079834,1.163602590560913
1779800400.0,1.1634671688079834,1.163602590560913,1.163061261177063,1.163061261177063
1779802200.0,1.1631964445114136,1.1634671688079834,1.16225004196167,1.1627906560897827
1779804000.0,1.1626555919647217,1.1631964445114136,1.162520408630371,1.1626555919647217
1779805800.0,1.1627906560897827,1.1631964445114136,1.1627906560897827,1.1627906560897827
1779807600.0,1.1627906560897827,1.1627906560897827,1.1621150970458984,1.1623852252960205
1779809400.0,1.162520408630371,1.162520408630371,1.1621150970458984,1.16225004196167
1779811200.0,1.1623852252960205,1.1631964445114136,1.1623852252960205,1.163061261177063
1779813000.0,1.163061261177063,1.1631964445114136,1.1626555919647217,1.1627906560897827
1779814800.0,1.1626555919647217,1.163061261177063,1.1626555919647217,1.1627906560897827
1779816600.0,1.1627906560897827,1.1629259586334229,1.162520408630371,1.1626555919647217
1779818400.0,1.1626555919647217,1.163061261177063,1.1626555919647217,1.163061261177063
1779820200.0,1.163061261177063,1.1633317470550537,1.1629259586334229,1.1633317470550537
1779822000.0,1.163061261177063,1.1634671688079834,1.163061261177063,1.1631964445114136
1779823800.0,1.1633317470550537,1.163602590560913,1.1633317470550537,1.1634671688079834
1779825600.0,1.163602590560913,1.163602590560913,1.1634671688079834,1.1634671688079834
1779827400.0,1.1634671688079834,1.163602590560913,1.1634671688079834,1.163602590560913
1779829200.0,1.1631964445114136,1.163602590560913,1.163061261177063,1.1633317470550537
1779831000.0,1.1633317470550537,1.163602590560913,1.163061261177063,1.1633317470550537
1779832800.0,1.1637378931045532,1.1640088558197021,1.1634671688079834,1.163602590560913
1779834600.0,1.163602590560913,1.1640088558197021,1.163602590560913,1.1637378931045532
1779836400.0,1.1637378931045532,1.1641442775726318,1.1637378931045532,1.1640088558197021
1779838200.0,1.1640088558197021,1.164686679840088,1.1640088558197021,1.1640088558197021
1779840000.0,1.1640088558197021,1.164686679840088,1.1640088558197021,1.1641442775726318
1779841800.0,1.1642799377441406,1.164686679840088,1.1641442775726318,1.1641442775726318
1779843600.0,1.1644154787063599,1.1645511388778687,1.1640088558197021,1.1640088558197021
1779845400.0,1.1642799377441406,1.1642799377441406,1.163602590560913,1.1637378931045532
1779847200.0,1.1642799377441406,1.1644154787063599,1.163873314857483,1.163873314857483
1779849000.0,1.163873314857483,1.1644154787063599,1.1637378931045532,1.1641442775726318
1779850800.0,1.1641442775726318,1.1648223400115967,1.1641442775726318,1.1642799377441406
1779852600.0,1.1642799377441406,1.1645511388778687,1.1640088558197021,1.1645511388778687
1779854400.0,1.1645511388778687,1.164686679840088,1.1641442775726318,1.1642799377441406
1779856200.0,1.1642799377441406,1.164958119392395,1.1642799377441406,1.1645511388778687
1779858000.0,1.1644154787063599,1.1650937795639038,1.1644154787063599,1.164686679840088
1779859800.0,1.164686679840088,1.1648223400115967,1.1642799377441406,1.1642799377441406
1779861600.0,1.1645511388778687,1.1648223400115967,1.1641442775726318,1.1642799377441406
1779863400.0,1.1642799377441406,1.1655012369155884,1.1642799377441406,1.164958119392395
1779865200.0,1.1650937795639038,1.1655012369155884,1.164686679840088,1.1648223400115967
1779867000.0,1.1648223400115967,1.1653653383255005,1.1644154787063599,1.1644154787063599
1779868800.0,1.1641442775726318,1.1653653383255005,1.1641442775726318,1.1653653383255005
1779870600.0,1.164958119392395,1.1652295589447021,1.164686679840088,1.1648223400115967
1779872400.0,1.164686679840088,1.1650937795639038,1.164686679840088,1.164958119392395
1779874200.0,1.1648223400115967,1.1653653383255005,1.164686679840088,1.1648223400115967
1779876000.0,1.164686679840088,1.1650937795639038,1.1640088558197021,1.1640088558197021
1779877800.0,1.1641442775726318,1.1645511388778687,1.1640088558197021,1.1642799377441406
1779879600.0,1.1642799377441406,1.164686679840088,1.1640088558197021,1.1641442775726318
1779881400.0,1.1641442775726318,1.1645511388778687,1.1637378931045532,1.1642799377441406
1779883200.0,1.1640088558197021,1.1661807298660278,1.163873314857483,1.1659088134765625
1779885000.0,1.1663167476654053,1.1664528846740723,1.164686679840088,1.164686679840088
1779886800.0,1.1653653383255005,1.1655012369155884,1.1642799377441406,1.1642799377441406
1779888600.0,1.1644154787063599,1.1652295589447021,1.1641442775726318,1.1644154787063599
1779890400.0,1.1644154787063599,1.1653653383255005,1.1641442775726318,1.1652295589447021
1779892200.0,1.1652295589447021,1.1656370162963867,1.163061261177063,1.163061261177063
1779894000.0,1.1626555919647217,1.1640088558197021,1.1626555919647217,1.1637378931045532
1779895800.0,1.1637378931045532,1.1642799377441406,1.163061261177063,1.163602590560913
1779897600.0,1.163602590560913,1.1637378931045532,1.1629259586334229,1.163602590560913
1779899400.0,1.163602590560913,1.163873314857483,1.1631964445114136,1.163602590560913
1779901200.0,1.163873314857483,1.163873314857483,1.1626555919647217,1.1627906560897827
1779903000.0,1.1626555919647217,1.1634671688079834,1.162520408630371,1.163061261177063
1779904800.0,1.163061261177063,1.1631964445114136,1.1626555919647217,1.1627906560897827
1779906600.0,1.1629259586334229,1.1634671688079834,1.1627906560897827,1.1633317470550537
1779908400.0,1.1633317470550537,1.1637378931045532,1.1631964445114136,1.1634671688079834
1779910200.0,1.1634671688079834,1.163873314857483,1.163061261177063,1.1631964445114136
1779912000.0,1.1631964445114136,1.1637378931045532,1.163061261177063,1.163061261177063
1779913800.0,1.1631964445114136,1.163602590560913,1.1629259586334229,1.1629259586334229
1779915600.0,1.1640088558197021,1.1640088558197021,1.1629259586334229,1.1629259586334229
1779917400.0,1.163061261177063,1.1633317470550537,1.1629259586334229,1.1631964445114136
1779919200.0,1.163061261177063,1.1633317470550537,1.163061261177063,1.1631964445114136
1779921000.0,1.163061261177063,1.1631964445114136,1.1629259586334229,1.1629259586334229
1779922800.0,1.1629259586334229,1.1633317470550537,1.162520408630371,1.162520408630371
1779924600.0,1.162520408630371,1.1626555919647217,1.1619800329208374,1.1621150970458984
1779926400.0,1.1619800329208374,1.1626555919647217,1.1619800329208374,1.1626555919647217
1779928200.0,1.162520408630371,1.162520408630371,1.1621150970458984,1.162520408630371
1779930000.0,1.1623852252960205,1.1623852252960205,1.1621150970458984,1.16225004196167
1779931800.0,1.16225004196167,1.16225004196167,1.16130530834198,1.16130530834198
1779933600.0,1.161440134048462,1.1618449687957764,1.16130530834198,1.1617100238800049
1779935400.0,1.1618449687957764,1.1618449687957764,1.161440134048462,1.1615750789642334
1779937200.0,1.1615750789642334,1.1617100238800049,1.160496711730957,1.160496711730957
1779939000.0,1.1603620052337646,1.1603620052337646,1.159151554107666,1.159151554107666
1779940800.0,1.159151554107666,1.1595547199249268,1.1590172052383423,1.159151554107666
1779942600.0,1.159151554107666,1.1595547199249268,1.159151554107666,1.1595547199249268
1779944400.0,1.1595547199249268,1.1598236560821533,1.1592857837677002,1.1598236560821533
1779946200.0,1.1599582433700562,1.160496711730957,1.1599582433700562,1.1602274179458618
1779948000.0,1.1602274179458618,1.16130530834198,1.1602274179458618,1.1610356569290161
1779949800.0,1.1609008312225342,1.1615750789642334,1.1609008312225342,1.161440134048462
1779951600.0,1.1615750789642334,1.1621150970458984,1.1615750789642334,1.1615750789642334
1779953400.0,1.1617100238800049,1.1617100238800049,1.161440134048462,1.161440134048462
1779955200.0,1.1615750789642334,1.1618449687957764,1.1610356569290161,1.16130530834198
1779957000.0,1.16130530834198,1.1619800329208374,1.16130530834198,1.1619800329208374
1779958800.0,1.1619800329208374,1.16225004196167,1.1618449687957764,1.1621150970458984
1779960600.0,1.1621150970458984,1.1621150970458984,1.1615750789642334,1.1615750789642334
1779962400.0,1.1617100238800049,1.1618449687957764,1.16130530834198,1.1617100238800049
1779964200.0,1.1617100238800049,1.1618449687957764,1.1607661247253418,1.1607661247253418
1779966000.0,1.1607661247253418,1.161440134048462,1.1607661247253418,1.161440134048462
1779967800.0,1.16130530834198,1.162520408630371,1.161170482635498,1.1621150970458984
1779969600.0,1.1621150970458984,1.1627906560897827,1.1619800329208374,1.1627906560897827
1779971400.0,1.163061261177063,1.1640088558197021,1.163061261177063,1.1640088558197021
1779973200.0,1.1641442775726318,1.1645511388778687,1.163602590560913,1.1637378931045532
1779975000.0,1.163602590560913,1.1641442775726318,1.1633317470550537,1.1633317470550537
1779976800.0,1.1631964445114136,1.16604483127594,1.163061261177063,1.1656370162963867
1779978600.0,1.16604483127594,1.16604483127594,1.164686679840088,1.164958119392395
1779980400.0,1.1653653383255005,1.1657729148864746,1.1653653383255005,1.1656370162963867
1779982200.0,1.1656370162963867,1.1659088134765625,1.1652295589447021,1.1652295589447021
1779984000.0,1.1652295589447021,1.1663167476654053,1.164958119392395,1.16604483127594
1779985800.0,1.16604483127594,1.1663167476654053,1.1657729148864746,1.16604483127594
1779987600.0,1.16604483127594,1.16604483127594,1.1655012369155884,1.1655012369155884
1779989400.0,1.1655012369155884,1.1657729148864746,1.1655012369155884,1.1657729148864746
1779991200.0,1.1656370162963867,1.1657729148864746,1.1652295589447021,1.1652295589447021
1779993000.0,1.1652295589447021,1.1653653383255005,1.164958119392395,1.1650937795639038
1779994800.0,1.1650937795639038,1.1652295589447021,1.1650937795639038,1.1652295589447021
1779996600.0,1.1653653383255005,1.1655012369155884,1.1650937795639038,1.1650937795639038
1779998400.0,1.164958119392395,1.1650937795639038,1.1648223400115967,1.164958119392395
1780000200.0,1.164958119392395,1.1653653383255005,1.164958119392395,1.1653653383255005
1780002000.0,1.1653653383255005,1.1656370162963867,1.1650937795639038,1.1653653383255005
1780003800.0,1.1652295589447021,1.1656370162963867,1.1650937795639038,1.1653653383255005
1780005600.0,1.1655012369155884,1.1656370162963867,1.1653653383255005,1.1655012369155884
1780007400.0,1.1653653383255005,1.1655012369155884,1.1653653383255005,1.1653653383255005
1780009200.0,1.1653653383255005,1.1656370162963867,1.1653653383255005,1.1655012369155884
1780011000.0,1.1655012369155884,1.1656370162963867,1.1653653383255005,1.1656370162963867
1780012800.0,1.1656370162963867,1.1659088134765625,1.1656370162963867,1.1657729148864746
1780014600.0,1.1656370162963867,1.1656370162963867,1.1650937795639038,1.1652295589447021
1780016400.0,1.1652295589447021,1.16604483127594,1.1650937795639038,1.1657729148864746
1780018200.0,1.1657729148864746,1.1657729148864746,1.164686679840088,1.1648223400115967
1780020000.0,1.164958119392395,1.1650937795639038,1.1648223400115967,1.164958119392395
1780021800.0,1.164958119392395,1.1653653383255005,1.1648223400115967,1.1648223400115967
1780023600.0,1.1648223400115967,1.1648223400115967,1.1644154787063599,1.1644154787063599
1780025400.0,1.1645511388778687,1.1645511388778687,1.1640088558197021,1.1640088558197021
1780027200.0,1.1641442775726318,1.1642799377441406,1.163873314857483,1.163873314857483
1780029000.0,1.163873314857483,1.1642799377441406,1.163873314857483,1.1642799377441406
1780030800.0,1.1642799377441406,1.164686679840088,1.1641442775726318,1.1644154787063599
1780032600.0,1.1645511388778687,1.1645511388778687,1.1642799377441406,1.1645511388778687
1780034400.0,1.1645511388778687,1.1650937795639038,1.1645511388778687,1.1648223400115967
1780036200.0,1.164958119392395,1.1657729148864746,1.164958119392395,1.1657729148864746
1780038000.0,1.1655012369155884,1.1656370162963867,1.1645511388778687,1.164686679840088
1780039800.0,1.1644154787063599,1.164686679840088,1.1641442775726318,1.1645511388778687
1780041600.0,1.1640088558197021,1.1641442775726318,1.1637378931045532,1.1641442775726318
1780043400.0,1.1641442775726318,1.1642799377441406,1.1629259586334229,1.1631964445114136
1780045200.0,1.163061261177063,1.1641442775726318,1.163061261177063,1.1640088558197021
1780047000.0,1.1640088558197021,1.1645511388778687,1.1637378931045532,1.1645511388778687
1780048800.0,1.1644154787063599,1.1648223400115967,1.1641442775726318,1.1645511388778687
1780050600.0,1.164686679840088,1.1648223400115967,1.1645511388778687,1.164686679840088
1780052400.0,1.1645511388778687,1.1648223400115967,1.1644154787063599,1.164686679840088
1780054200.0,1.1644154787063599,1.1652295589447021,1.1644154787063599,1.1652295589447021
1780056000.0,1.1652295589447021,1.1652295589447021,1.164686679840088,1.164958119392395
1780057800.0,1.164958119392395,1.1652295589447021,1.1645511388778687,1.1652295589447021
1780059600.0,1.1650937795639038,1.1655012369155884,1.164958119392395,1.1652295589447021
1780061400.0,1.1653653383255005,1.1656370162963867,1.1648223400115967,1.1650937795639038
1780063200.0,1.1650937795639038,1.1653653383255005,1.1645511388778687,1.164958119392395
1780065000.0,1.164958119392395,1.1676785945892334,1.1644154787063599,1.1675423383712769
1780066800.0,1.1671334505081177,1.1683608293533325,1.1671334505081177,1.1679514646530151
1780068600.0,1.1679514646530151,1.168770432472229,1.1679514646530151,1.1680878400802612
1780070400.0,1.1680878400802612,1.1680878400802612,1.1671334505081177,1.1674060821533203
1780072200.0,1.1672697067260742,1.1676785945892334,1.1671334505081177,1.1675423383712769
1780074000.0,1.1675423383712769,1.1676785945892334,1.1669973134994507,1.1671334505081177
1780075800.0,1.1671334505081177,1.1671334505081177,1.1665889024734497,1.1665889024734497
1780077600.0,1.1665889024734497,1.1668611764907837,1.1665889024734497,1.1667250394821167
1780079400.0,1.1668611764907837,1.1671334505081177,1.1665889024734497,1.1668611764907837
1780081200.0,1.1668611764907837,1.1672697067260742,1.1668611764907837,1.1669973134994507
1780083000.0,1.1672697067260742,1.1672697067260742,1.1667250394821167,1.1667250394821167
1780084800.0,1.1667250394821167,1.1667250394821167,1.1664528846740723,1.1664528846740723
1780086600.0,1.1664528846740723,1.1665889024734497,1.1661807298660278,1.1661807298660278
1780088400.0,1.1659088134765625,1.1659088134765625,1.1659088134765625,1.1659088134765625
1780268400.0,1.1657729148864746,1.1659088134765625,1.1656370162963867,1.1659088134765625
1780270200.0,1.1659088134765625,1.1659088134765625,1.1652295589447021,1.1652295589447021
1780272000.0,1.1652295589447021,1.1656370162963867,1.164958119392395,1.1650937795639038
1780273800.0,1.1650937795639038,1.1650937795639038,1.1648223400115967,1.1650937795639038
1780275600.0,1.164958119392395,1.164958119392395,1.164686679840088,1.164686679840088
1780277400.0,1.164686679840088,1.1648223400115967,1.1645511388778687,1.1648223400115967
1780279200.0,1.1648223400115967,1.1648223400115967,1.164686679840088,1.1648223400115967
1780281000.0,1.164686679840088,1.164958119392395,1.164686679840088,1.164958119392395
1780282800.0,1.164958119392395,1.1652295589447021,1.164686679840088,1.1650937795639038
1780284600.0,1.1650937795639038,1.1650937795639038,1.1645511388778687,1.164686679840088
1780286400.0,1.164686679840088,1.1650937795639038,1.164686679840088,1.1650937795639038
1780288200.0,1.1650937795639038,1.1652295589447021,1.164958119392395,1.1650937795639038
1780290000.0,1.1652295589447021,1.1656370162963867,1.1652295589447021,1.1655012369155884
1780291800.0,1.1655012369155884,1.1656370162963867,1.1653653383255005,1.1653653383255005
1780293600.0,1.1656370162963867,1.1659088134765625,1.1653653383255005,1.1653653383255005
1780295400.0,1.1655012369155884,1.1668611764907837,1.1655012369155884,1.1668611764907837
1780297200.0,1.1665889024734497,1.1665889024734497,1.16604483127594,1.1661807298660278
1780299000.0,1.1661807298660278,1.1661807298660278,1.1655012369155884,1.16604483127594
1780300800.0,1.1659088134765625,1.1663167476654053,1.1659088134765625,1.1663167476654053
1780302600.0,1.1661807298660278,1.1663167476654053,1.1656370162963867,1.1661807298660278
1780304400.0,1.1663167476654053,1.1663167476654053,1.1652295589447021,1.1652295589447021
1780306200.0,1.1652295589447021,1.1653653383255005,1.1652295589447021,1.1653653383255005
1780308000.0,1.1653653383255005,1.1653653383255005,1.1650937795639038,1.1652295589447021
1780309800.0,1.1653653383255005,1.1653653383255005,1.164958119392395,1.1650937795639038
1780311600.0,1.1650937795639038,1.1650937795639038,1.1645511388778687,1.164958119392395
1780313400.0,1.164958119392395,1.1650937795639038,1.164686679840088,1.164958119392395
1780315200.0,1.1650937795639038,1.1653653383255005,1.164958119392395,1.1653653383255005
1780317000.0,1.1652295589447021,1.1653653383255005,1.164958119392395,1.1650937795639038
1780318800.0,1.1650937795639038,1.1650937795639038,1.1629259586334229,1.163061261177063
1780320600.0,1.1627906560897827,1.1631964445114136,1.161440134048462,1.161440134048462
1780322400.0,1.161170482635498,1.1621150970458984,1.1610356569290161,1.1615750789642334
1780324200.0,1.1618449687957764,1.1621150970458984,1.161440134048462,1.1619800329208374
1780326000.0,1.1621150970458984,1.162520408630371,1.1618449687957764,1.162520408630371
1780327800.0,1.163061261177063,1.163061261177063,1.1626555919647217,1.1626555919647217
1780329600.0,1.1627906560897827,1.1627906560897827,1.1619800329208374,1.162520408630371
1780331400.0,1.162520408630371,1.1633317470550537,1.162520408630371,1.1633317470550537
1780333200.0,1.1633317470550537,1.1633317470550537,1.1629259586334229,1.163061261177063
1780335000.0,1.1633317470550537,1.1640088558197021,1.1633317470550537,1.163873314857483
1780336800.0,1.163873314857483,1.163873314857483,1.1637378931045532,1.1637378931045532
1780338600.0,1.163602590560913,1.163873314857483,1.1634671688079834,1.1634671688079834
1780340400.0,1.1634671688079834,1.1637378931045532,1.1634671688079834,1.163602590560913
1780342200.0,1.163602590560913,1.163602590560913,1.163061261177063,1.1634671688079834
1780344000.0,1.163602590560913,1.1637378931045532,1.1633317470550537,1.1634671688079834
1780345800.0,1.1634671688079834,1.1637378931045532,1.1634671688079834,1.163602590560913
1780347600.0,1.1637378931045532,1.1644154787063599,1.1633317470550537,1.163873314857483
1780349400.0,1.163602590560913,1.1640088558197021,1.1634671688079834,1.163873314857483
1780351200.0,1.1637378931045532,1.163873314857483,1.163602590560913,1.163602590560913
1780353000.0,1.1637378931045532,1.163873314857483,1.163602590560913,1.1637378931045532
1780354800.0,1.163873314857483,1.1640088558197021,1.163873314857483,1.163873314857483
1780356600.0,1.163873314857483,1.1640088558197021,1.163602590560913,1.163873314857483
1780358400.0,1.163873314857483,1.163873314857483,1.1633317470550537,1.163602590560913
1780360200.0,1.163602590560913,1.1637378931045532,1.1633317470550537,1.1634671688079834
1780362000.0,1.163602590560913,1.1641442775726318,1.163602590560913,1.1637378931045532
1780363800.0,1.1637378931045532,1.163873314857483,1.1631964445114136,1.1634671688079834
1780365600.0,1.1634671688079834,1.1637378931045532,1.1634671688079834,1.1637378931045532
1780367400.0,1.1637378931045532,1.1637378931045532,1.1634671688079834,1.1634671688079834
1780369200.0,1.1634671688079834,1.163602590560913,1.1634671688079834,1.163602590560913
1780371000.0,1.163602590560913,1.163873314857483,1.163602590560913,1.1637378931045532
1780372800.0,1.1637378931045532,1.1640088558197021,1.1637378931045532,1.1640088558197021
1780374600.0,1.1640088558197021,1.1642799377441406,1.1640088558197021,1.1641442775726318
1780376400.0,1.1641442775726318,1.1642799377441406,1.1641442775726318,1.1641442775726318
1780378200.0,1.1642799377441406,1.1642799377441406,1.1640088558197021,1.1640088558197021
1780380000.0,1.1641442775726318,1.1653653383255005,1.1641442775726318,1.1652295589447021
1780381800.0,1.1653653383255005,1.1655012369155884,1.1652295589447021,1.1653653383255005
1780383600.0,1.1652295589447021,1.1653653383255005,1.1648223400115967,1.1650937795639038
1780385400.0,1.164958119392395,1.1652295589447021,1.164958119392395,1.1652295589447021
1780387200.0,1.1652295589447021,1.1655012369155884,1.164958119392395,1.164958119392395
1780389000.0,1.164958119392395,1.1650937795639038,1.1645511388778687,1.164686679840088
1780390800.0,1.1645511388778687,1.164686679840088,1.1644154787063599,1.164686679840088
1780392600.0,1.164686679840088,1.1648223400115967,1.1644154787063599,1.164686679840088
1780394400.0,1.1645511388778687,1.1648223400115967,1.1642799377441406,1.1645511388778687
1780396200.0,1.164686679840088,1.164958119392395,1.1645511388778687,1.164686679840088
1780398000.0,1.164686679840088,1.164958119392395,1.164686679840088,1.164958119392395
1780399800.0,1.1650937795639038,1.1656370162963867,1.164958119392395,1.1653653383255005
1780401600.0,1.1653653383255005,1.1656370162963867,1.1652295589447021,1.1655012369155884
1780403400.0,1.1653653383255005,1.1659088134765625,1.1653653383255005,1.1653653383255005
1780405200.0,1.1655012369155884,1.1655012369155884,1.164958119392395,1.164958119392395
1780407000.0,1.1648223400115967,1.1650937795639038,1.1642799377441406,1.164686679840088
1780408800.0,1.1640088558197021,1.1645511388778687,1.1640088558197021,1.1642799377441406
1780410600.0,1.1644154787063599,1.1652295589447021,1.1644154787063599,1.164686679840088
1780412400.0,1.164686679840088,1.1648223400115967,1.1640088558197021,1.1640088558197021
1780414200.0,1.1641442775726318,1.1644154787063599,1.1640088558197021,1.1644154787063599
1780416000.0,1.1641442775726318,1.1642799377441406,1.1634671688079834,1.1634671688079834
1780417800.0,1.1634671688079834,1.1634671688079834,1.163061261177063,1.1631964445114136
1780419600.0,1.1633317470550537,1.1633317470550537,1.1626555919647217,1.1627906560897827
1780421400.0,1.1627906560897827,1.1627906560897827,1.1623852252960205,1.162520408630371
1780423200.0,1.162520408630371,1.162520408630371,1.1617100238800049,1.1623852252960205
1780425000.0,1.1626555919647217,1.1633317470550537,1.162520408630371,1.1631964445114136
1780426800.0,1.1633317470550537,1.163602590560913,1.1631964445114136,1.1634671688079834
1780428600.0,1.1634671688079834,1.163602590560913,1.1634671688079834,1.163602590560913
1780430400.0,1.163602590560913,1.1637378931045532,1.1634671688079834,1.1634671688079834
1780432200.0,1.1634671688079834,1.163602590560913,1.1633317470550537,1.1634671688079834
1780434000.0,1.1631964445114136,1.163602590560913,1.163061261177063,1.163602590560913
1780435800.0,1.1634671688079834,1.1637378931045532,1.1633317470550537,1.1633317470550537
1780437600.0,1.1633317470550537,1.1634671688079834,1.163061261177063,1.1631964445114136
1780439400.0,1.1631964445114136,1.1631964445114136,1.163061261177063,1.163061261177063
1780441200.0,1.163061261177063,1.163061261177063,1.162520408630371,1.1626555919647217
1780443000.0,1.1626555919647217,1.1626555919647217,1.16225004196167,1.162520408630371
1780444800.0,1.162520408630371,1.163061261177063,1.162520408630371,1.163061261177063
1780446600.0,1.163061261177063,1.1633317470550537,1.163061261177063,1.1631964445114136
1780448400.0,1.163061261177063,1.1633317470550537,1.1629259586334229,1.1633317470550537
1780450200.0,1.1633317470550537,1.163602590560913,1.1631964445114136,1.1633317470550537
1780452000.0,1.1633317470550537,1.163602590560913,1.1631964445114136,1.1631964445114136
1780453800.0,1.163061261177063,1.1633317470550537,1.1629259586334229,1.1631964445114136
1780455600.0,1.163061261177063,1.1633317470550537,1.163061261177063,1.163061261177063
1780457400.0,1.163061261177063,1.1633317470550537,1.163061261177063,1.163061261177063
1780459200.0,1.163061261177063,1.163061261177063,1.1627906560897827,1.1627906560897827
1780461000.0,1.1627906560897827,1.1629259586334229,1.1627906560897827,1.1629259586334229
1780462800.0,1.1629259586334229,1.163061261177063,1.162520408630371,1.162520408630371
1780464600.0,1.162520408630371,1.1626555919647217,1.16225004196167,1.16225004196167
1780466400.0,1.16225004196167,1.162520408630371,1.1617100238800049,1.1619800329208374
1780468200.0,1.1619800329208374,1.1621150970458984,1.1617100238800049,1.1619800329208374
1780470000.0,1.1618449687957764,1.1623852252960205,1.1617100238800049,1.1617100238800049
1780471800.0,1.1617100238800049,1.162520408630371,1.1617100238800049,1.1619800329208374
1780473600.0,1.1618449687957764,1.1619800329208374,1.16130530834198,1.1615750789642334
1780475400.0,1.1615750789642334,1.1618449687957764,1.1609008312225342,1.161170482635498
1780477200.0,1.16130530834198,1.1619800329208374,1.16130530834198,1.1615750789642334
1780479000.0,1.1615750789642334,1.1618449687957764,1.16130530834198,1.1617100238800049
1780480800.0,1.1617100238800049,1.162520408630371,1.1617100238800049,1.1618449687957764
1780482600.0,1.1619800329208374,1.1621150970458984,1.1618449687957764,1.1619800329208374
1780484400.0,1.1619800329208374,1.1623852252960205,1.1619800329208374,1.1623852252960205
1780486200.0,1.1623852252960205,1.162520408630371,1.1621150970458984,1.1621150970458984
1780488000.0,1.1619800329208374,1.1619800329208374,1.1610356569290161,1.1610356569290161
1780489800.0,1.1609008312225342,1.1609008312225342,1.160092830657959,1.1603620052337646
1780491600.0,1.1603620052337646,1.1607661247253418,1.160092830657959,1.1607661247253418
1780493400.0,1.1609008312225342,1.1609008312225342,1.1603620052337646,1.1606314182281494
1780495200.0,1.1609008312225342,1.161170482635498,1.1603620052337646,1.1607661247253418
1780497000.0,1.160496711730957,1.1615750789642334,1.1598236560821533,1.1615750789642334
1780498800.0,1.161440134048462,1.161440134048462,1.1606314182281494,1.1610356569290161
1780500600.0,1.1610356569290161,1.16130530834198,1.1607661247253418,1.1607661247253418
1780502400.0,1.1607661247253418,1.1607661247253418,1.1599582433700562,1.1602274179458618
1780504200.0,1.1602274179458618,1.160496711730957,1.1598236560821533,1.1603620052337646
1780506000.0,1.1603620052337646,1.1606314182281494,1.160092830657959,1.160092830657959
1780507800.0,1.160092830657959,1.1603620052337646,1.160092830657959,1.1602274179458618
1780509600.0,1.1602274179458618,1.1602274179458618,1.1599582433700562,1.160092830657959
1780511400.0,1.160092830657959,1.1602274179458618,1.1599582433700562,1.1602274179458618
1780513200.0,1.1602274179458618,1.1603620052337646,1.160092830657959,1.160092830657959
1780515000.0,1.160092830657959,1.1602274179458618,1.160092830657959,1.160092830657959
1780516800.0,1.1602274179458618,1.1603620052337646,1.160092830657959,1.1603620052337646
1780518600.0,1.1603620052337646,1.1603620052337646,1.160092830657959,1.1602274179458618
1780520400.0,1.160496711730957,1.1607661247253418,1.160092830657959,1.1602274179458618
1780522200.0,1.1603620052337646,1.160496711730957,1.160092830657959,1.1602274179458618
1780524000.0,1.1602274179458618,1.1602274179458618,1.1598236560821533,1.160092830657959
1780525800.0,1.160092830657959,1.1610356569290161,1.160092830657959,1.1607661247253418
1780527600.0,1.1609008312225342,1.1610356569290161,1.160496711730957,1.1609008312225342
1780529400.0,1.1609008312225342,1.161440134048462,1.1607661247253418,1.16130530834198
1780531200.0,1.16130530834198,1.1615750789642334,1.1609008312225342,1.16130530834198
1780533000.0,1.161170482635498,1.161440134048462,1.1609008312225342,1.1610356569290161
1780534800.0,1.1607661247253418,1.161170482635498,1.1607661247253418,1.1610356569290161
1780536600.0,1.161170482635498,1.16130530834198,1.1610356569290161,1.16130530834198
1780538400.0,1.16130530834198,1.16130530834198,1.1610356569290161,1.1610356569290161
1780540200.0,1.161170482635498,1.161440134048462,1.161170482635498,1.16130530834198
1780542000.0,1.161170482635498,1.16130530834198,1.1606314182281494,1.1606314182281494
1780543800.0,1.1606314182281494,1.1609008312225342,1.1606314182281494,1.1609008312225342
1780545600.0,1.1609008312225342,1.1609008312225342,1.1607661247253418,1.1609008312225342
1780547400.0,1.1610356569290161,1.161440134048462,1.1610356569290161,1.16130530834198
1780549200.0,1.16130530834198,1.16130530834198,1.1609008312225342,1.1609008312225342
1780551000.0,1.1609008312225342,1.16130530834198,1.1609008312225342,1.16130530834198
1780552800.0,1.16130530834198,1.1615750789642334,1.1610356569290161,1.161440134048462
1780554600.0,1.16130530834198,1.1618449687957764,1.161170482635498,1.161440134048462
1780556400.0,1.161440134048462,1.1615750789642334,1.1607661247253418,1.1610356569290161
1780558200.0,1.1610356569290161,1.1610356569290161,1.1602274179458618,1.1607661247253418
1780560000.0,1.1607661247253418,1.1615750789642334,1.1607661247253418,1.16130530834198
1780561800.0,1.1615750789642334,1.1617100238800049,1.1610356569290161,1.1617100238800049
1780563600.0,1.1618449687957764,1.162520408630371,1.1618449687957764,1.1623852252960205
1780565400.0,1.1623852252960205,1.163061261177063,1.1623852252960205,1.1629259586334229
1780567200.0,1.1629259586334229,1.1633317470550537,1.1629259586334229,1.1631964445114136
1780569000.0,1.1631964445114136,1.1637378931045532,1.1631964445114136,1.1634671688079834
1780570800.0,1.163602590560913,1.1645511388778687,1.163602590560913,1.1644154787063599
1780572600.0,1.1642799377441406,1.1648223400115967,1.1641442775726318,1.1645511388778687
1780574400.0,1.1648223400115967,1.1648223400115967,1.163873314857483,1.1641442775726318
1780576200.0,1.1642799377441406,1.1645511388778687,1.1641442775726318,1.1641442775726318
1780578000.0,1.1640088558197021,1.1642799377441406,1.1637378931045532,1.1640088558197021
1780579800.0,1.1640088558197021,1.1642799377441406,1.163873314857483,1.1640088558197021
1780581600.0,1.1642799377441406,1.1642799377441406,1.1634671688079834,1.1634671688079834
1780583400.0,1.1633317470550537,1.163602590560913,1.1633317470550537,1.1634671688079834
1780585200.0,1.1634671688079834,1.1634671688079834,1.1626555919647217,1.1626555919647217
1780587000.0,1.1627906560897827,1.1633317470550537,1.1626555919647217,1.1631964445114136
1780588800.0,1.1631964445114136,1.1633317470550537,1.163061261177063,1.1631964445114136
1780590600.0,1.1631964445114136,1.1631964445114136,1.1626555919647217,1.1626555919647217
1780592400.0,1.1626555919647217,1.1626555919647217,1.1623852252960205,1.1623852252960205
1780594200.0,1.1623852252960205,1.162520408630371,1.1623852252960205,1.1623852252960205
1780596000.0,1.1623852252960205,1.162520408630371,1.1619800329208374,1.1619800329208374
1780597800.0,1.1619800329208374,1.1621150970458984,1.1617100238800049,1.1618449687957764
1780599600.0,1.1618449687957764,1.1619800329208374,1.161440134048462,1.1615750789642334
1780601400.0,1.1615750789642334,1.1615750789642334,1.161440134048462,1.1615750789642334
1780603200.0,1.1615750789642334,1.1617100238800049,1.161170482635498,1.16130530834198
1780605000.0,1.16130530834198,1.1615750789642334,1.161170482635498,1.161440134048462
1780606800.0,1.161440134048462,1.1621150970458984,1.161440134048462,1.1617100238800049
1780608600.0,1.1618449687957764,1.1621150970458984,1.1615750789642334,1.1615750789642334
1780610400.0,1.1615750789642334,1.1617100238800049,1.1615750789642334,1.1615750789642334
1780612200.0,1.1617100238800049,1.1617100238800049,1.161440134048462,1.1615750789642334
1780614000.0,1.1615750789642334,1.1617100238800049,1.1615750789642334,1.1617100238800049
1780615800.0,1.1615750789642334,1.1617100238800049,1.1615750789642334,1.1615750789642334
1780617600.0,1.1615750789642334,1.1617100238800049,1.161440134048462,1.1615750789642334
1780619400.0,1.1617100238800049,1.1617100238800049,1.161440134048462,1.1617100238800049
1780621200.0,1.1615750789642334,1.1617100238800049,1.16130530834198,1.161440134048462
1780623000.0,1.161440134048462,1.1618449687957764,1.161440134048462,1.1617100238800049
1780624800.0,1.1617100238800049,1.1619800329208374,1.1615750789642334,1.1619800329208374
1780626600.0,1.1618449687957764,1.1619800329208374,1.1617100238800049,1.1618449687957764
1780628400.0,1.1617100238800049,1.1618449687957764,1.1617100238800049,1.1618449687957764
1780630200.0,1.1618449687957764,1.1618449687957764,1.1617100238800049,1.1618449687957764
1780632000.0,1.1618449687957764,1.1619800329208374,1.1617100238800049,1.1617100238800049
1780633800.0,1.1617100238800049,1.1619800329208374,1.1617100238800049,1.1619800329208374
1780635600.0,1.1619800329208374,1.1619800329208374,1.1618449687957764,1.1619800329208374
1780637400.0,1.1619800329208374,1.16225004196167,1.1619800329208374,1.1619800329208374
1780639200.0,1.1618449687957764,1.1621150970458984,1.1617100238800049,1.1621150970458984
1780641000.0,1.16225004196167,1.1626555919647217,1.1621150970458984,1.162520408630371
1780642800.0,1.1626555919647217,1.1633317470550537,1.1626555919647217,1.1633317470550537
1780644600.0,1.1633317470550537,1.1640088558197021,1.1633317470550537,1.163602590560913
1780646400.0,1.1637378931045532,1.1642799377441406,1.1637378931045532,1.1640088558197021
1780648200.0,1.1641442775726318,1.1642799377441406,1.1640088558197021,1.1640088558197021
1780650000.0,1.163873314857483,1.164686679840088,1.163873314857483,1.1642799377441406
1780651800.0,1.1644154787063599,1.1644154787063599,1.1641442775726318,1.1642799377441406
1780653600.0,1.1642799377441406,1.1645511388778687,1.1641442775726318,1.1645511388778687
1780655400.0,1.164686679840088,1.164686679840088,1.1642799377441406,1.1644154787063599
1780657200.0,1.1644154787063599,1.1644154787063599,1.163873314857483,1.1642799377441406
1780659000.0,1.1642799377441406,1.1645511388778687,1.1637378931045532,1.1644154787063599
1780660800.0,1.1645511388778687,1.1645511388778687,1.163873314857483,1.163873314857483
1780662600.0,1.1621150970458984,1.1621150970458984,1.1590172052383423,1.1590172052383423
1780664400.0,1.1590172052383423,1.160092830657959,1.1587486267089844,1.1587486267089844
1780666200.0,1.1586142778396606,1.1588828563690186,1.1575413942337036,1.1575413942337036
1780668000.0,1.1574074029922485,1.1582117080688477,1.1558021306991577,1.1559356451034546
1780669800.0,1.156203031539917,1.1564704179763794,1.155401587486267,1.156203031539917
1780671600.0,1.156203031539917,1.156203031539917,1.1547343730926514,1.155001163482666
1780673400.0,1.1551345586776733,1.1551345586776733,1.1535356044769287,1.1535356044769287
1780675200.0,1.15340256690979,1.1535356044769287,1.1526048183441162,1.1530035734176636
1780677000.0,1.1530035734176636,1.1535356044769287,1.1526048183441162,1.1535356044769287
1780678800.0,1.1535356044769287,1.1535356044769287,1.1530035734176636,1.1530035734176636
1780680600.0,1.1530035734176636,1.1530035734176636,1.152339220046997,1.1527377367019653
1780682400.0,1.1527377367019653,1.1528706550598145,1.152339220046997,1.1526048183441162
1780684200.0,1.1526048183441162,1.1530035734176636,1.1524720191955566,1.1526048183441162
1780686000.0,1.1526048183441162,1.1526048183441162,1.1522064208984375,1.1524720191955566
1780687800.0,1.1524720191955566,1.1530035734176636,1.152339220046997,1.1528706550598145
1780689600.0,1.1528706550598145,1.1528706550598145,1.1522064208984375,1.1527377367019653
1780691400.0,1.1527377367019653,1.1528706550598145,1.1522064208984375,1.1527377367019653
1780693200.0,1.1527377367019653,1.1527377367019653,1.1527377367019653,1.1527377367019653
1780873200.0,1.1518083810806274,1.152339220046997,1.1518083810806274,1.1522064208984375
1780875000.0,1.1522064208984375,1.1526048183441162,1.1522064208984375,1.1526048183441162
1780876800.0,1.1526048183441162,1.1527377367019653,1.1524720191955566,1.1526048183441162
1780878600.0,1.1526048183441162,1.1535356044769287,1.1526048183441162,1.1535356044769287
1780880400.0,1.1536686420440674,1.1538017988204956,1.1522064208984375,1.1522064208984375
1780882200.0,1.1522064208984375,1.1530035734176636,1.151543140411377,1.1528706550598145
1780884000.0,1.1530035734176636,1.1532695293426514,1.1524720191955566,1.1531364917755127
1780885800.0,1.1532695293426514,1.15340256690979,1.1528706550598145,1.1532695293426514
1780887600.0,1.1532695293426514,1.1532695293426514,1.1530035734176636,1.1530035734176636
1780889400.0,1.1531364917755127,1.1535356044769287,1.1531364917755127,1.1535356044769287
1780891200.0,1.1535356044769287,1.1536686420440674,1.15340256690979,1.1536686420440674
1780893000.0,1.1536686420440674,1.1536686420440674,1.15340256690979,1.15340256690979
1780894800.0,1.1535356044769287,1.154334545135498,1.1535356044769287,1.1538017988204956
1780896600.0,1.1538017988204956,1.1538017988204956,1.1520737409591675,1.1522064208984375
1780898400.0,1.1522064208984375,1.1527377367019653,1.1520737409591675,1.1527377367019653
1780900200.0,1.1526048183441162,1.1526048183441162,1.1516757011413574,1.1519410610198975
1780902000.0,1.1519410610198975,1.1530035734176636,1.1518083810806274,1.1528706550598145
1780903800.0,1.1526048183441162,1.1528706550598145,1.1520737409591675,1.1520737409591675
1780905600.0,1.1519410610198975,1.1524720191955566,1.1518083810806274,1.1520737409591675
1780907400.0,1.1522064208984375,1.152339220046997,1.1512778997421265,1.151410460472107
1780909200.0,1.151145339012146,1.151410460472107,1.1506155729293823,1.1506155729293823
1780911000.0,1.150483250617981,1.1516757011413574,1.15035080909729,1.1516757011413574
1780912800.0,1.151543140411377,1.152339220046997,1.151410460472107,1.1519410610198975
1780914600.0,1.1520737409591675,1.1531364917755127,1.1519410610198975,1.1528706550598145
1780916400.0,1.1527377367019653,1.154334545135498,1.1527377367019653,1.1542012691497803
1780918200.0,1.1544678211212158,1.1546010971069336,1.1536686420440674,1.1539349555969238
1780920000.0,1.154068112373352,1.1547343730926514,1.154068112373352,1.154334545135498
1780921800.0,1.154334545135498,1.1546010971069336,1.1539349555969238,1.1544678211212158
1780923600.0,1.1546010971069336,1.1558021306991577,1.1544678211212158,1.1552680730819702
1780925400.0,1.155401587486267,1.1555349826812744,1.1546010971069336,1.1546010971069336
1780927200.0,1.1544678211212158,1.1547343730926514,1.1536686420440674,1.1539349555969238
1780929000.0,1.1539349555969238,1.1544678211212158,1.1538017988204956,1.1544678211212158
1780930800.0,1.1547343730926514,1.155001163482666,1.154334545135498,1.154334545135498
1780932600.0,1.154334545135498,1.155001163482666,1.154068112373352,1.1548677682876587
1780934400.0,1.1547343730926514,1.1548677682876587,1.1544678211212158,1.1546010971069336
1780936200.0,1.1546010971069336,1.1546010971069336,1.154334545135498,1.154334545135498
1780938000.0,1.154334545135498,1.1544678211212158,1.1542012691497803,1.154334545135498
1780939800.0,1.154334545135498,1.154334545135498,1.1539349555969238,1.1542012691497803
1780941600.0,1.1542012691497803,1.1546010971069336,1.1542012691497803,1.154334545135498
1780943400.0,1.1544678211212158,1.1544678211212158,1.1532695293426514,1.1532695293426514
1780945200.0,1.1531364917755127,1.1536686420440674,1.1531364917755127,1.1535356044769287
1780947000.0,1.1535356044769287,1.1538017988204956,1.15340256690979,1.15340256690979
1780948800.0,1.15340256690979,1.1536686420440674,1.15340256690979,1.1535356044769287
1780950600.0,1.1536686420440674,1.1536686420440674,1.15340256690979,1.1535356044769287
1780952400.0,1.1536686420440674,1.154334545135498,1.1531364917755127,1.1538017988204956
1780954200.0,1.1538017988204956,1.1542012691497803,1.1538017988204956,1.154068112373352
1780956000.0,1.1538017988204956,1.1538017988204956,1.1536686420440674,1.1536686420440674
1780957800.0,1.1536686420440674,1.1536686420440674,1.1535356044769287,1.1536686420440674
1780959600.0,1.1536686420440674,1.1538017988204956,1.15340256690979,1.15340256690979
1780961400.0,1.15340256690979,1.15340256690979,1.1531364917755127,1.1531364917755127
1780963200.0,1.1531364917755127,1.15340256690979,1.1531364917755127,1.1532695293426514
1780965000.0,1.1532695293426514,1.15340256690979,1.1531364917755127,1.15340256690979
1780966800.0,1.15340256690979,1.1539349555969238,1.15340256690979,1.1539349555969238
1780968600.0,1.1538017988204956,1.1542012691497803,1.1538017988204956,1.1542012691497803
1780970400.0,1.154334545135498,1.154334545135498,1.154068112373352,1.1542012691497803
1780972200.0,1.1542012691497803,1.154334545135498,1.154068112373352,1.154068112373352
1780974000.0,1.154068112373352,1.154334545135498,1.1538017988204956,1.154068112373352
1780975800.0,1.154068112373352,1.154068112373352,1.1539349555969238,1.154068112373352
1780977600.0,1.1542012691497803,1.1544678211212158,1.154068112373352,1.1544678211212158
1780979400.0,1.1544678211212158,1.1551345586776733,1.154334545135498,1.1548677682876587
1780981200.0,1.1548677682876587,1.1548677682876587,1.154334545135498,1.1546010971069336
1780983000.0,1.1546010971069336,1.1551345586776733,1.1544678211212158,1.1547343730926514
1780984800.0,1.1547343730926514,1.1555349826812744,1.1547343730926514,1.1552680730819702
1780986600.0,1.1552680730819702,1.1552680730819702,1.1547343730926514,1.1547343730926514
1780988400.0,1.1548677682876587,1.1548677682876587,1.154068112373352,1.1544678211212158
1780990200.0,1.154334545135498,1.1546010971069336,1.1542012691497803,1.154334545135498
1780992000.0,1.1542012691497803,1.1548677682876587,1.154068112373352,1.1548677682876587
1780993800.0,1.1548677682876587,1.1555349826812744,1.1547343730926514,1.155401587486267
1780995600.0,1.155401587486267,1.156203031539917,1.155401587486267,1.1559356451034546
1780997400.0,1.1559356451034546,1.1566041707992554,1.1559356451034546,1.1564704179763794
1780999200.0,1.1564704179763794,1.1570056676864624,1.1564704179763794,1.1568717956542969
1781001000.0,1.1568717956542969,1.157273530960083,1.1568717956542969,1.1568717956542969
1781002800.0,1.1568717956542969,1.1575413942337036,1.1568717956542969,1.1575413942337036
1781004600.0,1.1575413942337036,1.1576753854751587,1.157139539718628,1.1575413942337036
1781006400.0,1.1576753854751587,1.1578094959259033,1.157273530960083,1.1574074029922485
1781008200.0,1.157273530960083,1.1578094959259033,1.157273530960083,1.1578094959259033
1781010000.0,1.1579434871673584,1.158077597618103,1.1575413942337036,1.1575413942337036
1781011800.0,1.1575413942337036,1.1578094959259033,1.156738042831421,1.157139539718628
1781013600.0,1.157139539718628,1.1576753854751587,1.156336784362793,1.156738042831421
1781015400.0,1.156738042831421,1.157273530960083,1.1564704179763794,1.1566041707992554
1781017200.0,1.1566041707992554,1.1570056676864624,1.1560693979263306,1.1560693979263306
1781019000.0,1.156336784362793,1.156336784362793,1.155001163482666,1.1559356451034546
1781020800.0,1.1559356451034546,1.1560693979263306,1.1546010971069336,1.155001163482666
1781022600.0,1.1548677682876587,1.1551345586776733,1.1532695293426514,1.1542012691497803
1781024400.0,1.1544678211212158,1.1555349826812744,1.1544678211212158,1.155401587486267
1781026200.0,1.155401587486267,1.1555349826812744,1.155001163482666,1.1551345586776733
1781028000.0,1.1551345586776733,1.1556684970855713,1.155001163482666,1.1555349826812744
1781029800.0,1.1555349826812744,1.1556684970855713,1.1551345586776733,1.1552680730819702
1781031600.0,1.1552680730819702,1.1552680730819702,1.1546010971069336,1.1546010971069336
1781033400.0,1.1546010971069336,1.1547343730926514,1.154334545135498,1.1544678211212158
1781035200.0,1.1544678211212158,1.1548677682876587,1.1544678211212158,1.1547343730926514
1781037000.0,1.1547343730926514,1.1547343730926514,1.1546010971069336,1.1547343730926514
1781038800.0,1.1546010971069336,1.1551345586776733,1.154334545135498,1.154334545135498
1781040600.0,1.1544678211212158,1.1544678211212158,1.1539349555969238,1.1542012691497803
1781042400.0,1.1542012691497803,1.154334545135498,1.1539349555969238,1.154334545135498
1781044200.0,1.1544678211212158,1.1544678211212158,1.1539349555969238,1.154068112373352
1781046000.0,1.1539349555969238,1.1542012691497803,1.1538017988204956,1.1539349555969238
1781047800.0,1.1538017988204956,1.154068112373352,1.1538017988204956,1.1538017988204956
1781049600.0,1.1538017988204956,1.1544678211212158,1.1536686420440674,1.1544678211212158
1781051400.0,1.1544678211212158,1.1546010971069336,1.1536686420440674,1.1546010971069336
1781053200.0,1.1544678211212158,1.1546010971069336,1.1542012691497803,1.154334545135498
1781055000.0,1.1542012691497803,1.154334545135498,1.1539349555969238,1.154068112373352
1781056800.0,1.1542012691497803,1.1546010971069336,1.154068112373352,1.1546010971069336
1781058600.0,1.1547343730926514,1.1547343730926514,1.1544678211212158,1.1546010971069336
1781060400.0,1.1546010971069336,1.1552680730819702,1.1546010971069336,1.155001163482666
1781062200.0,1.155001163482666,1.155401587486267,1.1548677682876587,1.155401587486267
1781064000.0,1.155401587486267,1.155401587486267,1.155001163482666,1.1552680730819702
1781065800.0,1.1551345586776733,1.1551345586776733,1.1548677682876587,1.1548677682876587
1781067600.0,1.155001163482666,1.1552680730819702,1.1548677682876587,1.1552680730819702
1781069400.0,1.155401587486267,1.1558021306991577,1.155401587486267,1.1556684970855713
1781071200.0,1.1558021306991577,1.1560693979263306,1.1556684970855713,1.1558021306991577
1781073000.0,1.1559356451034546,1.1559356451034546,1.155401587486267,1.155401587486267
1781074800.0,1.1551345586776733,1.156203031539917,1.1551345586776733,1.1556684970855713
1781076600.0,1.1556684970855713,1.1558021306991577,1.1556684970855713,1.1556684970855713
1781078400.0,1.1556684970855713,1.1556684970855713,1.1552680730819702,1.1555349826812744
1781080200.0,1.1556684970855713,1.1556684970855713,1.1552680730819702,1.1555349826812744
1781082000.0,1.1556684970855713,1.1559356451034546,1.155401587486267,1.1555349826812744
1781083800.0,1.1556684970855713,1.156203031539917,1.1556684970855713,1.1560693979263306
1781085600.0,1.1560693979263306,1.156203031539917,1.1558021306991577,1.1560693979263306
1781087400.0,1.1559356451034546,1.1560693979263306,1.1555349826812744,1.1555349826812744
1781089200.0,1.1555349826812744,1.1555349826812744,1.154068112373352,1.1546010971069336
1781091000.0,1.1547343730926514,1.1547343730926514,1.1539349555969238,1.154068112373352
1781092800.0,1.154068112373352,1.1548677682876587,1.1539349555969238,1.1548677682876587
1781094600.0,1.1555349826812744,1.1566041707992554,1.1547343730926514,1.155401587486267
1781096400.0,1.1552680730819702,1.156336784362793,1.1551345586776733,1.1560693979263306
1781098200.0,1.1560693979263306,1.1575413942337036,1.1560693979263306,1.1566041707992554
1781100000.0,1.1564704179763794,1.1570056676864624,1.1559356451034546,1.1559356451034546
1781101800.0,1.1560693979263306,1.156336784362793,1.155401587486267,1.1555349826812744
1781103600.0,1.1555349826812744,1.1559356451034546,1.1551345586776733,1.1558021306991577
1781105400.0,1.1558021306991577,1.1559356451034546,1.1547343730926514,1.1551345586776733
1781107200.0,1.155401587486267,1.1560693979263306,1.155401587486267,1.1559356451034546
1781109000.0,1.1560693979263306,1.156203031539917,1.1555349826812744,1.1556684970855713
1781110800.0,1.1556684970855713,1.1559356451034546,1.1552680730819702,1.155401587486267
1781112600.0,1.1552680730819702,1.1556684970855713,1.1548677682876587,1.1556684970855713
1781114400.0,1.1556684970855713,1.1560693979263306,1.155401587486267,1.1555349826812744
1781116200.0,1.155401587486267,1.1555349826812744,1.1551345586776733,1.1552680730819702
1781118000.0,1.1551345586776733,1.1551345586776733,1.1546010971069336,1.1547343730926514
1781119800.0,1.1547343730926514,1.155001163482666,1.1544678211212158,1.1544678211212158
1781121600.0,1.1544678211212158,1.1544678211212158,1.154068112373352,1.154334545135498
1781123400.0,1.1542012691497803,1.154334545135498,1.1538017988204956,1.1539349555969238
1781125200.0,1.1539349555969238,1.1551345586776733,1.1539349555969238,1.154068112373352
1781127000.0,1.1539349555969238,1.1544678211212158,1.1538017988204956,1.1538017988204956
1781128800.0,1.1538017988204956,1.1539349555969238,1.1531364917755127,1.15340256690979
1781130600.0,1.15340256690979,1.1538017988204956,1.15340256690979,1.1535356044769287
1781132400.0,1.1532695293426514,1.1539349555969238,1.1530035734176636,1.1539349555969238
1781134200.0,1.1539349555969238,1.154068112373352,1.1535356044769287,1.1538017988204956
1781136000.0,1.1539349555969238,1.1546010971069336,1.1539349555969238,1.1544678211212158
1781137800.0,1.1544678211212158,1.1546010971069336,1.154334545135498,1.1546010971069336
1781139600.0,1.1547343730926514,1.1559356451034546,1.1546010971069336,1.1558021306991577
1781141400.0,1.1558021306991577,1.1559356451034546,1.1556684970855713,1.1556684970855713
1781143200.0,1.1556684970855713,1.1556684970855713,1.1551345586776733,1.1551345586776733
1781145000.0,1.1551345586776733,1.1552680730819702,1.155001163482666,1.1551345586776733
1781146800.0,1.1551345586776733,1.1552680730819702,1.1547343730926514,1.155001163482666
1781148600.0,1.155001163482666,1.1551345586776733,1.1548677682876587,1.1548677682876587
1781150400.0,1.1548677682876587,1.155001163482666,1.1546010971069336,1.155001163482666
1781152200.0,1.1551345586776733,1.155401587486267,1.155001163482666,1.1551345586776733
1781154000.0,1.1551345586776733,1.155401587486267,1.155001163482666,1.1552680730819702
1781155800.0,1.155401587486267,1.155401587486267,1.1548677682876587,1.1551345586776733
1781157600.0,1.155001163482666,1.1551345586776733,1.1546010971069336,1.1547343730926514
1781159400.0,1.1547343730926514,1.155001163482666,1.1544678211212158,1.1544678211212158
1781161200.0,1.1546010971069336,1.1558021306991577,1.1544678211212158,1.1555349826812744
1781163000.0,1.1556684970855713,1.1556684970855713,1.1547343730926514,1.1548677682876587
1781164800.0,1.1548677682876587,1.1548677682876587,1.1542012691497803,1.1542012691497803
1781166600.0,1.1542012691497803,1.154334545135498,1.1535356044769287,1.1536686420440674
1781168400.0,1.1535356044769287,1.154068112373352,1.15340256690979,1.1536686420440674
1781170200.0,1.1535356044769287,1.1539349555969238,1.15340256690979,1.1538017988204956
1781172000.0,1.1538017988204956,1.1538017988204956,1.1527377367019653,1.1530035734176636
1781173800.0,1.1528706550598145,1.1535356044769287,1.1528706550598145,1.15340256690979
1781175600.0,1.1535356044769287,1.1542012691497803,1.1535356044769287,1.154068112373352
1781177400.0,1.154068112373352,1.154334545135498,1.1539349555969238,1.1542012691497803
1781179200.0,1.1542012691497803,1.154334545135498,1.152339220046997,1.1528706550598145
1781181000.0,1.1530035734176636,1.1544678211212158,1.152339220046997,1.154334545135498
1781182800.0,1.1542012691497803,1.1542012691497803,1.1522064208984375,1.15340256690979
1781184600.0,1.15340256690979,1.154068112373352,1.1531364917755127,1.15340256690979
1781186400.0,1.15340256690979,1.15340256690979,1.1524720191955566,1.1526048183441162
1781188200.0,1.1524720191955566,1.1524720191955566,1.1519410610198975,1.1520737409591675
1781190000.0,1.152339220046997,1.1527377367019653,1.1518083810806274,1.1527377367019653
1781191800.0,1.1526048183441162,1.1526048183441162,1.1518083810806274,1.1518083810806274
1781193600.0,1.1518083810806274,1.1519410610198975,1.151145339012146,1.1512778997421265
1781195400.0,1.151145339012146,1.151410460472107,1.151145339012146,1.1512778997421265
1781197200.0,1.1512778997421265,1.1522064208984375,1.1506155729293823,1.1522064208984375
1781199000.0,1.1530035734176636,1.1566041707992554,1.1528706550598145,1.1555349826812744
1781200800.0,1.1555349826812744,1.156336784362793,1.1546010971069336,1.1560693979263306
1781202600.0,1.1559356451034546,1.1568717956542969,1.1555349826812744,1.1564704179763794
1781204400.0,1.1564704179763794,1.1584800481796265,1.1564704179763794,1.1584800481796265
1781206200.0,1.1584800481796265,1.1588828563690186,1.1582117080688477,1.1582117080688477
1781208000.0,1.1582117080688477,1.1586142778396606,1.1582117080688477,1.1583458185195923
1781209800.0,1.1584800481796265,1.1584800481796265,1.1579434871673584,1.1582117080688477
1781211600.0,1.158077597618103,1.1586142778396606,1.1576753854751587,1.1579434871673584
1781213400.0,1.1576753854751587,1.1584800481796265,1.1576753854751587,1.1582117080688477
1781215200.0,1.1582117080688477,1.1584800481796265,1.1576753854751587,1.1578094959259033
1781217000.0,1.1578094959259033,1.1587486267089844,1.1576753854751587,1.1586142778396606
1781218800.0,1.1587486267089844,1.1588828563690186,1.158077597618103,1.158077597618103
1781220600.0,1.158077597618103,1.158077597618103,1.1578094959259033,1.1578094959259033
1781222400.0,1.1579434871673584,1.1579434871673584,1.157273530960083,1.1575413942337036
1781224200.0,1.1574074029922485,1.1575413942337036,1.1570056676864624,1.157139539718628
1781226000.0,1.157273530960083,1.157273530960083,1.1564704179763794,1.1564704179763794
1781227800.0,1.1566041707992554,1.1570056676864624,1.1566041707992554,1.1566041707992554
1781229600.0,1.1566041707992554,1.157273530960083,1.1566041707992554,1.1570056676864624
1781231400.0,1.1568717956542969,1.1570056676864624,1.156738042831421,1.1570056676864624
1781233200.0,1.1570056676864624,1.157273530960083,1.1568717956542969,1.157273530960083
1781235000.0,1.1574074029922485,1.1578094959259033,1.1574074029922485,1.1575413942337036
1781236800.0,1.1575413942337036,1.1575413942337036,1.157273530960083,1.1575413942337036
1781238600.0,1.1574074029922485,1.1578094959259033,1.1574074029922485,1.1574074029922485
1781240400.0,1.1575413942337036,1.1575413942337036,1.1568717956542969,1.1568717956542969
1781242200.0,1.156738042831421,1.1568717956542969,1.156203031539917,1.156203031539917
1781244000.0,1.156336784362793,1.157139539718628,1.156336784362793,1.1570056676864624
1781245800.0,1.1570056676864624,1.1576753854751587,1.1568717956542969,1.1576753854751587
1781247600.0,1.1575413942337036,1.1575413942337036,1.1566041707992554,1.1566041707992554
1781249400.0,1.1564704179763794,1.1570056676864624,1.1560693979263306,1.1570056676864624
1781251200.0,1.1570056676864624,1.1587486267089844,1.1570056676864624,1.158077597618103
1781253000.0,1.1579434871673584,1.1586142778396606,1.1579434871673584,1.158077597618103
1781254800.0,1.158077597618103,1.1592857837677002,1.1576753854751587,1.159151554107666
1781256600.0,1.159151554107666,1.159151554107666,1.1584800481796265,1.1588828563690186
1781258400.0,1.1587486267089844,1.1588828563690186,1.1575413942337036,1.1576753854751587
1781260200.0,1.1576753854751587,1.1582117080688477,1.1575413942337036,1.1576753854751587
1781262000.0,1.1578094959259033,1.158077597618103,1.1575413942337036,1.1579434871673584
1781263800.0,1.1578094959259033,1.1583458185195923,1.1575413942337036,1.1575413942337036
1781265600.0,1.1574074029922485,1.1575413942337036,1.1564704179763794,1.1564704179763794
1781267400.0,1.1564704179763794,1.1568717956542969,1.1564704179763794,1.156738042831421
1781269200.0,1.156738042831421,1.1579434871673584,1.1566041707992554,1.1579434871673584
1781271000.0,1.1579434871673584,1.158077597618103,1.1568717956542969,1.157273530960083
1781272800.0,1.157139539718628,1.158077597618103,1.157139539718628,1.1574074029922485
1781274600.0,1.157273530960083,1.158077597618103,1.157139539718628,1.1579434871673584
1781276400.0,1.1575413942337036,1.1586142778396606,1.1575413942337036,1.1586142778396606
1781278200.0,1.1586142778396606,1.1586142778396606,1.1576753854751587,1.1576753854751587
1781280000.0,1.1576753854751587,1.1578094959259033,1.157273530960083,1.1575413942337036
1781281800.0,1.1576753854751587,1.1578094959259033,1.1575413942337036,1.1578094959259033
1781283600.0,1.1579434871673584,1.158077597618103,1.1575413942337036,1.1579434871673584
1781285400.0,1.1579434871673584,1.1579434871673584,1.1576753854751587,1.1578094959259033
1781287200.0,1.1578094959259033,1.1579434871673584,1.1575413942337036,1.1578094959259033
1781289000.0,1.1579434871673584,1.1582117080688477,1.1579434871673584,1.1579434871673584
1781290800.0,1.1576753854751587,1.158077597618103,1.1576753854751587,1.1578094959259033
1781292600.0,1.1578094959259033,1.1578094959259033,1.157273530960083,1.1574074029922485
1781294400.0,1.1574074029922485,1.1574074029922485,1.157139539718628,1.157273530960083
1781296200.0,1.157139539718628,1.157273530960083,1.1570056676864624,1.157139539718628
1781298000.0,1.157139539718628,1.157273530960083,1.157139539718628,1.157273530960083
1781478000.0,1.161170482635498,1.161170482635498,1.1607661247253418,1.1607661247253418
1781479800.0,1.1607661247253418,1.161170482635498,1.1606314182281494,1.1606314182281494
1781481600.0,1.1609008312225342,1.161440134048462,1.1609008312225342,1.1610356569290161
1781483400.0,1.1610356569290161,1.1610356569290161,1.1602274179458618,1.1602274179458618
1781485200.0,1.160092830657959,1.1602274179458618,1.1598236560821533,1.1602274179458618
1781487000.0,1.160092830657959,1.160496711730957,1.1599582433700562,1.160092830657959
1781488800.0,1.1602274179458618,1.1602274179458618,1.1598236560821533,1.160092830657959
1781490600.0,1.1602274179458618,1.1603620052337646,1.160092830657959,1.1602274179458618
1781492400.0,1.1603620052337646,1.160496711730957,1.1602274179458618,1.160496711730957
1781494200.0,1.160496711730957,1.1607661247253418,1.160496711730957,1.1607661247253418
1781496000.0,1.1607661247253418,1.161170482635498,1.1606314182281494,1.161170482635498
1781497800.0,1.16130530834198,1.1617100238800049,1.16130530834198,1.1615750789642334
1781499600.0,1.1617100238800049,1.1623852252960205,1.1617100238800049,1.1621150970458984
1781501400.0,1.16225004196167,1.16225004196167,1.1617100238800049,1.1619800329208374
1781503200.0,1.1621150970458984,1.1621150970458984,1.1610356569290161,1.161170482635498
1781505000.0,1.1609008312225342,1.161170482635498,1.1603620052337646,1.1609008312225342
1781506800.0,1.1607661247253418,1.161440134048462,1.1606314182281494,1.161170482635498
1781508600.0,1.161170482635498,1.16130530834198,1.1607661247253418,1.1610356569290161
1781510400.0,1.1609008312225342,1.16130530834198,1.1609008312225342,1.161170482635498
1781512200.0,1.1610356569290161,1.16130530834198,1.160092830657959,1.160496711730957
1781514000.0,1.160496711730957,1.16130530834198,1.160496711730957,1.1609008312225342
1781515800.0,1.1609008312225342,1.16130530834198,1.1609008312225342,1.1609008312225342
1781517600.0,1.1609008312225342,1.161440134048462,1.1607661247253418,1.161440134048462
1781519400.0,1.161440134048462,1.1617100238800049,1.16130530834198,1.16130530834198
1781521200.0,1.1615750789642334,1.1617100238800049,1.1610356569290161,1.1610356569290161
1781523000.0,1.161170482635498,1.1617100238800049,1.1609008312225342,1.16130530834198
1781524800.0,1.16130530834198,1.1615750789642334,1.1607661247253418,1.16130530834198
1781526600.0,1.161440134048462,1.1621150970458984,1.16130530834198,1.1618449687957764
1781528400.0,1.1617100238800049,1.1621150970458984,1.1617100238800049,1.1619800329208374
1781530200.0,1.1618449687957764,1.1623852252960205,1.1617100238800049,1.1619800329208374
1781532000.0,1.1619800329208374,1.1621150970458984,1.16130530834198,1.1615750789642334
1781533800.0,1.161440134048462,1.1615750789642334,1.1609008312225342,1.16130530834198
1781535600.0,1.1609008312225342,1.1610356569290161,1.160496711730957,1.1606314182281494
1781537400.0,1.1606314182281494,1.1606314182281494,1.160092830657959,1.1602274179458618
1781539200.0,1.160092830657959,1.1607661247253418,1.160092830657959,1.1607661247253418
1781541000.0,1.1607661247253418,1.1609008312225342,1.160092830657959,1.1607661247253418
1781542800.0,1.1607661247253418,1.1607661247253418,1.1602274179458618,1.1603620052337646
1781544600.0,1.1603620052337646,1.1603620052337646,1.1602274179458618,1.1602274179458618
1781546400.0,1.1602274179458618,1.160496711730957,1.160092830657959,1.160092830657959
1781548200.0,1.1599582433700562,1.1602274179458618,1.1598236560821533,1.1598236560821533
1781550000.0,1.1599582433700562,1.1599582433700562,1.1594202518463135,1.1595547199249268
1781551800.0,1.15968918800354,1.15968918800354,1.1588828563690186,1.1588828563690186
1781553600.0,1.1587486267089844,1.1592857837677002,1.1587486267089844,1.1592857837677002
1781555400.0,1.1592857837677002,1.1592857837677002,1.1590172052383423,1.159151554107666
1781557200.0,1.15968918800354,1.1603620052337646,1.1590172052383423,1.159151554107666
1781559000.0,1.1590172052383423,1.160092830657959,1.1590172052383423,1.1594202518463135
1781560800.0,1.159151554107666,1.1594202518463135,1.1588828563690186,1.1590172052383423
1781562600.0,1.1590172052383423,1.1592857837677002,1.1590172052383423,1.159151554107666
1781564400.0,1.159151554107666,1.1595547199249268,1.159151554107666,1.1595547199249268
1781566200.0,1.1595547199249268,1.15968918800354,1.1594202518463135,1.1594202518463135
1781568000.0,1.1595547199249268,1.1595547199249268,1.159151554107666,1.159151554107666
1781569800.0,1.1592857837677002,1.15968918800354,1.1592857837677002,1.15968918800354
1781571600.0,1.15968918800354,1.1598236560821533,1.1594202518463135,1.1594202518463135
1781573400.0,1.1595547199249268,1.1595547199249268,1.1590172052383423,1.159151554107666
1781575200.0,1.1590172052383423,1.1590172052383423,1.1586142778396606,1.1588828563690186
1781577000.0,1.1590172052383423,1.159151554107666,1.1590172052383423,1.159151554107666
1781578800.0,1.1590172052383423,1.1590172052383423,1.1588828563690186,1.1588828563690186
1781580600.0,1.1590172052383423,1.159151554107666,1.1590172052383423,1.1590172052383423
1781582400.0,1.1590172052383423,1.1590172052383423,1.1579434871673584,1.1582117080688477
1781584200.0,1.1582117080688477,1.1583458185195923,1.1579434871673584,1.1582117080688477
1781586000.0,1.1582117080688477,1.1583458185195923,1.158077597618103,1.1583458185195923
1781587800.0,1.1583458185195923,1.1583458185195923,1.1579434871673584,1.1579434871673584
1781589600.0,1.1579434871673584,1.1582117080688477,1.1578094959259033,1.1582117080688477
1781591400.0,1.1582117080688477,1.1590172052383423,1.1582117080688477,1.1590172052383423
1781593200.0,1.1588828563690186,1.1594202518463135,1.1588828563690186,1.1594202518463135
1781595000.0,1.1594202518463135,1.1598236560821533,1.1592857837677002,1.1598236560821533
1781596800.0,1.1598236560821533,1.160496711730957,1.15968918800354,1.160496711730957
1781598600.0,1.1606314182281494,1.1610356569290161,1.1602274179458618,1.1609008312225342
1781600400.0,1.1610356569290161,1.16130530834198,1.1603620052337646,1.160496711730957
1781602200.0,1.1606314182281494,1.1606314182281494,1.1603620052337646,1.160496711730957
1781604000.0,1.160496711730957,1.1615750789642334,1.1603620052337646,1.16130530834198
1781605800.0,1.161170482635498,1.1615750789642334,1.161170482635498,1.1615750789642334
1781607600.0,1.161440134048462,1.161440134048462,1.1606314182281494,1.1607661247253418
1781609400.0,1.1607661247253418,1.1609008312225342,1.160092830657959,1.1602274179458618
1781611200.0,1.1602274179458618,1.1602274179458618,1.1595547199249268,1.1598236560821533
1781613000.0,1.1598236560821533,1.160496711730957,1.1598236560821533,1.1603620052337646
1781614800.0,1.1603620052337646,1.1606314182281494,1.1598236560821533,1.160092830657959
1781616600.0,1.160092830657959,1.1606314182281494,1.1595547199249268,1.1595547199249268
1781618400.0,1.1599582433700562,1.1599582433700562,1.159151554107666,1.1594202518463135
1781620200.0,1.1594202518463135,1.161170482635498,1.159151554107666,1.1610356569290161
1781622000.0,1.1610356569290161,1.161170482635498,1.1603620052337646,1.160496711730957
1781623800.0,1.160496711730957,1.1621150970458984,1.160496711730957,1.1617100238800049
1781625600.0,1.1617100238800049,1.16225004196167,1.1617100238800049,1.1619800329208374
1781627400.0,1.1619800329208374,1.1621150970458984,1.1615750789642334,1.1617100238800049
1781629200.0,1.1615750789642334,1.1617100238800049,1.161440134048462,1.1615750789642334
1781631000.0,1.1615750789642334,1.1615750789642334,1.161440134048462,1.161440134048462
1781632800.0,1.1615750789642334,1.1617100238800049,1.161440134048462,1.161440134048462
1781634600.0,1.16130530834198,1.161440134048462,1.1610356569290161,1.161440134048462
1781636400.0,1.1615750789642334,1.1617100238800049,1.161440134048462,1.1615750789642334
1781638200.0,1.161440134048462,1.161440134048462,1.1610356569290161,1.161170482635498
1781640000.0,1.1610356569290161,1.16130530834198,1.1610356569290161,1.16130530834198
1781641800.0,1.16130530834198,1.16130530834198,1.1610356569290161,1.16130530834198
1781643600.0,1.161170482635498,1.1618449687957764,1.161170482635498,1.161440134048462
1781645400.0,1.1615750789642334,1.1615750789642334,1.1610356569290161,1.161170482635498
1781647200.0,1.161440134048462,1.1615750789642334,1.16130530834198,1.161440134048462
1781649000.0,1.161440134048462,1.1617100238800049,1.161440134048462,1.1615750789642334
1781650800.0,1.1615750789642334,1.1618449687957764,1.1615750789642334,1.1618449687957764
1781652600.0,1.1618449687957764,1.1618449687957764,1.16130530834198,1.16130530834198
1781654400.0,1.16130530834198,1.1619800329208374,1.16130530834198,1.1618449687957764
1781656200.0,1.1618449687957764,1.1619800329208374,1.1615750789642334,1.1618449687957764
1781658000.0,1.1617100238800049,1.1619800329208374,1.1615750789642334,1.1615750789642334
1781659800.0,1.161440134048462,1.1617100238800049,1.161440134048462,1.1615750789642334
1781661600.0,1.1615750789642334,1.1618449687957764,1.1615750789642334,1.1617100238800049
1781663400.0,1.1617100238800049,1.1617100238800049,1.16130530834198,1.16130530834198
1781665200.0,1.16130530834198,1.161440134048462,1.16130530834198,1.161440134048462
1781667000.0,1.161440134048462,1.1615750789642334,1.161440134048462,1.161440134048462
1781668800.0,1.16130530834198,1.1617100238800049,1.16130530834198,1.161440134048462
1781670600.0,1.1615750789642334,1.1615750789642334,1.161440134048462,1.1615750789642334
1781672400.0,1.1615750789642334,1.1617100238800049,1.161440134048462,1.1615750789642334
1781674200.0,1.161440134048462,1.1618449687957764,1.161440134048462,1.1615750789642334
1781676000.0,1.161440134048462,1.1618449687957764,1.1609008312225342,1.1609008312225342
1781677800.0,1.1609008312225342,1.161170482635498,1.1607661247253418,1.161170482635498
1781679600.0,1.161170482635498,1.1618449687957764,1.1610356569290161,1.1610356569290161
1781681400.0,1.1610356569290161,1.161170482635498,1.1607661247253418,1.161170482635498
1781683200.0,1.1610356569290161,1.1610356569290161,1.1602274179458618,1.160496711730957
1781685000.0,1.160496711730957,1.1606314182281494,1.1603620052337646,1.160496711730957
1781686800.0,1.160496711730957,1.1609008312225342,1.160496711730957,1.1607661247253418
1781688600.0,1.1609008312225342,1.1609008312225342,1.160496711730957,1.1607661247253418
1781690400.0,1.1606314182281494,1.1607661247253418,1.1599582433700562,1.1599582433700562
1781692200.0,1.160092830657959,1.1603620052337646,1.1599582433700562,1.160092830657959
1781694000.0,1.1599582433700562,1.1599582433700562,1.1592857837677002,1.1592857837677002
1781695800.0,1.1592857837677002,1.1594202518463135,1.1588828563690186,1.1594202518463135
1781697600.0,1.1595547199249268,1.160092830657959,1.1594202518463135,1.160092830657959
1781699400.0,1.1598236560821533,1.1606314182281494,1.1598236560821533,1.1606314182281494
1781701200.0,1.160496711730957,1.1606314182281494,1.160092830657959,1.1602274179458618
1781703000.0,1.1602274179458618,1.160496711730957,1.1599582433700562,1.160092830657959
1781704800.0,1.160092830657959,1.160092830657959,1.1594202518463135,1.1595547199249268
1781706600.0,1.1598236560821533,1.1599582433700562,1.1587486267089844,1.1592857837677002
1781708400.0,1.159151554107666,1.15968918800354,1.1590172052383423,1.1595547199249268
1781710200.0,1.1595547199249268,1.15968918800354,1.1592857837677002,1.1595547199249268
1781712000.0,1.1595547199249268,1.1595547199249268,1.1592857837677002,1.1595547199249268
1781713800.0,1.1594202518463135,1.1595547199249268,1.1592857837677002,1.1595547199249268
1781715600.0,1.1594202518463135,1.1594202518463135,1.1592857837677002,1.1594202518463135
1781717400.0,1.1594202518463135,1.1599582433700562,1.1594202518463135,1.1599582433700562
1781719200.0,1.1552680730819702,1.1566041707992554,1.1547343730926514,1.1551345586776733
1781721000.0,1.155001163482666,1.1566041707992554,1.154068112373352,1.1542012691497803
1781722800.0,1.154334545135498,1.154334545135498,1.1499539613723755,1.1499539613723755
1781724600.0,1.1496896743774414,1.1499539613723755,1.1482374668121338,1.1496896743774414
1781726400.0,1.1500862836837769,1.15035080909729,1.1490291357040405,1.15035080909729
1781728200.0,1.15035080909729,1.1508804559707642,1.15035080909729,1.150483250617981
1781730000.0,1.1508804559707642,1.151012897491455,1.1502184867858887,1.1507480144500732
1781731800.0,1.1507480144500732,1.1508804559707642,1.1502184867858887,1.1506155729293823
1781733600.0,1.1506155729293823,1.1507480144500732,1.15035080909729,1.1506155729293823
1781735400.0,1.150483250617981,1.151012897491455,1.150483250617981,1.1508804559707642
1781737200.0,1.1507480144500732,1.151145339012146,1.1507480144500732,1.151012897491455
1781739000.0,1.1508804559707642,1.151012897491455,1.1507480144500732,1.151012897491455
1781740800.0,1.1512778997421265,1.152339220046997,1.1512778997421265,1.151410460472107
1781742600.0,1.151410460472107,1.1519410610198975,1.1512778997421265,1.1519410610198975
1781744400.0,1.1519410610198975,1.1524720191955566,1.1519410610198975,1.1524720191955566
1781746200.0,1.1524720191955566,1.1526048183441162,1.1519410610198975,1.1519410610198975
1781748000.0,1.1520737409591675,1.1520737409591675,1.1516757011413574,1.1519410610198975
1781749800.0,1.1519410610198975,1.1526048183441162,1.1519410610198975,1.1522064208984375
1781751600.0,1.1522064208984375,1.1526048183441162,1.1520737409591675,1.1526048183441162
1781753400.0,1.1526048183441162,1.1527377367019653,1.1524720191955566,1.1527377367019653
1781755200.0,1.1528706550598145,1.1528706550598145,1.1524720191955566,1.1526048183441162
1781757000.0,1.1524720191955566,1.1527377367019653,1.1524720191955566,1.1526048183441162
1781758800.0,1.1526048183441162,1.1527377367019653,1.1522064208984375,1.1522064208984375
1781760600.0,1.1520737409591675,1.1522064208984375,1.151410460472107,1.151410460472107
1781762400.0,1.1516757011413574,1.1530035734176636,1.1516757011413574,1.1530035734176636
1781764200.0,1.1528706550598145,1.1531364917755127,1.152339220046997,1.152339220046997
1781766000.0,1.1522064208984375,1.1522064208984375,1.151145339012146,1.1512778997421265
1781767800.0,1.1512778997421265,1.152339220046997,1.151012897491455,1.151543140411377
1781769600.0,1.151543140411377,1.1516757011413574,1.150483250617981,1.150483250617981
1781771400.0,1.1506155729293823,1.1506155729293823,1.1486331224441528,1.1486331224441528
1781773200.0,1.1482374668121338,1.1488970518112183,1.1478420495986938,1.1479737758636475
1781775000.0,1.1479737758636475,1.1486331224441528,1.1478420495986938,1.1481056213378906
1781776800.0,1.1479737758636475,1.1479737758636475,1.1465259790420532,1.147446870803833
1781778600.0,1.147446870803833,1.147446870803833,1.1462632417678833,1.1463946104049683
1781780400.0,1.1465259790420532,1.1469204425811768,1.145737886428833,1.1466574668884277
1781782200.0,1.1465259790420532,1.1467890739440918,1.1460003852844238,1.1461317539215088
1781784000.0,1.1458691358566284,1.148369312286377,1.145737886428833,1.147446870803833
1781785800.0,1.147446870803833,1.1475785970687866,1.1467890739440918,1.147315263748169
1781787600.0,1.1471836566925049,1.147446870803833,1.1466574668884277,1.147446870803833
1781789400.0,1.1475785970687866,1.1486331224441528,1.147446870803833,1.147446870803833
1781791200.0,1.1475785970687866,1.1479737758636475,1.1470520496368408,1.1478420495986938
1781793000.0,1.1475785970687866,1.1490291357040405,1.147446870803833,1.1488970518112183
1781794800.0,1.1490291357040405,1.1490291357040405,1.1479737758636475,1.1481056213378906
1781796600.0,1.1481056213378906,1.1481056213378906,1.147315263748169,1.147315263748169
1781798400.0,1.147446870803833,1.147446870803833,1.1467890739440918,1.147315263748169
1781800200.0,1.147315263748169,1.147315263748169,1.1465259790420532,1.1469204425811768
1781802000.0,1.1467890739440918,1.1477103233337402,1.1467890739440918,1.1475785970687866
1781803800.0,1.147446870803833,1.147446870803833,1.1465259790420532,1.1465259790420532
1781805600.0,1.1465259790420532,1.1469204425811768,1.1463946104049683,1.1465259790420532
1781807400.0,1.1466574668884277,1.1467890739440918,1.1462632417678833,1.1463946104049683
1781809200.0,1.1462632417678833,1.1462632417678833,1.1454753875732422,1.1456066370010376
1781811000.0,1.145737886428833,1.1465259790420532,1.145737886428833,1.1461317539215088
1781812800.0,1.1460003852844238,1.1466574668884277,1.1460003852844238,1.1465259790420532
1781814600.0,1.1465259790420532,1.1465259790420532,1.1460003852844238,1.1460003852844238
1781816400.0,1.1461317539215088,1.1469204425811768,1.1454753875732422,1.1462632417678833
1781818200.0,1.1463946104049683,1.1471836566925049,1.1460003852844238,1.1463946104049683
1781820000.0,1.1463946104049683,1.1467890739440918,1.1462632417678833,1.1463946104049683
1781821800.0,1.1463946104049683,1.1466574668884277,1.1462632417678833,1.1466574668884277
1781823600.0,1.1465259790420532,1.1465259790420532,1.1463946104049683,1.1463946104049683
1781825400.0,1.1463946104049683,1.1465259790420532,1.1461317539215088,1.1461317539215088
1781827200.0,1.1465259790420532,1.1467890739440918,1.1463946104049683,1.1463946104049683
1781829000.0,1.1465259790420532,1.1467890739440918,1.1463946104049683,1.1466574668884277
1781830800.0,1.1466574668884277,1.1466574668884277,1.1462632417678833,1.1463946104049683
1781832600.0,1.1463946104049683,1.1463946104049683,1.1456066370010376,1.1456066370010376
1781834400.0,1.1456066370010376,1.1460003852844238,1.1454753875732422,1.1460003852844238
1781836200.0,1.1460003852844238,1.1461317539215088,1.145737886428833,1.145737886428833
1781838000.0,1.145737886428833,1.145737886428833,1.144688606262207,1.144688606262207
1781839800.0,1.144819736480713,1.1449507474899292,1.1445575952529907,1.1445575952529907
1781841600.0,1.1445575952529907,1.1445575952529907,1.144164800643921,1.1442956924438477
1781843400.0,1.1442956924438477,1.144688606262207,1.1431183815002441,1.1432491540908813
1781845200.0,1.1431183815002441,1.1431183815002441,1.1422044038772583,1.1425960063934326
1781847000.0,1.1428571939468384,1.1436413526535034,1.1422044038772583,1.143379807472229
1781848800.0,1.1435105800628662,1.144164800643921,1.1435105800628662,1.144164800643921
1781850600.0,1.1440337896347046,1.1445575952529907,1.1435105800628662,1.1445575952529907
1781852400.0,1.144688606262207,1.145213007926941,1.1445575952529907,1.1449507474899292
1781854200.0,1.1449507474899292,1.145213007926941,1.144819736480713,1.1449507474899292
1781856000.0,1.145213007926941,1.1463946104049683,1.145213007926941,1.1460003852844238
1781857800.0,1.1461317539215088,1.1469204425811768,1.1461317539215088,1.1467890739440918
1781859600.0,1.1466574668884277,1.1466574668884277,1.1462632417678833,1.1463946104049683
1781861400.0,1.1465259790420532,1.1469204425811768,1.1463946104049683,1.1463946104049683
1781863200.0,1.1463946104049683,1.1465259790420532,1.1456066370010376,1.1460003852844238
1781865000.0,1.1458691358566284,1.1467890739440918,1.1458691358566284,1.1467890739440918
1781866800.0,1.1466574668884277,1.1470520496368408,1.1465259790420532,1.1467890739440918
1781868600.0,1.1466574668884277,1.1469204425811768,1.1462632417678833,1.1463946104049683
1781870400.0,1.1465259790420532,1.1470520496368408,1.1465259790420532,1.1467890739440918
1781872200.0,1.1466574668884277,1.1477103233337402,1.1466574668884277,1.147446870803833
1781874000.0,1.147446870803833,1.1475785970687866,1.1463946104049683,1.1466574668884277
1781875800.0,1.1467890739440918,1.1467890739440918,1.1461317539215088,1.1466574668884277
1781877600.0,1.1465259790420532,1.1467890739440918,1.1461317539215088,1.1465259790420532
1781879400.0,1.1465259790420532,1.147315263748169,1.1465259790420532,1.1470520496368408
1781881200.0,1.147315263748169,1.1477103233337402,1.1471836566925049,1.1471836566925049
1781883000.0,1.1470520496368408,1.1470520496368408,1.1466574668884277,1.1466574668884277
1781884800.0,1.1466574668884277,1.1471836566925049,1.1465259790420532,1.1471836566925049
1781886600.0,1.1471836566925049,1.147315263748169,1.1467890739440918,1.147315263748169
1781888400.0,1.147315263748169,1.1475785970687866,1.1471836566925049,1.147315263748169
1781890200.0,1.147315263748169,1.1479737758636475,1.147315263748169,1.1478420495986938
1781892000.0,1.1479737758636475,1.1481056213378906,1.1477103233337402,1.1481056213378906
1781893800.0,1.1481056213378906,1.1485011577606201,1.1479737758636475,1.1479737758636475
1781895600.0,1.1479737758636475,1.1482374668121338,1.1479737758636475,1.1481056213378906
1781897400.0,1.1481056213378906,1.148369312286377,1.1478420495986938,1.1481056213378906
1781899200.0,1.1478420495986938,1.1482374668121338,1.147446870803833,1.1475785970687866
1781901000.0,1.1475785970687866,1.1485011577606201,1.147315263748169,1.147315263748169
1781902800.0,1.1469204425811768,1.1469204425811768,1.1469204425811768,1.1469204425811768
1782082800.0,1.1466574668884277,1.1469204425811768,1.1466574668884277,1.1466574668884277
1782084600.0,1.1465259790420532,1.1466574668884277,1.1461317539215088,1.1465259790420532
1782086400.0,1.1466574668884277,1.1467890739440918,1.1465259790420532,1.1466574668884277
1782088200.0,1.1465259790420532,1.1469204425811768,1.1461317539215088,1.1469204425811768
1782090000.0,1.1471836566925049,1.1475785970687866,1.1470520496368408,1.1471836566925049
1782091800.0,1.1470520496368408,1.1471836566925049,1.1467890739440918,1.1467890739440918
1782093600.0,1.1466574668884277,1.1467890739440918,1.1463946104049683,1.1466574668884277
1782095400.0,1.1466574668884277,1.1470520496368408,1.1466574668884277,1.1469204425811768
1782097200.0,1.1469204425811768,1.1470520496368408,1.1465259790420532,1.1466574668884277
1782099000.0,1.1466574668884277,1.1466574668884277,1.1458691358566284,1.1460003852844238
1782100800.0,1.1460003852844238,1.1460003852844238,1.1456066370010376,1.1458691358566284
1782102600.0,1.1458691358566284,1.1460003852844238,1.1456066370010376,1.1458691358566284
1782104400.0,1.1458691358566284,1.1462632417678833,1.1458691358566284,1.1462632417678833
1782106200.0,1.1462632417678833,1.1466574668884277,1.1458691358566284,1.1458691358566284
1782108000.0,1.1456066370010376,1.1462632417678833,1.1456066370010376,1.1461317539215088
1782109800.0,1.1460003852844238,1.1465259790420532,1.1456066370010376,1.1462632417678833
1782111600.0,1.1463946104049683,1.1465259790420532,1.1456066370010376,1.1456066370010376
1782113400.0,1.1453442573547363,1.1454753875732422,1.144819736480713,1.1449507474899292
1782115200.0,1.1449507474899292,1.145737886428833,1.1445575952529907,1.145081877708435
1782117000.0,1.145081877708435,1.1454753875732422,1.1449507474899292,1.1453442573547363
1782118800.0,1.1453442573547363,1.1463946104049683,1.1453442573547363,1.1460003852844238
1782120600.0,1.1460003852844238,1.1465259790420532,1.1458691358566284,1.1461317539215088
1782122400.0,1.1460003852844238,1.1466574668884277,1.1460003852844238,1.1462632417678833
1782124200.0,1.1462632417678833,1.1462632417678833,1.1458691358566284,1.1458691358566284
1782126000.0,1.145737886428833,1.1460003852844238,1.1453442573547363,1.1456066370010376
1782127800.0,1.1456066370010376,1.145737886428833,1.145081877708435,1.145081877708435
1782129600.0,1.145213007926941,1.1465259790420532,1.145213007926941,1.1462632417678833
1782131400.0,1.1463946104049683,1.1465259790420532,1.1458691358566284,1.1458691358566284
1782133200.0,1.145081877708435,1.145081877708435,1.1439030170440674,1.1439030170440674
1782135000.0,1.144164800643921,1.1445575952529907,1.1432491540908813,1.1432491540908813
1782136800.0,1.1432491540908813,1.144164800643921,1.1428571939468384,1.1440337896347046
1782138600.0,1.1439030170440674,1.1453442573547363,1.143379807472229,1.144819736480713
1782140400.0,1.1449507474899292,1.1453442573547363,1.144426703453064,1.144426703453064
1782142200.0,1.1442956924438477,1.144426703453064,1.1435105800628662,1.1435105800628662
1782144000.0,1.1435105800628662,1.1435105800628662,1.142987847328186,1.142987847328186
1782145800.0,1.1428571939468384,1.1435105800628662,1.1428571939468384,1.1435105800628662
1782147600.0,1.143379807472229,1.1436413526535034,1.143379807472229,1.143379807472229
1782149400.0,1.143379807472229,1.143379807472229,1.1431183815002441,1.1432491540908813
1782151200.0,1.1432491540908813,1.1435105800628662,1.1431183815002441,1.1431183815002441
1782153000.0,1.142987847328186,1.1431183815002441,1.1425960063934326,1.1425960063934326
1782154800.0,1.1428571939468384,1.1428571939468384,1.1424654722213745,1.1424654722213745
1782156600.0,1.1423349380493164,1.1428571939468384,1.1422044038772583,1.1427265405654907
1782158400.0,1.1428571939468384,1.1432491540908813,1.1428571939468384,1.1431183815002441
1782160200.0,1.142987847328186,1.1432491540908813,1.142987847328186,1.142987847328186
1782162000.0,1.1420739889144897,1.1437721252441406,1.1420739889144897,1.1432491540908813
1782163800.0,1.143379807472229,1.1435105800628662,1.1428571939468384,1.1431183815002441
1782165600.0,1.142987847328186,1.1432491540908813,1.142987847328186,1.142987847328186
1782167400.0,1.142987847328186,1.1431183815002441,1.1428571939468384,1.1431183815002441
1782169200.0,1.1431183815002441,1.1432491540908813,1.142987847328186,1.142987847328186
1782171000.0,1.142987847328186,1.1431183815002441,1.142987847328186,1.142987847328186
1782172800.0,1.1428571939468384,1.142987847328186,1.1425960063934326,1.1427265405654907
1782174600.0,1.1428571939468384,1.1431183815002441,1.1428571939468384,1.142987847328186
1782176400.0,1.1431183815002441,1.1431183815002441,1.1425960063934326,1.1427265405654907
1782178200.0,1.1425960063934326,1.1431183815002441,1.1425960063934326,1.142987847328186
1782180000.0,1.142987847328186,1.1436413526535034,1.142987847328186,1.143379807472229
1782181800.0,1.143379807472229,1.143379807472229,1.1428571939468384,1.142987847328186
1782183600.0,1.142987847328186,1.142987847328186,1.1423349380493164,1.1428571939468384
1782185400.0,1.1428571939468384,1.1432491540908813,1.1427265405654907,1.1432491540908813
1782187200.0,1.1432491540908813,1.143379807472229,1.1428571939468384,1.142987847328186
1782189000.0,1.1427265405654907,1.1428571939468384,1.1423349380493164,1.1423349380493164
1782190800.0,1.1423349380493164,1.1428571939468384,1.1423349380493164,1.1427265405654907
1782192600.0,1.1427265405654907,1.1428571939468384,1.1423349380493164,1.1425960063934326
1782194400.0,1.1425960063934326,1.1432491540908813,1.1425960063934326,1.142987847328186
1782196200.0,1.142987847328186,1.1431183815002441,1.1423349380493164,1.1427265405654907
1782198000.0,1.1427265405654907,1.144164800643921,1.1427265405654907,1.1440337896347046
1782199800.0,1.1436413526535034,1.1436413526535034,1.141291856765747,1.1415525674819946
1782201600.0,1.1415525674819946,1.1419435739517212,1.1409013271331787,1.1410315036773682
1782203400.0,1.1411616802215576,1.141291856765747,1.1407711505889893,1.1411616802215576
1782205200.0,1.1410315036773682,1.141422152519226,1.1410315036773682,1.141291856765747
1782207000.0,1.141291856765747,1.141422152519226,1.1411616802215576,1.141422152519226
1782208800.0,1.1415525674819946,1.1415525674819946,1.1409013271331787,1.1409013271331787
1782210600.0,1.1409013271331787,1.1410315036773682,1.1399909257888794,1.140380859375
1782212400.0,1.1405109167099,1.1405109167099,1.1399909257888794,1.1399909257888794
1782214200.0,1.1398608684539795,1.1398608684539795,1.1388224363327026,1.1388224363327026
1782216000.0,1.1389521360397339,1.1398608684539795,1.1386927366256714,1.1388224363327026
1782217800.0,1.1388224363327026,1.1393414735794067,1.1388224363327026,1.139211654663086
1782219600.0,1.139211654663086,1.1397310495376587,1.1388224363327026,1.1393414735794067
1782221400.0,1.1393414735794067,1.1402509212493896,1.139211654663086,1.139211654663086
1782223200.0,1.1393414735794067,1.1393414735794067,1.138044834136963,1.1384334564208984
1782225000.0,1.1381744146347046,1.1386927366256714,1.138044834136963,1.1385631561279297
1782226800.0,1.1385631561279297,1.1388224363327026,1.1379153728485107,1.1385631561279297
1782228600.0,1.1384334564208984,1.1386927366256714,1.1381744146347046,1.1385631561279297
1782230400.0,1.1385631561279297,1.1386927366256714,1.1383039951324463,1.1383039951324463
1782232200.0,1.1381744146347046,1.1386927366256714,1.1381744146347046,1.1383039951324463
1782234000.0,1.1381744146347046,1.1384334564208984,1.138044834136963,1.1381744146347046
1782235800.0,1.1381744146347046,1.1384334564208984,1.1381744146347046,1.1383039951324463
1782237600.0,1.1383039951324463,1.1384334564208984,1.1381744146347046,1.1381744146347046
1782239400.0,1.1381744146347046,1.1383039951324463,1.1379153728485107,1.1381744146347046
1782241200.0,1.1381744146347046,1.1385631561279297,1.1381744146347046,1.1384334564208984
1782243000.0,1.1385631561279297,1.1385631561279297,1.1383039951324463,1.1383039951324463
1782244800.0,1.1381744146347046,1.1383039951324463,1.1381744146347046,1.1383039951324463
1782246600.0,1.1383039951324463,1.1385631561279297,1.1383039951324463,1.1384334564208984
1782248400.0,1.1383039951324463,1.1388224363327026,1.1383039951324463,1.1388224363327026
1782250200.0,1.1388224363327026,1.1389521360397339,1.1386927366256714,1.1388224363327026
1782252000.0,1.1386927366256714,1.1386927366256714,1.1381744146347046,1.1383039951324463
1782253800.0,1.1383039951324463,1.1386927366256714,1.1383039951324463,1.1384334564208984
1782255600.0,1.1384334564208984,1.1385631561279297,1.1383039951324463,1.1384334564208984
1782257400.0,1.1384334564208984,1.1386927366256714,1.1381744146347046,1.1383039951324463
1782259200.0,1.1381744146347046,1.1385631561279297,1.1376564502716064,1.1377859115600586
1782261000.0,1.1377859115600586,1.1381744146347046,1.1377859115600586,1.1379153728485107
1782262800.0,1.1379153728485107,1.1379153728485107,1.1373976469039917,1.1375269889831543
1782264600.0,1.1375269889831543,1.138044834136963,1.1375269889831543,1.1379153728485107
1782266400.0,1.1379153728485107,1.1379153728485107,1.1377859115600586,1.1377859115600586
1782268200.0,1.1377859115600586,1.1379153728485107,1.1371389627456665,1.1371389627456665
1782270000.0,1.1371389627456665,1.1371389627456665,1.1364928483963013,1.1366219520568848
1782271800.0,1.1367511749267578,1.1371389627456665,1.1367511749267578,1.1370097398757935
1782273600.0,1.1370097398757935,1.1370097398757935,1.1364928483963013,1.1368803977966309
1782275400.0,1.1367511749267578,1.1368803977966309,1.1364928483963013,1.1366219520568848
1782277200.0,1.1366219520568848,1.1370097398757935,1.1366219520568848,1.1368803977966309
1782279000.0,1.1370097398757935,1.1371389627456665,1.1367511749267578,1.1370097398757935
1782280800.0,1.1371389627456665,1.1377859115600586,1.1367511749267578,1.1367511749267578
1782282600.0,1.1367511749267578,1.1371389627456665,1.1362345218658447,1.1362345218658447
1782284400.0,1.1362345218658447,1.1363636255264282,1.135589361190796,1.1358473300933838
1782286200.0,1.1358473300933838,1.1363636255264282,1.135589361190796,1.135589361190796
1782288000.0,1.135589361190796,1.1357183456420898,1.1341726779937744,1.135589361190796
1782289800.0,1.135589361190796,1.1358473300933838,1.1348161697387695,1.135589361190796
1782291600.0,1.135589361190796,1.1357183456420898,1.1349449157714844,1.1350737810134888
1782293400.0,1.1350737810134888,1.1352026462554932,1.1348161697387695,1.1350737810134888
1782295200.0,1.1349449157714844,1.1349449157714844,1.1343011856079102,1.1343011856079102
1782297000.0,1.134429931640625,1.1348161697387695,1.1341726779937744,1.134429931640625
1782298800.0,1.134429931640625,1.1346874237060547,1.1341726779937744,1.1346874237060547
1782300600.0,1.1346874237060547,1.1352026462554932,1.1341726779937744,1.1341726779937744
1782302400.0,1.134429931640625,1.1348161697387695,1.1340440511703491,1.1343011856079102
1782304200.0,1.1341726779937744,1.1341726779937744,1.1328877210617065,1.133144497871399
1782306000.0,1.1332728862762451,1.1340440511703491,1.1328877210617065,1.1340440511703491
1782307800.0,1.1341726779937744,1.1349449157714844,1.1336582899093628,1.1348161697387695
1782309600.0,1.1346874237060547,1.1354604959487915,1.1341726779937744,1.1349449157714844
1782311400.0,1.1346874237060547,1.1348161697387695,1.1339154243469238,1.134429931640625
1782313200.0,1.134429931640625,1.1363636255264282,1.134429931640625,1.1358473300933838
1782315000.0,1.1358473300933838,1.1358473300933838,1.1350737810134888,1.1353315114974976
1782316800.0,1.1352026462554932,1.1363636255264282,1.1350737810134888,1.1363636255264282
1782318600.0,1.1364928483963013,1.1370097398757935,1.1361054182052612,1.1362345218658447
1782320400.0,1.1363636255264282,1.1363636255264282,1.1353315114974976,1.1353315114974976
1782322200.0,1.135589361190796,1.1361054182052612,1.1352026462554932,1.1353315114974976
1782324000.0,1.1354604959487915,1.1361054182052612,1.1354604959487915,1.1361054182052612
1782325800.0,1.1361054182052612,1.1363636255264282,1.1357183456420898,1.1357183456420898
1782327600.0,1.1359764337539673,1.1361054182052612,1.1354604959487915,1.1357183456420898
1782329400.0,1.1359764337539673,1.1361054182052612,1.1357183456420898,1.1357183456420898
1782331200.0,1.135589361190796,1.1361054182052612,1.135589361190796,1.1359764337539673
1782333000.0,1.1361054182052612,1.1362345218658447,1.1361054182052612,1.1361054182052612
1782334800.0,1.1353315114974976,1.1363636255264282,1.1353315114974976,1.1361054182052612
1782336600.0,1.1364928483963013,1.1364928483963013,1.135589361190796,1.1362345218658447
1782338400.0,1.1363636255264282,1.1363636255264282,1.1358473300933838,1.1359764337539673
1782340200.0,1.1359764337539673,1.1361054182052612,1.1358473300933838,1.1358473300933838
1782342000.0,1.1358473300933838,1.1359764337539673,1.1357183456420898,1.1358473300933838
1782343800.0,1.1357183456420898,1.1359764337539673,1.135589361190796,1.1357183456420898
1782345600.0,1.135589361190796,1.1357183456420898,1.1352026462554932,1.1353315114974976
1782347400.0,1.1353315114974976,1.1357183456420898,1.1352026462554932,1.135589361190796
1782349200.0,1.1357183456420898,1.1370097398757935,1.1357183456420898,1.1366219520568848
1782351000.0,1.1367511749267578,1.1367511749267578,1.1361054182052612,1.1361054182052612
1782352800.0,1.1361054182052612,1.1367511749267578,1.1361054182052612,1.1367511749267578
1782354600.0,1.1367511749267578,1.1368803977966309,1.1364928483963013,1.1366219520568848
1782356400.0,1.1367511749267578,1.1370097398757935,1.1367511749267578,1.1368803977966309
1782358200.0,1.1370097398757935,1.1373976469039917,1.1368803977966309,1.137268304824829
1782360000.0,1.1373976469039917,1.1373976469039917,1.137268304824829,1.1373976469039917
1782361800.0,1.137268304824829,1.137268304824829,1.1370097398757935,1.1371389627456665
1782363600.0,1.1370097398757935,1.1371389627456665,1.1367511749267578,1.1367511749267578
1782365400.0,1.1367511749267578,1.1368803977966309,1.1363636255264282,1.1364928483963013
1782367200.0,1.1366219520568848,1.1367511749267578,1.1362345218658447,1.1366219520568848
1782369000.0,1.1364928483963013,1.1364928483963013,1.135589361190796,1.1357183456420898
1782370800.0,1.1357183456420898,1.1362345218658447,1.1349449157714844,1.1357183456420898
1782372600.0,1.135589361190796,1.1362345218658447,1.135589361190796,1.1362345218658447
1782374400.0,1.1363636255264282,1.1371389627456665,1.1363636255264282,1.1370097398757935
1782376200.0,1.1371389627456665,1.1375269889831543,1.1370097398757935,1.1370097398757935
1782378000.0,1.1370097398757935,1.137268304824829,1.1366219520568848,1.137268304824829
1782379800.0,1.1375269889831543,1.1375269889831543,1.1366219520568848,1.1366219520568848
1782381600.0,1.1364928483963013,1.1364928483963013,1.1357183456420898,1.1357183456420898
1782383400.0,1.1357183456420898,1.1357183456420898,1.1346874237060547,1.1348161697387695
1782385200.0,1.1348161697387695,1.1348161697387695,1.1340440511703491,1.1341726779937744
1782387000.0,1.1340440511703491,1.1341726779937744,1.1336582899093628,1.1340440511703491
1782388800.0,1.1340440511703491,1.1345586776733398,1.1340440511703491,1.134429931640625
1782390600.0,1.1354604959487915,1.1366219520568848,1.1349449157714844,1.135589361190796
1782392400.0,1.1358473300933838,1.1368803977966309,1.1353315114974976,1.1368803977966309
1782394200.0,1.1368803977966309,1.1370097398757935,1.1363636255264282,1.1364928483963013
1782396000.0,1.1367511749267578,1.1384334564208984,1.1367511749267578,1.1373976469039917
1782397800.0,1.1375269889831543,1.1384334564208984,1.1375269889831543,1.1377859115600586
1782399600.0,1.1379153728485107,1.1390818357467651,1.1377859115600586,1.1390818357467651
1782401400.0,1.1389521360397339,1.1390818357467651,1.1383039951324463,1.1388224363327026
1782403200.0,1.1385631561279297,1.1389521360397339,1.1384334564208984,1.1389521360397339
1782405000.0,1.1386927366256714,1.1386927366256714,1.1376564502716064,1.1377859115600586
1782406800.0,1.1376564502716064,1.1379153728485107,1.1375269889831543,1.1376564502716064
1782408600.0,1.1377859115600586,1.138044834136963,1.1375269889831543,1.1377859115600586
1782410400.0,1.1377859115600586,1.1383039951324463,1.1373976469039917,1.1381744146347046
1782412200.0,1.138044834136963,1.138044834136963,1.1376564502716064,1.1377859115600586
1782414000.0,1.1377859115600586,1.138044834136963,1.1373976469039917,1.138044834136963
1782415800.0,1.1381744146347046,1.1381744146347046,1.137268304824829,1.1376564502716064
1782417600.0,1.1376564502716064,1.1377859115600586,1.1375269889831543,1.1376564502716064
1782419400.0,1.1375269889831543,1.1376564502716064,1.137268304824829,1.137268304824829
1782421200.0,1.1370097398757935,1.1379153728485107,1.1366219520568848,1.137268304824829
1782423000.0,1.1371389627456665,1.1379153728485107,1.1371389627456665,1.1375269889831543
1782424800.0,1.1376564502716064,1.1376564502716064,1.137268304824829,1.137268304824829
1782426600.0,1.1371389627456665,1.1373976469039917,1.1371389627456665,1.137268304824829
1782428400.0,1.137268304824829,1.137268304824829,1.1366219520568848,1.1367511749267578
1782430200.0,1.1367511749267578,1.1367511749267578,1.1363636255264282,1.1364928483963013
1782432000.0,1.1364928483963013,1.1367511749267578,1.1364928483963013,1.1367511749267578
1782433800.0,1.1367511749267578,1.1370097398757935,1.1366219520568848,1.1368803977966309
1782435600.0,1.1370097398757935,1.137268304824829,1.1367511749267578,1.1368803977966309
1782437400.0,1.1368803977966309,1.1370097398757935,1.1361054182052612,1.1362345218658447
1782439200.0,1.1362345218658447,1.1366219520568848,1.1357183456420898,1.1358473300933838
1782441000.0,1.1359764337539673,1.1363636255264282,1.1358473300933838,1.1362345218658447
1782442800.0,1.1362345218658447,1.1367511749267578,1.1362345218658447,1.1367511749267578
1782444600.0,1.1366219520568848,1.1375269889831543,1.1366219520568848,1.1373976469039917
1782446400.0,1.1373976469039917,1.1377859115600586,1.137268304824829,1.1376564502716064
1782448200.0,1.1376564502716064,1.1379153728485107,1.137268304824829,1.1379153728485107
1782450000.0,1.138044834136963,1.1381744146347046,1.1379153728485107,1.1381744146347046
1782451800.0,1.1381744146347046,1.1384334564208984,1.138044834136963,1.1383039951324463
1782453600.0,1.1381744146347046,1.1381744146347046,1.1376564502716064,1.1381744146347046
1782455400.0,1.1383039951324463,1.1384334564208984,1.1375269889831543,1.1379153728485107
1782457200.0,1.1377859115600586,1.1381744146347046,1.1376564502716064,1.1377859115600586
1782459000.0,1.1379153728485107,1.139211654663086,1.1379153728485107,1.1390818357467651
1782460800.0,1.1390818357467651,1.1402509212493896,1.1386927366256714,1.1401208639144897
1782462600.0,1.1401208639144897,1.1409013271331787,1.1399909257888794,1.1405109167099
1782464400.0,1.140380859375,1.1406410932540894,1.1399909257888794,1.1406410932540894
1782466200.0,1.1406410932540894,1.1415525674819946,1.1405109167099,1.1410315036773682
1782468000.0,1.1411616802215576,1.1411616802215576,1.140380859375,1.1406410932540894
1782469800.0,1.1406410932540894,1.1409013271331787,1.1406410932540894,1.1407711505889893
1782471600.0,1.1409013271331787,1.1409013271331787,1.140380859375,1.1407711505889893
1782473400.0,1.1409013271331787,1.1409013271331787,1.1398608684539795,1.1401208639144897
1782475200.0,1.1401208639144897,1.1409013271331787,1.1401208639144897,1.1407711505889893
1782477000.0,1.1407711505889893,1.143379807472229,1.1405109167099,1.143379807472229
1782478800.0,1.1431183815002441,1.1431183815002441,1.1416828632354736,1.1425960063934326
1782480600.0,1.1425960063934326,1.1427265405654907,1.1420739889144897,1.1427265405654907
1782482400.0,1.1428571939468384,1.1428571939468384,1.1422044038772583,1.1422044038772583
1782484200.0,1.1420739889144897,1.1422044038772583,1.1398608684539795,1.1398608684539795
1782486000.0,1.1396011114120483,1.1409013271331787,1.1396011114120483,1.1409013271331787
1782487800.0,1.1409013271331787,1.1411616802215576,1.1401208639144897,1.1406410932540894
1782489600.0,1.1406410932540894,1.1406410932540894,1.1394712924957275,1.1394712924957275
1782491400.0,1.1396011114120483,1.1397310495376587,1.1386927366256714,1.1393414735794067
1782493200.0,1.139211654663086,1.1396011114120483,1.139211654663086,1.139211654663086
1782495000.0,1.1393414735794067,1.1393414735794067,1.1388224363327026,1.1389521360397339
1782496800.0,1.1389521360397339,1.1394712924957275,1.1389521360397339,1.139211654663086
1782498600.0,1.1393414735794067,1.1394712924957275,1.1390818357467651,1.1390818357467651
1782500400.0,1.1389521360397339,1.1390818357467651,1.1385631561279297,1.1385631561279297
1782502200.0,1.1385631561279297,1.139211654663086,1.1384334564208984,1.1390818357467651
1782504000.0,1.1390818357467651,1.1394712924957275,1.1389521360397339,1.1393414735794067
1782505800.0,1.1393414735794067,1.1393414735794067,1.1385631561279297,1.1390818357467651
1782507600.0,1.1389521360397339,1.1389521360397339,1.1389521360397339,1.1389521360397339
1782687600.0,1.1389521360397339,1.1390818357467651,1.1388224363327026,1.1388224363327026
1782689400.0,1.1388224363327026,1.1389521360397339,1.1385631561279297,1.1389521360397339
1782691200.0,1.1389521360397339,1.1390818357467651,1.1386927366256714,1.1388224363327026
1782693000.0,1.1388224363327026,1.139211654663086,1.1388224363327026,1.139211654663086
1782694800.0,1.1390818357467651,1.1393414735794067,1.1388224363327026,1.139211654663086
1782696600.0,1.139211654663086,1.1393414735794067,1.1388224363327026,1.1388224363327026
1782698400.0,1.1388224363327026,1.1396011114120483,1.1388224363327026,1.1396011114120483
1782700200.0,1.1396011114120483,1.1396011114120483,1.1390818357467651,1.139211654663086
1782702000.0,1.1390818357467651,1.1393414735794067,1.1389521360397339,1.139211654663086
1782703800.0,1.139211654663086,1.1393414735794067,1.1388224363327026,1.1388224363327026
1782705600.0,1.1386927366256714,1.1386927366256714,1.1384334564208984,1.1386927366256714
1782707400.0,1.1386927366256714,1.1388224363327026,1.1384334564208984,1.1385631561279297
1782709200.0,1.1385631561279297,1.1390818357467651,1.1385631561279297,1.1389521360397339
1782711000.0,1.1390818357467651,1.1398608684539795,1.1390818357467651,1.1397310495376587
1782712800.0,1.1397310495376587,1.1401208639144897,1.1396011114120483,1.1401208639144897
1782714600.0,1.1399909257888794,1.1418131589889526,1.1399909257888794,1.1418131589889526
1782716400.0,1.1415525674819946,1.1415525674819946,1.1409013271331787,1.1411616802215576
1782718200.0,1.1411616802215576,1.141422152519226,1.140380859375,1.1405109167099
1782720000.0,1.1406410932540894,1.1410315036773682,1.1401208639144897,1.140380859375
1782721800.0,1.1405109167099,1.1407711505889893,1.1396011114120483,1.1398608684539795
1782723600.0,1.1398608684539795,1.1405109167099,1.1398608684539795,1.140380859375
1782725400.0,1.140380859375,1.1405109167099,1.1401208639144897,1.1405109167099
1782727200.0,1.1406410932540894,1.1407711505889893,1.140380859375,1.1405109167099
1782729000.0,1.1405109167099,1.1409013271331787,1.140380859375,1.1407711505889893
1782730800.0,1.1407711505889893,1.1410315036773682,1.1406410932540894,1.1406410932540894
1782732600.0,1.1406410932540894,1.141422152519226,1.1402509212493896,1.141291856765747
1782734400.0,1.1411616802215576,1.1411616802215576,1.1405109167099,1.1407711505889893
1782736200.0,1.1406410932540894,1.1409013271331787,1.140380859375,1.1405109167099
1782738000.0,1.1406410932540894,1.1409013271331787,1.140380859375,1.1407711505889893
1782739800.0,1.1409013271331787,1.141422152519226,1.1405109167099,1.141291856765747
1782741600.0,1.141422152519226,1.1422044038772583,1.1409013271331787,1.1419435739517212
1782743400.0,1.1418131589889526,1.1425960063934326,1.1415525674819946,1.1424654722213745
1782745200.0,1.1424654722213745,1.1425960063934326,1.1420739889144897,1.1424654722213745
1782747000.0,1.1424654722213745,1.1428571939468384,1.1423349380493164,1.1425960063934326
1782748800.0,1.1427265405654907,1.1431183815002441,1.1427265405654907,1.1427265405654907
1782750600.0,1.1427265405654907,1.143379807472229,1.1427265405654907,1.142987847328186
1782752400.0,1.142987847328186,1.142987847328186,1.1424654722213745,1.1425960063934326
1782754200.0,1.1425960063934326,1.1431183815002441,1.1425960063934326,1.142987847328186
1782756000.0,1.142987847328186,1.1432491540908813,1.142987847328186,1.1431183815002441
1782757800.0,1.1431183815002441,1.1431183815002441,1.1428571939468384,1.1428571939468384
1782759600.0,1.1428571939468384,1.142987847328186,1.1425960063934326,1.1428571939468384
1782761400.0,1.1428571939468384,1.142987847328186,1.1427265405654907,1.1428571939468384
1782763200.0,1.1428571939468384,1.142987847328186,1.1428571939468384,1.142987847328186
1782765000.0,1.142987847328186,1.142987847328186,1.1425960063934326,1.1427265405654907
1782766800.0,1.1425960063934326,1.1437721252441406,1.1424654722213745,1.142987847328186
1782768600.0,1.142987847328186,1.142987847328186,1.1428571939468384,1.142987847328186
1782770400.0,1.1425960063934326,1.1428571939468384,1.1425960063934326,1.1427265405654907
1782772200.0,1.1427265405654907,1.1428571939468384,1.1425960063934326,1.1428571939468384
1782774000.0,1.1428571939468384,1.1428571939468384,1.1425960063934326,1.1425960063934326
1782775800.0,1.1425960063934326,1.1425960063934326,1.1423349380493164,1.1423349380493164
1782777600.0,1.1422044038772583,1.1423349380493164,1.1418131589889526,1.1418131589889526
1782779400.0,1.1418131589889526,1.1419435739517212,1.1415525674819946,1.1419435739517212
1782781200.0,1.1420739889144897,1.1420739889144897,1.1410315036773682,1.1418131589889526
1782783000.0,1.1418131589889526,1.1419435739517212,1.1407711505889893,1.1407711505889893
1782784800.0,1.1407711505889893,1.1409013271331787,1.1406410932540894,1.1406410932540894
1782786600.0,1.1406410932540894,1.1409013271331787,1.1406410932540894,1.1406410932540894
1782788400.0,1.1406410932540894,1.1409013271331787,1.1402509212493896,1.1402509212493896
1782790200.0,1.1402509212493896,1.1402509212493896,1.1399909257888794,1.1402509212493896
1782792000.0,1.1401208639144897,1.1402509212493896,1.1398608684539795,1.1399909257888794
1782793800.0,1.1399909257888794,1.1402509212493896,1.1393414735794067,1.1393414735794067
1782795600.0,1.139211654663086,1.1396011114120483,1.1390818357467651,1.1394712924957275
1782797400.0,1.1394712924957275,1.1396011114120483,1.1386927366256714,1.1386927366256714
1782799200.0,1.1388224363327026,1.1401208639144897,1.1386927366256714,1.1401208639144897
1782801000.0,1.1399909257888794,1.1406410932540894,1.1399909257888794,1.1406410932540894
1782802800.0,1.1406410932540894,1.1411616802215576,1.1405109167099,1.1411616802215576
1782804600.0,1.1410315036773682,1.1410315036773682,1.1401208639144897,1.1402509212493896
1782806400.0,1.1399909257888794,1.1401208639144897,1.139211654663086,1.1394712924957275
1782808200.0,1.1396011114120483,1.1396011114120483,1.1386927366256714,1.1396011114120483
1782810000.0,1.1394712924957275,1.1399909257888794,1.1394712924957275,1.1396011114120483
1782811800.0,1.1396011114120483,1.1401208639144897,1.139211654663086,1.1401208639144897
1782813600.0,1.1399909257888794,1.1401208639144897,1.1396011114120483,1.1399909257888794
1782815400.0,1.1398608684539795,1.1405109167099,1.1396011114120483,1.1405109167099
1782817200.0,1.1405109167099,1.1405109167099,1.1399909257888794,1.1401208639144897
1782819000.0,1.1399909257888794,1.1399909257888794,1.1390818357467651,1.1396011114120483
1782820800.0,1.1396011114120483,1.1398608684539795,1.139211654663086,1.1393414735794067
1782822600.0,1.1394712924957275,1.1405109167099,1.1393414735794067,1.1399909257888794
1782824400.0,1.1399909257888794,1.1409013271331787,1.1398608684539795,1.140380859375
1782826200.0,1.1405109167099,1.1405109167099,1.1401208639144897,1.1401208639144897
1782828000.0,1.1399909257888794,1.1418131589889526,1.1396011114120483,1.1416828632354736
1782829800.0,1.1415525674819946,1.1436413526535034,1.141291856765747,1.1436413526535034
1782831600.0,1.1436413526535034,1.1436413526535034,1.1425960063934326,1.1425960063934326
1782833400.0,1.1425960063934326,1.1428571939468384,1.1419435739517212,1.1419435739517212
1782835200.0,1.1420739889144897,1.1420739889144897,1.1415525674819946,1.1416828632354736
1782837000.0,1.1418131589889526,1.1420739889144897,1.1416828632354736,1.1416828632354736
1782838800.0,1.1418131589889526,1.1422044038772583,1.1418131589889526,1.1422044038772583
1782840600.0,1.1422044038772583,1.1425960063934326,1.1420739889144897,1.1424654722213745
1782842400.0,1.1424654722213745,1.142987847328186,1.1424654722213745,1.1428571939468384
1782844200.0,1.142987847328186,1.142987847328186,1.1423349380493164,1.1425960063934326
1782846000.0,1.1423349380493164,1.1425960063934326,1.1419435739517212,1.1419435739517212
1782847800.0,1.1419435739517212,1.142987847328186,1.1419435739517212,1.142987847328186
1782849600.0,1.142987847328186,1.142987847328186,1.1427265405654907,1.1427265405654907
1782851400.0,1.1427265405654907,1.1427265405654907,1.1424654722213745,1.1424654722213745
1782853200.0,1.1424654722213745,1.1431183815002441,1.1420739889144897,1.1423349380493164
1782855000.0,1.1423349380493164,1.1428571939468384,1.1422044038772583,1.1428571939468384
1782856800.0,1.1425960063934326,1.1425960063934326,1.1424654722213745,1.1424654722213745
1782858600.0,1.1424654722213745,1.1424654722213745,1.1422044038772583,1.1423349380493164
1782860400.0,1.1423349380493164,1.1423349380493164,1.1420739889144897,1.1420739889144897
1782862200.0,1.1420739889144897,1.1422044038772583,1.1415525674819946,1.1416828632354736
1782864000.0,1.1416828632354736,1.1416828632354736,1.141422152519226,1.1416828632354736
1782865800.0,1.1416828632354736,1.1416828632354736,1.1411616802215576,1.141422152519226
1782867600.0,1.141291856765747,1.141291856765747,1.1407711505889893,1.1410315036773682
1782869400.0,1.1410315036773682,1.1410315036773682,1.1406410932540894,1.1407711505889893
1782871200.0,1.1407711505889893,1.1411616802215576,1.1407711505889893,1.1409013271331787
1782873000.0,1.1407711505889893,1.1410315036773682,1.1406410932540894,1.1409013271331787
1782874800.0,1.1409013271331787,1.1411616802215576,1.1407711505889893,1.1407711505889893
1782876600.0,1.1409013271331787,1.1409013271331787,1.1405109167099,1.1407711505889893
1782878400.0,1.1407711505889893,1.1407711505889893,1.1406410932540894,1.1407711505889893
1782880200.0,1.1407711505889893,1.141422152519226,1.1407711505889893,1.141291856765747
1782882000.0,1.1411616802215576,1.141291856765747,1.1410315036773682,1.141291856765747
1782883800.0,1.141291856765747,1.141422152519226,1.1407711505889893,1.1409013271331787
1782885600.0,1.1409013271331787,1.1411616802215576,1.1405109167099,1.1406410932540894
1782887400.0,1.1406410932540894,1.1407711505889893,1.140380859375,1.1406410932540894
1782889200.0,1.1406410932540894,1.1406410932540894,1.1397310495376587,1.1397310495376587
1782891000.0,1.1396011114120483,1.1406410932540894,1.1396011114120483,1.1405109167099
1782892800.0,1.1405109167099,1.1406410932540894,1.1398608684539795,1.1398608684539795
1782894600.0,1.1399909257888794,1.140380859375,1.1397310495376587,1.1398608684539795
1782896400.0,1.1397310495376587,1.1402509212493896,1.1396011114120483,1.1396011114120483
1782898200.0,1.1396011114120483,1.1396011114120483,1.1389521360397339,1.1390818357467651
1782900000.0,1.1390818357467651,1.1397310495376587,1.1389521360397339,1.1397310495376587
1782901800.0,1.1397310495376587,1.1402509212493896,1.1397310495376587,1.1402509212493896
1782903600.0,1.1401208639144897,1.1401208639144897,1.1396011114120483,1.1398608684539795
1782905400.0,1.1398608684539795,1.1398608684539795,1.1389521360397339,1.1389521360397339
1782907200.0,1.1389521360397339,1.1390818357467651,1.1383039951324463,1.1384334564208984
1782909000.0,1.1384334564208984,1.1385631561279297,1.137268304824829,1.1375269889831543
1782910800.0,1.1373976469039917,1.1389521360397339,1.1366219520568848,1.1388224363327026
1782912600.0,1.139211654663086,1.141291856765747,1.1389521360397339,1.1397310495376587
1782914400.0,1.1401208639144897,1.1406410932540894,1.1394712924957275,1.1394712924957275
1782916200.0,1.1394712924957275,1.140380859375,1.1389521360397339,1.1397310495376587
1782918000.0,1.1398608684539795,1.1398608684539795,1.1388224363327026,1.1394712924957275
1782919800.0,1.1396011114120483,1.1397310495376587,1.1383039951324463,1.1386927366256714
1782921600.0,1.1386927366256714,1.1397310495376587,1.1386927366256714,1.1390818357467651
1782923400.0,1.1388224363327026,1.1388224363327026,1.1383039951324463,1.1385631561279297
1782925200.0,1.1385631561279297,1.1389521360397339,1.1383039951324463,1.1389521360397339
1782927000.0,1.1389521360397339,1.1389521360397339,1.1383039951324463,1.1384334564208984
1782928800.0,1.1384334564208984,1.1385631561279297,1.1379153728485107,1.138044834136963
1782930600.0,1.138044834136963,1.1383039951324463,1.138044834136963,1.1383039951324463
1782932400.0,1.1383039951324463,1.1384334564208984,1.138044834136963,1.1381744146347046
1782934200.0,1.1383039951324463,1.1384334564208984,1.1381744146347046,1.1383039951324463
1782936000.0,1.1381744146347046,1.1383039951324463,1.1379153728485107,1.138044834136963
1782937800.0,1.138044834136963,1.138044834136963,1.1377859115600586,1.138044834136963
1782939600.0,1.1379153728485107,1.1383039951324463,1.1376564502716064,1.1381744146347046
1782941400.0,1.1383039951324463,1.1386927366256714,1.1377859115600586,1.1377859115600586
1782943200.0,1.1383039951324463,1.1383039951324463,1.138044834136963,1.1383039951324463
1782945000.0,1.1381744146347046,1.1383039951324463,1.1381744146347046,1.1381744146347046
1782946800.0,1.1381744146347046,1.1381744146347046,1.138044834136963,1.1381744146347046
1782948600.0,1.1381744146347046,1.1381744146347046,1.138044834136963,1.138044834136963
1782950400.0,1.138044834136963,1.1385631561279297,1.138044834136963,1.138044834136963
1782952200.0,1.138044834136963,1.1383039951324463,1.1379153728485107,1.138044834136963
1782954000.0,1.138044834136963,1.1383039951324463,1.138044834136963,1.1381744146347046
1782955800.0,1.1381744146347046,1.1388224363327026,1.138044834136963,1.1384334564208984
1782957600.0,1.1384334564208984,1.139211654663086,1.1384334564208984,1.1388224363327026
1782959400.0,1.1388224363327026,1.1389521360397339,1.1385631561279297,1.1385631561279297
1782961200.0,1.1385631561279297,1.1386927366256714,1.1381744146347046,1.1383039951324463
1782963000.0,1.1383039951324463,1.1385631561279297,1.1383039951324463,1.1385631561279297
1782964800.0,1.1385631561279297,1.1389521360397339,1.1385631561279297,1.1388224363327026
1782966600.0,1.1388224363327026,1.1390818357467651,1.1388224363327026,1.1390818357467651
1782968400.0,1.1390818357467651,1.139211654663086,1.1386927366256714,1.1386927366256714
1782970200.0,1.1386927366256714,1.1389521360397339,1.1385631561279297,1.1389521360397339
1782972000.0,1.1389521360397339,1.1394712924957275,1.1389521360397339,1.1390818357467651
1782973800.0,1.1390818357467651,1.1406410932540894,1.1390818357467651,1.1398608684539795
1782975600.0,1.1397310495376587,1.1402509212493896,1.1394712924957275,1.1402509212493896
1782977400.0,1.1405109167099,1.141291856765747,1.1399909257888794,1.1411616802215576
1782979200.0,1.1411616802215576,1.1420739889144897,1.1411616802215576,1.1419435739517212
1782981000.0,1.1418131589889526,1.1423349380493164,1.1416828632354736,1.1422044038772583
1782982800.0,1.1423349380493164,1.1423349380493164,1.141291856765747,1.141291856765747
1782984600.0,1.141291856765747,1.1418131589889526,1.141291856765747,1.1415525674819946
1782986400.0,1.141291856765747,1.141422152519226,1.1409013271331787,1.1410315036773682
1782988200.0,1.1409013271331787,1.141422152519226,1.1407711505889893,1.141291856765747
1782990000.0,1.141422152519226,1.1418131589889526,1.1410315036773682,1.1415525674819946
1782991800.0,1.1416828632354736,1.1416828632354736,1.140380859375,1.1406410932540894
1782993600.0,1.1406410932540894,1.1407711505889893,1.1398608684539795,1.1402509212493896
1782995400.0,1.141422152519226,1.147446870803833,1.141422152519226,1.1453442573547363
1782997200.0,1.1454753875732422,1.145737886428833,1.144426703453064,1.1445575952529907
1782999000.0,1.144426703453064,1.1456066370010376,1.144426703453064,1.145213007926941
1783000800.0,1.1453442573547363,1.1461317539215088,1.144688606262207,1.144819736480713
1783002600.0,1.1445575952529907,1.144688606262207,1.1437721252441406,1.144688606262207
1783004400.0,1.144688606262207,1.145081877708435,1.144426703453064,1.144688606262207
1783006200.0,1.1445575952529907,1.1453442573547363,1.1445575952529907,1.145081877708435
1783008000.0,1.145081877708435,1.145081877708435,1.1440337896347046,1.144164800643921
1783009800.0,1.1439030170440674,1.144426703453064,1.1439030170440674,1.144164800643921
1783011600.0,1.1440337896347046,1.1440337896347046,1.143379807472229,1.143379807472229
1783013400.0,1.1435105800628662,1.1436413526535034,1.1432491540908813,1.1432491540908813
1783015200.0,1.143379807472229,1.1439030170440674,1.143379807472229,1.1437721252441406
1783017000.0,1.1436413526535034,1.1440337896347046,1.1436413526535034,1.1436413526535034
1783018800.0,1.1436413526535034,1.1436413526535034,1.1432491540908813,1.1432491540908813
1783020600.0,1.1432491540908813,1.1435105800628662,1.142987847328186,1.143379807472229
1783022400.0,1.143379807472229,1.1439030170440674,1.143379807472229,1.1439030170440674
1783024200.0,1.1437721252441406,1.1439030170440674,1.1436413526535034,1.1436413526535034
1783026000.0,1.1427265405654907,1.1442956924438477,1.1427265405654907,1.1439030170440674
1783027800.0,1.1436413526535034,1.1437721252441406,1.143379807472229,1.1437721252441406
1783029600.0,1.1436413526535034,1.1439030170440674,1.1435105800628662,1.1435105800628662
1783031400.0,1.1435105800628662,1.1435105800628662,1.1431183815002441,1.1431183815002441
1783033200.0,1.1432491540908813,1.143379807472229,1.1431183815002441,1.143379807472229
1783035000.0,1.1432491540908813,1.1432491540908813,1.1425960063934326,1.1425960063934326
1783036800.0,1.1427265405654907,1.1427265405654907,1.1423349380493164,1.1425960063934326
1783038600.0,1.1424654722213745,1.143379807472229,1.1424654722213745,1.143379807472229
1783040400.0,1.143379807472229,1.144688606262207,1.143379807472229,1.144426703453064
1783042200.0,1.1442956924438477,1.1445575952529907,1.1440337896347046,1.1440337896347046
1783044000.0,1.1440337896347046,1.144688606262207,1.1439030170440674,1.144688606262207
1783045800.0,1.144688606262207,1.144819736480713,1.1442956924438477,1.1442956924438477
1783047600.0,1.1442956924438477,1.1442956924438477,1.1440337896347046,1.144164800643921
1783049400.0,1.144164800643921,1.144426703453064,1.1440337896347046,1.144426703453064
1783051200.0,1.144426703453064,1.144688606262207,1.1442956924438477,1.1445575952529907
1783053000.0,1.1445575952529907,1.144819736480713,1.144426703453064,1.144819736480713
1783054800.0,1.1449507474899292,1.145737886428833,1.1449507474899292,1.1456066370010376
1783056600.0,1.1454753875732422,1.145737886428833,1.145081877708435,1.145081877708435
1783058400.0,1.145213007926941,1.1461317539215088,1.145213007926941,1.145737886428833
1783060200.0,1.1456066370010376,1.1465259790420532,1.1456066370010376,1.1458691358566284
1783062000.0,1.1456066370010376,1.1460003852844238,1.1454753875732422,1.1460003852844238
1783063800.0,1.1458691358566284,1.1460003852844238,1.145213007926941,1.145737886428833
1783065600.0,1.1458691358566284,1.1458691358566284,1.1454753875732422,1.145737886428833
1783067400.0,1.1456066370010376,1.1460003852844238,1.1454753875732422,1.1456066370010376
1783069200.0,1.1456066370010376,1.1456066370010376,1.145081877708435,1.145081877708435
1783071000.0,1.145081877708435,1.145213007926941,1.144426703453064,1.144426703453064
1783072800.0,1.144426703453064,1.145081877708435,1.144426703453064,1.144819736480713
1783074600.0,1.144688606262207,1.1453442573547363,1.144688606262207,1.145081877708435
1783076400.0,1.1449507474899292,1.1460003852844238,1.1449507474899292,1.1458691358566284
1783078200.0,1.1458691358566284,1.1458691358566284,1.145081877708435,1.145213007926941
1783080000.0,1.1453442573547363,1.1454753875732422,1.1449507474899292,1.145081877708435
1783081800.0,1.145081877708435,1.1454753875732422,1.1449507474899292,1.1449507474899292
1783083600.0,1.1449507474899292,1.145081877708435,1.1445575952529907,1.144688606262207
1783085400.0,1.144688606262207,1.144688606262207,1.144164800643921,1.144164800643921
1783087200.0,1.1442956924438477,1.145081877708435,1.144164800643921,1.1449507474899292
1783089000.0,1.1449507474899292,1.1449507474899292,1.1445575952529907,1.144688606262207
1783090800.0,1.1445575952529907,1.144688606262207,1.144164800643921,1.1442956924438477
1783092600.0,1.1442956924438477,1.144426703453064,1.1439030170440674,1.1440337896347046
1783094400.0,1.1440337896347046,1.1442956924438477,1.1440337896347046,1.144164800643921
1783096200.0,1.1440337896347046,1.144164800643921,1.1439030170440674,1.1440337896347046
1783098000.0,1.144164800643921,1.144426703453064,1.144164800643921,1.144426703453064
1783099800.0,1.1442956924438477,1.144426703453064,1.1442956924438477,1.1442956924438477
1783101600.0,1.144426703453064,1.144426703453064,1.144164800643921,1.1442956924438477
1783103400.0,1.1442956924438477,1.1442956924438477,1.144164800643921,1.1442956924438477
1783105200.0,1.144164800643921,1.144426703453064,1.144164800643921,1.144164800643921
1783107000.0,1.144164800643921,1.144164800643921,1.1439030170440674,1.1440337896347046
1783108800.0,1.1439030170440674,1.1440337896347046,1.1439030170440674,1.1439030170440674
1783110600.0,1.1440337896347046,1.1440337896347046,1.1437721252441406,1.1440337896347046
1783112400.0,1.1440337896347046,1.1440337896347046,1.1440337896347046,1.1440337896347046
1783292400.0,1.1440337896347046,1.1440337896347046,1.1436413526535034,1.1439030170440674
1783294200.0,1.1439030170440674,1.144164800643921,1.1439030170440674,1.1440337896347046
1783296000.0,1.1440337896347046,1.144426703453064,1.1437721252441406,1.144164800643921
1783297800.0,1.144426703453064,1.144426703453064,1.1440337896347046,1.144164800643921
1783299600.0,1.144164800643921,1.144164800643921,1.1435105800628662,1.1435105800628662
1783301400.0,1.143379807472229,1.1437721252441406,1.1432491540908813,1.1432491540908813
1783303200.0,1.1432491540908813,1.143379807472229,1.1431183815002441,1.1432491540908813
1783305000.0,1.1432491540908813,1.1437721252441406,1.1432491540908813,1.1437721252441406
1783306800.0,1.1437721252441406,1.1439030170440674,1.1432491540908813,1.1432491540908813
1783308600.0,1.1432491540908813,1.1435105800628662,1.1431183815002441,1.1435105800628662
1783310400.0,1.1435105800628662,1.1437721252441406,1.1435105800628662,1.1436413526535034
1783312200.0,1.1435105800628662,1.1437721252441406,1.1435105800628662,1.1436413526535034
1783314000.0,1.1435105800628662,1.1435105800628662,1.1431183815002441,1.1432491540908813
1783315800.0,1.1432491540908813,1.1435105800628662,1.1427265405654907,1.1427265405654907
1783317600.0,1.142987847328186,1.1432491540908813,1.1424654722213745,1.1425960063934326
1783319400.0,1.1425960063934326,1.1428571939468384,1.1423349380493164,1.1424654722213745
1783321200.0,1.1423349380493164,1.1431183815002441,1.1420739889144897,1.1425960063934326
1783323000.0,1.1425960063934326,1.142987847328186,1.1425960063934326,1.142987847328186
1783324800.0,1.142987847328186,1.142987847328186,1.1420739889144897,1.1422044038772583
1783326600.0,1.1423349380493164,1.1424654722213745,1.1419435739517212,1.1423349380493164
1783328400.0,1.1423349380493164,1.1424654722213745,1.1420739889144897,1.1422044038772583
1783330200.0,1.1422044038772583,1.1423349380493164,1.141422152519226,1.1415525674819946
1783332000.0,1.1416828632354736,1.1423349380493164,1.141291856765747,1.1419435739517212
1783333800.0,1.1419435739517212,1.1424654722213745,1.1419435739517212,1.1423349380493164
1783335600.0,1.1423349380493164,1.1423349380493164,1.1419435739517212,1.1420739889144897
1783337400.0,1.1420739889144897,1.1423349380493164,1.1415525674819946,1.1419435739517212
1783339200.0,1.1420739889144897,1.1422044038772583,1.1418131589889526,1.1420739889144897
1783341000.0,1.1420739889144897,1.1422044038772583,1.1415525674819946,1.1416828632354736
1783342800.0,1.141422152519226,1.1425960063934326,1.141422152519226,1.1423349380493164
1783344600.0,1.1423349380493164,1.1424654722213745,1.1411616802215576,1.1415525674819946
1783346400.0,1.1415525674819946,1.1422044038772583,1.1415525674819946,1.1418131589889526
1783348200.0,1.1419435739517212,1.1420739889144897,1.1415525674819946,1.1419435739517212
1783350000.0,1.1420739889144897,1.1422044038772583,1.1419435739517212,1.1420739889144897
1783351800.0,1.1422044038772583,1.1428571939468384,1.1420739889144897,1.1428571939468384
1783353600.0,1.1428571939468384,1.143379807472229,1.1428571939468384,1.1432491540908813
1783355400.0,1.1432491540908813,1.1435105800628662,1.142987847328186,1.143379807472229
1783357200.0,1.1435105800628662,1.1440337896347046,1.1435105800628662,1.1440337896347046
1783359000.0,1.1439030170440674,1.1442956924438477,1.1439030170440674,1.1440337896347046
1783360800.0,1.1440337896347046,1.1442956924438477,1.1439030170440674,1.1442956924438477
1783362600.0,1.144164800643921,1.144819736480713,1.144164800643921,1.144688606262207
1783364400.0,1.144426703453064,1.144688606262207,1.144164800643921,1.1442956924438477
1783366200.0,1.1442956924438477,1.1445575952529907,1.1442956924438477,1.1445575952529907
1783368000.0,1.144426703453064,1.1445575952529907,1.1442956924438477,1.144426703453064
1783369800.0,1.1445575952529907,1.1445575952529907,1.1442956924438477,1.144426703453064
1783371600.0,1.145081877708435,1.145081877708435,1.144164800643921,1.1445575952529907
1783373400.0,1.144426703453064,1.145081877708435,1.144426703453064,1.145081877708435
1783375200.0,1.144688606262207,1.144819736480713,1.1445575952529907,1.144688606262207
1783377000.0,1.144688606262207,1.144819736480713,1.144688606262207,1.144688606262207
1783378800.0,1.1449507474899292,1.145081877708435,1.144688606262207,1.144688606262207
1783380600.0,1.144688606262207,1.144819736480713,1.144426703453064,1.144426703453064
1783382400.0,1.144426703453064,1.1445575952529907,1.144164800643921,1.144164800643921
1783384200.0,1.1442956924438477,1.144426703453064,1.144164800643921,1.1442956924438477
1783386000.0,1.1442956924438477,1.1442956924438477,1.1440337896347046,1.144164800643921
1783387800.0,1.1445575952529907,1.1449507474899292,1.1442956924438477,1.144688606262207
1783389600.0,1.144819736480713,1.1449507474899292,1.1445575952529907,1.1445575952529907
1783391400.0,1.144426703453064,1.144688606262207,1.1442956924438477,1.1442956924438477
1783393200.0,1.1442956924438477,1.1445575952529907,1.1442956924438477,1.1442956924438477
1783395000.0,1.1442956924438477,1.144426703453064,1.1439030170440674,1.1440337896347046
1783396800.0,1.1440337896347046,1.144164800643921,1.1440337896347046,1.1440337896347046
1783398600.0,1.1440337896347046,1.144164800643921,1.1439030170440674,1.1439030170440674
1783400400.0,1.1440337896347046,1.1440337896347046,1.143379807472229,1.143379807472229
1783402200.0,1.143379807472229,1.1436413526535034,1.1432491540908813,1.1435105800628662
1783404000.0,1.1436413526535034,1.1436413526535034,1.1428571939468384,1.1431183815002441
1783405800.0,1.1432491540908813,1.1435105800628662,1.1431183815002441,1.1431183815002441
1783407600.0,1.1432491540908813,1.1435105800628662,1.142987847328186,1.142987847328186
1783409400.0,1.142987847328186,1.1432491540908813,1.1428571939468384,1.142987847328186
1783411200.0,1.142987847328186,1.1436413526535034,1.1428571939468384,1.1436413526535034
1783413000.0,1.1436413526535034,1.1439030170440674,1.142987847328186,1.1431183815002441
1783414800.0,1.1431183815002441,1.1431183815002441,1.142987847328186,1.1431183815002441
1783416600.0,1.142987847328186,1.1432491540908813,1.1428571939468384,1.1428571939468384
1783418400.0,1.1427265405654907,1.143379807472229,1.1427265405654907,1.143379807472229
1783420200.0,1.1432491540908813,1.1436413526535034,1.1432491540908813,1.1436413526535034
1783422000.0,1.1436413526535034,1.144164800643921,1.1435105800628662,1.1440337896347046
1783423800.0,1.1439030170440674,1.1440337896347046,1.142987847328186,1.1436413526535034
1783425600.0,1.1435105800628662,1.1445575952529907,1.1435105800628662,1.1445575952529907
1783427400.0,1.1445575952529907,1.1445575952529907,1.1437721252441406,1.1439030170440674
1783429200.0,1.1439030170440674,1.1439030170440674,1.143379807472229,1.1437721252441406
1783431000.0,1.1439030170440674,1.144426703453064,1.1437721252441406,1.1437721252441406
1783432800.0,1.1440337896347046,1.1440337896347046,1.1428571939468384,1.1432491540908813
1783434600.0,1.1432491540908813,1.1440337896347046,1.1431183815002441,1.1437721252441406
1783436400.0,1.1436413526535034,1.1437721252441406,1.142987847328186,1.1431183815002441
1783438200.0,1.1431183815002441,1.1431183815002441,1.1425960063934326,1.1425960063934326
1783440000.0,1.1427265405654907,1.1428571939468384,1.1420739889144897,1.1422044038772583
1783441800.0,1.1422044038772583,1.1425960063934326,1.1422044038772583,1.1425960063934326
1783443600.0,1.1427265405654907,1.1428571939468384,1.1425960063934326,1.1427265405654907
1783445400.0,1.1427265405654907,1.1432491540908813,1.1427265405654907,1.1431183815002441
1783447200.0,1.1431183815002441,1.1432491540908813,1.1428571939468384,1.1431183815002441
1783449000.0,1.1431183815002441,1.1432491540908813,1.1422044038772583,1.1422044038772583
1783450800.0,1.1420739889144897,1.1420739889144897,1.1411616802215576,1.1416828632354736
1783452600.0,1.1416828632354736,1.1419435739517212,1.1416828632354736,1.1419435739517212
1783454400.0,1.1418131589889526,1.1420739889144897,1.1416828632354736,1.1416828632354736
1783456200.0,1.1416828632354736,1.1416828632354736,1.141422152519226,1.1415525674819946
1783458000.0,1.1427265405654907,1.1427265405654907,1.1409013271331787,1.1409013271331787
1783459800.0,1.1410315036773682,1.1411616802215576,1.140380859375,1.1411616802215576
1783461600.0,1.1411616802215576,1.1411616802215576,1.1407711505889893,1.1407711505889893
1783463400.0,1.1409013271331787,1.1410315036773682,1.1406410932540894,1.1410315036773682
1783465200.0,1.1410315036773682,1.1411616802215576,1.1407711505889893,1.1407711505889893
1783467000.0,1.1407711505889893,1.1410315036773682,1.140380859375,1.1405109167099
1783468800.0,1.140380859375,1.1411616802215576,1.140380859375,1.1410315036773682
1783470600.0,1.1410315036773682,1.1415525674819946,1.1410315036773682,1.1411616802215576
1783472400.0,1.1411616802215576,1.141291856765747,1.1407711505889893,1.1407711505889893
1783474200.0,1.1407711505889893,1.1409013271331787,1.1402509212493896,1.1409013271331787
1783476000.0,1.1409013271331787,1.1415525674819946,1.1407711505889893,1.141422152519226
1783477800.0,1.141422152519226,1.1415525674819946,1.141291856765747,1.1415525674819946
1783479600.0,1.1415525674819946,1.1419435739517212,1.1415525674819946,1.1418131589889526
1783481400.0,1.1418131589889526,1.1418131589889526,1.1416828632354736,1.1416828632354736
1783483200.0,1.1416828632354736,1.1416828632354736,1.141422152519226,1.1416828632354736
1783485000.0,1.1416828632354736,1.1419435739517212,1.1416828632354736,1.1418131589889526
1783486800.0,1.1418131589889526,1.1422044038772583,1.1415525674819946,1.1416828632354736
1783488600.0,1.1418131589889526,1.1423349380493164,1.1418131589889526,1.1423349380493164
1783490400.0,1.1424654722213745,1.1425960063934326,1.1422044038772583,1.1425960063934326
1783492200.0,1.1425960063934326,1.1427265405654907,1.1422044038772583,1.1424654722213745
1783494000.0,1.1425960063934326,1.1431183815002441,1.1420739889144897,1.142987847328186
1783495800.0,1.1432491540908813,1.143379807472229,1.142987847328186,1.142987847328186
1783497600.0,1.1428571939468384,1.1431183815002441,1.1409013271331787,1.1416828632354736
1783499400.0,1.1418131589889526,1.1422044038772583,1.1409013271331787,1.141422152519226
1783501200.0,1.1411616802215576,1.141291856765747,1.1401208639144897,1.1407711505889893
1783503000.0,1.1409013271331787,1.141422152519226,1.1407711505889893,1.1409013271331787
1783504800.0,1.1409013271331787,1.1416828632354736,1.1405109167099,1.141422152519226
1783506600.0,1.141422152519226,1.1416828632354736,1.1411616802215576,1.1411616802215576
1783508400.0,1.1411616802215576,1.141291856765747,1.1409013271331787,1.1409013271331787
1783510200.0,1.1409013271331787,1.1409013271331787,1.1397310495376587,1.1399909257888794
1783512000.0,1.1402509212493896,1.1409013271331787,1.1401208639144897,1.1407711505889893
1783513800.0,1.1409013271331787,1.1410315036773682,1.1399909257888794,1.1399909257888794
1783515600.0,1.1401208639144897,1.1407711505889893,1.1401208639144897,1.1407711505889893
1783517400.0,1.1407711505889893,1.1416828632354736,1.1407711505889893,1.1411616802215576
1783519200.0,1.141291856765747,1.1415525674819946,1.1410315036773682,1.141291856765747
1783521000.0,1.1410315036773682,1.1411616802215576,1.1407711505889893,1.1410315036773682
1783522800.0,1.1409013271331787,1.141422152519226,1.1402509212493896,1.140380859375
1783524600.0,1.1401208639144897,1.1402509212493896,1.1394712924957275,1.1398608684539795
1783526400.0,1.1398608684539795,1.1406410932540894,1.1398608684539795,1.1405109167099
1783528200.0,1.1405109167099,1.1418131589889526,1.1405109167099,1.1416828632354736
1783530000.0,1.1418131589889526,1.1428571939468384,1.1418131589889526,1.1428571939468384
1783531800.0,1.142987847328186,1.142987847328186,1.1422044038772583,1.1422044038772583
1783533600.0,1.1422044038772583,1.1431183815002441,1.1422044038772583,1.142987847328186
1783535400.0,1.1428571939468384,1.1431183815002441,1.1427265405654907,1.142987847328186
1783537200.0,1.1431183815002441,1.1432491540908813,1.142987847328186,1.1431183815002441
1783539000.0,1.1432491540908813,1.1432491540908813,1.1425960063934326,1.1431183815002441
1783540800.0,1.142987847328186,1.1431183815002441,1.1423349380493164,1.1424654722213745
1783542600.0,1.1423349380493164,1.1423349380493164,1.1418131589889526,1.1420739889144897
1783544400.0,1.1420739889144897,1.1427265405654907,1.1418131589889526,1.1427265405654907
1783546200.0,1.1423349380493164,1.1425960063934326,1.1419435739517212,1.1422044038772583
1783548000.0,1.1420739889144897,1.1420739889144897,1.1419435739517212,1.1420739889144897
1783549800.0,1.1420739889144897,1.1422044038772583,1.1420739889144897,1.1422044038772583
1783551600.0,1.1422044038772583,1.1423349380493164,1.1420739889144897,1.1422044038772583
1783553400.0,1.1422044038772583,1.1424654722213745,1.1422044038772583,1.1424654722213745
1783555200.0,1.1424654722213745,1.1432491540908813,1.1424654722213745,1.142987847328186
1783557000.0,1.1432491540908813,1.1432491540908813,1.1427265405654907,1.1428571939468384
1783558800.0,1.1428571939468384,1.142987847328186,1.1424654722213745,1.1424654722213745
1783560600.0,1.1424654722213745,1.1428571939468384,1.1423349380493164,1.1428571939468384
1783562400.0,1.1428571939468384,1.1431183815002441,1.1428571939468384,1.142987847328186
1783564200.0,1.142987847328186,1.142987847328186,1.1427265405654907,1.1427265405654907
1783566000.0,1.1427265405654907,1.142987847328186,1.1425960063934326,1.1428571939468384
1783567800.0,1.1431183815002441,1.143379807472229,1.142987847328186,1.142987847328186
1783569600.0,1.142987847328186,1.1431183815002441,1.1427265405654907,1.1428571939468384
1783571400.0,1.1428571939468384,1.142987847328186,1.1428571939468384,1.142987847328186
1783573200.0,1.142987847328186,1.1435105800628662,1.142987847328186,1.1435105800628662
1783575000.0,1.1435105800628662,1.1436413526535034,1.143379807472229,1.143379807472229
1783576800.0,1.1437721252441406,1.145081877708435,1.1437721252441406,1.1449507474899292
1783578600.0,1.144819736480713,1.145081877708435,1.144426703453064,1.144426703453064
1783580400.0,1.1445575952529907,1.1445575952529907,1.1439030170440674,1.144164800643921
1783582200.0,1.144164800643921,1.144164800643921,1.1436413526535034,1.1437721252441406
1783584000.0,1.1439030170440674,1.144164800643921,1.1437721252441406,1.1440337896347046
1783585800.0,1.1440337896347046,1.1440337896347046,1.1428571939468384,1.142987847328186
1783587600.0,1.142987847328186,1.1431183815002441,1.1427265405654907,1.1431183815002441
1783589400.0,1.142987847328186,1.1435105800628662,1.1428571939468384,1.143379807472229
1783591200.0,1.143379807472229,1.143379807472229,1.142987847328186,1.1431183815002441
1783593000.0,1.142987847328186,1.1435105800628662,1.1424654722213745,1.1425960063934326
1783594800.0,1.1425960063934326,1.142987847328186,1.1425960063934326,1.1427265405654907
1783596600.0,1.1427265405654907,1.1432491540908813,1.1427265405654907,1.1432491540908813
1783598400.0,1.143379807472229,1.1439030170440674,1.1432491540908813,1.1435105800628662
1783600200.0,1.1436413526535034,1.1439030170440674,1.1427265405654907,1.1427265405654907
1783602000.0,1.1428571939468384,1.1439030170440674,1.1428571939468384,1.1437721252441406
1783603800.0,1.1437721252441406,1.144164800643921,1.1435105800628662,1.144164800643921
1783605600.0,1.1442956924438477,1.144819736480713,1.1440337896347046,1.1442956924438477
1783607400.0,1.1442956924438477,1.144426703453064,1.1435105800628662,1.1436413526535034
1783609200.0,1.1436413526535034,1.1439030170440674,1.1432491540908813,1.1436413526535034
1783611000.0,1.1437721252441406,1.1442956924438477,1.1435105800628662,1.144164800643921
1783612800.0,1.1442956924438477,1.144426703453064,1.1439030170440674,1.1440337896347046
1783614600.0,1.1439030170440674,1.144426703453064,1.1439030170440674,1.1440337896347046
1783616400.0,1.1440337896347046,1.144426703453064,1.1439030170440674,1.1442956924438477
1783618200.0,1.1442956924438477,1.1442956924438477,1.1439030170440674,1.1440337896347046
1783620000.0,1.144164800643921,1.144164800643921,1.1435105800628662,1.1435105800628662
1783621800.0,1.1435105800628662,1.1437721252441406,1.1435105800628662,1.1436413526535034
1783623600.0,1.1437721252441406,1.1437721252441406,1.1432491540908813,1.1432491540908813
1783625400.0,1.1432491540908813,1.1432491540908813,1.142987847328186,1.1431183815002441
1783627200.0,1.1431183815002441,1.143379807472229,1.1431183815002441,1.1432491540908813
1783629000.0,1.1432491540908813,1.143379807472229,1.1431183815002441,1.1432491540908813
1783630800.0,1.1437721252441406,1.1437721252441406,1.1424654722213745,1.1424654722213745
1783632600.0,1.1425960063934326,1.1437721252441406,1.1425960063934326,1.1435105800628662
1783634400.0,1.143379807472229,1.1436413526535034,1.1432491540908813,1.1436413526535034
1783636200.0,1.1436413526535034,1.1436413526535034,1.1436413526535034,1.1436413526535034
1783638000.0,1.1436413526535034,1.1437721252441406,1.1435105800628662,1.1435105800628662
1783639800.0,1.1435105800628662,1.1437721252441406,1.1435105800628662,1.1436413526535034
1783641600.0,1.1436413526535034,1.1437721252441406,1.143379807472229,1.143379807472229
1783643400.0,1.143379807472229,1.1445575952529907,1.143379807472229,1.144426703453064
1783645200.0,1.1442956924438477,1.145081877708435,1.144164800643921,1.1445575952529907
1783647000.0,1.1445575952529907,1.145213007926941,1.1445575952529907,1.145213007926941
1783648800.0,1.145081877708435,1.1462632417678833,1.145081877708435,1.1461317539215088
1783650600.0,1.1461317539215088,1.1463946104049683,1.1458691358566284,1.1461317539215088
1783652400.0,1.1462632417678833,1.1462632417678833,1.145737886428833,1.1458691358566284
1783654200.0,1.1460003852844238,1.1460003852844238,1.145213007926941,1.1453442573547363
1783656000.0,1.145213007926941,1.145213007926941,1.144819736480713,1.1449507474899292
1783657800.0,1.1449507474899292,1.1449507474899292,1.144426703453064,1.1445575952529907
1783659600.0,1.1445575952529907,1.144688606262207,1.1440337896347046,1.144164800643921
1783661400.0,1.1440337896347046,1.144426703453064,1.1439030170440674,1.1442956924438477
1783663200.0,1.1442956924438477,1.145081877708435,1.1442956924438477,1.1445575952529907
1783665000.0,1.1445575952529907,1.1449507474899292,1.1442956924438477,1.1445575952529907
1783666800.0,1.144426703453064,1.1445575952529907,1.1440337896347046,1.1442956924438477
1783668600.0,1.144426703453064,1.144426703453064,1.1440337896347046,1.1440337896347046
1783670400.0,1.1440337896347046,1.1445575952529907,1.1435105800628662,1.1437721252441406
1783672200.0,1.1439030170440674,1.1439030170440674,1.143379807472229,1.143379807472229
1783674000.0,1.143379807472229,1.1436413526535034,1.143379807472229,1.1436413526535034
1783675800.0,1.1435105800628662,1.1436413526535034,1.142987847328186,1.1431183815002441
1783677600.0,1.1431183815002441,1.1436413526535034,1.142987847328186,1.1436413526535034
1783679400.0,1.1436413526535034,1.1439030170440674,1.143379807472229,1.1436413526535034
1783681200.0,1.1436413526535034,1.1437721252441406,1.1431183815002441,1.1432491540908813
1783683000.0,1.1432491540908813,1.1435105800628662,1.142987847328186,1.1435105800628662
1783684800.0,1.1435105800628662,1.1440337896347046,1.142987847328186,1.1432491540908813
1783686600.0,1.143379807472229,1.143379807472229,1.1427265405654907,1.1432491540908813
1783688400.0,1.1432491540908813,1.1432491540908813,1.1423349380493164,1.1424654722213745
1783690200.0,1.1424654722213745,1.142987847328186,1.1423349380493164,1.1423349380493164
1783692000.0,1.1422044038772583,1.142987847328186,1.1420739889144897,1.1428571939468384
1783693800.0,1.142987847328186,1.1431183815002441,1.1418131589889526,1.1425960063934326
1783695600.0,1.1425960063934326,1.1437721252441406,1.1425960063934326,1.1435105800628662
1783697400.0,1.1436413526535034,1.144164800643921,1.1435105800628662,1.144164800643921
1783699200.0,1.1440337896347046,1.144426703453064,1.1440337896347046,1.1442956924438477
1783701000.0,1.144164800643921,1.1442956924438477,1.143379807472229,1.143379807472229
1783702800.0,1.143379807472229,1.143379807472229,1.1425960063934326,1.1427265405654907
1783704600.0,1.1428571939468384,1.1428571939468384,1.1420739889144897,1.1420739889144897
1783706400.0,1.1420739889144897,1.1420739889144897,1.1418131589889526,1.1418131589889526
1783708200.0,1.1416828632354736,1.1419435739517212,1.1415525674819946,1.1419435739517212
1783710000.0,1.1419435739517212,1.1419435739517212,1.1418131589889526,1.1419435739517212
1783711800.0,1.1419435739517212,1.1419435739517212,1.1416828632354736,1.1419435739517212
1783713600.0,1.1419435739517212,1.1422044038772583,1.1416828632354736,1.1416828632354736
1783715400.0,1.1416828632354736,1.1418131589889526,1.1415525674819946,1.1416828632354736
1783717200.0,1.1419435739517212,1.1419435739517212,1.1419435739517212,1.1419435739517212
1783897200.0,1.1397310495376587,1.1402509212493896,1.1397310495376587,1.1401208639144897
1783899000.0,1.1401208639144897,1.1406410932540894,1.1399909257888794,1.1406410932540894
1783900800.0,1.1407711505889893,1.1407711505889893,1.1401208639144897,1.1405109167099
1783902600.0,1.1405109167099,1.1406410932540894,1.1398608684539795,1.1398608684539795
1783904400.0,1.1398608684539795,1.1398608684539795,1.1389521360397339,1.1390818357467651
1783906200.0,1.139211654663086,1.1399909257888794,1.139211654663086,1.1399909257888794
1783908000.0,1.1401208639144897,1.1401208639144897,1.1397310495376587,1.1397310495376587
1783909800.0,1.1398608684539795,1.1402509212493896,1.1398608684539795,1.1398608684539795
1783911600.0,1.1398608684539795,1.1398608684539795,1.1394712924957275,1.1397310495376587
1783913400.0,1.1398608684539795,1.1401208639144897,1.1398608684539795,1.1401208639144897
1783915200.0,1.1402509212493896,1.1402509212493896,1.1399909257888794,1.1402509212493896
1783917000.0,1.1405109167099,1.1407711505889893,1.140380859375,1.1407711505889893
1783918800.0,1.1407711505889893,1.1411616802215576,1.1405109167099,1.1405109167099
1783920600.0,1.1405109167099,1.1407711505889893,1.1401208639144897,1.1401208639144897
1783922400.0,1.1402509212493896,1.1405109167099,1.1399909257888794,1.1405109167099
1783924200.0,1.1406410932540894,1.1410315036773682,1.140380859375,1.140380859375
1783926000.0,1.1405109167099,1.141291856765747,1.1405109167099,1.1411616802215576
1783927800.0,1.1411616802215576,1.1428571939468384,1.1410315036773682,1.1427265405654907
1783929600.0,1.1427265405654907,1.1449507474899292,1.1427265405654907,1.144164800643921
1783931400.0,1.144164800643921,1.144426703453064,1.1439030170440674,1.144164800643921
1783933200.0,1.1439030170440674,1.1440337896347046,1.1432491540908813,1.1435105800628662
1783935000.0,1.1435105800628662,1.1436413526535034,1.1431183815002441,1.143379807472229
1783936800.0,1.1435105800628662,1.1437721252441406,1.1432491540908813,1.1432491540908813
1783938600.0,1.1432491540908813,1.1439030170440674,1.142987847328186,1.1439030170440674
1783940400.0,1.1439030170440674,1.1440337896347046,1.1428571939468384,1.1432491540908813
1783942200.0,1.1432491540908813,1.143379807472229,1.1431183815002441,1.1431183815002441
1783944000.0,1.1431183815002441,1.1432491540908813,1.1424654722213745,1.1427265405654907
1783945800.0,1.1427265405654907,1.1432491540908813,1.1427265405654907,1.1432491540908813
1783947600.0,1.1435105800628662,1.1435105800628662,1.1427265405654907,1.1428571939468384
1783949400.0,1.1427265405654907,1.1431183815002441,1.1418131589889526,1.1418131589889526
1783951200.0,1.1418131589889526,1.1418131589889526,1.1406410932540894,1.1410315036773682
1783953000.0,1.1411616802215576,1.1411616802215576,1.1401208639144897,1.1406410932540894
1783954800.0,1.1409013271331787,1.1409013271331787,1.1399909257888794,1.1402509212493896
1783956600.0,1.1402509212493896,1.1406410932540894,1.1399909257888794,1.1406410932540894
1783958400.0,1.1405109167099,1.1405109167099,1.1396011114120483,1.1396011114120483
1783960200.0,1.1393414735794067,1.1393414735794067,1.1386927366256714,1.1390818357467651
1783962000.0,1.139211654663086,1.1393414735794067,1.1389521360397339,1.1390818357467651
1783963800.0,1.1390818357467651,1.1393414735794067,1.1389521360397339,1.1389521360397339
1783965600.0,1.1389521360397339,1.139211654663086,1.1388224363327026,1.1389521360397339
1783967400.0,1.1389521360397339,1.139211654663086,1.1389521360397339,1.1389521360397339
1783969200.0,1.1390818357467651,1.1390818357467651,1.1385631561279297,1.1386927366256714
1783971000.0,1.1386927366256714,1.1388224363327026,1.1385631561279297,1.1385631561279297
1783972800.0,1.1386927366256714,1.1388224363327026,1.1381744146347046,1.1381744146347046
1783974600.0,1.1383039951324463,1.1384334564208984,1.1381744146347046,1.1384334564208984
1783976400.0,1.1393414735794067,1.1393414735794067,1.1381744146347046,1.1385631561279297
1783978200.0,1.1386927366256714,1.1390818357467651,1.1384334564208984,1.1384334564208984
1783980000.0,1.1385631561279297,1.1386927366256714,1.1384334564208984,1.1386927366256714
1783981800.0,1.1386927366256714,1.1388224363327026,1.1384334564208984,1.1384334564208984
1783983600.0,1.1384334564208984,1.1385631561279297,1.1383039951324463,1.1384334564208984
1783985400.0,1.1384334564208984,1.1386927366256714,1.1384334564208984,1.1385631561279297
1783987200.0,1.1386927366256714,1.1388224363327026,1.1381744146347046,1.1383039951324463
1783989000.0,1.1383039951324463,1.139211654663086,1.1383039951324463,1.1389521360397339
1783990800.0,1.1388224363327026,1.139211654663086,1.1388224363327026,1.1388224363327026
1783992600.0,1.1388224363327026,1.1393414735794067,1.1388224363327026,1.139211654663086
1783994400.0,1.139211654663086,1.1397310495376587,1.139211654663086,1.1397310495376587
1783996200.0,1.1397310495376587,1.1397310495376587,1.1394712924957275,1.1394712924957275
1783998000.0,1.1394712924957275,1.1396011114120483,1.139211654663086,1.1396011114120483
1783999800.0,1.1396011114120483,1.1398608684539795,1.1396011114120483,1.1397310495376587
1784001600.0,1.1397310495376587,1.1397310495376587,1.1394712924957275,1.1397310495376587
1784003400.0,1.1396011114120483,1.1397310495376587,1.1390818357467651,1.1393414735794067
1784005200.0,1.1394712924957275,1.1397310495376587,1.1394712924957275,1.1397310495376587
1784007000.0,1.1397310495376587,1.1398608684539795,1.1394712924957275,1.1394712924957275
1784008800.0,1.1394712924957275,1.1394712924957275,1.1389521360397339,1.1389521360397339
1784010600.0,1.1390818357467651,1.1397310495376587,1.1388224363327026,1.1389521360397339
1784012400.0,1.1388224363327026,1.1397310495376587,1.1388224363327026,1.1397310495376587
1784014200.0,1.1396011114120483,1.1399909257888794,1.1393414735794067,1.1398608684539795
1784016000.0,1.1398608684539795,1.1402509212493896,1.1397310495376587,1.1402509212493896
1784017800.0,1.140380859375,1.1409013271331787,1.1401208639144897,1.140380859375
1784019600.0,1.1402509212493896,1.1407711505889893,1.1401208639144897,1.1402509212493896
1784021400.0,1.1401208639144897,1.1406410932540894,1.1398608684539795,1.140380859375
1784023200.0,1.140380859375,1.1405109167099,1.1397310495376587,1.1398608684539795
1784025000.0,1.1398608684539795,1.1399909257888794,1.1394712924957275,1.1394712924957275
1784026800.0,1.1394712924957275,1.1401208639144897,1.1393414735794067,1.1398608684539795
1784028600.0,1.1399909257888794,1.1411616802215576,1.1398608684539795,1.1410315036773682
1784030400.0,1.1409013271331787,1.1418131589889526,1.1407711505889893,1.1418131589889526
1784032200.0,1.1449507474899292,1.1462632417678833,1.1442956924438477,1.144688606262207
1784034000.0,1.144819736480713,1.145737886428833,1.144819736480713,1.1453442573547363
1784035800.0,1.1453442573547363,1.145737886428833,1.145081877708435,1.1456066370010376
1784037600.0,1.1453442573547363,1.1461317539215088,1.144819736480713,1.1449507474899292
1784039400.0,1.144688606262207,1.1453442573547363,1.144426703453064,1.144819736480713
1784041200.0,1.144819736480713,1.1454753875732422,1.144426703453064,1.144426703453064
1784043000.0,1.144426703453064,1.1445575952529907,1.142987847328186,1.142987847328186
1784044800.0,1.1431183815002441,1.143379807472229,1.1428571939468384,1.1432491540908813
1784046600.0,1.143379807472229,1.1437721252441406,1.143379807472229,1.1436413526535034
1784048400.0,1.1435105800628662,1.1436413526535034,1.1423349380493164,1.1428571939468384
1784050200.0,1.1428571939468384,1.1431183815002441,1.1425960063934326,1.1425960063934326
1784052000.0,1.1427265405654907,1.1428571939468384,1.1424654722213745,1.1424654722213745
1784053800.0,1.1424654722213745,1.1425960063934326,1.1420739889144897,1.1425960063934326
1784055600.0,1.1427265405654907,1.1428571939468384,1.1425960063934326,1.1428571939468384
1784057400.0,1.1427265405654907,1.1427265405654907,1.1424654722213745,1.1424654722213745
1784059200.0,1.1423349380493164,1.1425960063934326,1.1422044038772583,1.1423349380493164
1784061000.0,1.1422044038772583,1.1424654722213745,1.1422044038772583,1.1423349380493164
1784062800.0,1.1424654722213745,1.1431183815002441,1.1423349380493164,1.1428571939468384
1784064600.0,1.1427265405654907,1.1428571939468384,1.1422044038772583,1.1425960063934326
1784066400.0,1.1424654722213745,1.1424654722213745,1.1420739889144897,1.1423349380493164
1784068200.0,1.1423349380493164,1.1424654722213745,1.1422044038772583,1.1424654722213745
1784070000.0,1.1423349380493164,1.1425960063934326,1.1423349380493164,1.1425960063934326
1784071800.0,1.1425960063934326,1.1428571939468384,1.1424654722213745,1.1427265405654907
1784073600.0,1.1427265405654907,1.1432491540908813,1.1427265405654907,1.1432491540908813
1784075400.0,1.143379807472229,1.1437721252441406,1.142987847328186,1.1437721252441406
1784077200.0,1.1437721252441406,1.1440337896347046,1.1435105800628662,1.1439030170440674
1784079000.0,1.1439030170440674,1.1440337896347046,1.1436413526535034,1.1439030170440674
1784080800.0,1.1439030170440674,1.1442956924438477,1.1436413526535034,1.1437721252441406
1784082600.0,1.1439030170440674,1.144426703453064,1.1439030170440674,1.144426703453064
1784084400.0,1.1442956924438477,1.1445575952529907,1.1437721252441406,1.1437721252441406
1784086200.0,1.1437721252441406,1.144164800643921,1.1437721252441406,1.144164800643921
1784088000.0,1.144164800643921,1.1442956924438477,1.1440337896347046,1.1442956924438477
1784089800.0,1.144164800643921,1.144426703453064,1.1440337896347046,1.1440337896347046
1784091600.0,1.1440337896347046,1.144164800643921,1.1439030170440674,1.1440337896347046
1784093400.0,1.1440337896347046,1.144688606262207,1.1440337896347046,1.144426703453064
1784095200.0,1.144426703453064,1.144688606262207,1.1442956924438477,1.1445575952529907
1784097000.0,1.1445575952529907,1.1445575952529907,1.1432491540908813,1.1432491540908813
1784098800.0,1.1432491540908813,1.1435105800628662,1.1423349380493164,1.1423349380493164
1784100600.0,1.1425960063934326,1.1428571939468384,1.1425960063934326,1.1425960063934326
1784102400.0,1.1427265405654907,1.1431183815002441,1.1425960063934326,1.1427265405654907
1784104200.0,1.1428571939468384,1.142987847328186,1.1424654722213745,1.1427265405654907
1784106000.0,1.1427265405654907,1.1428571939468384,1.1424654722213745,1.1425960063934326
1784107800.0,1.1425960063934326,1.1425960063934326,1.1420739889144897,1.1420739889144897
1784109600.0,1.1420739889144897,1.1422044038772583,1.1415525674819946,1.1416828632354736
1784111400.0,1.1416828632354736,1.1418131589889526,1.141422152519226,1.1415525674819946
1784113200.0,1.1419435739517212,1.1422044038772583,1.1419435739517212,1.1419435739517212
1784115000.0,1.1419435739517212,1.1422044038772583,1.141422152519226,1.1416828632354736
1784116800.0,1.1416828632354736,1.1418131589889526,1.1410315036773682,1.1415525674819946
1784118600.0,1.1420739889144897,1.1432491540908813,1.1420739889144897,1.1432491540908813
1784120400.0,1.1431183815002441,1.1436413526535034,1.1427265405654907,1.1428571939468384
1784122200.0,1.1427265405654907,1.1437721252441406,1.1427265405654907,1.1436413526535034
1784124000.0,1.1435105800628662,1.1439030170440674,1.143379807472229,1.1435105800628662
1784125800.0,1.1436413526535034,1.144426703453064,1.1436413526535034,1.1439030170440674
1784127600.0,1.1440337896347046,1.144426703453064,1.1437721252441406,1.144164800643921
1784129400.0,1.1442956924438477,1.1442956924438477,1.1435105800628662,1.1439030170440674
1784131200.0,1.1439030170440674,1.1442956924438477,1.143379807472229,1.1442956924438477
1784133000.0,1.144164800643921,1.1445575952529907,1.1437721252441406,1.1445575952529907
1784134800.0,1.1445575952529907,1.1458691358566284,1.1445575952529907,1.1458691358566284
1784136600.0,1.1460003852844238,1.1477103233337402,1.1460003852844238,1.1477103233337402
1784138400.0,1.1477103233337402,1.1481056213378906,1.1475785970687866,1.1481056213378906
1784140200.0,1.1482374668121338,1.148369312286377,1.1471836566925049,1.1471836566925049
1784142000.0,1.1469204425811768,1.1477103233337402,1.1469204425811768,1.1477103233337402
1784143800.0,1.1475785970687866,1.1475785970687866,1.1465259790420532,1.1467890739440918
1784145600.0,1.1467890739440918,1.1467890739440918,1.1463946104049683,1.1466574668884277
1784147400.0,1.1467890739440918,1.1467890739440918,1.1465259790420532,1.1466574668884277
1784149200.0,1.1467890739440918,1.147315263748169,1.1463946104049683,1.1469204425811768
1784151000.0,1.1469204425811768,1.1471836566925049,1.1466574668884277,1.1467890739440918
1784152800.0,1.1469204425811768,1.1470520496368408,1.1469204425811768,1.1470520496368408
1784154600.0,1.1470520496368408,1.1471836566925049,1.1469204425811768,1.1469204425811768
1784156400.0,1.1471836566925049,1.147315263748169,1.1470520496368408,1.147315263748169
1784158200.0,1.147315263748169,1.147446870803833,1.1471836566925049,1.147315263748169
1784160000.0,1.147315263748169,1.1477103233337402,1.147315263748169,1.1475785970687866
1784161800.0,1.147446870803833,1.1477103233337402,1.1470520496368408,1.1477103233337402
1784163600.0,1.1477103233337402,1.1477103233337402,1.1471836566925049,1.147446870803833
1784165400.0,1.147315263748169,1.147315263748169,1.1467890739440918,1.1469204425811768
1784167200.0,1.1469204425811768,1.1469204425811768,1.1463946104049683,1.1466574668884277
1784169000.0,1.1467890739440918,1.1467890739440918,1.1465259790420532,1.1467890739440918
1784170800.0,1.1467890739440918,1.1471836566925049,1.1466574668884277,1.1471836566925049
1784172600.0,1.1471836566925049,1.1471836566925049,1.1469204425811768,1.1469204425811768
1784174400.0,1.1469204425811768,1.1469204425811768,1.1466574668884277,1.1466574668884277
1784176200.0,1.1466574668884277,1.1470520496368408,1.1466574668884277,1.1469204425811768
1784178000.0,1.1469204425811768,1.1471836566925049,1.1469204425811768,1.1470520496368408
1784179800.0,1.1470520496368408,1.1471836566925049,1.1466574668884277,1.1466574668884277
1784181600.0,1.1467890739440918,1.1471836566925049,1.1467890739440918,1.1471836566925049
1784183400.0,1.1471836566925049,1.147446870803833,1.1469204425811768,1.1471836566925049
1784185200.0,1.1471836566925049,1.1475785970687866,1.1470520496368408,1.1471836566925049
1784187000.0,1.147315263748169,1.1479737758636475,1.1471836566925049,1.147315263748169
1784188800.0,1.1471836566925049,1.147446870803833,1.1466574668884277,1.1467890739440918
1784190600.0,1.1469204425811768,1.1471836566925049,1.1466574668884277,1.1469204425811768
1784192400.0,1.1469204425811768,1.1470520496368408,1.1466574668884277,1.1466574668884277
1784194200.0,1.1466574668884277,1.1470520496368408,1.1463946104049683,1.1469204425811768
1784196000.0,1.1469204425811768,1.1471836566925049,1.1467890739440918,1.1469204425811768
1784197800.0,1.1469204425811768,1.1469204425811768,1.1463946104049683,1.1463946104049683
1784199600.0,1.1462632417678833,1.1466574668884277,1.1461317539215088,1.1462632417678833
1784201400.0,1.1463946104049683,1.1471836566925049,1.1463946104049683,1.1471836566925049
1784203200.0,1.1471836566925049,1.147315263748169,1.1465259790420532,1.1466574668884277
1784205000.0,1.1466574668884277,1.1467890739440918,1.145081877708435,1.145081877708435
1784206800.0,1.145081877708435,1.1461317539215088,1.1449507474899292,1.1461317539215088
1784208600.0,1.1462632417678833,1.1462632417678833,1.1454753875732422,1.1454753875732422
1784210400.0,1.1453442573547363,1.145737886428833,1.1449507474899292,1.1453442573547363
1784212200.0,1.1453442573547363,1.1454753875732422,1.1442956924438477,1.144688606262207
1784214000.0,1.1445575952529907,1.1445575952529907,1.1440337896347046,1.144426703453064
1784215800.0,1.1442956924438477,1.145213007926941,1.1442956924438477,1.1449507474899292
1784217600.0,1.145081877708435,1.145081877708435,1.1439030170440674,1.1439030170440674
1784219400.0,1.1440337896347046,1.144164800643921,1.1437721252441406,1.1437721252441406
1784221200.0,1.1437721252441406,1.1437721252441406,1.1435105800628662,1.1437721252441406
1784223000.0,1.1437721252441406,1.144164800643921,1.1435105800628662,1.1440337896347046
1784224800.0,1.1440337896347046,1.144164800643921,1.1437721252441406,1.1440337896347046
1784226600.0,1.1440337896347046,1.144164800643921,1.1439030170440674,1.144164800643921
1784228400.0,1.144164800643921,1.1442956924438477,1.1437721252441406,1.1439030170440674
1784230200.0,1.1437721252441406,1.144426703453064,1.1437721252441406,1.144426703453064
1784232000.0,1.1442956924438477,1.1445575952529907,1.144164800643921,1.1442956924438477
1784233800.0,1.1442956924438477,1.144819736480713,1.1442956924438477,1.144819736480713
1784235600.0,1.144426703453064,1.144819736480713,1.1442956924438477,1.1442956924438477
1784237400.0,1.1445575952529907,1.144688606262207,1.1442956924438477,1.1445575952529907
1784239200.0,1.1445575952529907,1.144819736480713,1.1445575952529907,1.144688606262207
1784241000.0,1.144688606262207,1.144688606262207,1.1445575952529907,1.144688606262207
1784242800.0,1.144688606262207,1.144819736480713,1.1445575952529907,1.144819736480713
1784244600.0,1.144819736480713,1.1449507474899292,1.144688606262207,1.144819736480713
1784246400.0,1.144819736480713,1.1449507474899292,1.1445575952529907,1.1445575952529907
1784248200.0,1.1445575952529907,1.1449507474899292,1.144426703453064,1.1449507474899292
1784250000.0,1.1449507474899292,1.145081877708435,1.144688606262207,1.144819736480713
1784251800.0,1.144688606262207,1.144688606262207,1.144164800643921,1.144164800643921
1784253600.0,1.1442956924438477,1.144426703453064,1.1442956924438477,1.1442956924438477
1784255400.0,1.1442956924438477,1.1442956924438477,1.1440337896347046,1.1440337896347046
1784257200.0,1.1440337896347046,1.1442956924438477,1.1440337896347046,1.144164800643921
1784259000.0,1.1442956924438477,1.1442956924438477,1.1439030170440674,1.1442956924438477
1784260800.0,1.1442956924438477,1.1442956924438477,1.1440337896347046,1.1440337896347046
1784262600.0,1.1440337896347046,1.144164800643921,1.1439030170440674,1.1439030170440674
1784264400.0,1.1439030170440674,1.1440337896347046,1.1439030170440674,1.1440337896347046
1784266200.0,1.1440337896347046,1.144688606262207,1.1440337896347046,1.1442956924438477
1784268000.0,1.1442956924438477,1.1453442573547363,1.1442956924438477,1.145213007926941
1784269800.0,1.145213007926941,1.1454753875732422,1.145213007926941,1.1453442573547363
1784271600.0,1.1453442573547363,1.1456066370010376,1.144688606262207,1.1449507474899292
1784273400.0,1.145081877708435,1.145213007926941,1.144819736480713,1.1449507474899292
1784275200.0,1.144819736480713,1.145081877708435,1.1440337896347046,1.1442956924438477
1784277000.0,1.1442956924438477,1.144688606262207,1.1442956924438477,1.1445575952529907
1784278800.0,1.144426703453064,1.1445575952529907,1.1440337896347046,1.1445575952529907
1784280600.0,1.1445575952529907,1.1445575952529907,1.1440337896347046,1.1442956924438477
1784282400.0,1.1442956924438477,1.1442956924438477,1.1435105800628662,1.1435105800628662
1784284200.0,1.1436413526535034,1.1436413526535034,1.142987847328186,1.142987847328186
1784286000.0,1.142987847328186,1.143379807472229,1.1428571939468384,1.143379807472229
1784287800.0,1.143379807472229,1.1439030170440674,1.1432491540908813,1.143379807472229
1784289600.0,1.143379807472229,1.1439030170440674,1.143379807472229,1.1437721252441406
1784291400.0,1.1436413526535034,1.1436413526535034,1.142987847328186,1.1431183815002441
1784293200.0,1.1432491540908813,1.1435105800628662,1.1428571939468384,1.142987847328186
1784295000.0,1.1428571939468384,1.1440337896347046,1.1428571939468384,1.1439030170440674
1784296800.0,1.1439030170440674,1.144426703453064,1.1436413526535034,1.1439030170440674
1784298600.0,1.1439030170440674,1.144688606262207,1.1439030170440674,1.1442956924438477
1784300400.0,1.1442956924438477,1.144688606262207,1.144164800643921,1.1445575952529907
1784302200.0,1.144426703453064,1.1445575952529907,1.1440337896347046,1.1442956924438477
1784304000.0,1.1442956924438477,1.144426703453064,1.1437721252441406,1.144426703453064
1784305800.0,1.144426703453064,1.144426703453064,1.1440337896347046,1.144164800643921
1784307600.0,1.144164800643921,1.144164800643921,1.1436413526535034,1.1439030170440674
1784309400.0,1.1439030170440674,1.1439030170440674,1.1437721252441406,1.1437721252441406
1784311200.0,1.1437721252441406,1.1440337896347046,1.1437721252441406,1.1440337896347046
1784313000.0,1.1440337896347046,1.1440337896347046,1.1439030170440674,1.1440337896347046
1784314800.0,1.1439030170440674,1.1440337896347046,1.1437721252441406,1.1440337896347046
1784316600.0,1.1439030170440674,1.144426703453064,1.1437721252441406,1.144426703453064
1784318400.0,1.144426703453064,1.1445575952529907,1.1439030170440674,1.1440337896347046
1784320200.0,1.144164800643921,1.144164800643921,1.1440337896347046,1.1440337896347046
1784322000.0,1.1442956924438477,1.1445575952529907,1.1442956924438477,1.1445575952529907
1784502000.0,1.142987847328186,1.142987847328186,1.1427265405654907,1.1428571939468384
1784503800.0,1.1428571939468384,1.1431183815002441,1.1428571939468384,1.142987847328186
1784505600.0,1.142987847328186,1.1436413526535034,1.142987847328186,1.1435105800628662
1784507400.0,1.1435105800628662,1.1436413526535034,1.143379807472229,1.1436413526535034
1784509200.0,1.1437721252441406,1.1439030170440674,1.1435105800628662,1.1437721252441406
1784511000.0,1.1439030170440674,1.1439030170440674,1.1435105800628662,1.1439030170440674
1784512800.0,1.1439030170440674,1.144164800643921,1.1439030170440674,1.144164800643921
1784514600.0,1.144164800643921,1.1445575952529907,1.144164800643921,1.144426703453064
1784516400.0,1.144426703453064,1.144426703453064,1.1442956924438477,1.144426703453064
1784518200.0,1.144426703453064,1.1445575952529907,1.144426703453064,1.1445575952529907
1784520000.0,1.1445575952529907,1.144819736480713,1.144426703453064,1.144819736480713
1784521800.0,1.144688606262207,1.144819736480713,1.144688606262207,1.144819736480713
1784523600.0,1.144819736480713,1.144819736480713,1.1445575952529907,1.1445575952529907
1784525400.0,1.1445575952529907,1.1445575952529907,1.1442956924438477,1.144426703453064
1784527200.0,1.144426703453064,1.1445575952529907,1.1439030170440674,1.1440337896347046
1784529000.0,1.1440337896347046,1.1442956924438477,1.1437721252441406,1.1437721252441406
1784530800.0,1.1437721252441406,1.144426703453064,1.1437721252441406,1.144426703453064
1784532600.0,1.1449507474899292,1.145213007926941,1.1445575952529907,1.144688606262207
1784534400.0,1.144819736480713,1.144819736480713,1.144164800643921,1.144164800643921
1784536200.0,1.144164800643921,1.144688606262207,1.144164800643921,1.1442956924438477
1784538000.0,1.1442956924438477,1.1442956924438477,1.143379807472229,1.143379807472229
1784539800.0,1.143379807472229,1.1435105800628662,1.1431183815002441,1.143379807472229
1784541600.0,1.143379807472229,1.1436413526535034,1.1432491540908813,1.1436413526535034
1784543400.0,1.1435105800628662,1.1439030170440674,1.1435105800628662,1.1435105800628662
1784545200.0,1.1435105800628662,1.1436413526535034,1.1432491540908813,1.1436413526535034
1784547000.0,1.1440337896347046,1.1442956924438477,1.1432491540908813,1.1432491540908813
1784548800.0,1.1431183815002441,1.1432491540908813,1.1420739889144897,1.1422044038772583
1784550600.0,1.1422044038772583,1.142987847328186,1.1422044038772583,1.1427265405654907
1784552400.0,1.1427265405654907,1.1427265405654907,1.1420739889144897,1.1423349380493164
1784554200.0,1.1422044038772583,1.1423349380493164,1.1418131589889526,1.1420739889144897
1784556000.0,1.1419435739517212,1.1420739889144897,1.1415525674819946,1.1419435739517212
1784557800.0,1.1419435739517212,1.1419435739517212,1.1406410932540894,1.1410315036773682
1784559600.0,1.1410315036773682,1.141291856765747,1.1409013271331787,1.1411616802215576
1784561400.0,1.141291856765747,1.1415525674819946,1.1410315036773682,1.1415525674819946
1784563200.0,1.141422152519226,1.1419435739517212,1.141422152519226,1.1418131589889526
1784565000.0,1.1418131589889526,1.1418131589889526,1.141291856765747,1.141422152519226
1784566800.0,1.1415525674819946,1.1418131589889526,1.141422152519226,1.1418131589889526
1784568600.0,1.1416828632354736,1.1418131589889526,1.1416828632354736,1.1416828632354736
1784570400.0,1.1416828632354736,1.1422044038772583,1.1416828632354736,1.1420739889144897
1784572200.0,1.1420739889144897,1.1420739889144897,1.1416828632354736,1.1418131589889526
1784574000.0,1.1419435739517212,1.1419435739517212,1.1416828632354736,1.1418131589889526
1784575800.0,1.1420739889144897,1.1420739889144897,1.1418131589889526,1.1419435739517212
1784577600.0,1.1419435739517212,1.1419435739517212,1.1415525674819946,1.1418131589889526
1784579400.0,1.1418131589889526,1.1418131589889526,1.1416828632354736,1.1416828632354736
1784581200.0,1.1419435739517212,1.1423349380493164,1.1415525674819946,1.1416828632354736
1784583000.0,1.1416828632354736,1.1416828632354736,1.141291856765747,1.1416828632354736
1784584800.0,1.141422152519226,1.1415525674819946,1.141291856765747,1.1415525674819946
1784586600.0,1.1415525674819946,1.1416828632354736,1.141422152519226,1.1416828632354736
1784588400.0,1.1416828632354736,1.1416828632354736,1.1415525674819946,1.1416828632354736
1784590200.0,1.1416828632354736,1.1418131589889526,1.1416828632354736,1.1418131589889526
1784592000.0,1.1419435739517212,1.1420739889144897,1.1415525674819946,1.1415525674819946
1784593800.0,1.1415525674819946,1.1419435739517212,1.1415525674819946,1.1416828632354736
1784595600.0,1.1415525674819946,1.1418131589889526,1.1415525674819946,1.1418131589889526
1784597400.0,1.1419435739517212,1.1419435739517212,1.1416828632354736,1.1418131589889526
1784599200.0,1.1418131589889526,1.1419435739517212,1.1416828632354736,1.1416828632354736
1784601000.0,1.1416828632354736,1.1418131589889526,1.141422152519226,1.141422152519226
1784602800.0,1.1415525674819946,1.1415525674819946,1.141291856765747,1.141422152519226
1784604600.0,1.141422152519226,1.1418131589889526,1.141422152519226,1.1415525674819946
1784606400.0,1.1415525674819946,1.1419435739517212,1.1415525674819946,1.1418131589889526
1784608200.0,1.1418131589889526,1.1420739889144897,1.1418131589889526,1.1420739889144897
1784610000.0,1.1420739889144897,1.1422044038772583,1.1419435739517212,1.1420739889144897
1784611800.0,1.1420739889144897,1.1424654722213745,1.1420739889144897,1.1420739889144897
1784613600.0,1.1422044038772583,1.1424654722213745,1.1420739889144897,1.1423349380493164
1784615400.0,1.1423349380493164,1.1425960063934326,1.1423349380493164,1.1425960063934326
1784617200.0,1.1425960063934326,1.142987847328186,1.1425960063934326,1.1428571939468384
1784619000.0,1.1427265405654907,1.1428571939468384,1.1424654722213745,1.1425960063934326
1784620800.0,1.1425960063934326,1.1428571939468384,1.1425960063934326,1.1425960063934326
1784622600.0,1.1424654722213745,1.1427265405654907,1.1423349380493164,1.1424654722213745
1784624400.0,1.1424654722213745,1.1428571939468384,1.1424654722213745,1.1424654722213745
1784626200.0,1.1424654722213745,1.1431183815002441,1.1424654722213745,1.1425960063934326
1784628000.0,1.1425960063934326,1.1431183815002441,1.1425960063934326,1.142987847328186
1784629800.0,1.142987847328186,1.1431183815002441,1.1423349380493164,1.1424654722213745
1784631600.0,1.1424654722213745,1.1424654722213745,1.1420739889144897,1.1423349380493164
1784633400.0,1.1424654722213745,1.1425960063934326,1.1420739889144897,1.1422044038772583
1784635200.0,1.1423349380493164,1.1423349380493164,1.1419435739517212,1.1419435739517212
1784637000.0,1.1420739889144897,1.1422044038772583,1.1418131589889526,1.1420739889144897
1784638800.0,1.1419435739517212,1.1420739889144897,1.141291856765747,1.141291856765747
1784640600.0,1.141422152519226,1.1416828632354736,1.1409013271331787,1.1415525674819946
1784642400.0,1.1415525674819946,1.1422044038772583,1.141422152519226,1.141422152519226
1784644200.0,1.1411616802215576,1.141291856765747,1.1406410932540894,1.1409013271331787
1784646000.0,1.1409013271331787,1.141422152519226,1.1406410932540894,1.141291856765747
1784647800.0,1.141291856765747,1.141422152519226,1.1407711505889893,1.1410315036773682
1784649600.0,1.1410315036773682,1.141291856765747,1.1410315036773682,1.1411616802215576
1784651400.0,1.1410315036773682,1.141422152519226,1.1410315036773682,1.1411616802215576
1784653200.0,1.1411616802215576,1.141291856765747,1.1410315036773682,1.141291856765747
1784655000.0,1.141291856765747,1.141291856765747,1.1410315036773682,1.1410315036773682
1784656800.0,1.1409013271331787,1.1409013271331787,1.1402509212493896,1.1405109167099
1784658600.0,1.1406410932540894,1.1406410932540894,1.1402509212493896,1.1406410932540894
1784660400.0,1.1407711505889893,1.1407711505889893,1.140380859375,1.1406410932540894
1784662200.0,1.1406410932540894,1.1406410932540894,1.140380859375,1.140380859375
1784664000.0,1.1405109167099,1.1406410932540894,1.1402509212493896,1.140380859375
1784665800.0,1.140380859375,1.1405109167099,1.1401208639144897,1.1401208639144897
1784667600.0,1.1399909257888794,1.140380859375,1.1398608684539795,1.1402509212493896
1784669400.0,1.140380859375,1.1406410932540894,1.1402509212493896,1.1406410932540894
1784671200.0,1.140380859375,1.140380859375,1.1402509212493896,1.140380859375
1784673000.0,1.140380859375,1.140380859375,1.1402509212493896,1.1402509212493896
1784674800.0,1.1402509212493896,1.1402509212493896,1.1401208639144897,1.1402509212493896
1784676600.0,1.1402509212493896,1.1405109167099,1.1402509212493896,1.1405109167099
1784678400.0,1.140380859375,1.1410315036773682,1.140380859375,1.1410315036773682
1784680200.0,1.1410315036773682,1.1410315036773682,1.1405109167099,1.1407711505889893
1784682000.0,1.1407711505889893,1.1410315036773682,1.1406410932540894,1.1406410932540894
1784683800.0,1.1406410932540894,1.1406410932540894,1.1401208639144897,1.1406410932540894
1784685600.0,1.1406410932540894,1.141291856765747,1.1405109167099,1.1411616802215576
1784687400.0,1.1410315036773682,1.1411616802215576,1.1409013271331787,1.1409013271331787
1784689200.0,1.1409013271331787,1.1411616802215576,1.1407711505889893,1.1410315036773682
1784691000.0,1.1411616802215576,1.1411616802215576,1.1409013271331787,1.1410315036773682
1784692800.0,1.1410315036773682,1.1410315036773682,1.1409013271331787,1.1410315036773682
1784694600.0,1.1410315036773682,1.1411616802215576,1.1410315036773682,1.1411616802215576
1784696400.0,1.1411616802215576,1.141291856765747,1.1410315036773682,1.1411616802215576
1784698200.0,1.1410315036773682,1.141291856765747,1.1409013271331787,1.141291856765747
1784700000.0,1.141291856765747,1.1416828632354736,1.1410315036773682,1.1410315036773682
1784701800.0,1.1410315036773682,1.1415525674819946,1.1410315036773682,1.141422152519226
1784703600.0,1.141422152519226,1.1418131589889526,1.141291856765747,1.1415525674819946
1784705400.0,1.1420739889144897,1.1420739889144897,1.1407711505889893,1.141291856765747
1784707200.0,1.141291856765747,1.141291856765747,1.1407711505889893,1.1411616802215576
1784709000.0,1.141291856765747,1.1415525674819946,1.1411616802215576,1.141291856765747
1784710800.0,1.141422152519226,1.1415525674819946,1.1411616802215576,1.1411616802215576
1784712600.0,1.141291856765747,1.1415525674819946,1.1407711505889893,1.1407711505889893
1784714400.0,1.1407711505889893,1.1410315036773682,1.140380859375,1.1409013271331787
1784716200.0,1.1407711505889893,1.1410315036773682,1.1406410932540894,1.1406410932540894
1784718000.0,1.1407711505889893,1.1409013271331787,1.1406410932540894,1.1407711505889893
1784719800.0,1.1407711505889893,1.1410315036773682,1.1407711505889893,1.1409013271331787
1784721600.0,1.1410315036773682,1.141422152519226,1.1410315036773682,1.141291856765747
1784723400.0,1.1415525674819946,1.1416828632354736,1.1410315036773682,1.141291856765747
1784725200.0,1.1411616802215576,1.1419435739517212,1.1411616802215576,1.1418131589889526
1784727000.0,1.1419435739517212,1.1423349380493164,1.1416828632354736,1.1416828632354736
1784728800.0,1.1418131589889526,1.1420739889144897,1.141422152519226,1.141422152519226
1784730600.0,1.141422152519226,1.1416828632354736,1.1411616802215576,1.141291856765747
1784732400.0,1.1411616802215576,1.1416828632354736,1.1411616802215576,1.1416828632354736
1784734200.0,1.1416828632354736,1.1416828632354736,1.1411616802215576,1.1416828632354736
1784736000.0,1.1416828632354736,1.1416828632354736,1.1410315036773682,1.141422152519226
1784737800.0,1.141422152519226,1.1415525674819946,1.1411616802215576,1.141291856765747
1784739600.0,1.141291856765747,1.1415525674819946,1.141291856765747,1.141422152519226
1784741400.0,1.141422152519226,1.141422152519226,1.1411616802215576,1.141291856765747
1784743200.0,1.141422152519226,1.141422152519226,1.1411616802215576,1.141291856765747
1784745000.0,1.141291856765747,1.141422152519226,1.141291856765747,1.141422152519226
1784746800.0,1.141422152519226,1.1415525674819946,1.141291856765747,1.141422152519226
1784748600.0,1.141422152519226,1.1415525674819946,1.141291856765747,1.141422152519226
1784750400.0,1.141422152519226,1.1415525674819946,1.141422152519226,1.1415525674819946
1784752200.0,1.1415525674819946,1.1415525674819946,1.141422152519226,1.141422152519226
1784754000.0,1.1409013271331787,1.1415525674819946,1.1409013271331787,1.1411616802215576
1784755800.0,1.1411616802215576,1.141422152519226,1.1409013271331787,1.1409013271331787
1784757600.0,1.141291856765747,1.141291856765747,1.1410315036773682,1.1410315036773682
1784759400.0,1.1410315036773682,1.1411616802215576,1.1409013271331787,1.1410315036773682
1784761200.0,1.1411616802215576,1.141422152519226,1.1411616802215576,1.141291856765747
1784763000.0,1.141291856765747,1.1415525674819946,1.141291856765747,1.141422152519226
1784764800.0,1.1415525674819946,1.1416828632354736,1.141422152519226,1.1415525674819946
1784766600.0,1.1415525674819946,1.1420739889144897,1.1415525674819946,1.1420739889144897
1784768400.0,1.1420739889144897,1.1423349380493164,1.1420739889144897,1.1420739889144897
1784770200.0,1.1422044038772583,1.1423349380493164,1.1419435739517212,1.1419435739517212
1784772000.0,1.1419435739517212,1.1423349380493164,1.1419435739517212,1.1423349380493164
1784773800.0,1.1424654722213745,1.1431183815002441,1.1424654722213745,1.1431183815002441
1784775600.0,1.1432491540908813,1.1432491540908813,1.1427265405654907,1.1432491540908813
1784777400.0,1.1431183815002441,1.143379807472229,1.1431183815002441,1.1432491540908813
1784779200.0,1.1431183815002441,1.1439030170440674,1.1431183815002441,1.1437721252441406
1784781000.0,1.1437721252441406,1.1439030170440674,1.143379807472229,1.1436413526535034
1784782800.0,1.1436413526535034,1.1437721252441406,1.1432491540908813,1.143379807472229
1784784600.0,1.143379807472229,1.1435105800628662,1.1432491540908813,1.143379807472229
1784786400.0,1.143379807472229,1.1436413526535034,1.1431183815002441,1.1431183815002441
1784788200.0,1.1431183815002441,1.1431183815002441,1.1427265405654907,1.1428571939468384
1784790000.0,1.1427265405654907,1.142987847328186,1.1425960063934326,1.1428571939468384
1784791800.0,1.1428571939468384,1.142987847328186,1.1424654722213745,1.1427265405654907
1784793600.0,1.1428571939468384,1.1428571939468384,1.1419435739517212,1.1420739889144897
1784795400.0,1.1419435739517212,1.1419435739517212,1.1411616802215576,1.141422152519226
1784797200.0,1.141291856765747,1.1418131589889526,1.141291856765747,1.141291856765747
1784799000.0,1.141422152519226,1.1418131589889526,1.141422152519226,1.1415525674819946
1784800800.0,1.1416828632354736,1.1416828632354736,1.1410315036773682,1.1411616802215576
1784802600.0,1.141291856765747,1.141291856765747,1.1407711505889893,1.1407711505889893
1784804400.0,1.1406410932540894,1.1409013271331787,1.1401208639144897,1.1401208639144897
1784806200.0,1.1401208639144897,1.1401208639144897,1.1388224363327026,1.1398608684539795
1784808000.0,1.1397310495376587,1.1397310495376587,1.1384334564208984,1.1389521360397339
1784809800.0,1.1386927366256714,1.1388224363327026,1.138044834136963,1.1388224363327026
1784811600.0,1.1389521360397339,1.1389521360397339,1.137268304824829,1.1381744146347046
1784813400.0,1.1381744146347046,1.1388224363327026,1.1377859115600586,1.1377859115600586
1784815200.0,1.1377859115600586,1.1377859115600586,1.1367511749267578,1.137268304824829
1784817000.0,1.1373976469039917,1.1376564502716064,1.1368803977966309,1.1373976469039917
1784818800.0,1.1373976469039917,1.1377859115600586,1.137268304824829,1.1376564502716064
1784820600.0,1.1373976469039917,1.1377859115600586,1.1370097398757935,1.1375269889831543
1784822400.0,1.1376564502716064,1.138044834136963,1.1376564502716064,1.138044834136963
1784824200.0,1.1381744146347046,1.1383039951324463,1.1379153728485107,1.1383039951324463
1784826000.0,1.1383039951324463,1.1384334564208984,1.1379153728485107,1.1379153728485107
1784827800.0,1.1379153728485107,1.1379153728485107,1.1375269889831543,1.1375269889831543
1784829600.0,1.1375269889831543,1.1377859115600586,1.1373976469039917,1.1377859115600586
1784831400.0,1.1377859115600586,1.1379153728485107,1.1376564502716064,1.1377859115600586
1784833200.0,1.1381744146347046,1.1381744146347046,1.1377859115600586,1.1379153728485107
1784835000.0,1.1381744146347046,1.1381744146347046,1.1377859115600586,1.138044834136963
1784836800.0,1.1381744146347046,1.1383039951324463,1.138044834136963,1.1381744146347046
1784838600.0,1.1383039951324463,1.1383039951324463,1.138044834136963,1.138044834136963
1784840400.0,1.1375269889831543,1.1384334564208984,1.1375269889831543,1.138044834136963
1784842200.0,1.1383039951324463,1.1383039951324463,1.1379153728485107,1.1381744146347046
1784844000.0,1.1379153728485107,1.1383039951324463,1.1379153728485107,1.138044834136963
1784845800.0,1.138044834136963,1.1383039951324463,1.138044834136963,1.1383039951324463
1784847600.0,1.1383039951324463,1.1383039951324463,1.1381744146347046,1.1383039951324463
1784849400.0,1.1381744146347046,1.1383039951324463,1.1379153728485107,1.138044834136963
1784851200.0,1.1379153728485107,1.1383039951324463,1.1379153728485107,1.1383039951324463
1784853000.0,1.1381744146347046,1.1386927366256714,1.138044834136963,1.1386927366256714
1784854800.0,1.1388224363327026,1.1389521360397339,1.1385631561279297,1.1385631561279297
1784856600.0,1.1385631561279297,1.1390818357467651,1.1385631561279297,1.1386927366256714
1784858400.0,1.1388224363327026,1.1389521360397339,1.1386927366256714,1.1386927366256714
1784860200.0,1.1388224363327026,1.1390818357467651,1.1385631561279297,1.1385631561279297
1784862000.0,1.1384334564208984,1.1384334564208984,1.1381744146347046,1.1381744146347046
1784863800.0,1.1383039951324463,1.1385631561279297,1.1383039951324463,1.1385631561279297
1784865600.0,1.1385631561279297,1.1386927366256714,1.1384334564208984,1.1384334564208984
1784867400.0,1.1384334564208984,1.1384334564208984,1.138044834136963,1.1381744146347046
1784869200.0,1.1383039951324463,1.1385631561279297,1.1381744146347046,1.1385631561279297
1784871000.0,1.1385631561279297,1.1386927366256714,1.138044834136963,1.138044834136963
1784872800.0,1.1381744146347046,1.1389521360397339,1.138044834136963,1.1388224363327026
1784874600.0,1.1388224363327026,1.1389521360397339,1.1386927366256714,1.1389521360397339
1784876400.0,1.1390818357467651,1.1401208639144897,1.1389521360397339,1.1401208639144897
1784878200.0,1.1402509212493896,1.140380859375,1.1393414735794067,1.1393414735794067
1784880000.0,1.1393414735794067,1.1393414735794067,1.1386927366256714,1.1390818357467651
1784881800.0,1.1389521360397339,1.1390818357467651,1.1384334564208984,1.1386927366256714
1784883600.0,1.1385631561279297,1.1390818357467651,1.1385631561279297,1.1390818357467651
1784885400.0,1.1389521360397339,1.1390818357467651,1.1386927366256714,1.1390818357467651
1784887200.0,1.139211654663086,1.1396011114120483,1.1390818357467651,1.1394712924957275
1784889000.0,1.1393414735794067,1.1394712924957275,1.1385631561279297,1.1386927366256714
1784890800.0,1.1385631561279297,1.1390818357467651,1.1385631561279297,1.1386927366256714
1784892600.0,1.1385631561279297,1.1385631561279297,1.1375269889831543,1.1377859115600586
1784894400.0,1.1379153728485107,1.1381744146347046,1.1375269889831543,1.1377859115600586
1784896200.0,1.1377859115600586,1.1379153728485107,1.1371389627456665,1.137268304824829
1784898000.0,1.1373976469039917,1.1376564502716064,1.1368803977966309,1.1373976469039917
1784899800.0,1.1373976469039917,1.1379153728485107,1.1371389627456665,1.1379153728485107
1784901600.0,1.138044834136963,1.1383039951324463,1.1373976469039917,1.1379153728485107
1784903400.0,1.1379153728485107,1.1383039951324463,1.1379153728485107,1.1383039951324463
1784905200.0,1.138044834136963,1.1393414735794067,1.138044834136963,1.1388224363327026
1784907000.0,1.1386927366256714,1.139211654663086,1.1386927366256714,1.1386927366256714
1784908800.0,1.1386927366256714,1.1389521360397339,1.1385631561279297,1.1386927366256714
1784910600.0,1.1385631561279297,1.1386927366256714,1.1381744146347046,1.1381744146347046
1784912400.0,1.138044834136963,1.138044834136963,1.1371389627456665,1.1375269889831543
1784914200.0,1.1375269889831543,1.1375269889831543,1.1371389627456665,1.137268304824829
1784916000.0,1.137268304824829,1.1373976469039917,1.1371389627456665,1.137268304824829
1784917800.0,1.137268304824829,1.1373976469039917,1.1370097398757935,1.137268304824829
1784919600.0,1.1373976469039917,1.1373976469039917,1.1371389627456665,1.1371389627456665
1784921400.0,1.1371389627456665,1.1375269889831543,1.1371389627456665,1.1373976469039917
1784923200.0,1.1373976469039917,1.1373976469039917,1.1371389627456665,1.1371389627456665
1784925000.0,1.1371389627456665,1.1376564502716064,1.1370097398757935,1.1373976469039917
1784926800.0,1.1375269889831543,1.1375269889831543,1.1375269889831543,1.1375269889831543
1785106800.0,1.1393414735794067,1.1394712924957275,1.139211654663086,1.139211654663086
1785108600.0,1.139211654663086,1.1398608684539795,1.139211654663086,1.1398608684539795
1785110400.0,1.1399909257888794,1.141291856765747,1.1399909257888794,1.1411616802215576
1785112200.0,1.141422152519226,1.1415525674819946,1.140380859375,1.1405109167099
1785114000.0,1.1406410932540894,1.1410315036773682,1.1406410932540894,1.1409013271331787
1785115800.0,1.1410315036773682,1.1416828632354736,1.1406410932540894,1.1416828632354736
1785117600.0,1.1416828632354736,1.1416828632354736,1.1411616802215576,1.141422152519226
1785119400.0,1.1411616802215576,1.141422152519226,1.1409013271331787,1.1409013271331787
1785121200.0,1.1410315036773682,1.1410315036773682,1.1406410932540894,1.1407711505889893
1785123000.0,1.1406410932540894,1.1407711505889893,1.1405109167099,1.1406410932540894
1785124800.0,1.1406410932540894,1.1409013271331787,1.1406410932540894,1.1406410932540894
1785126600.0,1.1406410932540894,1.1407711505889893,1.1405109167099,1.1407711505889893
1785128400.0,1.1405109167099,1.1410315036773682,1.1405109167099,1.1409013271331787
1785130200.0,1.1409013271331787,1.1410315036773682,1.1406410932540894,1.1409013271331787
1785132000.0,1.1410315036773682,1.1416828632354736,1.1410315036773682,1.1415525674819946
1785133800.0,1.1415525674819946,1.1420739889144897,1.1411616802215576,1.141291856765747
1785135600.0,1.1411616802215576,1.141291856765747,1.1407711505889893,1.1411616802215576
1785137400.0,1.1409013271331787,1.1410315036773682,1.1402509212493896,1.1402509212493896
1785139200.0,1.1401208639144897,1.1402509212493896,1.1398608684539795,1.1399909257888794
1785141000.0,1.1398608684539795,1.1406410932540894,1.1398608684539795,1.1406410932540894
1785142800.0,1.1405109167099,1.1406410932540894,1.1399909257888794,1.1399909257888794
1785144600.0,1.1398608684539795,1.1402509212493896,1.1398608684539795,1.1399909257888794
1785146400.0,1.1398608684539795,1.140380859375,1.1397310495376587,1.1401208639144897
1785148200.0,1.1401208639144897,1.1405109167099,1.1397310495376587,1.1397310495376587
1785150000.0,1.1398608684539795,1.1398608684539795,1.1394712924957275,1.1396011114120483
1785151800.0,1.1396011114120483,1.1398608684539795,1.1388224363327026,1.1389521360397339
1785153600.0,1.1390818357467651,1.1393414735794067,1.1386927366256714,1.1386927366256714
1785155400.0,1.1386927366256714,1.1388224363327026,1.138044834136963,1.1388224363327026
1785157200.0,1.1385631561279297,1.1389521360397339,1.138044834136963,1.138044834136963
1785159000.0,1.1384334564208984,1.1386927366256714,1.1376564502716064,1.1376564502716064
1785160800.0,1.1373976469039917,1.1379153728485107,1.1373976469039917,1.1375269889831543
1785162600.0,1.1373976469039917,1.1377859115600586,1.137268304824829,1.1373976469039917
1785164400.0,1.1375269889831543,1.1379153728485107,1.137268304824829,1.1379153728485107
1785166200.0,1.1379153728485107,1.138044834136963,1.1377859115600586,1.1379153728485107
1785168000.0,1.1377859115600586,1.1386927366256714,1.1377859115600586,1.1385631561279297
1785169800.0,1.1385631561279297,1.1388224363327026,1.1383039951324463,1.1383039951324463
1785171600.0,1.1381744146347046,1.1383039951324463,1.137268304824829,1.1373976469039917
1785173400.0,1.137268304824829,1.1376564502716064,1.1371389627456665,1.1376564502716064
1785175200.0,1.1375269889831543,1.1376564502716064,1.137268304824829,1.137268304824829
1785177000.0,1.1373976469039917,1.1373976469039917,1.1371389627456665,1.1371389627456665
1785178800.0,1.137268304824829,1.1373976469039917,1.1370097398757935,1.1373976469039917
1785180600.0,1.1375269889831543,1.1376564502716064,1.1373976469039917,1.1373976469039917
1785182400.0,1.137268304824829,1.1375269889831543,1.137268304824829,1.1373976469039917
1785184200.0,1.1373976469039917,1.1373976469039917,1.1370097398757935,1.1371389627456665
1785186000.0,1.1364928483963013,1.1381744146347046,1.1364928483963013,1.138044834136963
1785187800.0,1.1384334564208984,1.1384334564208984,1.137268304824829,1.1375269889831543
1785189600.0,1.137268304824829,1.1375269889831543,1.137268304824829,1.137268304824829
1785191400.0,1.137268304824829,1.1373976469039917,1.137268304824829,1.137268304824829
1785193200.0,1.137268304824829,1.1373976469039917,1.137268304824829,1.1373976469039917
1785195000.0,1.1373976469039917,1.1373976469039917,1.1371389627456665,1.137268304824829
1785196800.0,1.1371389627456665,1.1376564502716064,1.1370097398757935,1.1375269889831543
1785198600.0,1.1375269889831543,1.1377859115600586,1.1373976469039917,1.1377859115600586
1785200400.0,1.1377859115600586,1.138044834136963,1.1377859115600586,1.1379153728485107
1785202200.0,1.1379153728485107,1.1379153728485107,1.1373976469039917,1.1376564502716064
1785204000.0,1.1376564502716064,1.1377859115600586,1.1375269889831543,1.1375269889831543
1785205800.0,1.1375269889831543,1.1381744146347046,1.1375269889831543,1.138044834136963
1785207600.0,1.138044834136963,1.1381744146347046,1.1379153728485107,1.138044834136963
1785209400.0,1.1381744146347046,1.1383039951324463,1.1376564502716064,1.1377859115600586
1785211200.0,1.1376564502716064,1.1376564502716064,1.137268304824829,1.1373976469039917
1785213000.0,1.1376564502716064,1.1376564502716064,1.1371389627456665,1.137268304824829
1785214800.0,1.1371389627456665,1.1371389627456665,1.1364928483963013,1.1367511749267578
1785216600.0,1.1368803977966309,1.1370097398757935,1.1366219520568848,1.1370097398757935
1785218400.0,1.1370097398757935,1.1373976469039917,1.1368803977966309,1.1373976469039917
1785220200.0,1.1373976469039917,1.1375269889831543,1.1371389627456665,1.1371389627456665
1785222000.0,1.1371389627456665,1.1376564502716064,1.1370097398757935,1.137268304824829
1785223800.0,1.1373976469039917,1.1375269889831543,1.1367511749267578,1.1368803977966309
1785225600.0,1.1368803977966309,1.1375269889831543,1.1368803977966309,1.137268304824829
1785227400.0,1.1373976469039917,1.1375269889831543,1.1371389627456665,1.1375269889831543
1785229200.0,1.1376564502716064,1.1376564502716064,1.1368803977966309,1.1370097398757935
1785231000.0,1.1368803977966309,1.1368803977966309,1.1359764337539673,1.1359764337539673
1785232800.0,1.1359764337539673,1.1361054182052612,1.1357183456420898,1.1359764337539673
1785234600.0,1.1359764337539673,1.1366219520568848,1.1359764337539673,1.1363636255264282
1785236400.0,1.1364928483963013,1.1368803977966309,1.1361054182052612,1.1368803977966309
1785238200.0,1.1368803977966309,1.1371389627456665,1.1364928483963013,1.1370097398757935
1785240000.0,1.1368803977966309,1.1368803977966309,1.1364928483963013,1.1366219520568848
1785241800.0,1.1366219520568848,1.1371389627456665,1.1364928483963013,1.1370097398757935
1785243600.0,1.1368803977966309,1.1373976469039917,1.1368803977966309,1.1371389627456665
1785245400.0,1.137268304824829,1.1376564502716064,1.1371389627456665,1.1373976469039917
1785247200.0,1.1375269889831543,1.138044834136963,1.1375269889831543,1.138044834136963
1785249000.0,1.1381744146347046,1.1389521360397339,1.138044834136963,1.1389521360397339
1785250800.0,1.1389521360397339,1.1401208639144897,1.1388224363327026,1.1399909257888794
1785252600.0,1.1399909257888794,1.1405109167099,1.1398608684539795,1.140380859375
1785254400.0,1.140380859375,1.1407711505889893,1.1402509212493896,1.1407711505889893
1785256200.0,1.1407711505889893,1.1407711505889893,1.1399909257888794,1.1399909257888794
1785258000.0,1.1398608684539795,1.1399909257888794,1.1396011114120483,1.1396011114120483
1785259800.0,1.1396011114120483,1.1397310495376587,1.139211654663086,1.1393414735794067
1785261600.0,1.139211654663086,1.1394712924957275,1.1390818357467651,1.1390818357467651
1785263400.0,1.139211654663086,1.139211654663086,1.1389521360397339,1.1389521360397339
1785265200.0,1.1389521360397339,1.1393414735794067,1.1389521360397339,1.139211654663086
1785267000.0,1.139211654663086,1.1394712924957275,1.1390818357467651,1.1390818357467651
1785268800.0,1.1390818357467651,1.139211654663086,1.1389521360397339,1.1389521360397339
1785270600.0,1.1389521360397339,1.1390818357467651,1.1388224363327026,1.1389521360397339
1785272400.0,1.1385631561279297,1.1398608684539795,1.1383039951324463,1.1394712924957275
1785274200.0,1.1393414735794067,1.1396011114120483,1.139211654663086,1.1394712924957275
1785276000.0,1.139211654663086,1.1394712924957275,1.1388224363327026,1.1388224363327026
1785277800.0,1.1388224363327026,1.1389521360397339,1.1388224363327026,1.1388224363327026
1785279600.0,1.1388224363327026,1.1388224363327026,1.1385631561279297,1.1388224363327026
1785281400.0,1.1388224363327026,1.1389521360397339,1.1386927366256714,1.1389521360397339
1785283200.0,1.1388224363327026,1.1393414735794067,1.1385631561279297,1.139211654663086
1785285000.0,1.139211654663086,1.1393414735794067,1.1390818357467651,1.1393414735794067
1785286800.0,1.1394712924957275,1.1396011114120483,1.139211654663086,1.1394712924957275
1785288600.0,1.1390818357467651,1.1394712924957275,1.1389521360397339,1.1394712924957275
1785290400.0,1.1394712924957275,1.1398608684539795,1.1393414735794067,1.1397310495376587
1785292200.0,1.1397310495376587,1.1398608684539795,1.1396011114120483,1.1397310495376587
1785294000.0,1.1397310495376587,1.1402509212493896,1.1397310495376587,1.1402509212493896
1785295800.0,1.1402509212493896,1.140380859375,1.1399909257888794,1.1399909257888794
1785297600.0,1.1399909257888794,1.1405109167099,1.1399909257888794,1.1402509212493896
1785299400.0,1.1402509212493896,1.1406410932540894,1.1402509212493896,1.1405109167099
1785301200.0,1.1405109167099,1.1406410932540894,1.1402509212493896,1.1402509212493896
1785303000.0,1.1402509212493896,1.1405109167099,1.1401208639144897,1.1401208639144897
1785304800.0,1.1402509212493896,1.140380859375,1.1397310495376587,1.1397310495376587
1785306600.0,1.1396011114120483,1.1397310495376587,1.1393414735794067,1.1394712924957275
1785308400.0,1.1394712924957275,1.1401208639144897,1.1394712924957275,1.1399909257888794
1785310200.0,1.1399909257888794,1.140380859375,1.1399909257888794,1.1401208639144897
1785312000.0,1.1401208639144897,1.1402509212493896,1.1397310495376587,1.1398608684539795
1785313800.0,1.1398608684539795,1.140380859375,1.1396011114120483,1.1399909257888794
1785315600.0,1.1398608684539795,1.1399909257888794,1.1397310495376587,1.1398608684539795
1785317400.0,1.1398608684539795,1.1399909257888794,1.1396011114120483,1.1396011114120483
1785319200.0,1.1394712924957275,1.1396011114120483,1.1390818357467651,1.139211654663086
1785321000.0,1.1394712924957275,1.1394712924957275,1.1386927366256714,1.1388224363327026
1785322800.0,1.1389521360397339,1.139211654663086,1.1388224363327026,1.1390818357467651
1785324600.0,1.1390818357467651,1.1390818357467651,1.1384334564208984,1.1384334564208984
1785326400.0,1.1385631561279297,1.1385631561279297,1.1379153728485107,1.138044834136963
1785328200.0,1.1379153728485107,1.1383039951324463,1.1379153728485107,1.138044834136963
1785330000.0,1.1383039951324463,1.1389521360397339,1.138044834136963,1.1389521360397339
1785331800.0,1.1388224363327026,1.1394712924957275,1.1386927366256714,1.1393414735794067
1785333600.0,1.1396011114120483,1.1397310495376587,1.1390818357467651,1.1397310495376587
1785335400.0,1.1398608684539795,1.1399909257888794,1.1384334564208984,1.1384334564208984
1785337200.0,1.1384334564208984,1.1388224363327026,1.1381744146347046,1.1384334564208984
1785339000.0,1.1383039951324463,1.1386927366256714,1.1381744146347046,1.1385631561279297
1785340800.0,1.1385631561279297,1.1385631561279297,1.138044834136963,1.1385631561279297
1785342600.0,1.1385631561279297,1.1388224363327026,1.1383039951324463,1.1388224363327026
1785344400.0,1.1388224363327026,1.1396011114120483,1.1388224363327026,1.1393414735794067
1785346200.0,1.1393414735794067,1.1402509212493896,1.1393414735794067,1.1399909257888794
1785348000.0,1.1418131589889526,1.1432491540908813,1.1418131589889526,1.1423349380493164
1785349800.0,1.1428571939468384,1.1454753875732422,1.1411616802215576,1.1453442573547363
1785351600.0,1.1456066370010376,1.1469204425811768,1.144688606262207,1.1456066370010376
1785353400.0,1.1454753875732422,1.1461317539215088,1.1449507474899292,1.145213007926941
1785355200.0,1.145081877708435,1.1458691358566284,1.145081877708435,1.1458691358566284
1785357000.0,1.1458691358566284,1.147315263748169,1.1458691358566284,1.1470520496368408
1785358800.0,1.1475785970687866,1.1492931842803955,1.1453442573547363,1.1467890739440918
1785360600.0,1.1467890739440918,1.1469204425811768,1.1463946104049683,1.1465259790420532
1785362400.0,1.1469204425811768,1.147315263748169,1.1469204425811768,1.1470520496368408
1785364200.0,1.1471836566925049,1.147446870803833,1.1471836566925049,1.147446870803833
1785366000.0,1.1475785970687866,1.1478420495986938,1.1470520496368408,1.1470520496368408
1785367800.0,1.1470520496368408,1.147315263748169,1.1467890739440918,1.1470520496368408
1785369600.0,1.1470520496368408,1.1471836566925049,1.1460003852844238,1.1461317539215088
1785371400.0,1.1461317539215088,1.1461317539215088,1.1460003852844238,1.1461317539215088
1785373200.0,1.1461317539215088,1.1463946104049683,1.145737886428833,1.1458691358566284
1785375000.0,1.1458691358566284,1.1461317539215088,1.1456066370010376,1.1456066370010376
1785376800.0,1.1458691358566284,1.1458691358566284,1.1454753875732422,1.1456066370010376
1785378600.0,1.1456066370010376,1.1458691358566284,1.1456066370010376,1.1456066370010376
1785380400.0,1.1456066370010376,1.145737886428833,1.145213007926941,1.1453442573547363
1785382200.0,1.1453442573547363,1.1456066370010376,1.1453442573547363,1.1453442573547363
1785384000.0,1.145213007926941,1.145737886428833,1.145213007926941,1.1456066370010376
1785385800.0,1.1456066370010376,1.145737886428833,1.1453442573547363,1.1453442573547363
1785387600.0,1.1453442573547363,1.1460003852844238,1.1453442573547363,1.1458691358566284
1785389400.0,1.1458691358566284,1.1458691358566284,1.145213007926941,1.1453442573547363
1785391200.0,1.1454753875732422,1.1454753875732422,1.144688606262207,1.144819736480713
1785393000.0,1.144819736480713,1.1453442573547363,1.144688606262207,1.145081877708435
1785394800.0,1.145081877708435,1.1454753875732422,1.1440337896347046,1.1440337896347046
1785396600.0,1.1439030170440674,1.144164800643921,1.1439030170440674,1.144164800643921
1785398400.0,1.144426703453064,1.145737886428833,1.1442956924438477,1.145737886428833
1785400200.0,1.145737886428833,1.145737886428833,1.1449507474899292,1.145213007926941
1785402000.0,1.1453442573547363,1.1466574668884277,1.1453442573547363,1.1466574668884277
1785403800.0,1.1463946104049683,1.1470520496368408,1.1463946104049683,1.1467890739440918
1785405600.0,1.1467890739440918,1.1479737758636475,1.1465259790420532,1.1475785970687866
1785407400.0,1.1475785970687866,1.1486331224441528,1.1475785970687866,1.1477103233337402
1785409200.0,1.1478420495986938,1.1479737758636475,1.1470520496368408,1.1470520496368408
1785411000.0,1.1470520496368408,1.1478420495986938,1.1469204425811768,1.1478420495986938
1785412800.0,1.1479737758636475,1.148369312286377,1.1478420495986938,1.1481056213378906
1785414600.0,1.1486331224441528,1.1486331224441528,1.147446870803833,1.1477103233337402
1785416400.0,1.1477103233337402,1.148369312286377,1.147315263748169,1.148369312286377
1785418200.0,1.148369312286377,1.1526048183441162,1.148369312286377,1.1526048183441162
1785420000.0,1.1526048183441162,1.1538017988204956,1.1522064208984375,1.152339220046997
1785421800.0,1.1524720191955566,1.1524720191955566,1.1507480144500732,1.1507480144500732
1785423600.0,1.150483250617981,1.1518083810806274,1.15035080909729,1.1518083810806274
1785425400.0,1.1519410610198975,1.1527377367019653,1.1518083810806274,1.1524720191955566
1785427200.0,1.1527377367019653,1.1532695293426514,1.1527377367019653,1.1532695293426514
1785429000.0,1.15340256690979,1.15340256690979,1.1527377367019653,1.1531364917755127
1785430800.0,1.1532695293426514,1.1532695293426514,1.1522064208984375,1.152339220046997
1785432600.0,1.1522064208984375,1.1532695293426514,1.1519410610198975,1.1531364917755127
1785434400.0,1.1535356044769287,1.1538017988204956,1.1531364917755127,1.1532695293426514
1785436200.0,1.15340256690979,1.1538017988204956,1.1532695293426514,1.1538017988204956
1785438000.0,1.1539349555969238,1.1539349555969238,1.1531364917755127,1.1535356044769287
1785439800.0,1.1535356044769287,1.1535356044769287,1.1532695293426514,1.1535356044769287
1785441600.0,1.15340256690979,1.1535356044769287,1.1531364917755127,1.1531364917755127
1785443400.0,1.1530035734176636,1.1532695293426514,1.1530035734176636,1.1531364917755127
1785445200.0,1.1531364917755127,1.1532695293426514,1.1527377367019653,1.1527377367019653
1785447000.0,1.1527377367019653,1.1530035734176636,1.1527377367019653,1.1528706550598145
1785448800.0,1.1530035734176636,1.1532695293426514,1.1528706550598145,1.1530035734176636
1785450600.0,1.1530035734176636,1.15340256690979,1.1530035734176636,1.1531364917755127
1785452400.0,1.1532695293426514,1.15340256690979,1.1527377367019653,1.1528706550598145
1785454200.0,1.1527377367019653,1.1528706550598145,1.1526048183441162,1.1526048183441162
1785456000.0,1.1527377367019653,1.1530035734176636,1.152339220046997,1.1526048183441162
1785457800.0,1.1526048183441162,1.1526048183441162,1.1519410610198975,1.1522064208984375
1785459600.0,1.1522064208984375,1.152339220046997,1.1519410610198975,1.1520737409591675
1785461400.0,1.1519410610198975,1.152339220046997,1.151410460472107,1.151410460472107
1785463200.0,1.151410460472107,1.1519410610198975,1.151410460472107,1.1516757011413574
1785465000.0,1.1516757011413574,1.1518083810806274,1.151410460472107,1.151543140411377
1785466800.0,1.151543140411377,1.151543140411377,1.151145339012146,1.1512778997421265
1785468600.0,1.1512778997421265,1.1516757011413574,1.151012897491455,1.1516757011413574
1785470400.0,1.1516757011413574,1.1516757011413574,1.151543140411377,1.151543140411377
1785472200.0,1.151410460472107,1.151410460472107,1.1508804559707642,1.151145339012146
1785474000.0,1.151145339012146,1.1512778997421265,1.1508804559707642,1.151012897491455
1785475800.0,1.1508804559707642,1.1512778997421265,1.1508804559707642,1.151012897491455
1785477600.0,1.1508804559707642,1.1524720191955566,1.1508804559707642,1.1524720191955566
1785479400.0,1.1520737409591675,1.1524720191955566,1.151410460472107,1.1520737409591675
1785481200.0,1.1520737409591675,1.1520737409591675,1.1516757011413574,1.1519410610198975
1785483000.0,1.1516757011413574,1.1527377367019653,1.151543140411377,1.1516757011413574
1785484800.0,1.1518083810806274,1.1519410610198975,1.151145339012146,1.1512778997421265
1785486600.0,1.151145339012146,1.1528706550598145,1.1508804559707642,1.1528706550598145
1785488400.0,1.1527377367019653,1.1527377367019653,1.1512778997421265,1.1512778997421265
1785490200.0,1.1512778997421265,1.151410460472107,1.1507480144500732,1.1508804559707642
1785492000.0,1.1507480144500732,1.151145339012146,1.1506155729293823,1.1506155729293823
1785493800.0,1.1506155729293823,1.1507480144500732,1.150483250617981,1.150483250617981
1785495600.0,1.150483250617981,1.150483250617981,1.1495574712753296,1.1496896743774414
1785497400.0,1.1495574712753296,1.1495574712753296,1.1488970518112183,1.1488970518112183
1785499200.0,1.1487650871276855,1.1491611003875732,1.1486331224441528,1.1487650871276855
1785501000.0,1.1486331224441528,1.1494252681732178,1.1486331224441528,1.1492931842803955
1785502800.0,1.1491611003875732,1.1506155729293823,1.1490291357040405,1.15035080909729
1785504600.0,1.15035080909729,1.15035080909729,1.1461317539215088,1.1470520496368408
1785506400.0,1.1470520496368408,1.1482374668121338,1.1466574668884277,1.1481056213378906
1785508200.0,1.148369312286377,1.1508804559707642,1.148369312286377,1.1508804559707642
1785510000.0,1.151012897491455,1.151145339012146,1.1500862836837769,1.1506155729293823
1785511800.0,1.1507480144500732,1.1522064208984375,1.150483250617981,1.1522064208984375
1785513600.0,1.1520737409591675,1.1522064208984375,1.1516757011413574,1.1516757011413574
1785515400.0,1.1516757011413574,1.1520737409591675,1.1516757011413574,1.1520737409591675
1785517200.0,1.1522064208984375,1.1530035734176636,1.1520737409591675,1.1530035734176636
1785519000.0,1.1531364917755127,1.154068112373352,1.1531364917755127,1.1538017988204956
1785520800.0,1.1536686420440674,1.1538017988204956,1.1531364917755127,1.1532695293426514
1785522600.0,1.1532695293426514,1.15340256690979,1.1528706550598145,1.15340256690979
1785524400.0,1.1535356044769287,1.1536686420440674,1.15340256690979,1.1535356044769287
1785526200.0,1.15340256690979,1.1539349555969238,1.1530035734176636,1.15340256690979
1785528000.0,1.15340256690979,1.1542012691497803,1.1528706550598145,1.1539349555969238
1785529800.0,1.1539349555969238,1.155001163482666,1.1532695293426514,1.1532695293426514
1785531600.0,1.1527377367019653,1.1527377367019653,1.1527377367019653,1.1527377367019653
1785711600.0,1.1552680730819702,1.1552680730819702,1.1546010971069336,1.1548677682876587
1785713400.0,1.1548677682876587,1.1548677682876587,1.1546010971069336,1.1547343730926514
1785715200.0,1.154334545135498,1.1551345586776733,1.1539349555969238,1.1551345586776733
1785717000.0,1.1552680730819702,1.1558021306991577,1.1546010971069336,1.1546010971069336
1785718800.0,1.154334545135498,1.1547343730926514,1.1535356044769287,1.1535356044769287
1785720600.0,1.1535356044769287,1.1536686420440674,1.15340256690979,1.1535356044769287
1785722400.0,1.1535356044769287,1.1536686420440674,1.1532695293426514,1.1536686420440674
1785724200.0,1.1536686420440674,1.1538017988204956,1.15340256690979,1.15340256690979
1785726000.0,1.15340256690979,1.15340256690979,1.1530035734176636,1.1532695293426514
1785727800.0,1.1531364917755127,1.15340256690979,1.1530035734176636,1.15340256690979
1785729600.0,1.15340256690979,1.1536686420440674,1.1532695293426514,1.1536686420440674
1785731400.0,1.1536686420440674,1.1539349555969238,1.1535356044769287,1.1538017988204956
1785733200.0,1.1538017988204956,1.1539349555969238,1.1535356044769287,1.1536686420440674
1785735000.0,1.1538017988204956,1.154068112373352,1.1536686420440674,1.154068112373352
1785736800.0,1.1542012691497803,1.1542012691497803,1.1535356044769287,1.1536686420440674
1785738600.0,1.1536686420440674,1.1536686420440674,1.1527377367019653,1.1530035734176636
1785740400.0,1.1531364917755127,1.1532695293426514,1.1524720191955566,1.1532695293426514
1785742200.0,1.15340256690979,1.1535356044769287,1.1527377367019653,1.1530035734176636
1785744000.0,1.1527377367019653,1.1530035734176636,1.1526048183441162,1.1527377367019653
1785745800.0,1.1527377367019653,1.1528706550598145,1.1524720191955566,1.1526048183441162
1785747600.0,1.1527377367019653,1.1528706550598145,1.152339220046997,1.1527377367019653
1785749400.0,1.1527377367019653,1.1532695293426514,1.1526048183441162,1.1526048183441162
1785751200.0,1.1524720191955566,1.1527377367019653,1.1520737409591675,1.1526048183441162
1785753000.0,1.1526048183441162,1.1527377367019653,1.152339220046997,1.1526048183441162
1785754800.0,1.1527377367019653,1.1530035734176636,1.1524720191955566,1.1524720191955566
1785756600.0,1.1526048183441162,1.1535356044769287,1.1526048183441162,1.1535356044769287
1785758400.0,1.1536686420440674,1.1538017988204956,1.1532695293426514,1.15340256690979
1785760200.0,1.15340256690979,1.1536686420440674,1.1526048183441162,1.1531364917755127
1785762000.0,1.1532695293426514,1.1536686420440674,1.1528706550598145,1.1535356044769287
1785763800.0,1.1535356044769287,1.1538017988204956,1.1526048183441162,1.1530035734176636
1785765600.0,1.1526048183441162,1.1530035734176636,1.1519410610198975,1.1519410610198975
1785767400.0,1.1518083810806274,1.1520737409591675,1.151410460472107,1.1518083810806274
1785769200.0,1.151543140411377,1.151543140411377,1.1506155729293823,1.1507480144500732
1785771000.0,1.1507480144500732,1.1512778997421265,1.1506155729293823,1.1512778997421265
1785772800.0,1.1512778997421265,1.151410460472107,1.1508804559707642,1.1508804559707642
1785774600.0,1.1508804559707642,1.151145339012146,1.1508804559707642,1.151012897491455
1785776400.0,1.1508804559707642,1.1508804559707642,1.1506155729293823,1.1507480144500732
1785778200.0,1.1507480144500732,1.1508804559707642,1.150483250617981,1.150483250617981
1785780000.0,1.150483250617981,1.1512778997421265,1.150483250617981,1.1512778997421265
1785781800.0,1.1512778997421265,1.1518083810806274,1.1512778997421265,1.1516757011413574
1785783600.0,1.1516757011413574,1.1518083810806274,1.151543140411377,1.1516757011413574
1785785400.0,1.151543140411377,1.1516757011413574,1.1512778997421265,1.151410460472107
1785787200.0,1.151410460472107,1.151410460472107,1.151012897491455,1.151012897491455
1785789000.0,1.151145339012146,1.1512778997421265,1.151145339012146,1.151145339012146
1785790800.0,1.1516757011413574,1.1518083810806274,1.151012897491455,1.1512778997421265
1785792600.0,1.151410460472107,1.1516757011413574,1.1512778997421265,1.151410460472107
1785794400.0,1.151543140411377,1.151543140411377,1.151012897491455,1.151012897491455
1785796200.0,1.151145339012146,1.1512778997421265,1.151012897491455,1.151145339012146
1785798000.0,1.1512778997421265,1.151410460472107,1.151145339012146,1.1512778997421265
1785799800.0,1.1512778997421265,1.1512778997421265,1.151012897491455,1.151012897491455
1785801600.0,1.151145339012146,1.1516757011413574,1.151145339012146,1.151543140411377
1785803400.0,1.151410460472107,1.1518083810806274,1.1508804559707642,1.1508804559707642
1785805200.0,1.1507480144500732,1.1512778997421265,1.1506155729293823,1.151145339012146
1785807000.0,1.151410460472107,1.1518083810806274,1.151410460472107,1.151543140411377
1785808800.0,1.1516757011413574,1.1516757011413574,1.1512778997421265,1.1512778997421265
1785810600.0,1.151410460472107,1.151543140411377,1.151145339012146,1.151145339012146
1785812400.0,1.151410460472107,1.151543140411377,1.151145339012146,1.151543140411377
1785814200.0,1.151543140411377,1.151543140411377,1.151145339012146,1.151145339012146
1785816000.0,1.1512778997421265,1.1512778997421265,1.151012897491455,1.151145339012146
1785817800.0,1.151145339012146,1.151410460472107,1.151145339012146,1.1512778997421265
1785819600.0,1.1512778997421265,1.151410460472107,1.151012897491455,1.1512778997421265
1785821400.0,1.1512778997421265,1.1512778997421265,1.1507480144500732,1.151012897491455
1785823200.0,1.151012897491455,1.1512778997421265,1.1507480144500732,1.151012897491455
1785825000.0,1.151012897491455,1.151145339012146,1.1507480144500732,1.151012897491455
1785826800.0,1.151145339012146,1.1519410610198975,1.151145339012146,1.151543140411377
1785828600.0,1.151543140411377,1.1516757011413574,1.1512778997421265,1.151410460472107
1785830400.0,1.151543140411377,1.1516757011413574,1.151145339012146,1.151543140411377
1785832200.0,1.151410460472107,1.151410460472107,1.151012897491455,1.151145339012146
1785834000.0,1.151145339012146,1.151410460472107,1.1507480144500732,1.151410460472107
1785835800.0,1.1512778997421265,1.151410460472107,1.1508804559707642,1.151145339012146
1785837600.0,1.151145339012146,1.151410460472107,1.151145339012146,1.1512778997421265
1785839400.0,1.151410460472107,1.1522064208984375,1.1512778997421265,1.1516757011413574
1785841200.0,1.1516757011413574,1.152339220046997,1.151543140411377,1.152339220046997
1785843000.0,1.1522064208984375,1.1526048183441162,1.1519410610198975,1.1519410610198975
1785844800.0,1.1520737409591675,1.1520737409591675,1.1516757011413574,1.1518083810806274
1785846600.0,1.1519410610198975,1.1526048183441162,1.1518083810806274,1.1518083810806274
1785848400.0,1.1518083810806274,1.1522064208984375,1.151410460472107,1.1519410610198975
1785850200.0,1.1519410610198975,1.1528706550598145,1.1519410610198975,1.1527377367019653
1785852000.0,1.1527377367019653,1.15340256690979,1.1526048183441162,1.1531364917755127
1785853800.0,1.1530035734176636,1.1531364917755127,1.152339220046997,1.1526048183441162
1785855600.0,1.1527377367019653,1.1528706550598145,1.1518083810806274,1.1520737409591675
1785857400.0,1.1520737409591675,1.1530035734176636,1.1519410610198975,1.1528706550598145
1785859200.0,1.1528706550598145,1.1528706550598145,1.152339220046997,1.152339220046997
1785861000.0,1.152339220046997,1.152339220046997,1.1520737409591675,1.1522064208984375
1785862800.0,1.152339220046997,1.1526048183441162,1.152339220046997,1.1524720191955566
1785864600.0,1.1524720191955566,1.1528706550598145,1.1524720191955566,1.1527377367019653
1785866400.0,1.1527377367019653,1.1530035734176636,1.1526048183441162,1.1528706550598145
1785868200.0,1.1528706550598145,1.1536686420440674,1.1528706550598145,1.1535356044769287
1785870000.0,1.1535356044769287,1.1536686420440674,1.1532695293426514,1.1535356044769287
1785871800.0,1.1535356044769287,1.1535356044769287,1.1532695293426514,1.15340256690979
1785873600.0,1.15340256690979,1.1536686420440674,1.15340256690979,1.1535356044769287
1785875400.0,1.1535356044769287,1.1536686420440674,1.15340256690979,1.1535356044769287
1785877200.0,1.1531364917755127,1.15340256690979,1.1530035734176636,1.1531364917755127
1785879000.0,1.1532695293426514,1.15340256690979,1.1531364917755127,1.1532695293426514
1785880800.0,1.15340256690979,1.1535356044769287,1.15340256690979,1.15340256690979
1785882600.0,1.15340256690979,1.1535356044769287,1.15340256690979,1.1535356044769287
1785884400.0,1.1535356044769287,1.1536686420440674,1.15340256690979,1.15340256690979
1785886200.0,1.15340256690979,1.1535356044769287,1.1532695293426514,1.1535356044769287
1785888000.0,1.1535356044769287,1.1538017988204956,1.1535356044769287,1.1538017988204956
1785889800.0,1.1538017988204956,1.1538017988204956,1.15340256690979,1.15340256690979
1785891600.0,1.1532695293426514,1.1535356044769287,1.1531364917755127,1.1531364917755127
1785893400.0,1.1532695293426514,1.1532695293426514,1.1530035734176636,1.1530035734176636
1785895200.0,1.1531364917755127,1.1538017988204956,1.1531364917755127,1.1536686420440674
1785897000.0,1.1536686420440674,1.154334545135498,1.1536686420440674,1.1538017988204956
1785898800.0,1.1538017988204956,1.1544678211212158,1.1538017988204956,1.154068112373352
1785900600.0,1.1539349555969238,1.154068112373352,1.1539349555969238,1.154068112373352
1785902400.0,1.154068112373352,1.154334545135498,1.154068112373352,1.1542012691497803
1785904200.0,1.1542012691497803,1.154334545135498,1.1538017988204956,1.1539349555969238
1785906000.0,1.1538017988204956,1.1538017988204956,1.1535356044769287,1.1538017988204956
1785907800.0,1.1538017988204956,1.154068112373352,1.1538017988204956,1.1539349555969238
1785909600.0,1.1538017988204956,1.154068112373352,1.1535356044769287,1.1538017988204956
1785911400.0,1.1536686420440674,1.1548677682876587,1.1536686420440674,1.1548677682876587
1785913200.0,1.1548677682876587,1.1548677682876587,1.1538017988204956,1.1538017988204956
1785915000.0,1.1539349555969238,1.1542012691497803,1.1538017988204956,1.1542012691497803
1785916800.0,1.154334545135498,1.1546010971069336,1.1539349555969238,1.1546010971069336
1785918600.0,1.1547343730926514,1.1547343730926514,1.1535356044769287,1.1539349555969238
1785920400.0,1.154068112373352,1.1544678211212158,1.1536686420440674,1.154334545135498
1785922200.0,1.154334545135498,1.1546010971069336,1.154334545135498,1.154334545135498
1785924000.0,1.154334545135498,1.1544678211212158,1.1538017988204956,1.154068112373352
1785925800.0,1.1542012691497803,1.1544678211212158,1.1539349555969238,1.154334545135498
1785927600.0,1.1544678211212158,1.155401587486267,1.1544678211212158,1.1551345586776733
1785929400.0,1.1551345586776733,1.1558021306991577,1.1551345586776733,1.1555349826812744
1785931200.0,1.1556684970855713,1.1559356451034546,1.1555349826812744,1.1556684970855713
1785933000.0,1.1556684970855713,1.1558021306991577,1.1548677682876587,1.1548677682876587
1785934800.0,1.1547343730926514,1.1556684970855713,1.1546010971069336,1.1555349826812744
1785936600.0,1.1555349826812744,1.1556684970855713,1.1544678211212158,1.1547343730926514
1785938400.0,1.1551345586776733,1.1559356451034546,1.1548677682876587,1.155401587486267
1785940200.0,1.1552680730819702,1.1556684970855713,1.155001163482666,1.1556684970855713
1785942000.0,1.1558021306991577,1.1559356451034546,1.155001163482666,1.155001163482666
1785943800.0,1.1548677682876587,1.155401587486267,1.1546010971069336,1.155001163482666
1785945600.0,1.1551345586776733,1.1551345586776733,1.1547343730926514,1.1551345586776733
1785947400.0,1.1551345586776733,1.1551345586776733,1.1547343730926514,1.1548677682876587
1785949200.0,1.155001163482666,1.1552680730819702,1.1547343730926514,1.1552680730819702
1785951000.0,1.1551345586776733,1.1560693979263306,1.1551345586776733,1.1559356451034546
1785952800.0,1.1559356451034546,1.156203031539917,1.1558021306991577,1.156203031539917
1785954600.0,1.156203031539917,1.156203031539917,1.1558021306991577,1.1558021306991577
1785956400.0,1.1558021306991577,1.1558021306991577,1.1551345586776733,1.1551345586776733
1785958200.0,1.1552680730819702,1.1555349826812744,1.1552680730819702,1.155401587486267
1785960000.0,1.1556684970855713,1.1556684970855713,1.1552680730819702,1.155401587486267
1785961800.0,1.1555349826812744,1.1556684970855713,1.1555349826812744,1.1556684970855713
1785963600.0,1.156336784362793,1.156336784362793,1.155401587486267,1.1556684970855713
1785965400.0,1.1555349826812744,1.1558021306991577,1.155401587486267,1.1555349826812744
1785967200.0,1.1556684970855713,1.1559356451034546,1.1555349826812744,1.1558021306991577
1785969000.0,1.1558021306991577,1.1558021306991577,1.1556684970855713,1.1558021306991577
1785970800.0,1.1558021306991577,1.1559356451034546,1.1558021306991577,1.1558021306991577
1785972600.0,1.1558021306991577,1.156203031539917,1.1558021306991577,1.1560693979263306
1785974400.0,1.1559356451034546,1.1560693979263306,1.1558021306991577,1.1559356451034546
1785976200.0,1.1559356451034546,1.156203031539917,1.1559356451034546,1.1559356451034546
1785978000.0,1.1559356451034546,1.1560693979263306,1.1556684970855713,1.1558021306991577
1785979800.0,1.1558021306991577,1.1560693979263306,1.1558021306991577,1.1558021306991577
1785981600.0,1.1559356451034546,1.1560693979263306,1.1558021306991577,1.1559356451034546
1785983400.0,1.1558021306991577,1.1560693979263306,1.1556684970855713,1.1556684970855713
1785985200.0,1.1556684970855713,1.1556684970855713,1.1552680730819702,1.155401587486267
1785987000.0,1.155401587486267,1.155401587486267,1.155001163482666,1.1552680730819702
1785988800.0,1.1551345586776733,1.1552680730819702,1.1551345586776733,1.1551345586776733
1785990600.0,1.1552680730819702,1.1552680730819702,1.155001163482666,1.1552680730819702
1785992400.0,1.1552680730819702,1.1552680730819702,1.1548677682876587,1.1548677682876587
1785994200.0,1.1548677682876587,1.155401587486267,1.1548677682876587,1.1552680730819702
1785996000.0,1.1555349826812744,1.1555349826812744,1.1548677682876587,1.155001163482666
1785997800.0,1.155001163482666,1.155001163482666,1.1547343730926514,1.1548677682876587
1785999600.0,1.1548677682876587,1.155001163482666,1.1546010971069336,1.1548677682876587
1786001400.0,1.1547343730926514,1.1548677682876587,1.1544678211212158,1.1547343730926514
1786003200.0,1.1547343730926514,1.1548677682876587,1.154334545135498,1.1544678211212158
1786005000.0,1.1544678211212158,1.1547343730926514,1.154334545135498,1.1546010971069336
1786006800.0,1.1546010971069336,1.1547343730926514,1.1544678211212158,1.1546010971069336
1786008600.0,1.1546010971069336,1.1546010971069336,1.154068112373352,1.1542012691497803
1786010400.0,1.1542012691497803,1.1544678211212158,1.1539349555969238,1.1544678211212158
1786012200.0,1.1546010971069336,1.1546010971069336,1.154334545135498,1.1544678211212158
1786014000.0,1.1546010971069336,1.155001163482666,1.1546010971069336,1.1548677682876587
1786015800.0,1.1548677682876587,1.1548677682876587,1.1542012691497803,1.1548677682876587
1786017600.0,1.1547343730926514,1.1548677682876587,1.1542012691497803,1.1546010971069336
1786019400.0,1.1546010971069336,1.1548677682876587,1.154068112373352,1.1542012691497803
1786021200.0,1.154334545135498,1.1544678211212158,1.1539349555969238,1.1542012691497803
1786023000.0,1.1542012691497803,1.1547343730926514,1.1542012691497803,1.1547343730926514
1786024800.0,1.1547343730926514,1.1547343730926514,1.1536686420440674,1.1538017988204956
1786026600.0,1.1539349555969238,1.154068112373352,1.15340256690979,1.1538017988204956
1786028400.0,1.1538017988204956,1.1538017988204956,1.1524720191955566,1.1527377367019653
1786030200.0,1.1526048183441162,1.1527377367019653,1.1522064208984375,1.1524720191955566
1786032000.0,1.152339220046997,1.1526048183441162,1.1519410610198975,1.152339220046997
1786033800.0,1.1522064208984375,1.1524720191955566,1.1520737409591675,1.152339220046997
1786035600.0,1.1524720191955566,1.1524720191955566,1.1520737409591675,1.152339220046997
1786037400.0,1.1522064208984375,1.1526048183441162,1.1522064208984375,1.1526048183441162
1786039200.0,1.1526048183441162,1.1527377367019653,1.1526048183441162,1.1526048183441162
1786041000.0,1.1526048183441162,1.1527377367019653,1.1524720191955566,1.1527377367019653
1786042800.0,1.1527377367019653,1.1528706550598145,1.1522064208984375,1.1522064208984375
1786044600.0,1.152339220046997,1.1528706550598145,1.1522064208984375,1.1526048183441162
1786046400.0,1.1526048183441162,1.1527377367019653,1.1522064208984375,1.152339220046997
1786048200.0,1.1524720191955566,1.1527377367019653,1.152339220046997,1.1527377367019653
1786050000.0,1.1530035734176636,1.1530035734176636,1.1522064208984375,1.1527377367019653
1786051800.0,1.1526048183441162,1.1526048183441162,1.1522064208984375,1.1524720191955566
1786053600.0,1.1526048183441162,1.1526048183441162,1.1524720191955566,1.1526048183441162
1786055400.0,1.1524720191955566,1.1526048183441162,1.1524720191955566,1.1524720191955566
1786057200.0,1.1526048183441162,1.1527377367019653,1.1526048183441162,1.1527377367019653
1786059000.0,1.1526048183441162,1.1527377367019653,1.1526048183441162,1.1527377367019653
1786060800.0,1.1526048183441162,1.1527377367019653,1.152339220046997,1.1524720191955566
1786062600.0,1.1524720191955566,1.1526048183441162,1.1522064208984375,1.1522064208984375
1786064400.0,1.152339220046997,1.1526048183441162,1.1522064208984375,1.1524720191955566
1786066200.0,1.1524720191955566,1.1528706550598145,1.152339220046997,1.1524720191955566
1786068000.0,1.1526048183441162,1.1526048183441162,1.1524720191955566,1.1526048183441162
1786069800.0,1.1524720191955566,1.1527377367019653,1.1524720191955566,1.1524720191955566
1786071600.0,1.1524720191955566,1.1526048183441162,1.152339220046997,1.1524720191955566
1786073400.0,1.1524720191955566,1.1526048183441162,1.1524720191955566,1.1526048183441162
1786075200.0,1.1526048183441162,1.1526048183441162,1.1524720191955566,1.1526048183441162
1786077000.0,1.1526048183441162,1.1527377367019653,1.1526048183441162,1.1527377367019653
1786078800.0,1.1527377367019653,1.1528706550598145,1.1524720191955566,1.1524720191955566
1786080600.0,1.1524720191955566,1.1527377367019653,1.1524720191955566,1.1526048183441162
1786082400.0,1.1527377367019653,1.1528706550598145,1.1524720191955566,1.1527377367019653
1786084200.0,1.1527377367019653,1.1527377367019653,1.1524720191955566,1.1526048183441162
1786086000.0,1.1524720191955566,1.1527377367019653,1.1522064208984375,1.1526048183441162
1786087800.0,1.1526048183441162,1.1526048183441162,1.152339220046997,1.1526048183441162
1786089600.0,1.1526048183441162,1.1526048183441162,1.1522064208984375,1.152339220046997
1786091400.0,1.152339220046997,1.1528706550598145,1.152339220046997,1.1526048183441162
1786093200.0,1.1527377367019653,1.1532695293426514,1.1527377367019653,1.1531364917755127
1786095000.0,1.1530035734176636,1.15340256690979,1.1530035734176636,1.1531364917755127
1786096800.0,1.1532695293426514,1.1532695293426514,1.1530035734176636,1.1531364917755127
1786098600.0,1.1531364917755127,1.1532695293426514,1.1528706550598145,1.1530035734176636
1786100400.0,1.1531364917755127,1.1532695293426514,1.1530035734176636,1.1530035734176636
1786102200.0,1.1530035734176636,1.1536686420440674,1.1530035734176636,1.1536686420440674
1786104000.0,1.1538017988204956,1.154068112373352,1.1532695293426514,1.15340256690979
1786105800.0,1.156738042831421,1.1582117080688477,1.156336784362793,1.1576753854751587
1786107600.0,1.1576753854751587,1.1578094959259033,1.1570056676864624,1.1574074029922485
1786109400.0,1.157273530960083,1.1576753854751587,1.1560693979263306,1.1560693979263306
1786111200.0,1.1560693979263306,1.156738042831421,1.1556684970855713,1.1560693979263306
1786113000.0,1.1559356451034546,1.156336784362793,1.155401587486267,1.1556684970855713
1786114800.0,1.1558021306991577,1.156738042831421,1.155401587486267,1.1560693979263306
1786116600.0,1.1559356451034546,1.1566041707992554,1.1558021306991577,1.156203031539917
1786118400.0,1.156203031539917,1.1568717956542969,1.156203031539917,1.1566041707992554
1786120200.0,1.1566041707992554,1.1570056676864624,1.156203031539917,1.156203031539917
1786122000.0,1.156203031539917,1.1566041707992554,1.156203031539917,1.1564704179763794
1786123800.0,1.1564704179763794,1.1566041707992554,1.156336784362793,1.1564704179763794
1786125600.0,1.156336784362793,1.1566041707992554,1.156203031539917,1.1564704179763794
1786127400.0,1.1566041707992554,1.156738042831421,1.1566041707992554,1.1566041707992554