time,open,high,low,close
1783449000.0,1.1431183815002441,1.1431183815002441,1.142987847328186,1.1431183815002441
1783449300.0,1.1432491540908813,1.1432491540908813,1.1431183815002441,1.1431183815002441
1783449600.0,1.1431183815002441,1.1431183815002441,1.142987847328186,1.1431183815002441
1783449900.0,1.1432491540908813,1.1432491540908813,1.1427265405654907,1.1427265405654907
1783450200.0,1.1428571939468384,1.1428571939468384,1.1422044038772583,1.1422044038772583
1783450500.0,1.1422044038772583,1.1424654722213745,1.1422044038772583,1.1422044038772583
1783450800.0,1.1420739889144897,1.1420739889144897,1.1419435739517212,1.1419435739517212
1783451100.0,1.1419435739517212,1.1419435739517212,1.1418131589889526,1.1419435739517212
1783451400.0,1.1418131589889526,1.1418131589889526,1.1415525674819946,1.1415525674819946
1783451700.0,1.141422152519226,1.141422152519226,1.1411616802215576,1.141422152519226
1783452000.0,1.1415525674819946,1.1415525674819946,1.1415525674819946,1.1415525674819946
1783452300.0,1.1415525674819946,1.1416828632354736,1.1415525674819946,1.1416828632354736
1783452600.0,1.1416828632354736,1.1419435739517212,1.1416828632354736,1.1419435739517212
1783452900.0,1.1419435739517212,1.1419435739517212,1.1418131589889526,1.1419435739517212
1783453200.0,1.1418131589889526,1.1419435739517212,1.1418131589889526,1.1419435739517212
1783453500.0,1.1418131589889526,1.1418131589889526,1.1418131589889526,1.1418131589889526
1783453800.0,1.1418131589889526,1.1419435739517212,1.1418131589889526,1.1419435739517212
1783454100.0,1.1419435739517212,1.1419435739517212,1.1419435739517212,1.1419435739517212
1783454400.0,1.1418131589889526,1.1420739889144897,1.1418131589889526,1.1419435739517212
1783454700.0,1.1419435739517212,1.1420739889144897,1.1418131589889526,1.1418131589889526
1783455000.0,1.1418131589889526,1.1418131589889526,1.1416828632354736,1.1416828632354736
1783455300.0,1.1416828632354736,1.1416828632354736,1.1416828632354736,1.1416828632354736
1783455600.0,1.1416828632354736,1.1418131589889526,1.1416828632354736,1.1418131589889526
1783455900.0,1.1418131589889526,1.1418131589889526,1.1416828632354736,1.1416828632354736
1783456200.0,1.1416828632354736,1.1416828632354736,1.1415525674819946,1.1415525674819946
1783456500.0,1.1415525674819946,1.1415525674819946,1.141422152519226,1.1415525674819946
1783456800.0,1.1415525674819946,1.1415525674819946,1.1415525674819946,1.1415525674819946
1783457100.0,1.1415525674819946,1.1415525674819946,1.141422152519226,1.1415525674819946
1783457400.0,1.1415525674819946,1.1415525674819946,1.141422152519226,1.141422152519226
1783457700.0,1.141422152519226,1.1415525674819946,1.141422152519226,1.1415525674819946
1783458000.0,1.1427265405654907,1.1427265405654907,1.1420739889144897,1.1420739889144897
1783458300.0,1.1416828632354736,1.1416828632354736,1.141422152519226,1.1415525674819946
1783458600.0,1.1415525674819946,1.1415525674819946,1.141291856765747,1.141291856765747
1783458900.0,1.141422152519226,1.141422152519226,1.1410315036773682,1.1410315036773682
1783459200.0,1.1410315036773682,1.1410315036773682,1.1410315036773682,1.1410315036773682
1783459500.0,1.1410315036773682,1.1411616802215576,1.1409013271331787,1.1409013271331787
1783459800.0,1.1410315036773682,1.1410315036773682,1.1405109167099,1.1405109167099
1783460100.0,1.1407711505889893,1.1410315036773682,1.140380859375,1.1410315036773682
1783460400.0,1.1409013271331787,1.1410315036773682,1.1409013271331787,1.1410315036773682
1783460700.0,1.1410315036773682,1.1410315036773682,1.1407711505889893,1.1407711505889893
1783461000.0,1.1407711505889893,1.1409013271331787,1.1407711505889893,1.1409013271331787
1783461300.0,1.1407711505889893,1.1411616802215576,1.1407711505889893,1.1411616802215576
1783461600.0,1.1411616802215576,1.1411616802215576,1.1411616802215576,1.1411616802215576
1783461900.0,1.1411616802215576,1.1411616802215576,1.1410315036773682,1.1410315036773682
1783462200.0,1.1409013271331787,1.1410315036773682,1.1409013271331787,1.1409013271331787
1783462500.0,1.1409013271331787,1.1410315036773682,1.1409013271331787,1.1409013271331787
1783462800.0,1.1409013271331787,1.1410315036773682,1.1409013271331787,1.1410315036773682
1783463100.0,1.1410315036773682,1.1410315036773682,1.1407711505889893,1.1407711505889893
1783463400.0,1.1409013271331787,1.1409013271331787,1.1407711505889893,1.1409013271331787
1783463700.0,1.1409013271331787,1.1409013271331787,1.1406410932540894,1.1406410932540894
1783464000.0,1.1407711505889893,1.1409013271331787,1.1407711505889893,1.1407711505889893
1783464300.0,1.1407711505889893,1.1409013271331787,1.1407711505889893,1.1407711505889893
1783464600.0,1.1407711505889893,1.1409013271331787,1.1407711505889893,1.1409013271331787
1783464900.0,1.1410315036773682,1.1410315036773682,1.1410315036773682,1.1410315036773682
1783465200.0,1.1410315036773682,1.1411616802215576,1.1409013271331787,1.1411616802215576
1783465500.0,1.1410315036773682,1.1410315036773682,1.1409013271331787,1.1410315036773682
1783465800.0,1.1409013271331787,1.1410315036773682,1.1407711505889893,1.1407711505889893
1783466100.0,1.1407711505889893,1.1409013271331787,1.1407711505889893,1.1409013271331787
1783466400.0,1.1409013271331787,1.1409013271331787,1.1407711505889893,1.1409013271331787
1783466700.0,1.1409013271331787,1.1409013271331787,1.1407711505889893,1.1407711505889893
1783467000.0,1.1407711505889893,1.1410315036773682,1.1407711505889893,1.1410315036773682
1783467300.0,1.1409013271331787,1.1409013271331787,1.1407711505889893,1.1407711505889893
1783467600.0,1.1407711505889893,1.1409013271331787,1.1407711505889893,1.1407711505889893
1783467900.0,1.1407711505889893,1.1407711505889893,1.1406410932540894,1.1406410932540894
1783468200.0,1.1405109167099,1.1406410932540894,1.1405109167099,1.1406410932540894
1783468500.0,1.1406410932540894,1.1406410932540894,1.140380859375,1.1405109167099
1783468800.0,1.140380859375,1.1405109167099,1.140380859375,1.1405109167099
1783469100.0,1.1405109167099,1.1409013271331787,1.1405109167099,1.1407711505889893
1783469400.0,1.1407711505889893,1.1409013271331787,1.1407711505889893,1.1409013271331787
1783469700.0,1.1409013271331787,1.1409013271331787,1.1407711505889893,1.1407711505889893
1783470000.0,1.1407711505889893,1.1409013271331787,1.1406410932540894,1.1409013271331787
1783470300.0,1.1409013271331787,1.1411616802215576,1.1409013271331787,1.1410315036773682
1783470600.0,1.1410315036773682,1.141291856765747,1.1410315036773682,1.141291856765747
1783470900.0,1.141291856765747,1.1415525674819946,1.141291856765747,1.141422152519226
1783471200.0,1.141422152519226,1.141422152519226,1.141291856765747,1.141422152519226
1783471500.0,1.141291856765747,1.141422152519226,1.141291856765747,1.141291856765747
1783471800.0,1.141291856765747,1.141422152519226,1.141291856765747,1.141291856765747
1783472100.0,1.1410315036773682,1.1411616802215576,1.1410315036773682,1.1411616802215576
1783472400.0,1.1411616802215576,1.141291856765747,1.1411616802215576,1.141291856765747
1783472700.0,1.1411616802215576,1.1411616802215576,1.1410315036773682,1.1410315036773682
1783473000.0,1.1410315036773682,1.1410315036773682,1.1410315036773682,1.1410315036773682
1783473300.0,1.1410315036773682,1.1410315036773682,1.1409013271331787,1.1409013271331787
1783473600.0,1.1409013271331787,1.1409013271331787,1.1407711505889893,1.1407711505889893
1783473900.0,1.1409013271331787,1.1409013271331787,1.1407711505889893,1.1407711505889893
1783474200.0,1.1407711505889893,1.1407711505889893,1.1406410932540894,1.1406410932540894
1783474500.0,1.1406410932540894,1.1406410932540894,1.140380859375,1.140380859375
1783474800.0,1.140380859375,1.140380859375,1.1402509212493896,1.1402509212493896
1783475100.0,1.1405109167099,1.1406410932540894,1.140380859375,1.1406410932540894
1783475400.0,1.1409013271331787,1.1409013271331787,1.1406410932540894,1.1407711505889893
1783475700.0,1.1407711505889893,1.1409013271331787,1.1407711505889893,1.1409013271331787
1783476000.0,1.1409013271331787,1.1409013271331787,1.1407711505889893,1.1409013271331787
1783476300.0,1.1409013271331787,1.1410315036773682,1.1409013271331787,1.1409013271331787
1783476600.0,1.1409013271331787,1.1409013271331787,1.1409013271331787,1.1409013271331787
1783476900.0,1.1411616802215576,1.141291856765747,1.1411616802215576,1.1411616802215576
1783477200.0,1.1411616802215576,1.141422152519226,1.1411616802215576,1.141422152519226
1783477500.0,1.141422152519226,1.1415525674819946,1.141422152519226,1.141422152519226
1783477800.0,1.141422152519226,1.141422152519226,1.141291856765747,1.141422152519226
1783478100.0,1.141422152519226,1.1415525674819946,1.141422152519226,1.1415525674819946
1783478400.0,1.1415525674819946,1.1415525674819946,1.1415525674819946,1.1415525674819946
1783478700.0,1.1415525674819946,1.1415525674819946,1.141422152519226,1.141422152519226
1783479000.0,1.1415525674819946,1.1415525674819946,1.141422152519226,1.1415525674819946
1783479300.0,1.1415525674819946,1.1415525674819946,1.141422152519226,1.1415525674819946
1783479600.0,1.1415525674819946,1.1416828632354736,1.1415525674819946,1.1416828632354736
1783479900.0,1.1416828632354736,1.1416828632354736,1.1415525674819946,1.1416828632354736
1783480200.0,1.1416828632354736,1.1418131589889526,1.1415525674819946,1.1418131589889526
1783480500.0,1.1419435739517212,1.1419435739517212,1.1418131589889526,1.1418131589889526
1783480800.0,1.1418131589889526,1.1419435739517212,1.1418131589889526,1.1419435739517212
1783481100.0,1.1418131589889526,1.1419435739517212,1.1418131589889526,1.1418131589889526
1783481400.0,1.1418131589889526,1.1418131589889526,1.1416828632354736,1.1418131589889526
1783481700.0,1.1418131589889526,1.1418131589889526,1.1416828632354736,1.1416828632354736
1783482000.0,1.1416828632354736,1.1418131589889526,1.1416828632354736,1.1416828632354736
1783482300.0,1.1418131589889526,1.1418131589889526,1.1418131589889526,1.1418131589889526
1783482600.0,1.1418131589889526,1.1418131589889526,1.1416828632354736,1.1416828632354736
1783482900.0,1.1416828632354736,1.1416828632354736,1.1416828632354736,1.1416828632354736
1783483200.0,1.1416828632354736,1.1416828632354736,1.1415525674819946,1.1416828632354736
1783483500.0,1.1416828632354736,1.1416828632354736,1.1415525674819946,1.1416828632354736
1783483800.0,1.1416828632354736,1.1416828632354736,1.1415525674819946,1.1415525674819946
1783484100.0,1.1415525674819946,1.1416828632354736,1.1415525674819946,1.1415525674819946
1783484400.0,1.1415525674819946,1.1415525674819946,1.141422152519226,1.1415525674819946
1783484700.0,1.1416828632354736,1.1416828632354736,1.1415525674819946,1.1416828632354736
1783485000.0,1.1416828632354736,1.1418131589889526,1.1416828632354736,1.1416828632354736
1783485300.0,1.1416828632354736,1.1419435739517212,1.1416828632354736,1.1418131589889526
1783485600.0,1.1418131589889526,1.1418131589889526,1.1418131589889526,1.1418131589889526
1783485900.0,1.1418131589889526,1.1418131589889526,1.1418131589889526,1.1418131589889526
1783486200.0,1.1416828632354736,1.1418131589889526,1.1416828632354736,1.1418131589889526
1783486500.0,1.1418131589889526,1.1418131589889526,1.1418131589889526,1.1418131589889526
1783486800.0,1.1418131589889526,1.1420739889144897,1.1418131589889526,1.1420739889144897
1783487100.0,1.1422044038772583,1.1422044038772583,1.1422044038772583,1.1422044038772583
1783487400.0,1.1420739889144897,1.1420739889144897,1.1418131589889526,1.1419435739517212
1783487700.0,1.1419435739517212,1.1419435739517212,1.1418131589889526,1.1418131589889526
1783488000.0,1.1418131589889526,1.1418131589889526,1.1415525674819946,1.1415525674819946
1783488300.0,1.1416828632354736,1.1416828632354736,1.1416828632354736,1.1416828632354736
1783488600.0,1.1418131589889526,1.1419435739517212,1.1418131589889526,1.1419435739517212
1783488900.0,1.1419435739517212,1.1420739889144897,1.1419435739517212,1.1420739889144897
1783489200.0,1.1420739889144897,1.1423349380493164,1.1420739889144897,1.1423349380493164
1783489500.0,1.1423349380493164,1.1423349380493164,1.1422044038772583,1.1422044038772583
1783489800.0,1.1422044038772583,1.1422044038772583,1.1420739889144897,1.1420739889144897
1783490100.0,1.1423349380493164,1.1423349380493164,1.1422044038772583,1.1423349380493164
1783490400.0,1.1424654722213745,1.1425960063934326,1.1423349380493164,1.1423349380493164
1783490700.0,1.1422044038772583,1.1423349380493164,1.1422044038772583,1.1423349380493164
1783491000.0,1.1423349380493164,1.1423349380493164,1.1422044038772583,1.1422044038772583
1783491300.0,1.1423349380493164,1.1424654722213745,1.1423349380493164,1.1424654722213745
1783491600.0,1.1424654722213745,1.1425960063934326,1.1424654722213745,1.1425960063934326
1783491900.0,1.1424654722213745,1.1425960063934326,1.1424654722213745,1.1425960063934326
1783492200.0,1.1425960063934326,1.1425960063934326,1.1424654722213745,1.1424654722213745
1783492500.0,1.1423349380493164,1.1425960063934326,1.1423349380493164,1.1425960063934326
1783492800.0,1.1427265405654907,1.1427265405654907,1.1424654722213745,1.1424654722213745
1783493100.0,1.1424654722213745,1.1424654722213745,1.1422044038772583,1.1423349380493164
1783493400.0,1.1423349380493164,1.1423349380493164,1.1422044038772583,1.1423349380493164
1783493700.0,1.1424654722213745,1.1424654722213745,1.1424654722213745,1.1424654722213745
1783494000.0,1.1425960063934326,1.1425960063934326,1.1423349380493164,1.1425960063934326
1783494300.0,1.1423349380493164,1.1423349380493164,1.1422044038772583,1.1423349380493164
1783494600.0,1.1424654722213745,1.1424654722213745,1.1423349380493164,1.1423349380493164
1783494900.0,1.1422044038772583,1.1424654722213745,1.1420739889144897,1.1424654722213745
1783495200.0,1.1424654722213745,1.142987847328186,1.1424654722213745,1.142987847328186
1783495500.0,1.1428571939468384,1.1431183815002441,1.1428571939468384,1.142987847328186
1783495800.0,1.1432491540908813,1.143379807472229,1.1432491540908813,1.1432491540908813
1783496100.0,1.1432491540908813,1.1432491540908813,1.142987847328186,1.142987847328186
1783496400.0,1.142987847328186,1.1432491540908813,1.142987847328186,1.1432491540908813
1783496700.0,1.1432491540908813,1.1432491540908813,1.1431183815002441,1.1432491540908813
1783497000.0,1.1431183815002441,1.1431183815002441,1.142987847328186,1.1431183815002441
1783497300.0,1.1432491540908813,1.1432491540908813,1.142987847328186,1.142987847328186
1783497600.0,1.1428571939468384,1.1431183815002441,1.1427265405654907,1.142987847328186
1783497900.0,1.142987847328186,1.142987847328186,1.1428571939468384,1.1428571939468384
1783498200.0,1.1427265405654907,1.1427265405654907,1.1427265405654907,1.1427265405654907
1783498500.0,1.1428571939468384,1.1428571939468384,1.1409013271331787,1.141291856765747
1783498800.0,1.141291856765747,1.141422152519226,1.1409013271331787,1.1411616802215576
1783499100.0,1.1411616802215576,1.1418131589889526,1.1411616802215576,1.1416828632354736
1783499400.0,1.1418131589889526,1.1419435739517212,1.1415525674819946,1.1415525674819946
1783499700.0,1.1416828632354736,1.1416828632354736,1.1411616802215576,1.141291856765747
1783500000.0,1.1411616802215576,1.1411616802215576,1.1409013271331787,1.1411616802215576
1783500300.0,1.1416828632354736,1.1422044038772583,1.1416828632354736,1.1422044038772583
1783500600.0,1.1416828632354736,1.1418131589889526,1.1416828632354736,1.1418131589889526
1783500900.0,1.1416828632354736,1.1416828632354736,1.141422152519226,1.141422152519226
1783501200.0,1.1411616802215576,1.141291856765747,1.1411616802215576,1.1411616802215576
1783501500.0,1.1411616802215576,1.1411616802215576,1.1406410932540894,1.1406410932540894
1783501800.0,1.1405109167099,1.1405109167099,1.1401208639144897,1.1401208639144897
1783502100.0,1.1401208639144897,1.1409013271331787,1.1401208639144897,1.1409013271331787
1783502400.0,1.1409013271331787,1.1410315036773682,1.1407711505889893,1.1407711505889893
1783502700.0,1.1405109167099,1.1407711505889893,1.1405109167099,1.1407711505889893
1783503000.0,1.1409013271331787,1.141291856765747,1.1409013271331787,1.141291856765747
1783503300.0,1.141291856765747,1.141291856765747,1.1411616802215576,1.141291856765747
1783503600.0,1.141291856765747,1.141291856765747,1.1411616802215576,1.141291856765747
1783503900.0,1.141291856765747,1.141422152519226,1.141291856765747,1.141422152519226
1783504200.0,1.141291856765747,1.141422152519226,1.1411616802215576,1.141422152519226
1783504500.0,1.141291856765747,1.141291856765747,1.1407711505889893,1.1409013271331787
1783504800.0,1.1409013271331787,1.1410315036773682,1.1409013271331787,1.1409013271331787
1783505100.0,1.1409013271331787,1.1409013271331787,1.1405109167099,1.1405109167099
1783505400.0,1.1405109167099,1.1407711505889893,1.1405109167099,1.1406410932540894
1783505700.0,1.1405109167099,1.1410315036773682,1.1405109167099,1.1410315036773682
1783506000.0,1.1410315036773682,1.1416828632354736,1.1410315036773682,1.1416828632354736
1783506300.0,1.1415525674819946,1.1415525674819946,1.141422152519226,1.141422152519226
1783506600.0,1.141422152519226,1.1416828632354736,1.141422152519226,1.1416828632354736
1783506900.0,1.1416828632354736,1.1416828632354736,1.1415525674819946,1.1415525674819946
1783507200.0,1.1415525674819946,1.1416828632354736,1.1415525674819946,1.1416828632354736
1783507500.0,1.1415525674819946,1.1416828632354736,1.141291856765747,1.141291856765747
1783507800.0,1.141422152519226,1.141422152519226,1.141291856765747,1.141291856765747
1783508100.0,1.141291856765747,1.141422152519226,1.1411616802215576,1.1411616802215576
1783508400.0,1.1411616802215576,1.1411616802215576,1.1409013271331787,1.1409013271331787
1783508700.0,1.1410315036773682,1.1411616802215576,1.1409013271331787,1.1409013271331787
1783509000.0,1.1410315036773682,1.1410315036773682,1.1410315036773682,1.1410315036773682
1783509300.0,1.1411616802215576,1.141291856765747,1.1411616802215576,1.141291856765747
1783509600.0,1.1410315036773682,1.1410315036773682,1.1409013271331787,1.1410315036773682
1783509900.0,1.1410315036773682,1.1410315036773682,1.1409013271331787,1.1409013271331787
1783510200.0,1.1409013271331787,1.1409013271331787,1.1406410932540894,1.1406410932540894
1783510500.0,1.1406410932540894,1.1406410932540894,1.1398608684539795,1.1398608684539795
1783510800.0,1.1397310495376587,1.1407711505889893,1.1397310495376587,1.1407711505889893
1783511100.0,1.1406410932540894,1.1406410932540894,1.140380859375,1.140380859375
1783511400.0,1.1402509212493896,1.1402509212493896,1.1401208639144897,1.1402509212493896
1783511700.0,1.1402509212493896,1.1402509212493896,1.1399909257888794,1.1399909257888794
1783512000.0,1.1402509212493896,1.1405109167099,1.1401208639144897,1.1405109167099
1783512300.0,1.1407711505889893,1.1407711505889893,1.1406410932540894,1.1406410932540894
1783512600.0,1.1406410932540894,1.1406410932540894,1.1405109167099,1.1405109167099
1783512900.0,1.1406410932540894,1.1409013271331787,1.1406410932540894,1.1407711505889893
1783513200.0,1.1407711505889893,1.1407711505889893,1.1406410932540894,1.1406410932540894
1783513500.0,1.1407711505889893,1.1407711505889893,1.1406410932540894,1.1407711505889893
1783513800.0,1.1409013271331787,1.1409013271331787,1.1407711505889893,1.1407711505889893
1783514100.0,1.1407711505889893,1.1407711505889893,1.1407711505889893,1.1407711505889893
1783514400.0,1.1407711505889893,1.1409013271331787,1.1406410932540894,1.1409013271331787
1783514700.0,1.1409013271331787,1.1409013271331787,1.1407711505889893,1.1409013271331787
1783515000.0,1.1409013271331787,1.1410315036773682,1.1409013271331787,1.1410315036773682
1783515300.0,1.1409013271331787,1.1409013271331787,1.1399909257888794,1.1399909257888794
1783515600.0,1.1401208639144897,1.1402509212493896,1.1401208639144897,1.1402509212493896
1783515900.0,1.1401208639144897,1.1402509212493896,1.1401208639144897,1.1402509212493896
1783516200.0,1.1405109167099,1.1406410932540894,1.1405109167099,1.1405109167099
1783516500.0,1.1402509212493896,1.140380859375,1.1401208639144897,1.140380859375
1783516800.0,1.140380859375,1.140380859375,1.140380859375,1.140380859375
1783517100.0,1.140380859375,1.1407711505889893,1.140380859375,1.1407711505889893
1783517400.0,1.1407711505889893,1.141422152519226,1.1407711505889893,1.141291856765747
1783517700.0,1.141422152519226,1.141422152519226,1.141422152519226,1.141422152519226
1783518000.0,1.141422152519226,1.141422152519226,1.1411616802215576,1.141422152519226
1783518300.0,1.141422152519226,1.1416828632354736,1.141422152519226,1.1415525674819946
1783518600.0,1.1416828632354736,1.1416828632354736,1.141291856765747,1.141291856765747
1783518900.0,1.1411616802215576,1.141291856765747,1.1411616802215576,1.1411616802215576
1783519200.0,1.141291856765747,1.1415525674819946,1.141291856765747,1.1415525674819946
1783519500.0,1.141422152519226,1.141422152519226,1.141291856765747,1.141291856765747
1783519800.0,1.141291856765747,1.141291856765747,1.1410315036773682,1.1411616802215576
1783520100.0,1.1410315036773682,1.1411616802215576,1.1410315036773682,1.1411616802215576
1783520400.0,1.141291856765747,1.141422152519226,1.141291856765747,1.141422152519226
1783520700.0,1.141422152519226,1.141422152519226,1.141291856765747,1.141291856765747
1783521000.0,1.1410315036773682,1.1410315036773682,1.1407711505889893,1.1409013271331787
1783521300.0,1.1409013271331787,1.1409013271331787,1.1407711505889893,1.1409013271331787
1783521600.0,1.1410315036773682,1.1411616802215576,1.1409013271331787,1.1409013271331787
1783521900.0,1.1409013271331787,1.1410315036773682,1.1409013271331787,1.1409013271331787
1783522200.0,1.1409013271331787,1.1410315036773682,1.1409013271331787,1.1409013271331787
1783522500.0,1.1409013271331787,1.1410315036773682,1.1409013271331787,1.1410315036773682
1783522800.0,1.1409013271331787,1.1411616802215576,1.1409013271331787,1.1411616802215576
1783523100.0,1.141291856765747,1.141422152519226,1.1411616802215576,1.1411616802215576
1783523400.0,1.1411616802215576,1.1411616802215576,1.1406410932540894,1.1406410932540894
1783523700.0,1.140380859375,1.1405109167099,1.1402509212493896,1.140380859375
1783524000.0,1.1405109167099,1.1405109167099,1.1405109167099,1.1405109167099
1783524300.0,1.1405109167099,1.1405109167099,1.140380859375,1.140380859375
1783524600.0,1.1401208639144897,1.1401208639144897,1.1399909257888794,1.1401208639144897
1783524900.0,1.1402509212493896,1.1402509212493896,1.1397310495376587,1.1397310495376587
1783525200.0,1.1396011114120483,1.1396011114120483,1.1394712924957275,1.1396011114120483
1783525500.0,1.1396011114120483,1.1396011114120483,1.1396011114120483,1.1396011114120483
1783525800.0,1.1397310495376587,1.1398608684539795,1.1397310495376587,1.1398608684539795
1783526100.0,1.1399909257888794,1.1399909257888794,1.1398608684539795,1.1398608684539795
1783526400.0,1.1398608684539795,1.1399909257888794,1.1398608684539795,1.1399909257888794
1783526700.0,1.1401208639144897,1.1402509212493896,1.1401208639144897,1.1402509212493896
1783527000.0,1.1401208639144897,1.1402509212493896,1.1401208639144897,1.1402509212493896
1783527300.0,1.1399909257888794,1.140380859375,1.1399909257888794,1.140380859375
1783527600.0,1.140380859375,1.1406410932540894,1.140380859375,1.1405109167099
1783527900.0,1.1405109167099,1.1405109167099,1.140380859375,1.1405109167099
1783528200.0,1.1405109167099,1.1409013271331787,1.1405109167099,1.1409013271331787
1783528500.0,1.1411616802215576,1.1411616802215576,1.1409013271331787,1.1410315036773682
1783528800.0,1.141291856765747,1.141422152519226,1.141291856765747,1.141422152519226
1783529100.0,1.141422152519226,1.1416828632354736,1.141422152519226,1.1416828632354736
1783529400.0,1.141422152519226,1.1416828632354736,1.141422152519226,1.1416828632354736
1783529700.0,1.1416828632354736,1.1418131589889526,1.1416828632354736,1.1416828632354736
1783530000.0,1.1418131589889526,1.1420739889144897,1.1418131589889526,1.1418131589889526
1783530300.0,1.1418131589889526,1.1424654722213745,1.1418131589889526,1.1423349380493164
1783530600.0,1.1423349380493164,1.1425960063934326,1.1423349380493164,1.1425960063934326
1783530900.0,1.1425960063934326,1.1425960063934326,1.1424654722213745,1.1425960063934326
1783531200.0,1.1427265405654907,1.1427265405654907,1.1425960063934326,1.1425960063934326
1783531500.0,1.1425960063934326,1.1428571939468384,1.1425960063934326,1.1428571939468384
1783531800.0,1.142987847328186,1.142987847328186,1.1428571939468384,1.1428571939468384
1783532100.0,1.1428571939468384,1.1428571939468384,1.1427265405654907,1.1427265405654907
1783532400.0,1.1427265405654907,1.1427265405654907,1.1424654722213745,1.1424654722213745
1783532700.0,1.1424654722213745,1.1425960063934326,1.1424654722213745,1.1424654722213745
1783533000.0,1.1424654722213745,1.1424654722213745,1.1423349380493164,1.1423349380493164
1783533300.0,1.1423349380493164,1.1423349380493164,1.1422044038772583,1.1422044038772583
1783533600.0,1.1422044038772583,1.1425960063934326,1.1422044038772583,1.1424654722213745
1783533900.0,1.1424654722213745,1.1427265405654907,1.1424654722213745,1.1427265405654907
1783534200.0,1.1427265405654907,1.1431183815002441,1.1427265405654907,1.1431183815002441
1783534500.0,1.142987847328186,1.142987847328186,1.142987847328186,1.142987847328186
1783534800.0,1.142987847328186,1.1431183815002441,1.142987847328186,1.1431183815002441
1783535100.0,1.142987847328186,1.142987847328186,1.142987847328186,1.142987847328186
1783535400.0,1.1428571939468384,1.1428571939468384,1.1427265405654907,1.1428571939468384
1783535700.0,1.1428571939468384,1.142987847328186,1.1428571939468384,1.142987847328186
1783536000.0,1.1431183815002441,1.1431183815002441,1.1431183815002441,1.1431183815002441
1783536300.0,1.1431183815002441,1.1431183815002441,1.1431183815002441,1.1431183815002441
1783536600.0,1.1431183815002441,1.1431183815002441,1.142987847328186,1.142987847328186
1783536900.0,1.142987847328186,1.142987847328186,1.1428571939468384,1.142987847328186
1783537200.0,1.1431183815002441,1.1431183815002441,1.142987847328186,1.142987847328186
1783537500.0,1.1431183815002441,1.1431183815002441,1.1431183815002441,1.1431183815002441
1783537800.0,1.1432491540908813,1.1432491540908813,1.1431183815002441,1.1431183815002441
1783538100.0,1.1432491540908813,1.1432491540908813,1.1431183815002441,1.1431183815002441
1783538400.0,1.1431183815002441,1.1432491540908813,1.1431183815002441,1.1431183815002441
1783538700.0,1.1432491540908813,1.1432491540908813,1.1431183815002441,1.1431183815002441
1783539000.0,1.1432491540908813,1.1432491540908813,1.1431183815002441,1.1431183815002441
1783539300.0,1.1431183815002441,1.1432491540908813,1.1431183815002441,1.1432491540908813
1783539600.0,1.1431183815002441,1.1431183815002441,1.1431183815002441,1.1431183815002441
1783539900.0,1.142987847328186,1.142987847328186,1.1425960063934326,1.1427265405654907
1783540200.0,1.1427265405654907,1.1428571939468384,1.1427265405654907,1.1428571939468384
1783540500.0,1.1431183815002441,1.1432491540908813,1.1431183815002441,1.1431183815002441
1783540800.0,1.142987847328186,1.142987847328186,1.142987847328186,1.142987847328186
1783541100.0,1.142987847328186,1.1431183815002441,1.142987847328186,1.142987847328186
1783541400.0,1.142987847328186,1.1431183815002441,1.1428571939468384,1.1428571939468384
1783541700.0,1.1428571939468384,1.1428571939468384,1.1425960063934326,1.1425960063934326
1783542000.0,1.1425960063934326,1.1427265405654907,1.1425960063934326,1.1425960063934326
1783542300.0,1.1425960063934326,1.1425960063934326,1.1423349380493164,1.1424654722213745
1783542600.0,1.1423349380493164,1.1423349380493164,1.1422044038772583,1.1422044038772583
1783542900.0,1.1422044038772583,1.1422044038772583,1.1418131589889526,1.1418131589889526
1783543200.0,1.1419435739517212,1.1420739889144897,1.1419435739517212,1.1419435739517212
1783543500.0,1.1419435739517212,1.1420739889144897,1.1419435739517212,1.1419435739517212
1783543800.0,1.1419435739517212,1.1420739889144897,1.1419435739517212,1.1420739889144897
1783544100.0,1.1420739889144897,1.1420739889144897,1.1419435739517212,1.1420739889144897
1783544400.0,1.1420739889144897,1.1423349380493164,1.1418131589889526,1.1423349380493164
1783544700.0,1.1425960063934326,1.1425960063934326,1.1423349380493164,1.1425960063934326
1783545000.0,1.1423349380493164,1.1424654722213745,1.1423349380493164,1.1424654722213745
1783545300.0,1.1423349380493164,1.1425960063934326,1.1420739889144897,1.1425960063934326
1783545600.0,1.1424654722213745,1.1425960063934326,1.1423349380493164,1.1424654722213745
1783545900.0,1.1425960063934326,1.1427265405654907,1.1424654722213745,1.1427265405654907
1783546200.0,1.1423349380493164,1.1425960063934326,1.1423349380493164,1.1423349380493164
1783546500.0,1.1422044038772583,1.1422044038772583,1.1419435739517212,1.1422044038772583
1783546800.0,1.1420739889144897,1.1422044038772583,1.1420739889144897,1.1420739889144897
1783547100.0,1.1420739889144897,1.1420739889144897,1.1419435739517212,1.1419435739517212
1783547400.0,1.1420739889144897,1.1423349380493164,1.1420739889144897,1.1422044038772583
1783547700.0,1.1422044038772583,1.1423349380493164,1.1422044038772583,1.1422044038772583
1783548000.0,1.1420739889144897,1.1420739889144897,1.1419435739517212,1.1419435739517212
1783548300.0,1.1419435739517212,1.1420739889144897,1.1419435739517212,1.1420739889144897
1783548600.0,1.1420739889144897,1.1420739889144897,1.1420739889144897,1.1420739889144897
1783548900.0,1.1420739889144897,1.1420739889144897,1.1420739889144897,1.1420739889144897
1783549200.0,1.1420739889144897,1.1420739889144897,1.1420739889144897,1.1420739889144897
1783549500.0,1.1420739889144897,1.1420739889144897,1.1420739889144897,1.1420739889144897
1783549800.0,1.1420739889144897,1.1420739889144897,1.1420739889144897,1.1420739889144897
1783550100.0,1.1422044038772583,1.1422044038772583,1.1420739889144897,1.1420739889144897
1783550400.0,1.1422044038772583,1.1422044038772583,1.1422044038772583,1.1422044038772583
1783550700.0,1.1422044038772583,1.1422044038772583,1.1422044038772583,1.1422044038772583
1783551000.0,1.1422044038772583,1.1422044038772583,1.1422044038772583,1.1422044038772583
1783551300.0,1.1420739889144897,1.1422044038772583,1.1420739889144897,1.1422044038772583
1783551600.0,1.1422044038772583,1.1423349380493164,1.1422044038772583,1.1422044038772583
1783551900.0,1.1423349380493164,1.1423349380493164,1.1422044038772583,1.1422044038772583
1783552200.0,1.1420739889144897,1.1420739889144897,1.1420739889144897,1.1420739889144897
1783552500.0,1.1420739889144897,1.1422044038772583,1.1420739889144897,1.1420739889144897
1783552800.0,1.1420739889144897,1.1422044038772583,1.1420739889144897,1.1420739889144897
1783553100.0,1.1420739889144897,1.1422044038772583,1.1420739889144897,1.1422044038772583
1783553400.0,1.1422044038772583,1.1422044038772583,1.1422044038772583,1.1422044038772583
1783553700.0,1.1423349380493164,1.1423349380493164,1.1422044038772583,1.1422044038772583
1783554000.0,1.1423349380493164,1.1423349380493164,1.1423349380493164,1.1423349380493164
1783554300.0,1.1424654722213745,1.1424654722213745,1.1424654722213745,1.1424654722213745
1783554600.0,1.1423349380493164,1.1423349380493164,1.1423349380493164,1.1423349380493164
1783554900.0,1.1423349380493164,1.1424654722213745,1.1423349380493164,1.1424654722213745
1783555200.0,1.1424654722213745,1.1427265405654907,1.1424654722213745,1.1427265405654907
1783555500.0,1.1427265405654907,1.142987847328186,1.1427265405654907,1.1428571939468384
1783555800.0,1.142987847328186,1.1432491540908813,1.142987847328186,1.1431183815002441
1783556100.0,1.1431183815002441,1.1431183815002441,1.142987847328186,1.142987847328186
1783556400.0,1.142987847328186,1.142987847328186,1.1428571939468384,1.142987847328186
1783556700.0,1.1431183815002441,1.1431183815002441,1.142987847328186,1.142987847328186
1783557000.0,1.1432491540908813,1.1432491540908813,1.1431183815002441,1.1432491540908813
1783557300.0,1.1432491540908813,1.1432491540908813,1.1432491540908813,1.1432491540908813
1783557600.0,1.1432491540908813,1.1432491540908813,1.142987847328186,1.142987847328186
1783557900.0,1.142987847328186,1.142987847328186,1.1428571939468384,1.142987847328186
1783558200.0,1.1428571939468384,1.1428571939468384,1.1427265405654907,1.1427265405654907
1783558500.0,1.1427265405654907,1.142987847328186,1.1427265405654907,1.1428571939468384
1783558800.0,1.1428571939468384,1.142987847328186,1.1427265405654907,1.1427265405654907
1783559100.0,1.1427265405654907,1.1428571939468384,1.1427265405654907,1.1428571939468384
1783559400.0,1.1428571939468384,1.1428571939468384,1.1425960063934326,1.1425960063934326
1783559700.0,1.1427265405654907,1.1427265405654907,1.1427265405654907,1.1427265405654907
1783560000.0,1.1427265405654907,1.1427265405654907,1.1425960063934326,1.1425960063934326
1783560300.0,1.1425960063934326,1.1425960063934326,1.1424654722213745,1.1424654722213745
1783560600.0,1.1424654722213745,1.1425960063934326,1.1423349380493164,1.1425960063934326
1783560900.0,1.1425960063934326,1.1428571939468384,1.1425960063934326,1.1427265405654907
1783561200.0,1.1427265405654907,1.1427265405654907,1.1425960063934326,1.1427265405654907
1783561500.0,1.1425960063934326,1.1425960063934326,1.1424654722213745,1.1425960063934326
1783561800.0,1.1425960063934326,1.1425960063934326,1.1425960063934326,1.1425960063934326
1783562100.0,1.1425960063934326,1.1428571939468384,1.1425960063934326,1.1428571939468384
1783562400.0,1.1428571939468384,1.142987847328186,1.1428571939468384,1.142987847328186
1783562700.0,1.142987847328186,1.1431183815002441,1.142987847328186,1.1431183815002441
1783563000.0,1.142987847328186,1.1431183815002441,1.142987847328186,1.142987847328186
1783563300.0,1.1431183815002441,1.1431183815002441,1.1431183815002441,1.1431183815002441
1783563600.0,1.1431183815002441,1.1431183815002441,1.142987847328186,1.142987847328186
1783563900.0,1.1431183815002441,1.1431183815002441,1.142987847328186,1.142987847328186
1783564200.0,1.142987847328186,1.142987847328186,1.1428571939468384,1.1428571939468384
1783564500.0,1.1427265405654907,1.1428571939468384,1.1427265405654907,1.1428571939468384
1783564800.0,1.1428571939468384,1.1428571939468384,1.1427265405654907,1.1428571939468384
1783565100.0,1.142987847328186,1.142987847328186,1.142987847328186,1.142987847328186
1783565400.0,1.142987847328186,1.142987847328186,1.1428571939468384,1.1428571939468384
1783565700.0,1.1428571939468384,1.1428571939468384,1.1427265405654907,1.1427265405654907
1783566000.0,1.1427265405654907,1.1428571939468384,1.1427265405654907,1.1428571939468384
1783566300.0,1.1428571939468384,1.1428571939468384,1.1428571939468384,1.1428571939468384
1783566600.0,1.1428571939468384,1.1428571939468384,1.1428571939468384,1.1428571939468384
1783566900.0,1.1427265405654907,1.1427265405654907,1.1425960063934326,1.1427265405654907
1783567200.0,1.1427265405654907,1.1427265405654907,1.1425960063934326,1.1427265405654907
1783567500.0,1.1428571939468384,1.142987847328186,1.1428571939468384,1.1428571939468384
1783567800.0,1.1431183815002441,1.143379807472229,1.1431183815002441,1.143379807472229
1783568100.0,1.1432491540908813,1.143379807472229,1.1432491540908813,1.1432491540908813
1783568400.0,1.143379807472229,1.143379807472229,1.1431183815002441,1.1431183815002441
1783568700.0,1.1431183815002441,1.1431183815002441,1.142987847328186,1.142987847328186
1783569000.0,1.142987847328186,1.1431183815002441,1.142987847328186,1.1431183815002441
1783569300.0,1.1431183815002441,1.1431183815002441,1.142987847328186,1.142987847328186
1783569600.0,1.142987847328186,1.142987847328186,1.1428571939468384,1.1428571939468384
1783569900.0,1.142987847328186,1.1431183815002441,1.142987847328186,1.142987847328186
1783570200.0,1.142987847328186,1.1431183815002441,1.1428571939468384,1.142987847328186
1783570500.0,1.142987847328186,1.142987847328186,1.1427265405654907,1.1427265405654907
1783570800.0,1.1427265405654907,1.1431183815002441,1.1427265405654907,1.1428571939468384
1783571100.0,1.1428571939468384,1.1428571939468384,1.1428571939468384,1.1428571939468384
1783571400.0,1.1428571939468384,1.142987847328186,1.1428571939468384,1.142987847328186
1783571700.0,1.142987847328186,1.142987847328186,1.1428571939468384,1.142987847328186
1783572000.0,1.1428571939468384,1.1428571939468384,1.1428571939468384,1.1428571939468384
1783572300.0,1.1428571939468384,1.142987847328186,1.1428571939468384,1.1428571939468384
1783572600.0,1.142987847328186,1.142987847328186,1.142987847328186,1.142987847328186
1783572900.0,1.142987847328186,1.142987847328186,1.142987847328186,1.142987847328186
1783573200.0,1.142987847328186,1.1431183815002441,1.142987847328186,1.142987847328186
1783573500.0,1.142987847328186,1.1431183815002441,1.142987847328186,1.1431183815002441
1783573800.0,1.1431183815002441,1.1435105800628662,1.1431183815002441,1.1435105800628662
1783574100.0,1.1435105800628662,1.1435105800628662,1.143379807472229,1.143379807472229
1783574400.0,1.1432491540908813,1.143379807472229,1.1432491540908813,1.1432491540908813
1783574700.0,1.143379807472229,1.1435105800628662,1.143379807472229,1.1435105800628662
1783575000.0,1.1435105800628662,1.1436413526535034,1.143379807472229,1.1436413526535034
1783575300.0,1.1436413526535034,1.1436413526535034,1.1436413526535034,1.1436413526535034
1783575600.0,1.1436413526535034,1.1436413526535034,1.143379807472229,1.143379807472229
1783575900.0,1.1435105800628662,1.1436413526535034,1.1435105800628662,1.1435105800628662
1783576200.0,1.1436413526535034,1.1436413526535034,1.1435105800628662,1.1436413526535034
1783576500.0,1.1435105800628662,1.1435105800628662,1.143379807472229,1.143379807472229
1783576800.0,1.1437721252441406,1.1440337896347046,1.1437721252441406,1.1439030170440674
1783577100.0,1.1439030170440674,1.1439030170440674,1.1437721252441406,1.1439030170440674
1783577400.0,1.1439030170440674,1.1439030170440674,1.1437721252441406,1.1437721252441406
1783577700.0,1.1437721252441406,1.1440337896347046,1.1437721252441406,1.1439030170440674
1783578000.0,1.1439030170440674,1.144819736480713,1.1439030170440674,1.144819736480713
1783578300.0,1.144819736480713,1.145081877708435,1.144819736480713,1.1449507474899292
1783578600.0,1.144819736480713,1.145081877708435,1.144819736480713,1.145081877708435
1783578900.0,1.145081877708435,1.145081877708435,1.144688606262207,1.144688606262207
1783579200.0,1.144819736480713,1.144819736480713,1.1445575952529907,1.144688606262207
1783579500.0,1.144819736480713,1.144819736480713,1.144688606262207,1.144688606262207
1783579800.0,1.144819736480713,1.144819736480713,1.1445575952529907,1.1445575952529907
1783580100.0,1.1445575952529907,1.1445575952529907,1.144426703453064,1.144426703453064
1783580400.0,1.1445575952529907,1.1445575952529907,1.144164800643921,1.144164800643921
1783580700.0,1.144164800643921,1.144164800643921,1.1439030170440674,1.1440337896347046
1783581000.0,1.144164800643921,1.144164800643921,1.1440337896347046,1.1440337896347046
1783581300.0,1.1440337896347046,1.1442956924438477,1.1440337896347046,1.1442956924438477
1783581600.0,1.1440337896347046,1.144164800643921,1.1439030170440674,1.1439030170440674
1783581900.0,1.144164800643921,1.144164800643921,1.1440337896347046,1.144164800643921
1783582200.0,1.144164800643921,1.144164800643921,1.1439030170440674,1.1439030170440674
1783582500.0,1.1439030170440674,1.1440337896347046,1.1439030170440674,1.1440337896347046
1783582800.0,1.1439030170440674,1.1439030170440674,1.1437721252441406,1.1437721252441406
1783583100.0,1.1439030170440674,1.1439030170440674,1.1436413526535034,1.1437721252441406
1783583400.0,1.1437721252441406,1.1437721252441406,1.1436413526535034,1.1437721252441406
1783583700.0,1.1436413526535034,1.1437721252441406,1.1436413526535034,1.1437721252441406
1783584000.0,1.1439030170440674,1.1439030170440674,1.1437721252441406,1.1439030170440674
1783584300.0,1.1439030170440674,1.1440337896347046,1.1439030170440674,1.1440337896347046
1783584600.0,1.1440337896347046,1.144164800643921,1.1437721252441406,1.1437721252441406
1783584900.0,1.1439030170440674,1.1440337896347046,1.1439030170440674,1.1440337896347046
1783585200.0,1.1440337896347046,1.1440337896347046,1.1439030170440674,1.1439030170440674
1783585500.0,1.1437721252441406,1.1440337896347046,1.1437721252441406,1.1440337896347046
1783585800.0,1.1440337896347046,1.1440337896347046,1.1437721252441406,1.1437721252441406
1783586100.0,1.1437721252441406,1.1437721252441406,1.1437721252441406,1.1437721252441406
1783586400.0,1.1435105800628662,1.1435105800628662,1.1435105800628662,1.1435105800628662
1783586700.0,1.1435105800628662,1.1435105800628662,1.1432491540908813,1.143379807472229
1783587000.0,1.1432491540908813,1.143379807472229,1.1432491540908813,1.143379807472229
1783587300.0,1.143379807472229,1.143379807472229,1.1428571939468384,1.142987847328186
1783587600.0,1.142987847328186,1.1431183815002441,1.142987847328186,1.1431183815002441
1783587900.0,1.1431183815002441,1.1431183815002441,1.1427265405654907,1.1427265405654907
1783588200.0,1.1428571939468384,1.142987847328186,1.1428571939468384,1.142987847328186
1783588500.0,1.142987847328186,1.142987847328186,1.1428571939468384,1.142987847328186
1783588800.0,1.142987847328186,1.1431183815002441,1.142987847328186,1.142987847328186
1783589100.0,1.142987847328186,1.1431183815002441,1.1428571939468384,1.1431183815002441
1783589400.0,1.142987847328186,1.142987847328186,1.142987847328186,1.142987847328186
1783589700.0,1.142987847328186,1.1431183815002441,1.142987847328186,1.142987847328186
1783590000.0,1.142987847328186,1.142987847328186,1.1428571939468384,1.1428571939468384
1783590300.0,1.142987847328186,1.1431183815002441,1.142987847328186,1.1431183815002441
1783590600.0,1.1431183815002441,1.1432491540908813,1.1431183815002441,1.1432491540908813
1783590900.0,1.1432491540908813,1.1435105800628662,1.1432491540908813,1.143379807472229
1783591200.0,1.143379807472229,1.143379807472229,1.1431183815002441,1.1432491540908813
1783591500.0,1.1431183815002441,1.1432491540908813,1.1431183815002441,1.1432491540908813
1783591800.0,1.1432491540908813,1.1432491540908813,1.1431183815002441,1.1432491540908813
1783592100.0,1.1432491540908813,1.1432491540908813,1.1431183815002441,1.1431183815002441
1783592400.0,1.1431183815002441,1.1431183815002441,1.1431183815002441,1.1431183815002441
1783592700.0,1.142987847328186,1.1431183815002441,1.142987847328186,1.1431183815002441
1783593000.0,1.142987847328186,1.1432491540908813,1.142987847328186,1.1432491540908813
1783593300.0,1.143379807472229,1.1435105800628662,1.1432491540908813,1.1432491540908813
1783593600.0,1.1431183815002441,1.1431183815002441,1.1431183815002441,1.1431183815002441
1783593900.0,1.1431183815002441,1.1431183815002441,1.142987847328186,1.1431183815002441
1783594200.0,1.142987847328186,1.142987847328186,1.1425960063934326,1.1425960063934326
1783594500.0,1.1425960063934326,1.1425960063934326,1.1424654722213745,1.1425960063934326
1783594800.0,1.1425960063934326,1.1427265405654907,1.1425960063934326,1.1427265405654907
1783595100.0,1.1427265405654907,1.1427265405654907,1.1425960063934326,1.1425960063934326
1783595400.0,1.1427265405654907,1.1428571939468384,1.1427265405654907,1.1428571939468384
1783595700.0,1.1428571939468384,1.142987847328186,1.1428571939468384,1.1428571939468384
1783596000.0,1.1428571939468384,1.1428571939468384,1.1427265405654907,1.1427265405654907
1783596300.0,1.1428571939468384,1.1428571939468384,1.1427265405654907,1.1427265405654907
1783596600.0,1.1427265405654907,1.1428571939468384,1.1427265405654907,1.1428571939468384
1783596900.0,1.1428571939468384,1.142987847328186,1.1428571939468384,1.1428571939468384
1783597200.0,1.1428571939468384,1.142987847328186,1.1428571939468384,1.142987847328186
1783597500.0,1.142987847328186,1.142987847328186,1.142987847328186,1.142987847328186
1783597800.0,1.1428571939468384,1.1432491540908813,1.1428571939468384,1.1432491540908813
1783598100.0,1.1432491540908813,1.1432491540908813,1.1431183815002441,1.1432491540908813
1783598400.0,1.143379807472229,1.1435105800628662,1.1432491540908813,1.1435105800628662
1783598700.0,1.143379807472229,1.1437721252441406,1.143379807472229,1.1437721252441406
1783599000.0,1.1437721252441406,1.1439030170440674,1.1436413526535034,1.1436413526535034
1783599300.0,1.1437721252441406,1.1437721252441406,1.1437721252441406,1.1437721252441406
1783599600.0,1.1437721252441406,1.1437721252441406,1.1436413526535034,1.1436413526535034
1783599900.0,1.1435105800628662,1.1435105800628662,1.1435105800628662,1.1435105800628662
1783600200.0,1.1436413526535034,1.1439030170440674,1.1435105800628662,1.1435105800628662
1783600500.0,1.1436413526535034,1.1436413526535034,1.143379807472229,1.143379807472229
1783600800.0,1.143379807472229,1.143379807472229,1.142987847328186,1.142987847328186
1783601100.0,1.1431183815002441,1.1431183815002441,1.142987847328186,1.142987847328186
1783601400.0,1.142987847328186,1.1431183815002441,1.1428571939468384,1.1428571939468384
1783601700.0,1.142987847328186,1.1431183815002441,1.1427265405654907,1.1427265405654907
1783602000.0,1.1428571939468384,1.142987847328186,1.1428571939468384,1.142987847328186
1783602300.0,1.142987847328186,1.143379807472229,1.142987847328186,1.143379807472229
1783602600.0,1.1432491540908813,1.1432491540908813,1.1431183815002441,1.1432491540908813
1783602900.0,1.1435105800628662,1.1439030170440674,1.1435105800628662,1.1436413526535034
1783603200.0,1.143379807472229,1.1436413526535034,1.143379807472229,1.1436413526535034
1783603500.0,1.1436413526535034,1.1437721252441406,1.1436413526535034,1.1437721252441406
1783603800.0,1.1437721252441406,1.1437721252441406,1.1436413526535034,1.1437721252441406
1783604100.0,1.1436413526535034,1.1437721252441406,1.1435105800628662,1.1435105800628662
1783604400.0,1.1435105800628662,1.1439030170440674,1.1435105800628662,1.1437721252441406
1783604700.0,1.1439030170440674,1.1440337896347046,1.1437721252441406,1.1440337896347046
1783605000.0,1.1439030170440674,1.1440337896347046,1.1439030170440674,1.1439030170440674
1783605300.0,1.1440337896347046,1.144164800643921,1.1440337896347046,1.144164800643921
1783605600.0,1.1442956924438477,1.144819736480713,1.1442956924438477,1.144819736480713
1783605900.0,1.144819736480713,1.144819736480713,1.144426703453064,1.144426703453064
1783606200.0,1.144426703453064,1.1445575952529907,1.144426703453064,1.144426703453064
1783606500.0,1.1442956924438477,1.1442956924438477,1.1440337896347046,1.1440337896347046
1783606800.0,1.1440337896347046,1.144426703453064,1.1440337896347046,1.144426703453064
1783607100.0,1.1442956924438477,1.1442956924438477,1.144164800643921,1.1442956924438477
1783607400.0,1.1442956924438477,1.1442956924438477,1.1440337896347046,1.144164800643921
1783607700.0,1.144426703453064,1.144426703453064,1.1440337896347046,1.1440337896347046
1783608000.0,1.1440337896347046,1.1440337896347046,1.1439030170440674,1.1439030170440674
1783608300.0,1.1439030170440674,1.1439030170440674,1.1439030170440674,1.1439030170440674
1783608600.0,1.1437721252441406,1.1437721252441406,1.1436413526535034,1.1437721252441406
1783608900.0,1.1436413526535034,1.1437721252441406,1.1435105800628662,1.1436413526535034
1783609200.0,1.1436413526535034,1.1436413526535034,1.143379807472229,1.143379807472229
1783609500.0,1.1435105800628662,1.1439030170440674,1.1435105800628662,1.1439030170440674
1783609800.0,1.1439030170440674,1.1439030170440674,1.1435105800628662,1.1435105800628662
1783610100.0,1.1435105800628662,1.1436413526535034,1.143379807472229,1.143379807472229
1783610400.0,1.1432491540908813,1.143379807472229,1.1432491540908813,1.143379807472229
1783610700.0,1.1435105800628662,1.1437721252441406,1.1435105800628662,1.1436413526535034
1783611000.0,1.1437721252441406,1.1437721252441406,1.1435105800628662,1.1436413526535034
1783611300.0,1.1436413526535034,1.1436413526535034,1.1435105800628662,1.1435105800628662
1783611600.0,1.1436413526535034,1.1440337896347046,1.1436413526535034,1.1440337896347046
1783611900.0,1.1439030170440674,1.144164800643921,1.1439030170440674,1.1440337896347046
1783612200.0,1.144164800643921,1.1442956924438477,1.144164800643921,1.1442956924438477
1783612500.0,1.1442956924438477,1.1442956924438477,1.144164800643921,1.144164800643921
1783612800.0,1.1442956924438477,1.1442956924438477,1.1442956924438477,1.1442956924438477
1783613100.0,1.144164800643921,1.1442956924438477,1.144164800643921,1.1442956924438477
1783613400.0,1.1442956924438477,1.1442956924438477,1.144164800643921,1.1442956924438477
1783613700.0,1.144426703453064,1.144426703453064,1.1440337896347046,1.1440337896347046
1783614000.0,1.1440337896347046,1.1440337896347046,1.1439030170440674,1.1439030170440674
1783614300.0,1.1440337896347046,1.144164800643921,1.1440337896347046,1.1440337896347046
1783614600.0,1.1439030170440674,1.1440337896347046,1.1439030170440674,1.1440337896347046
1783614900.0,1.1439030170440674,1.144164800643921,1.1439030170440674,1.144164800643921
1783615200.0,1.1442956924438477,1.1442956924438477,1.1442956924438477,1.1442956924438477
1783615500.0,1.1442956924438477,1.144426703453064,1.1442956924438477,1.1442956924438477
1783615800.0,1.1442956924438477,1.1442956924438477,1.144164800643921,1.144164800643921
1783616100.0,1.144164800643921,1.144164800643921,1.1440337896347046,1.1440337896347046
1783616400.0,1.1440337896347046,1.144164800643921,1.1440337896347046,1.1440337896347046
1783616700.0,1.1440337896347046,1.1440337896347046,1.1439030170440674,1.1439030170440674
1783617000.0,1.1439030170440674,1.1440337896347046,1.1439030170440674,1.1440337896347046
1783617300.0,1.1439030170440674,1.144164800643921,1.1439030170440674,1.144164800643921
1783617600.0,1.144426703453064,1.144426703453064,1.1442956924438477,1.1442956924438477
1783617900.0,1.1442956924438477,1.1442956924438477,1.1442956924438477,1.1442956924438477
1783618200.0,1.1442956924438477,1.1442956924438477,1.144164800643921,1.1442956924438477
1783618500.0,1.144164800643921,1.1442956924438477,1.1440337896347046,1.1440337896347046
1783618800.0,1.1439030170440674,1.1440337896347046,1.1439030170440674,1.1440337896347046
1783619100.0,1.1440337896347046,1.144164800643921,1.1440337896347046,1.144164800643921
1783619400.0,1.1440337896347046,1.144164800643921,1.1440337896347046,1.1440337896347046
1783619700.0,1.1440337896347046,1.1440337896347046,1.1440337896347046,1.1440337896347046
1783620000.0,1.144164800643921,1.144164800643921,1.1439030170440674,1.1439030170440674
1783620300.0,1.1439030170440674,1.1440337896347046,1.1439030170440674,1.1439030170440674
1783620600.0,1.1439030170440674,1.1439030170440674,1.1437721252441406,1.1437721252441406
1783620900.0,1.1439030170440674,1.1439030170440674,1.1436413526535034,1.1436413526535034
1783621200.0,1.1437721252441406,1.1437721252441406,1.1436413526535034,1.1436413526535034
1783621500.0,1.1436413526535034,1.1436413526535034,1.1435105800628662,1.1435105800628662
1783621800.0,1.1435105800628662,1.1436413526535034,1.1435105800628662,1.1436413526535034
1783622100.0,1.1435105800628662,1.1436413526535034,1.1435105800628662,1.1435105800628662
1783622400.0,1.1435105800628662,1.1436413526535034,1.1435105800628662,1.1436413526535034
1783622700.0,1.1436413526535034,1.1437721252441406,1.1436413526535034,1.1437721252441406
1783623000.0,1.1437721252441406,1.1437721252441406,1.1435105800628662,1.1436413526535034
1783623300.0,1.1436413526535034,1.1437721252441406,1.1436413526535034,1.1436413526535034
1783623600.0,1.1437721252441406,1.1437721252441406,1.1435105800628662,1.1435105800628662
1783623900.0,1.1436413526535034,1.1436413526535034,1.143379807472229,1.143379807472229
1783624200.0,1.143379807472229,1.1435105800628662,1.143379807472229,1.1435105800628662
1783624500.0,1.1435105800628662,1.1435105800628662,1.1435105800628662,1.1435105800628662
1783624800.0,1.1435105800628662,1.1435105800628662,1.143379807472229,1.143379807472229
1783625100.0,1.143379807472229,1.143379807472229,1.1432491540908813,1.1432491540908813
1783625400.0,1.1432491540908813,1.1432491540908813,1.1431183815002441,1.1431183815002441
1783625700.0,1.1431183815002441,1.1432491540908813,1.1431183815002441,1.1431183815002441
1783626000.0,1.1432491540908813,1.1432491540908813,1.142987847328186,1.142987847328186
1783626300.0,1.142987847328186,1.142987847328186,1.142987847328186,1.142987847328186
1783626600.0,1.142987847328186,1.142987847328186,1.142987847328186,1.142987847328186
1783626900.0,1.142987847328186,1.1431183815002441,1.142987847328186,1.1431183815002441
1783627200.0,1.1431183815002441,1.1431183815002441,1.1431183815002441,1.1431183815002441
1783627500.0,1.1431183815002441,1.1432491540908813,1.1431183815002441,1.1432491540908813
1783627800.0,1.1432491540908813,1.1432491540908813,1.1431183815002441,1.1432491540908813
1783628100.0,1.1432491540908813,1.143379807472229,1.1432491540908813,1.1432491540908813
1783628400.0,1.1432491540908813,1.143379807472229,1.1432491540908813,1.143379807472229
1783628700.0,1.143379807472229,1.143379807472229,1.1432491540908813,1.1432491540908813
1783629000.0,1.1432491540908813,1.1432491540908813,1.1432491540908813,1.1432491540908813
1783629300.0,1.1432491540908813,1.1432491540908813,1.1432491540908813,1.1432491540908813
1783629600.0,1.1432491540908813,1.143379807472229,1.1432491540908813,1.143379807472229
1783629900.0,1.1432491540908813,1.1432491540908813,1.1432491540908813,1.1432491540908813
1783630200.0,1.1432491540908813,1.1432491540908813,1.1431183815002441,1.1432491540908813
1783630500.0,1.1432491540908813,1.1432491540908813,1.1432491540908813,1.1432491540908813
1783630800.0,1.1437721252441406,1.1437721252441406,1.1437721252441406,1.1437721252441406
1783631100.0,1.1432491540908813,1.1432491540908813,1.1428571939468384,1.1428571939468384
1783631400.0,1.142987847328186,1.142987847328186,1.142987847328186,1.142987847328186
1783631700.0,1.1432491540908813,1.1432491540908813,1.1427265405654907,1.1431183815002441
1783632000.0,1.142987847328186,1.1432491540908813,1.1428571939468384,1.142987847328186
1783632300.0,1.1431183815002441,1.143379807472229,1.1424654722213745,1.1424654722213745
1783632600.0,1.1425960063934326,1.1437721252441406,1.1425960063934326,1.1437721252441406
1783632900.0,1.1432491540908813,1.1436413526535034,1.1431183815002441,1.1436413526535034
1783633200.0,1.1435105800628662,1.1435105800628662,1.1431183815002441,1.1432491540908813
1783633500.0,1.1431183815002441,1.1436413526535034,1.1431183815002441,1.1435105800628662
1783633800.0,1.1435105800628662,1.1435105800628662,1.1431183815002441,1.143379807472229
1783634100.0,1.1435105800628662,1.1436413526535034,1.1431183815002441,1.1435105800628662
1783634400.0,1.143379807472229,1.143379807472229,1.1432491540908813,1.143379807472229
1783634700.0,1.1435105800628662,1.1436413526535034,1.1435105800628662,1.1436413526535034
1783635000.0,1.1436413526535034,1.1436413526535034,1.1435105800628662,1.1435105800628662
1783635300.0,1.1436413526535034,1.1436413526535034,1.1436413526535034,1.1436413526535034
1783635600.0,1.1436413526535034,1.1436413526535034,1.1436413526535034,1.1436413526535034
1783635900.0,1.1436413526535034,1.1436413526535034,1.1436413526535034,1.1436413526535034
1783636200.0,1.1436413526535034,1.1436413526535034,1.1436413526535034,1.1436413526535034
1783636500.0,1.1436413526535034,1.1436413526535034,1.1436413526535034,1.1436413526535034
1783636800.0,1.1436413526535034,1.1436413526535034,1.1436413526535034,1.1436413526535034
1783637100.0,1.1436413526535034,1.1436413526535034,1.1436413526535034,1.1436413526535034
1783637400.0,1.1436413526535034,1.1436413526535034,1.1436413526535034,1.1436413526535034
1783637700.0,1.1436413526535034,1.1436413526535034,1.1436413526535034,1.1436413526535034
1783638000.0,1.1436413526535034,1.1436413526535034,1.1436413526535034,1.1436413526535034
1783638300.0,1.1436413526535034,1.1437721252441406,1.1436413526535034,1.1436413526535034
1783638600.0,1.1436413526535034,1.1436413526535034,1.1436413526535034,1.1436413526535034
1783638900.0,1.1436413526535034,1.1436413526535034,1.1436413526535034,1.1436413526535034
1783639200.0,1.1436413526535034,1.1436413526535034,1.1435105800628662,1.1435105800628662
1783639500.0,1.1435105800628662,1.1435105800628662,1.1435105800628662,1.1435105800628662
1783639800.0,1.1435105800628662,1.1435105800628662,1.1435105800628662,1.1435105800628662
1783640100.0,1.1435105800628662,1.1436413526535034,1.1435105800628662,1.1436413526535034
1783640400.0,1.1435105800628662,1.1436413526535034,1.1435105800628662,1.1436413526535034
1783640700.0,1.1437721252441406,1.1437721252441406,1.1436413526535034,1.1436413526535034
1783641000.0,1.1436413526535034,1.1436413526535034,1.1435105800628662,1.1436413526535034
1783641300.0,1.1435105800628662,1.1436413526535034,1.1435105800628662,1.1436413526535034
1783641600.0,1.1436413526535034,1.1437721252441406,1.1436413526535034,1.1437721252441406
1783641900.0,1.1437721252441406,1.1437721252441406,1.1436413526535034,1.1436413526535034
1783642200.0,1.1436413526535034,1.1436413526535034,1.1435105800628662,1.1435105800628662
1783642500.0,1.1436413526535034,1.1436413526535034,1.1435105800628662,1.1436413526535034
1783642800.0,1.1435105800628662,1.1435105800628662,1.143379807472229,1.1435105800628662
1783643100.0,1.1435105800628662,1.1435105800628662,1.143379807472229,1.143379807472229
1783643400.0,1.143379807472229,1.1435105800628662,1.143379807472229,1.143379807472229
1783643700.0,1.143379807472229,1.1436413526535034,1.143379807472229,1.1436413526535034
1783644000.0,1.1436413526535034,1.1437721252441406,1.1436413526535034,1.1437721252441406
1783644300.0,1.1440337896347046,1.1440337896347046,1.1439030170440674,1.1440337896347046
1783644600.0,1.144164800643921,1.144164800643921,1.1440337896347046,1.1440337896347046
1783644900.0,1.1442956924438477,1.1445575952529907,1.1442956924438477,1.144426703453064
1783645200.0,1.1442956924438477,1.1442956924438477,1.1442956924438477,1.1442956924438477
1783645500.0,1.144164800643921,1.1445575952529907,1.144164800643921,1.1445575952529907
1783645800.0,1.1445575952529907,1.144688606262207,1.1445575952529907,1.144688606262207
1783646100.0,1.144819736480713,1.145081877708435,1.144819736480713,1.1449507474899292
1783646400.0,1.1449507474899292,1.1449507474899292,1.1445575952529907,1.1445575952529907
1783646700.0,1.144688606262207,1.144688606262207,1.1445575952529907,1.1445575952529907
1783647000.0,1.1445575952529907,1.144819736480713,1.1445575952529907,1.144819736480713
1783647300.0,1.144819736480713,1.144819736480713,1.144688606262207,1.144819736480713
1783647600.0,1.144688606262207,1.144819736480713,1.144688606262207,1.144688606262207
1783647900.0,1.144688606262207,1.144819736480713,1.1445575952529907,1.144819736480713
1783648200.0,1.1449507474899292,1.145081877708435,1.1449507474899292,1.1449507474899292
1783648500.0,1.145213007926941,1.145213007926941,1.145213007926941,1.145213007926941
1783648800.0,1.145081877708435,1.145213007926941,1.145081877708435,1.145213007926941
1783649100.0,1.145213007926941,1.145737886428833,1.145213007926941,1.1456066370010376
1783649400.0,1.145737886428833,1.1458691358566284,1.145737886428833,1.1458691358566284
1783649700.0,1.1461317539215088,1.1462632417678833,1.1461317539215088,1.1462632417678833
1783650000.0,1.1462632417678833,1.1462632417678833,1.1460003852844238,1.1460003852844238
1783650300.0,1.1461317539215088,1.1462632417678833,1.1461317539215088,1.1461317539215088
1783650600.0,1.1461317539215088,1.1461317539215088,1.1460003852844238,1.1460003852844238
1783650900.0,1.1460003852844238,1.1460003852844238,1.1458691358566284,1.1460003852844238
1783651200.0,1.1460003852844238,1.1461317539215088,1.1460003852844238,1.1461317539215088
1783651500.0,1.1462632417678833,1.1462632417678833,1.1461317539215088,1.1461317539215088
1783651800.0,1.1461317539215088,1.1463946104049683,1.1461317539215088,1.1463946104049683
1783652100.0,1.1462632417678833,1.1462632417678833,1.1461317539215088,1.1461317539215088
1783652400.0,1.1462632417678833,1.1462632417678833,1.1461317539215088,1.1461317539215088
1783652700.0,1.1460003852844238,1.1461317539215088,1.1460003852844238,1.1461317539215088
1783653000.0,1.1461317539215088,1.1461317539215088,1.1458691358566284,1.1458691358566284
1783653300.0,1.1458691358566284,1.1460003852844238,1.1458691358566284,1.1458691358566284
1783653600.0,1.1458691358566284,1.1458691358566284,1.145737886428833,1.145737886428833
1783653900.0,1.145737886428833,1.1458691358566284,1.145737886428833,1.1458691358566284
1783654200.0,1.1460003852844238,1.1460003852844238,1.1458691358566284,1.1460003852844238
1783654500.0,1.1458691358566284,1.1458691358566284,1.145737886428833,1.145737886428833
1783654800.0,1.145737886428833,1.145737886428833,1.145737886428833,1.145737886428833
1783655100.0,1.145737886428833,1.145737886428833,1.1456066370010376,1.1456066370010376
1783655400.0,1.1456066370010376,1.1456066370010376,1.1453442573547363,1.1453442573547363
1783655700.0,1.1453442573547363,1.1453442573547363,1.145213007926941,1.1453442573547363
1783656000.0,1.145213007926941,1.145213007926941,1.145213007926941,1.145213007926941
1783656300.0,1.145213007926941,1.145213007926941,1.145081877708435,1.145081877708435
1783656600.0,1.145081877708435,1.145213007926941,1.145081877708435,1.145213007926941
1783656900.0,1.145213007926941,1.145213007926941,1.1449507474899292,1.145081877708435
1783657200.0,1.1449507474899292,1.1449507474899292,1.144819736480713,1.144819736480713
1783657500.0,1.144819736480713,1.1449507474899292,1.144819736480713,1.1449507474899292
1783657800.0,1.1449507474899292,1.1449507474899292,1.144819736480713,1.144819736480713
1783658100.0,1.144819736480713,1.144819736480713,1.144688606262207,1.144819736480713
1783658400.0,1.144688606262207,1.144819736480713,1.1445575952529907,1.1445575952529907
1783658700.0,1.1445575952529907,1.1445575952529907,1.144426703453064,1.1445575952529907
1783659000.0,1.144426703453064,1.144426703453064,1.144426703453064,1.144426703453064
1783659300.0,1.144426703453064,1.1445575952529907,1.144426703453064,1.1445575952529907
1783659600.0,1.1445575952529907,1.144688606262207,1.1445575952529907,1.144688606262207
1783659900.0,1.1445575952529907,1.144688606262207,1.1445575952529907,1.1445575952529907
1783660200.0,1.1445575952529907,1.1445575952529907,1.144426703453064,1.144426703453064
1783660500.0,1.144426703453064,1.144426703453064,1.1442956924438477,1.1442956924438477
1783660800.0,1.1442956924438477,1.1442956924438477,1.1440337896347046,1.144164800643921
1783661100.0,1.144164800643921,1.144164800643921,1.144164800643921,1.144164800643921
1783661400.0,1.1440337896347046,1.144164800643921,1.1440337896347046,1.144164800643921
1783661700.0,1.1440337896347046,1.144164800643921,1.1440337896347046,1.1440337896347046
1783662000.0,1.1439030170440674,1.1440337896347046,1.1439030170440674,1.1440337896347046
1783662300.0,1.144164800643921,1.1442956924438477,1.144164800643921,1.1442956924438477
1783662600.0,1.1442956924438477,1.144426703453064,1.1442956924438477,1.1442956924438477
1783662900.0,1.144164800643921,1.1442956924438477,1.144164800643921,1.1442956924438477
1783663200.0,1.1442956924438477,1.144426703453064,1.1442956924438477,1.1442956924438477
1783663500.0,1.144426703453064,1.1445575952529907,1.1442956924438477,1.1445575952529907
1783663800.0,1.1445575952529907,1.144688606262207,1.1445575952529907,1.144688606262207
1783664100.0,1.144688606262207,1.1449507474899292,1.1445575952529907,1.1449507474899292
1783664400.0,1.144819736480713,1.145081877708435,1.144819736480713,1.1449507474899292
1783664700.0,1.144819736480713,1.144819736480713,1.1445575952529907,1.1445575952529907
1783665000.0,1.1445575952529907,1.144688606262207,1.1445575952529907,1.144688606262207
1783665300.0,1.144688606262207,1.1449507474899292,1.144688606262207,1.144819736480713
1783665600.0,1.144819736480713,1.144819736480713,1.144426703453064,1.144426703453064
1783665900.0,1.1442956924438477,1.1442956924438477,1.1442956924438477,1.1442956924438477
1783666200.0,1.1442956924438477,1.144426703453064,1.1442956924438477,1.144426703453064
1783666500.0,1.144426703453064,1.1445575952529907,1.144426703453064,1.1445575952529907
1783666800.0,1.144426703453064,1.1445575952529907,1.1442956924438477,1.1442956924438477
1783667100.0,1.1442956924438477,1.1442956924438477,1.144164800643921,1.144164800643921
1783667400.0,1.144164800643921,1.1442956924438477,1.144164800643921,1.1442956924438477
1783667700.0,1.1440337896347046,1.144426703453064,1.1440337896347046,1.1442956924438477
1783668000.0,1.1445575952529907,1.1445575952529907,1.1442956924438477,1.1442956924438477
1783668300.0,1.1442956924438477,1.1442956924438477,1.144164800643921,1.1442956924438477
1783668600.0,1.144426703453064,1.144426703453064,1.144164800643921,1.144164800643921
1783668900.0,1.1442956924438477,1.1442956924438477,1.144164800643921,1.144164800643921
1783669200.0,1.144164800643921,1.144426703453064,1.144164800643921,1.144426703453064
1783669500.0,1.1442956924438477,1.1442956924438477,1.1440337896347046,1.1442956924438477
1783669800.0,1.144426703453064,1.144426703453064,1.144164800643921,1.144164800643921
1783670100.0,1.144164800643921,1.144164800643921,1.1440337896347046,1.1440337896347046
1783670400.0,1.1440337896347046,1.1445575952529907,1.1440337896347046,1.1442956924438477
1783670700.0,1.1442956924438477,1.1445575952529907,1.1442956924438477,1.144426703453064
1783671000.0,1.1442956924438477,1.1442956924438477,1.1440337896347046,1.1440337896347046
1783671300.0,1.1440337896347046,1.1440337896347046,1.1439030170440674,1.1439030170440674
1783671600.0,1.1439030170440674,1.1439030170440674,1.1437721252441406,1.1437721252441406
1783671900.0,1.1436413526535034,1.1437721252441406,1.1435105800628662,1.1437721252441406
1783672200.0,1.1439030170440674,1.1439030170440674,1.1439030170440674,1.1439030170440674
1783672500.0,1.1437721252441406,1.1437721252441406,1.1435105800628662,1.1436413526535034
1783672800.0,1.1435105800628662,1.1437721252441406,1.1435105800628662,1.1437721252441406
1783673100.0,1.1437721252441406,1.1437721252441406,1.1436413526535034,1.1436413526535034
1783673400.0,1.1436413526535034,1.1436413526535034,1.1435105800628662,1.1435105800628662
1783673700.0,1.1436413526535034,1.1436413526535034,1.143379807472229,1.143379807472229
1783674000.0,1.143379807472229,1.1436413526535034,1.143379807472229,1.1436413526535034
1783674300.0,1.1436413526535034,1.1436413526535034,1.1435105800628662,1.1435105800628662
1783674600.0,1.1436413526535034,1.1436413526535034,1.1435105800628662,1.1436413526535034
1783674900.0,1.1436413526535034,1.1436413526535034,1.1435105800628662,1.1435105800628662
1783675200.0,1.143379807472229,1.1435105800628662,1.143379807472229,1.1435105800628662
1783675500.0,1.1436413526535034,1.1436413526535034,1.1436413526535034,1.1436413526535034
1783675800.0,1.1435105800628662,1.1435105800628662,1.1435105800628662,1.1435105800628662
1783676100.0,1.143379807472229,1.1435105800628662,1.143379807472229,1.1435105800628662
1783676400.0,1.1436413526535034,1.1436413526535034,1.1432491540908813,1.1432491540908813
1783676700.0,1.143379807472229,1.143379807472229,1.1431183815002441,1.1431183815002441
1783677000.0,1.1432491540908813,1.1432491540908813,1.142987847328186,1.1431183815002441
1783677300.0,1.1432491540908813,1.1432491540908813,1.1431183815002441,1.1431183815002441
1783677600.0,1.1431183815002441,1.1431183815002441,1.142987847328186,1.1431183815002441
1783677900.0,1.1432491540908813,1.1432491540908813,1.1431183815002441,1.1431183815002441
1783678200.0,1.1431183815002441,1.1432491540908813,1.1431183815002441,1.1432491540908813
1783678500.0,1.1432491540908813,1.143379807472229,1.1432491540908813,1.143379807472229
1783678800.0,1.143379807472229,1.1436413526535034,1.143379807472229,1.1436413526535034
1783679100.0,1.1436413526535034,1.1436413526535034,1.1435105800628662,1.1436413526535034
1783679400.0,1.1436413526535034,1.1436413526535034,1.143379807472229,1.1435105800628662
1783679700.0,1.143379807472229,1.1436413526535034,1.143379807472229,1.1436413526535034
1783680000.0,1.1435105800628662,1.1435105800628662,1.1435105800628662,1.1435105800628662
1783680300.0,1.1435105800628662,1.1436413526535034,1.143379807472229,1.1436413526535034
1783680600.0,1.1436413526535034,1.1437721252441406,1.1436413526535034,1.1437721252441406
1783680900.0,1.1437721252441406,1.1439030170440674,1.1436413526535034,1.1436413526535034
1783681200.0,1.1436413526535034,1.1437721252441406,1.1436413526535034,1.1437721252441406
1783681500.0,1.1437721252441406,1.1437721252441406,1.1435105800628662,1.1435105800628662
1783681800.0,1.1435105800628662,1.1435105800628662,1.143379807472229,1.1435105800628662
1783682100.0,1.143379807472229,1.143379807472229,1.143379807472229,1.143379807472229
1783682400.0,1.1435105800628662,1.1435105800628662,1.143379807472229,1.1435105800628662
1783682700.0,1.143379807472229,1.143379807472229,1.1431183815002441,1.1432491540908813
1783683000.0,1.1432491540908813,1.143379807472229,1.1432491540908813,1.1432491540908813
1783683300.0,1.1432491540908813,1.1432491540908813,1.142987847328186,1.142987847328186
1783683600.0,1.1431183815002441,1.143379807472229,1.1431183815002441,1.1432491540908813
1783683900.0,1.1432491540908813,1.143379807472229,1.1432491540908813,1.143379807472229
1783684200.0,1.143379807472229,1.1435105800628662,1.143379807472229,1.143379807472229
1783684500.0,1.1432491540908813,1.1435105800628662,1.1432491540908813,1.1435105800628662
1783684800.0,1.1435105800628662,1.1435105800628662,1.142987847328186,1.142987847328186
1783685100.0,1.1431183815002441,1.143379807472229,1.1431183815002441,1.143379807472229
1783685400.0,1.143379807472229,1.1440337896347046,1.143379807472229,1.1440337896347046
1783685700.0,1.1437721252441406,1.1437721252441406,1.1437721252441406,1.1437721252441406
1783686000.0,1.1435105800628662,1.1435105800628662,1.143379807472229,1.143379807472229
1783686300.0,1.1435105800628662,1.1435105800628662,1.1432491540908813,1.1432491540908813
1783686600.0,1.143379807472229,1.143379807472229,1.142987847328186,1.142987847328186
1783686900.0,1.142987847328186,1.1432491540908813,1.1428571939468384,1.1432491540908813
1783687200.0,1.1432491540908813,1.1432491540908813,1.142987847328186,1.142987847328186
1783687500.0,1.142987847328186,1.142987847328186,1.1427265405654907,1.1427265405654907
1783687800.0,1.1428571939468384,1.142987847328186,1.1427265405654907,1.1428571939468384
1783688100.0,1.1428571939468384,1.1432491540908813,1.1428571939468384,1.1432491540908813
1783688400.0,1.1432491540908813,1.1432491540908813,1.1427265405654907,1.1427265405654907
1783688700.0,1.1427265405654907,1.1427265405654907,1.1424654722213745,1.1424654722213745
1783689000.0,1.1424654722213745,1.1425960063934326,1.1423349380493164,1.1424654722213745
1783689300.0,1.1424654722213745,1.1425960063934326,1.1423349380493164,1.1424654722213745
1783689600.0,1.1425960063934326,1.1425960063934326,1.1423349380493164,1.1423349380493164
1783689900.0,1.1424654722213745,1.1424654722213745,1.1423349380493164,1.1424654722213745
1783690200.0,1.1424654722213745,1.1425960063934326,1.1423349380493164,1.1423349380493164
1783690500.0,1.1423349380493164,1.1427265405654907,1.1423349380493164,1.1427265405654907
1783690800.0,1.1427265405654907,1.142987847328186,1.1427265405654907,1.142987847328186
1783691100.0,1.1428571939468384,1.1428571939468384,1.1425960063934326,1.1425960063934326
1783691400.0,1.1424654722213745,1.1427265405654907,1.1424654722213745,1.1425960063934326
1783691700.0,1.1424654722213745,1.1424654722213745,1.1423349380493164,1.1423349380493164
1783692000.0,1.1422044038772583,1.1422044038772583,1.1420739889144897,1.1422044038772583
1783692300.0,1.1422044038772583,1.1423349380493164,1.1422044038772583,1.1423349380493164
1783692600.0,1.1424654722213745,1.1425960063934326,1.1423349380493164,1.1425960063934326
1783692900.0,1.1425960063934326,1.1425960063934326,1.1424654722213745,1.1425960063934326
1783693200.0,1.1425960063934326,1.1428571939468384,1.1425960063934326,1.1427265405654907
1783693500.0,1.1428571939468384,1.142987847328186,1.1428571939468384,1.1428571939468384
1783693800.0,1.142987847328186,1.1431183815002441,1.1418131589889526,1.1423349380493164
1783694100.0,1.1422044038772583,1.1425960063934326,1.1422044038772583,1.1424654722213745
1783694400.0,1.1423349380493164,1.1425960063934326,1.1423349380493164,1.1425960063934326
1783694700.0,1.1423349380493164,1.1425960063934326,1.1423349380493164,1.1425960063934326
1783695000.0,1.1424654722213745,1.1425960063934326,1.1424654722213745,1.1425960063934326
1783695300.0,1.1424654722213745,1.1425960063934326,1.1422044038772583,1.1425960063934326
1783695600.0,1.1425960063934326,1.1428571939468384,1.1425960063934326,1.1427265405654907
1783695900.0,1.1427265405654907,1.1431183815002441,1.1427265405654907,1.1431183815002441
1783696200.0,1.142987847328186,1.1431183815002441,1.142987847328186,1.1431183815002441
1783696500.0,1.1431183815002441,1.1435105800628662,1.1431183815002441,1.1435105800628662
1783696800.0,1.1435105800628662,1.1437721252441406,1.1435105800628662,1.1436413526535034
1783697100.0,1.1435105800628662,1.1437721252441406,1.1435105800628662,1.1435105800628662
1783697400.0,1.1436413526535034,1.1436413526535034,1.1435105800628662,1.1436413526535034
1783697700.0,1.1436413526535034,1.1437721252441406,1.1435105800628662,1.1437721252441406
1783698000.0,1.1436413526535034,1.1436413526535034,1.1435105800628662,1.1436413526535034
1783698300.0,1.1436413526535034,1.1436413526535034,1.1435105800628662,1.1436413526535034
1783698600.0,1.1436413526535034,1.1439030170440674,1.1436413526535034,1.1437721252441406
1783698900.0,1.1439030170440674,1.144164800643921,1.1439030170440674,1.144164800643921
1783699200.0,1.1440337896347046,1.144164800643921,1.1440337896347046,1.1440337896347046
1783699500.0,1.1440337896347046,1.144164800643921,1.1440337896347046,1.144164800643921
1783699800.0,1.144164800643921,1.1442956924438477,1.144164800643921,1.1442956924438477
1783700100.0,1.1442956924438477,1.144426703453064,1.1440337896347046,1.1440337896347046
1783700400.0,1.1440337896347046,1.144164800643921,1.1440337896347046,1.144164800643921
1783700700.0,1.144164800643921,1.1442956924438477,1.144164800643921,1.1442956924438477
1783701000.0,1.144164800643921,1.1442956924438477,1.1440337896347046,1.1440337896347046
1783701300.0,1.1440337896347046,1.1440337896347046,1.1439030170440674,1.1440337896347046
1783701600.0,1.1440337896347046,1.1440337896347046,1.1439030170440674,1.1439030170440674
1783701900.0,1.1437721252441406,1.1439030170440674,1.1437721252441406,1.1439030170440674
1783702200.0,1.1437721252441406,1.1439030170440674,1.1436413526535034,1.1436413526535034
1783702500.0,1.1436413526535034,1.1436413526535034,1.143379807472229,1.143379807472229
1783702800.0,1.143379807472229,1.143379807472229,1.1431183815002441,1.1431183815002441
1783703100.0,1.1431183815002441,1.1431183815002441,1.142987847328186,1.142987847328186
1783703400.0,1.142987847328186,1.1431183815002441,1.142987847328186,1.1431183815002441
1783703700.0,1.1431183815002441,1.1431183815002441,1.1427265405654907,1.1427265405654907
1783704000.0,1.1428571939468384,1.1428571939468384,1.1425960063934326,1.1425960063934326
1783704300.0,1.1425960063934326,1.1427265405654907,1.1425960063934326,1.1427265405654907
1783704600.0,1.1428571939468384,1.1428571939468384,1.1425960063934326,1.1425960063934326
1783704900.0,1.1425960063934326,1.1425960063934326,1.1423349380493164,1.1423349380493164
1783705200.0,1.1423349380493164,1.1425960063934326,1.1423349380493164,1.1424654722213745
1783705500.0,1.1424654722213745,1.1425960063934326,1.1424654722213745,1.1425960063934326
1783705800.0,1.1425960063934326,1.1425960063934326,1.1424654722213745,1.1424654722213745
1783706100.0,1.1424654722213745,1.1424654722213745,1.1420739889144897,1.1420739889144897
1783706400.0,1.1420739889144897,1.1420739889144897,1.1419435739517212,1.1420739889144897
1783706700.0,1.1419435739517212,1.1420739889144897,1.1419435739517212,1.1419435739517212
1783707000.0,1.1420739889144897,1.1420739889144897,1.1419435739517212,1.1419435739517212
1783707300.0,1.1420739889144897,1.1420739889144897,1.1419435739517212,1.1419435739517212
1783707600.0,1.1418131589889526,1.1420739889144897,1.1418131589889526,1.1418131589889526
1783707900.0,1.1419435739517212,1.1419435739517212,1.1418131589889526,1.1418131589889526
1783708200.0,1.1416828632354736,1.1418131589889526,1.1416828632354736,1.1418131589889526
1783708500.0,1.1418131589889526,1.1418131589889526,1.1416828632354736,1.1416828632354736
1783708800.0,1.1416828632354736,1.1416828632354736,1.1415525674819946,1.1415525674819946
1783709100.0,1.1416828632354736,1.1418131589889526,1.1416828632354736,1.1418131589889526
1783709400.0,1.1419435739517212,1.1419435739517212,1.1418131589889526,1.1418131589889526
1783709700.0,1.1418131589889526,1.1419435739517212,1.1418131589889526,1.1419435739517212
1783710000.0,1.1419435739517212,1.1419435739517212,1.1418131589889526,1.1418131589889526
1783710300.0,1.1418131589889526,1.1419435739517212,1.1418131589889526,1.1418131589889526
1783710600.0,1.1418131589889526,1.1419435739517212,1.1418131589889526,1.1419435739517212
1783710900.0,1.1418131589889526,1.1419435739517212,1.1418131589889526,1.1419435739517212
1783711200.0,1.1419435739517212,1.1419435739517212,1.1419435739517212,1.1419435739517212
1783711500.0,1.1419435739517212,1.1419435739517212,1.1419435739517212,1.1419435739517212
1783711800.0,1.1419435739517212,1.1419435739517212,1.1418131589889526,1.1419435739517212
1783712100.0,1.1419435739517212,1.1419435739517212,1.1418131589889526,1.1418131589889526
1783712400.0,1.1418131589889526,1.1419435739517212,1.1418131589889526,1.1418131589889526
1783712700.0,1.1418131589889526,1.1418131589889526,1.1416828632354736,1.1416828632354736
1783713000.0,1.1418131589889526,1.1418131589889526,1.1418131589889526,1.1418131589889526
1783713300.0,1.1418131589889526,1.1419435739517212,1.1418131589889526,1.1419435739517212
1783713600.0,1.1419435739517212,1.1422044038772583,1.1419435739517212,1.1422044038772583
1783713900.0,1.1420739889144897,1.1420739889144897,1.1418131589889526,1.1418131589889526
1783714200.0,1.1418131589889526,1.1419435739517212,1.1418131589889526,1.1419435739517212
1783714500.0,1.1419435739517212,1.1419435739517212,1.1419435739517212,1.1419435739517212
1783714800.0,1.1420739889144897,1.1420739889144897,1.1419435739517212,1.1419435739517212
1783715100.0,1.1418131589889526,1.1418131589889526,1.1416828632354736,1.1416828632354736
1783715400.0,1.1416828632354736,1.1416828632354736,1.1416828632354736,1.1416828632354736
1783715700.0,1.1415525674819946,1.1415525674819946,1.1415525674819946,1.1415525674819946
1783716000.0,1.1415525674819946,1.1416828632354736,1.1415525674819946,1.1416828632354736
1783716300.0,1.1416828632354736,1.1416828632354736,1.1416828632354736,1.1416828632354736
1783716600.0,1.1416828632354736,1.1418131589889526,1.1416828632354736,1.1418131589889526
1783716900.0,1.1416828632354736,1.1418131589889526,1.1416828632354736,1.1416828632354736
1783717200.0,1.1419435739517212,1.1419435739517212,1.1419435739517212,1.1419435739517212
1783717500.0,1.1419435739517212,1.1419435739517212,1.1419435739517212,1.1419435739517212
1783717800.0,1.1419435739517212,1.1419435739517212,1.1419435739517212,1.1419435739517212
1783718100.0,1.1419435739517212,1.1419435739517212,1.1419435739517212,1.1419435739517212
1783718400.0,1.1419435739517212,1.1419435739517212,1.1419435739517212,1.1419435739517212
1783718700.0,1.1419435739517212,1.1419435739517212,1.1419435739517212,1.1419435739517212
1783897200.0,1.1397310495376587,1.1398608684539795,1.1397310495376587,1.1397310495376587
1783897500.0,1.1397310495376587,1.1398608684539795,1.1397310495376587,1.1398608684539795
1783897800.0,1.1398608684539795,1.1398608684539795,1.1397310495376587,1.1398608684539795
1783898100.0,1.1399909257888794,1.1401208639144897,1.1399909257888794,1.1401208639144897
1783898400.0,1.1401208639144897,1.1402509212493896,1.1401208639144897,1.1401208639144897
1783898700.0,1.1401208639144897,1.1401208639144897,1.1401208639144897,1.1401208639144897
1783899000.0,1.1401208639144897,1.1401208639144897,1.1399909257888794,1.1399909257888794
1783899300.0,1.1401208639144897,1.1401208639144897,1.1399909257888794,1.1401208639144897
1783899600.0,1.1401208639144897,1.1402509212493896,1.1401208639144897,1.1402509212493896
1783899900.0,1.1402509212493896,1.1405109167099,1.1402509212493896,1.140380859375
1783900200.0,1.140380859375,1.1405109167099,1.140380859375,1.1405109167099
1783900500.0,1.140380859375,1.1406410932540894,1.140380859375,1.1406410932540894
1783900800.0,1.1407711505889893,1.1407711505889893,1.1405109167099,1.1406410932540894
1783901100.0,1.1406410932540894,1.1406410932540894,1.1405109167099,1.1405109167099
1783901400.0,1.1406410932540894,1.1406410932540894,1.140380859375,1.140380859375
1783901700.0,1.140380859375,1.140380859375,1.1401208639144897,1.1401208639144897
1783902000.0,1.1401208639144897,1.1406410932540894,1.1401208639144897,1.1406410932540894
1783902300.0,1.1406410932540894,1.1406410932540894,1.1405109167099,1.1405109167099
1783902600.0,1.1405109167099,1.1406410932540894,1.1405109167099,1.1405109167099
1783902900.0,1.1402509212493896,1.1402509212493896,1.1401208639144897,1.1401208639144897
1783903200.0,1.1399909257888794,1.1401208639144897,1.1398608684539795,1.1398608684539795
1783903500.0,1.1399909257888794,1.1401208639144897,1.1399909257888794,1.1401208639144897
1783903800.0,1.1399909257888794,1.1401208639144897,1.1399909257888794,1.1399909257888794
1783904100.0,1.1399909257888794,1.1399909257888794,1.1398608684539795,1.1398608684539795
1783904400.0,1.1398608684539795,1.1398608684539795,1.1396011114120483,1.1396011114120483
1783904700.0,1.1396011114120483,1.1396011114120483,1.1394712924957275,1.1394712924957275
1783905000.0,1.1393414735794067,1.1394712924957275,1.1393414735794067,1.1394712924957275
1783905300.0,1.1394712924957275,1.1396011114120483,1.1394712924957275,1.1394712924957275
1783905600.0,1.1394712924957275,1.1394712924957275,1.139211654663086,1.139211654663086
1783905900.0,1.1389521360397339,1.1390818357467651,1.1389521360397339,1.1390818357467651
1783906200.0,1.139211654663086,1.1394712924957275,1.139211654663086,1.1393414735794067
1783906500.0,1.1393414735794067,1.1397310495376587,1.1393414735794067,1.1397310495376587
1783906800.0,1.1397310495376587,1.1398608684539795,1.1396011114120483,1.1398608684539795
1783907100.0,1.1398608684539795,1.1399909257888794,1.1398608684539795,1.1399909257888794
1783907400.0,1.1399909257888794,1.1399909257888794,1.1398608684539795,1.1399909257888794
1783907700.0,1.1398608684539795,1.1399909257888794,1.1397310495376587,1.1399909257888794
1783908000.0,1.1401208639144897,1.1401208639144897,1.1397310495376587,1.1397310495376587
1783908300.0,1.1397310495376587,1.1398608684539795,1.1397310495376587,1.1398608684539795
1783908600.0,1.1398608684539795,1.1398608684539795,1.1398608684539795,1.1398608684539795
1783908900.0,1.1397310495376587,1.1398608684539795,1.1397310495376587,1.1398608684539795
1783909200.0,1.1398608684539795,1.1399909257888794,1.1398608684539795,1.1398608684539795
1783909500.0,1.1398608684539795,1.1398608684539795,1.1397310495376587,1.1397310495376587
1783909800.0,1.1398608684539795,1.1398608684539795,1.1398608684539795,1.1398608684539795
1783910100.0,1.1398608684539795,1.1402509212493896,1.1398608684539795,1.1402509212493896
1783910400.0,1.1401208639144897,1.1402509212493896,1.1401208639144897,1.1402509212493896
1783910700.0,1.1402509212493896,1.1402509212493896,1.1399909257888794,1.1399909257888794
1783911000.0,1.1399909257888794,1.1399909257888794,1.1398608684539795,1.1399909257888794
1783911300.0,1.1398608684539795,1.1398608684539795,1.1398608684539795,1.1398608684539795
1783911600.0,1.1398608684539795,1.1398608684539795,1.1397310495376587,1.1397310495376587
1783911900.0,1.1396011114120483,1.1396011114120483,1.1394712924957275,1.1396011114120483
1783912200.0,1.1396011114120483,1.1396011114120483,1.1394712924957275,1.1394712924957275
1783912500.0,1.1396011114120483,1.1397310495376587,1.1396011114120483,1.1397310495376587
1783912800.0,1.1398608684539795,1.1398608684539795,1.1398608684539795,1.1398608684539795
1783913100.0,1.1398608684539795,1.1398608684539795,1.1397310495376587,1.1397310495376587
1783913400.0,1.1398608684539795,1.1398608684539795,1.1398608684539795,1.1398608684539795
1783913700.0,1.1398608684539795,1.1398608684539795,1.1398608684539795,1.1398608684539795
1783914000.0,1.1398608684539795,1.1399909257888794,1.1398608684539795,1.1399909257888794
1783914300.0,1.1399909257888794,1.1399909257888794,1.1399909257888794,1.1399909257888794
1783914600.0,1.1399909257888794,1.1401208639144897,1.1398608684539795,1.1398608684539795
1783914900.0,1.1399909257888794,1.1401208639144897,1.1399909257888794,1.1401208639144897
1783915200.0,1.1402509212493896,1.1402509212493896,1.1401208639144897,1.1401208639144897
1783915500.0,1.1401208639144897,1.1401208639144897,1.1399909257888794,1.1401208639144897
1783915800.0,1.1401208639144897,1.1401208639144897,1.1399909257888794,1.1401208639144897
1783916100.0,1.1402509212493896,1.1402509212493896,1.1401208639144897,1.1402509212493896
1783916400.0,1.1402509212493896,1.1402509212493896,1.1402509212493896,1.1402509212493896
1783916700.0,1.1402509212493896,1.1402509212493896,1.1402509212493896,1.1402509212493896
1783917000.0,1.1405109167099,1.1405109167099,1.140380859375,1.140380859375
1783917300.0,1.1405109167099,1.1405109167099,1.1405109167099,1.1405109167099
1783917600.0,1.1406410932540894,1.1406410932540894,1.140380859375,1.140380859375
1783917900.0,1.140380859375,1.1405109167099,1.140380859375,1.1405109167099
1783918200.0,1.140380859375,1.1406410932540894,1.140380859375,1.1406410932540894
1783918500.0,1.1406410932540894,1.1407711505889893,1.1406410932540894,1.1407711505889893
1783918800.0,1.1407711505889893,1.1409013271331787,1.1407711505889893,1.1409013271331787
1783919100.0,1.1409013271331787,1.1410315036773682,1.1409013271331787,1.1410315036773682
1783919400.0,1.1410315036773682,1.1411616802215576,1.1410315036773682,1.1411616802215576
1783919700.0,1.1411616802215576,1.1411616802215576,1.1409013271331787,1.1409013271331787
1783920000.0,1.1409013271331787,1.1409013271331787,1.1406410932540894,1.1406410932540894
1783920300.0,1.1406410932540894,1.1406410932540894,1.1405109167099,1.1405109167099
1783920600.0,1.1405109167099,1.1405109167099,1.140380859375,1.1405109167099
1783920900.0,1.1406410932540894,1.1406410932540894,1.1405109167099,1.1406410932540894
1783921200.0,1.1406410932540894,1.1406410932540894,1.1405109167099,1.1405109167099
1783921500.0,1.140380859375,1.1405109167099,1.140380859375,1.1405109167099
1783921800.0,1.1406410932540894,1.1407711505889893,1.140380859375,1.140380859375
1783922100.0,1.140380859375,1.140380859375,1.1401208639144897,1.1401208639144897
1783922400.0,1.1402509212493896,1.1402509212493896,1.1399909257888794,1.1401208639144897
1783922700.0,1.1401208639144897,1.1401208639144897,1.1399909257888794,1.1399909257888794
1783923000.0,1.1401208639144897,1.1401208639144897,1.1399909257888794,1.1399909257888794
1783923300.0,1.1399909257888794,1.1402509212493896,1.1399909257888794,1.1402509212493896
1783923600.0,1.1402509212493896,1.1405109167099,1.1402509212493896,1.1405109167099
1783923900.0,1.1405109167099,1.1405109167099,1.1405109167099,1.1405109167099
1783924200.0,1.1406410932540894,1.1410315036773682,1.1406410932540894,1.1407711505889893
1783924500.0,1.1407711505889893,1.1409013271331787,1.1407711505889893,1.1409013271331787
1783924800.0,1.1410315036773682,1.1410315036773682,1.1409013271331787,1.1409013271331787
1783925100.0,1.1407711505889893,1.1407711505889893,1.1406410932540894,1.1407711505889893
1783925400.0,1.1409013271331787,1.1410315036773682,1.1405109167099,1.1405109167099
1783925700.0,1.1406410932540894,1.1406410932540894,1.140380859375,1.140380859375
1783926000.0,1.1405109167099,1.1406410932540894,1.1405109167099,1.1406410932540894
1783926300.0,1.1409013271331787,1.1409013271331787,1.1407711505889893,1.1409013271331787
1783926600.0,1.1411616802215576,1.141291856765747,1.1410315036773682,1.1410315036773682
1783926900.0,1.1411616802215576,1.1411616802215576,1.1410315036773682,1.1411616802215576
1783927200.0,1.1411616802215576,1.1411616802215576,1.1411616802215576,1.1411616802215576
1783927500.0,1.1411616802215576,1.1411616802215576,1.1411616802215576,1.1411616802215576
1783927800.0,1.1411616802215576,1.1411616802215576,1.1410315036773682,1.1410315036773682
1783928100.0,1.141422152519226,1.1424654722213745,1.141422152519226,1.1422044038772583
1783928400.0,1.1422044038772583,1.1422044038772583,1.1420739889144897,1.1420739889144897
1783928700.0,1.1419435739517212,1.1424654722213745,1.1419435739517212,1.1424654722213745
1783929000.0,1.1424654722213745,1.1428571939468384,1.1424654722213745,1.1428571939468384
1783929300.0,1.1428571939468384,1.1428571939468384,1.1425960063934326,1.1427265405654907
1783929600.0,1.1427265405654907,1.1431183815002441,1.1427265405654907,1.1431183815002441
1783929900.0,1.1431183815002441,1.1437721252441406,1.1431183815002441,1.1437721252441406
1783930200.0,1.1437721252441406,1.1445575952529907,1.1437721252441406,1.1442956924438477
1783930500.0,1.144426703453064,1.1449507474899292,1.144426703453064,1.144819736480713
1783930800.0,1.144426703453064,1.1445575952529907,1.144426703453064,1.144426703453064
1783931100.0,1.1442956924438477,1.1442956924438477,1.144164800643921,1.144164800643921
1783931400.0,1.144164800643921,1.1442956924438477,1.1440337896347046,1.1442956924438477
1783931700.0,1.1440337896347046,1.144164800643921,1.1439030170440674,1.144164800643921
1783932000.0,1.1440337896347046,1.144426703453064,1.1440337896347046,1.1442956924438477
1783932300.0,1.1442956924438477,1.1442956924438477,1.144164800643921,1.1442956924438477
1783932600.0,1.1442956924438477,1.1442956924438477,1.1440337896347046,1.144164800643921
1783932900.0,1.144164800643921,1.144164800643921,1.1440337896347046,1.144164800643921
1783933200.0,1.1439030170440674,1.1440337896347046,1.1437721252441406,1.1439030170440674
1783933500.0,1.1440337896347046,1.1440337896347046,1.1436413526535034,1.1436413526535034
1783933800.0,1.1436413526535034,1.1436413526535034,1.1435105800628662,1.1435105800628662
1783934100.0,1.1435105800628662,1.1436413526535034,1.1435105800628662,1.1435105800628662
1783934400.0,1.143379807472229,1.143379807472229,1.1432491540908813,1.1432491540908813
1783934700.0,1.143379807472229,1.1435105800628662,1.1432491540908813,1.1435105800628662
1783935000.0,1.1435105800628662,1.1436413526535034,1.143379807472229,1.143379807472229
1783935300.0,1.143379807472229,1.143379807472229,1.1432491540908813,1.143379807472229
1783935600.0,1.1431183815002441,1.1432491540908813,1.1431183815002441,1.1432491540908813
1783935900.0,1.1432491540908813,1.143379807472229,1.1432491540908813,1.1432491540908813
1783936200.0,1.1432491540908813,1.1432491540908813,1.1431183815002441,1.1432491540908813
1783936500.0,1.143379807472229,1.143379807472229,1.143379807472229,1.143379807472229
1783936800.0,1.1435105800628662,1.1435105800628662,1.143379807472229,1.143379807472229
1783937100.0,1.1436413526535034,1.1436413526535034,1.1435105800628662,1.1436413526535034
1783937400.0,1.1437721252441406,1.1437721252441406,1.1435105800628662,1.1435105800628662
1783937700.0,1.1435105800628662,1.1435105800628662,1.143379807472229,1.143379807472229
1783938000.0,1.143379807472229,1.143379807472229,1.1432491540908813,1.143379807472229
1783938300.0,1.1432491540908813,1.143379807472229,1.1432491540908813,1.1432491540908813
1783938600.0,1.1432491540908813,1.1432491540908813,1.1432491540908813,1.1432491540908813
1783938900.0,1.1431183815002441,1.143379807472229,1.142987847328186,1.143379807472229
1783939200.0,1.143379807472229,1.143379807472229,1.1432491540908813,1.143379807472229
1783939500.0,1.1432491540908813,1.1435105800628662,1.1432491540908813,1.1435105800628662
1783939800.0,1.1436413526535034,1.1437721252441406,1.1436413526535034,1.1437721252441406
1783940100.0,1.1437721252441406,1.1439030170440674,1.1437721252441406,1.1439030170440674
1783940400.0,1.1439030170440674,1.1439030170440674,1.1436413526535034,1.1437721252441406
1783940700.0,1.1437721252441406,1.1440337896347046,1.1435105800628662,1.1435105800628662
1783941000.0,1.143379807472229,1.143379807472229,1.1432491540908813,1.1432491540908813
1783941300.0,1.143379807472229,1.143379807472229,1.142987847328186,1.1431183815002441
1783941600.0,1.142987847328186,1.1431183815002441,1.1428571939468384,1.142987847328186
1783941900.0,1.1431183815002441,1.1432491540908813,1.1431183815002441,1.1432491540908813
1783942200.0,1.1432491540908813,1.143379807472229,1.1432491540908813,1.1432491540908813
1783942500.0,1.143379807472229,1.143379807472229,1.1431183815002441,1.1431183815002441
1783942800.0,1.1431183815002441,1.1432491540908813,1.1431183815002441,1.1432491540908813
1783943100.0,1.1432491540908813,1.1432491540908813,1.1432491540908813,1.1432491540908813
1783943400.0,1.143379807472229,1.143379807472229,1.1432491540908813,1.1432491540908813
1783943700.0,1.1431183815002441,1.143379807472229,1.1431183815002441,1.1431183815002441
1783944000.0,1.1431183815002441,1.1432491540908813,1.142987847328186,1.1431183815002441
1783944300.0,1.1431183815002441,1.1431183815002441,1.1425960063934326,1.1425960063934326
1783944600.0,1.1427265405654907,1.1428571939468384,1.1424654722213745,1.1425960063934326
1783944900.0,1.1425960063934326,1.1427265405654907,1.1425960063934326,1.1427265405654907
1783945200.0,1.1425960063934326,1.1427265405654907,1.1424654722213745,1.1427265405654907
1783945500.0,1.1428571939468384,1.1428571939468384,1.1425960063934326,1.1427265405654907
1783945800.0,1.1427265405654907,1.1428571939468384,1.1427265405654907,1.1428571939468384
1783946100.0,1.142987847328186,1.1432491540908813,1.142987847328186,1.1431183815002441
1783946400.0,1.142987847328186,1.1431183815002441,1.142987847328186,1.142987847328186
1783946700.0,1.1428571939468384,1.1431183815002441,1.1428571939468384,1.1431183815002441
1783947000.0,1.142987847328186,1.142987847328186,1.1427265405654907,1.1427265405654907
1783947300.0,1.1428571939468384,1.1432491540908813,1.1428571939468384,1.1432491540908813
1783947600.0,1.1435105800628662,1.1435105800628662,1.143379807472229,1.143379807472229
1783947900.0,1.143379807472229,1.143379807472229,1.1432491540908813,1.143379807472229
1783948200.0,1.143379807472229,1.143379807472229,1.142987847328186,1.142987847328186
1783948500.0,1.142987847328186,1.142987847328186,1.1428571939468384,1.1428571939468384
1783948800.0,1.1428571939468384,1.142987847328186,1.1428571939468384,1.1428571939468384
1783949100.0,1.1428571939468384,1.1428571939468384,1.1427265405654907,1.1428571939468384
1783949400.0,1.1427265405654907,1.142987847328186,1.1427265405654907,1.1428571939468384
1783949700.0,1.1431183815002441,1.1431183815002441,1.1427265405654907,1.1427265405654907
1783950000.0,1.1425960063934326,1.1427265405654907,1.1423349380493164,1.1424654722213745
1783950300.0,1.1423349380493164,1.1424654722213745,1.1422044038772583,1.1422044038772583
1783950600.0,1.1420739889144897,1.1420739889144897,1.1420739889144897,1.1420739889144897
1783950900.0,1.1422044038772583,1.1422044038772583,1.1418131589889526,1.1418131589889526
1783951200.0,1.1418131589889526,1.1418131589889526,1.141422152519226,1.1416828632354736
1783951500.0,1.1416828632354736,1.1418131589889526,1.1416828632354736,1.1416828632354736
1783951800.0,1.1418131589889526,1.1418131589889526,1.1416828632354736,1.1416828632354736
1783952100.0,1.1416828632354736,1.1416828632354736,1.1406410932540894,1.1409013271331787
1783952400.0,1.1407711505889893,1.1409013271331787,1.1406410932540894,1.1407711505889893
1783952700.0,1.1409013271331787,1.1411616802215576,1.1409013271331787,1.1410315036773682
1783953000.0,1.1411616802215576,1.1411616802215576,1.1410315036773682,1.1410315036773682
1783953300.0,1.1409013271331787,1.1409013271331787,1.1405109167099,1.1406410932540894
1783953600.0,1.1405109167099,1.1405109167099,1.1402509212493896,1.1405109167099
1783953900.0,1.1406410932540894,1.1409013271331787,1.1406410932540894,1.1407711505889893
1783954200.0,1.1406410932540894,1.1406410932540894,1.140380859375,1.140380859375
1783954500.0,1.1401208639144897,1.1406410932540894,1.1401208639144897,1.1406410932540894
1783954800.0,1.1409013271331787,1.1409013271331787,1.1407711505889893,1.1407711505889893
1783955100.0,1.1406410932540894,1.1407711505889893,1.1405109167099,1.1406410932540894
1783955400.0,1.1406410932540894,1.1406410932540894,1.1401208639144897,1.1401208639144897
1783955700.0,1.1401208639144897,1.1402509212493896,1.1399909257888794,1.1402509212493896
1783956000.0,1.140380859375,1.1405109167099,1.140380859375,1.1405109167099
1783956300.0,1.140380859375,1.140380859375,1.1402509212493896,1.1402509212493896
1783956600.0,1.1402509212493896,1.1402509212493896,1.1401208639144897,1.1401208639144897
1783956900.0,1.1399909257888794,1.1401208639144897,1.1399909257888794,1.1401208639144897
1783957200.0,1.1401208639144897,1.140380859375,1.1401208639144897,1.1402509212493896
1783957500.0,1.140380859375,1.140380859375,1.1401208639144897,1.1401208639144897
1783957800.0,1.1401208639144897,1.140380859375,1.1401208639144897,1.140380859375
1783958100.0,1.140380859375,1.1406410932540894,1.140380859375,1.1406410932540894
1783958400.0,1.1405109167099,1.1405109167099,1.140380859375,1.140380859375
1783958700.0,1.140380859375,1.1405109167099,1.140380859375,1.140380859375
1783959000.0,1.140380859375,1.1405109167099,1.140380859375,1.140380859375
1783959300.0,1.1405109167099,1.1405109167099,1.1401208639144897,1.1401208639144897
1783959600.0,1.1401208639144897,1.1401208639144897,1.1399909257888794,1.1401208639144897
1783959900.0,1.1399909257888794,1.1399909257888794,1.1396011114120483,1.1396011114120483
1783960200.0,1.1393414735794067,1.1393414735794067,1.1388224363327026,1.1388224363327026
1783960500.0,1.1388224363327026,1.1388224363327026,1.1386927366256714,1.1388224363327026
1783960800.0,1.1389521360397339,1.139211654663086,1.1389521360397339,1.139211654663086
1783961100.0,1.1393414735794067,1.1393414735794067,1.1390818357467651,1.1390818357467651
1783961400.0,1.1390818357467651,1.1390818357467651,1.1388224363327026,1.1388224363327026
1783961700.0,1.1389521360397339,1.1390818357467651,1.1388224363327026,1.1390818357467651
1783962000.0,1.139211654663086,1.139211654663086,1.1389521360397339,1.1390818357467651
1783962300.0,1.139211654663086,1.1393414735794067,1.139211654663086,1.1393414735794067
1783962600.0,1.1393414735794067,1.1393414735794067,1.1390818357467651,1.1390818357467651
1783962900.0,1.1390818357467651,1.1390818357467651,1.1389521360397339,1.1390818357467651
1783963200.0,1.1390818357467651,1.139211654663086,1.1390818357467651,1.139211654663086
1783963500.0,1.1390818357467651,1.1390818357467651,1.1389521360397339,1.1390818357467651
1783963800.0,1.1390818357467651,1.1390818357467651,1.1389521360397339,1.1389521360397339
1783964100.0,1.1390818357467651,1.1390818357467651,1.1389521360397339,1.1389521360397339
1783964400.0,1.1389521360397339,1.139211654663086,1.1389521360397339,1.139211654663086
1783964700.0,1.139211654663086,1.1393414735794067,1.1390818357467651,1.1390818357467651
1783965000.0,1.1390818357467651,1.1390818357467651,1.1389521360397339,1.1389521360397339
1783965300.0,1.1389521360397339,1.1389521360397339,1.1389521360397339,1.1389521360397339
1783965600.0,1.1389521360397339,1.1389521360397339,1.1388224363327026,1.1388224363327026
1783965900.0,1.1388224363327026,1.139211654663086,1.1388224363327026,1.139211654663086
1783966200.0,1.1390818357467651,1.1390818357467651,1.1389521360397339,1.1390818357467651
1783966500.0,1.1389521360397339,1.1390818357467651,1.1389521360397339,1.1389521360397339
1783966800.0,1.1389521360397339,1.1389521360397339,1.1389521360397339,1.1389521360397339
1783967100.0,1.1389521360397339,1.1390818357467651,1.1389521360397339,1.1389521360397339
1783967400.0,1.1389521360397339,1.1390818357467651,1.1389521360397339,1.1390818357467651
1783967700.0,1.1389521360397339,1.139211654663086,1.1389521360397339,1.1390818357467651
1783968000.0,1.1390818357467651,1.139211654663086,1.1390818357467651,1.1390818357467651
1783968300.0,1.1390818357467651,1.1390818357467651,1.1390818357467651,1.1390818357467651
1783968600.0,1.1389521360397339,1.1390818357467651,1.1389521360397339,1.1390818357467651
1783968900.0,1.1390818357467651,1.1390818357467651,1.1389521360397339,1.1389521360397339
1783969200.0,1.1390818357467651,1.1390818357467651,1.1389521360397339,1.1390818357467651
1783969500.0,1.1390818357467651,1.1390818357467651,1.1389521360397339,1.1389521360397339
1783969800.0,1.1388224363327026,1.1388224363327026,1.1385631561279297,1.1385631561279297
1783970100.0,1.1385631561279297,1.1386927366256714,1.1385631561279297,1.1386927366256714
1783970400.0,1.1386927366256714,1.1386927366256714,1.1386927366256714,1.1386927366256714
1783970700.0,1.1386927366256714,1.1386927366256714,1.1386927366256714,1.1386927366256714
1783971000.0,1.1386927366256714,1.1388224363327026,1.1386927366256714,1.1388224363327026
1783971300.0,1.1386927366256714,1.1386927366256714,1.1385631561279297,1.1385631561279297
1783971600.0,1.1386927366256714,1.1386927366256714,1.1386927366256714,1.1386927366256714
1783971900.0,1.1386927366256714,1.1386927366256714,1.1385631561279297,1.1386927366256714
1783972200.0,1.1386927366256714,1.1386927366256714,1.1385631561279297,1.1385631561279297
1783972500.0,1.1386927366256714,1.1386927366256714,1.1385631561279297,1.1385631561279297
1783972800.0,1.1386927366256714,1.1386927366256714,1.1386927366256714,1.1386927366256714
1783973100.0,1.1386927366256714,1.1388224363327026,1.1386927366256714,1.1386927366256714
1783973400.0,1.1385631561279297,1.1385631561279297,1.1383039951324463,1.1383039951324463
1783973700.0,1.1383039951324463,1.1383039951324463,1.1381744146347046,1.1383039951324463
1783974000.0,1.1383039951324463,1.1383039951324463,1.1381744146347046,1.1381744146347046
1783974300.0,1.1381744146347046,1.1383039951324463,1.1381744146347046,1.1381744146347046
1783974600.0,1.1383039951324463,1.1383039951324463,1.1381744146347046,1.1383039951324463
1783974900.0,1.1383039951324463,1.1383039951324463,1.1381744146347046,1.1383039951324463
1783975200.0,1.1383039951324463,1.1383039951324463,1.1381744146347046,1.1383039951324463
1783975500.0,1.1383039951324463,1.1383039951324463,1.1383039951324463,1.1383039951324463
1783975800.0,1.1383039951324463,1.1383039951324463,1.1383039951324463,1.1383039951324463
1783976100.0,1.1381744146347046,1.1384334564208984,1.1381744146347046,1.1384334564208984
1783976400.0,1.1393414735794067,1.1393414735794067,1.1381744146347046,1.1383039951324463
1783976700.0,1.1381744146347046,1.1386927366256714,1.1381744146347046,1.1386927366256714
1783977000.0,1.1385631561279297,1.1386927366256714,1.1384334564208984,1.1385631561279297
1783977300.0,1.1385631561279297,1.1390818357467651,1.1385631561279297,1.1388224363327026
1783977600.0,1.1385631561279297,1.1388224363327026,1.1385631561279297,1.1386927366256714
1783977900.0,1.1386927366256714,1.1388224363327026,1.1385631561279297,1.1385631561279297
1783978200.0,1.1386927366256714,1.1390818357467651,1.1386927366256714,1.1386927366256714
1783978500.0,1.1388224363327026,1.1388224363327026,1.1385631561279297,1.1385631561279297
1783978800.0,1.1386927366256714,1.1388224363327026,1.1385631561279297,1.1385631561279297
1783979100.0,1.1386927366256714,1.1389521360397339,1.1385631561279297,1.1386927366256714
1783979400.0,1.1385631561279297,1.1388224363327026,1.1385631561279297,1.1386927366256714
1783979700.0,1.1386927366256714,1.1386927366256714,1.1384334564208984,1.1384334564208984
1783980000.0,1.1385631561279297,1.1386927366256714,1.1385631561279297,1.1386927366256714
1783980300.0,1.1385631561279297,1.1386927366256714,1.1385631561279297,1.1385631561279297
1783980600.0,1.1384334564208984,1.1385631561279297,1.1384334564208984,1.1385631561279297
1783980900.0,1.1386927366256714,1.1386927366256714,1.1386927366256714,1.1386927366256714
1783981200.0,1.1386927366256714,1.1386927366256714,1.1386927366256714,1.1386927366256714
1783981500.0,1.1386927366256714,1.1386927366256714,1.1386927366256714,1.1386927366256714
1783981800.0,1.1386927366256714,1.1386927366256714,1.1386927366256714,1.1386927366256714
1783982100.0,1.1386927366256714,1.1386927366256714,1.1386927366256714,1.1386927366256714
1783982400.0,1.1386927366256714,1.1388224363327026,1.1386927366256714,1.1388224363327026
1783982700.0,1.1388224363327026,1.1388224363327026,1.1386927366256714,1.1386927366256714
1783983000.0,1.1386927366256714,1.1386927366256714,1.1385631561279297,1.1385631561279297
1783983300.0,1.1385631561279297,1.1385631561279297,1.1384334564208984,1.1384334564208984
1783983600.0,1.1384334564208984,1.1385631561279297,1.1384334564208984,1.1384334564208984
1783983900.0,1.1385631561279297,1.1385631561279297,1.1385631561279297,1.1385631561279297
1783984200.0,1.1385631561279297,1.1385631561279297,1.1385631561279297,1.1385631561279297
1783984500.0,1.1384334564208984,1.1384334564208984,1.1384334564208984,1.1384334564208984
1783984800.0,1.1384334564208984,1.1385631561279297,1.1383039951324463,1.1385631561279297
1783985100.0,1.1384334564208984,1.1385631561279297,1.1384334564208984,1.1384334564208984
1783985400.0,1.1384334564208984,1.1384334564208984,1.1384334564208984,1.1384334564208984
1783985700.0,1.1384334564208984,1.1385631561279297,1.1384334564208984,1.1385631561279297
1783986000.0,1.1385631561279297,1.1386927366256714,1.1385631561279297,1.1385631561279297
1783986300.0,1.1386927366256714,1.1386927366256714,1.1385631561279297,1.1385631561279297
1783986600.0,1.1385631561279297,1.1385631561279297,1.1385631561279297,1.1385631561279297
1783986900.0,1.1385631561279297,1.1385631561279297,1.1385631561279297,1.1385631561279297
1783987200.0,1.1386927366256714,1.1386927366256714,1.1385631561279297,1.1385631561279297
1783987500.0,1.1385631561279297,1.1386927366256714,1.1385631561279297,1.1386927366256714
1783987800.0,1.1388224363327026,1.1388224363327026,1.1388224363327026,1.1388224363327026
1783988100.0,1.1388224363327026,1.1388224363327026,1.1384334564208984,1.1385631561279297
1783988400.0,1.1381744146347046,1.1384334564208984,1.1381744146347046,1.1381744146347046
1783988700.0,1.1383039951324463,1.1383039951324463,1.1383039951324463,1.1383039951324463
1783989000.0,1.1383039951324463,1.1384334564208984,1.1383039951324463,1.1384334564208984
1783989300.0,1.1386927366256714,1.1388224363327026,1.1386927366256714,1.1388224363327026
1783989600.0,1.1388224363327026,1.1388224363327026,1.1388224363327026,1.1388224363327026
1783989900.0,1.1389521360397339,1.139211654663086,1.1389521360397339,1.139211654663086
1783990200.0,1.1390818357467651,1.139211654663086,1.1390818357467651,1.139211654663086
1783990500.0,1.139211654663086,1.139211654663086,1.1389521360397339,1.1389521360397339
1783990800.0,1.1388224363327026,1.1390818357467651,1.1388224363327026,1.1390818357467651
1783991100.0,1.1389521360397339,1.1390818357467651,1.1389521360397339,1.1390818357467651
1783991400.0,1.1389521360397339,1.1390818357467651,1.1389521360397339,1.1389521360397339
1783991700.0,1.1390818357467651,1.139211654663086,1.1390818357467651,1.139211654663086
1783992000.0,1.139211654663086,1.139211654663086,1.139211654663086,1.139211654663086
1783992300.0,1.139211654663086,1.139211654663086,1.1388224363327026,1.1388224363327026
1783992600.0,1.1388224363327026,1.1390818357467651,1.1388224363327026,1.1390818357467651
1783992900.0,1.1389521360397339,1.1389521360397339,1.1389521360397339,1.1389521360397339
1783993200.0,1.1389521360397339,1.1390818357467651,1.1389521360397339,1.1390818357467651
1783993500.0,1.1390818357467651,1.1390818357467651,1.1389521360397339,1.1390818357467651
1783993800.0,1.1390818357467651,1.139211654663086,1.1390818357467651,1.139211654663086
1783994100.0,1.139211654663086,1.1393414735794067,1.139211654663086,1.139211654663086
1783994400.0,1.139211654663086,1.1393414735794067,1.139211654663086,1.1393414735794067
1783994700.0,1.1393414735794067,1.1393414735794067,1.1393414735794067,1.1393414735794067
1783995000.0,1.1393414735794067,1.1393414735794067,1.1393414735794067,1.1393414735794067
1783995300.0,1.1393414735794067,1.1396011114120483,1.1393414735794067,1.1396011114120483
1783995600.0,1.1396011114120483,1.1397310495376587,1.1396011114120483,1.1397310495376587
1783995900.0,1.1396011114120483,1.1397310495376587,1.1396011114120483,1.1397310495376587
1783996200.0,1.1397310495376587,1.1397310495376587,1.1396011114120483,1.1396011114120483
1783996500.0,1.1396011114120483,1.1397310495376587,1.1396011114120483,1.1397310495376587
1783996800.0,1.1397310495376587,1.1397310495376587,1.1396011114120483,1.1396011114120483
1783997100.0,1.1396011114120483,1.1396011114120483,1.1394712924957275,1.1394712924957275
1783997400.0,1.1396011114120483,1.1396011114120483,1.1394712924957275,1.1394712924957275
1783997700.0,1.1394712924957275,1.1394712924957275,1.1394712924957275,1.1394712924957275
1783998000.0,1.1394712924957275,1.1394712924957275,1.139211654663086,1.139211654663086
1783998300.0,1.139211654663086,1.1393414735794067,1.139211654663086,1.1393414735794067
1783998600.0,1.1393414735794067,1.1396011114120483,1.1393414735794067,1.1394712924957275
1783998900.0,1.1394712924957275,1.1394712924957275,1.1393414735794067,1.1393414735794067
1783999200.0,1.1393414735794067,1.1393414735794067,1.139211654663086,1.1393414735794067
1783999500.0,1.1394712924957275,1.1396011114120483,1.1394712924957275,1.1396011114120483
1783999800.0,1.1396011114120483,1.1398608684539795,1.1396011114120483,1.1396011114120483
1784000100.0,1.1396011114120483,1.1398608684539795,1.1396011114120483,1.1398608684539795
1784000400.0,1.1398608684539795,1.1398608684539795,1.1397310495376587,1.1397310495376587
1784000700.0,1.1397310495376587,1.1397310495376587,1.1397310495376587,1.1397310495376587
1784001000.0,1.1397310495376587,1.1398608684539795,1.1397310495376587,1.1398608684539795
1784001300.0,1.1397310495376587,1.1397310495376587,1.1397310495376587,1.1397310495376587
1784001600.0,1.1397310495376587,1.1397310495376587,1.1396011114120483,1.1397310495376587
1784001900.0,1.1397310495376587,1.1397310495376587,1.1396011114120483,1.1396011114120483
1784002200.0,1.1396011114120483,1.1396011114120483,1.1394712924957275,1.1396011114120483
1784002500.0,1.1396011114120483,1.1397310495376587,1.1396011114120483,1.1397310495376587
1784002800.0,1.1397310495376587,1.1397310495376587,1.1397310495376587,1.1397310495376587
1784003100.0,1.1397310495376587,1.1397310495376587,1.1397310495376587,1.1397310495376587
1784003400.0,1.1396011114120483,1.1397310495376587,1.1396011114120483,1.1396011114120483
1784003700.0,1.1397310495376587,1.1397310495376587,1.1394712924957275,1.1396011114120483
1784004000.0,1.1396011114120483,1.1396011114120483,1.1394712924957275,1.1394712924957275
1784004300.0,1.1396011114120483,1.1396011114120483,1.1394712924957275,1.1394712924957275
1784004600.0,1.139211654663086,1.139211654663086,1.1390818357467651,1.139211654663086
1784004900.0,1.1393414735794067,1.1393414735794067,1.1393414735794067,1.1393414735794067
1784005200.0,1.1394712924957275,1.1396011114120483,1.1394712924957275,1.1396011114120483
1784005500.0,1.1394712924957275,1.1396011114120483,1.1394712924957275,1.1396011114120483
1784005800.0,1.1394712924957275,1.1396011114120483,1.1394712924957275,1.1396011114120483
1784006100.0,1.1396011114120483,1.1396011114120483,1.1396011114120483,1.1396011114120483
1784006400.0,1.1397310495376587,1.1397310495376587,1.1397310495376587,1.1397310495376587
1784006700.0,1.1397310495376587,1.1397310495376587,1.1397310495376587,1.1397310495376587
1784007000.0,1.1397310495376587,1.1398608684539795,1.1397310495376587,1.1398608684539795
1784007300.0,1.1398608684539795,1.1398608684539795,1.1397310495376587,1.1397310495376587
1784007600.0,1.1396011114120483,1.1397310495376587,1.1396011114120483,1.1397310495376587
1784007900.0,1.1397310495376587,1.1397310495376587,1.1396011114120483,1.1397310495376587
1784008200.0,1.1397310495376587,1.1397310495376587,1.1396011114120483,1.1397310495376587
1784008500.0,1.1396011114120483,1.1396011114120483,1.1394712924957275,1.1394712924957275
1784008800.0,1.1394712924957275,1.1394712924957275,1.1393414735794067,1.1393414735794067
1784009100.0,1.139211654663086,1.1393414735794067,1.139211654663086,1.1393414735794067
1784009400.0,1.1393414735794067,1.1394712924957275,1.139211654663086,1.139211654663086
1784009700.0,1.139211654663086,1.139211654663086,1.1389521360397339,1.1389521360397339
1784010000.0,1.1390818357467651,1.1390818357467651,1.1390818357467651,1.1390818357467651
1784010300.0,1.1390818357467651,1.1390818357467651,1.1389521360397339,1.1389521360397339
1784010600.0,1.1390818357467651,1.1397310495376587,1.1390818357467651,1.1397310495376587
1784010900.0,1.1396011114120483,1.1396011114120483,1.1393414735794067,1.1393414735794067
1784011200.0,1.1393414735794067,1.1393414735794067,1.139211654663086,1.139211654663086
1784011500.0,1.1390818357467651,1.1390818357467651,1.1389521360397339,1.1389521360397339
1784011800.0,1.1389521360397339,1.1390818357467651,1.1388224363327026,1.1389521360397339
1784012100.0,1.1390818357467651,1.1390818357467651,1.1389521360397339,1.1389521360397339
1784012400.0,1.1388224363327026,1.1388224363327026,1.1388224363327026,1.1388224363327026
1784012700.0,1.1390818357467651,1.139211654663086,1.1390818357467651,1.139211654663086
1784013000.0,1.139211654663086,1.139211654663086,1.1390818357467651,1.1390818357467651
1784013300.0,1.1389521360397339,1.1390818357467651,1.1389521360397339,1.1390818357467651
1784013600.0,1.139211654663086,1.1394712924957275,1.1390818357467651,1.1394712924957275
1784013900.0,1.1394712924957275,1.1397310495376587,1.1394712924957275,1.1397310495376587
1784014200.0,1.1396011114120483,1.1396011114120483,1.1393414735794067,1.1393414735794067
1784014500.0,1.1393414735794067,1.1396011114120483,1.1393414735794067,1.1396011114120483
1784014800.0,1.1394712924957275,1.1394712924957275,1.1393414735794067,1.1393414735794067
1784015100.0,1.1396011114120483,1.1399909257888794,1.1396011114120483,1.1399909257888794
1784015400.0,1.1399909257888794,1.1399909257888794,1.1397310495376587,1.1398608684539795
1784015700.0,1.1398608684539795,1.1398608684539795,1.1397310495376587,1.1398608684539795
1784016000.0,1.1398608684539795,1.1401208639144897,1.1397310495376587,1.1397310495376587
1784016300.0,1.1398608684539795,1.1401208639144897,1.1398608684539795,1.1401208639144897
1784016600.0,1.1401208639144897,1.1401208639144897,1.1399909257888794,1.1401208639144897
1784016900.0,1.1399909257888794,1.1399909257888794,1.1399909257888794,1.1399909257888794
1784017200.0,1.1399909257888794,1.1401208639144897,1.1399909257888794,1.1401208639144897
1784017500.0,1.1401208639144897,1.1402509212493896,1.1401208639144897,1.1402509212493896
1784017800.0,1.140380859375,1.1405109167099,1.1402509212493896,1.1402509212493896
1784018100.0,1.1401208639144897,1.1402509212493896,1.1401208639144897,1.1402509212493896
1784018400.0,1.140380859375,1.1409013271331787,1.140380859375,1.1409013271331787
1784018700.0,1.1409013271331787,1.1409013271331787,1.1405109167099,1.1405109167099
1784019000.0,1.1405109167099,1.1405109167099,1.140380859375,1.140380859375
1784019300.0,1.140380859375,1.140380859375,1.140380859375,1.140380859375
1784019600.0,1.1402509212493896,1.1405109167099,1.1402509212493896,1.1405109167099
1784019900.0,1.1407711505889893,1.1407711505889893,1.1405109167099,1.1405109167099
1784020200.0,1.1405109167099,1.1406410932540894,1.1405109167099,1.1406410932540894
1784020500.0,1.1406410932540894,1.1406410932540894,1.1402509212493896,1.1402509212493896
1784020800.0,1.1402509212493896,1.1402509212493896,1.1401208639144897,1.1401208639144897
1784021100.0,1.1401208639144897,1.1402509212493896,1.1401208639144897,1.1402509212493896
1784021400.0,1.1401208639144897,1.1401208639144897,1.1401208639144897,1.1401208639144897
1784021700.0,1.1399909257888794,1.1401208639144897,1.1399909257888794,1.1401208639144897
1784022000.0,1.1401208639144897,1.1401208639144897,1.1398608684539795,1.1398608684539795
1784022300.0,1.1398608684539795,1.1402509212493896,1.1398608684539795,1.1402509212493896
1784022600.0,1.1402509212493896,1.140380859375,1.1402509212493896,1.140380859375
1784022900.0,1.1406410932540894,1.1406410932540894,1.140380859375,1.140380859375
1784023200.0,1.140380859375,1.1405109167099,1.140380859375,1.140380859375
1784023500.0,1.140380859375,1.140380859375,1.1401208639144897,1.1401208639144897
1784023800.0,1.1401208639144897,1.1401208639144897,1.1401208639144897,1.1401208639144897
1784024100.0,1.1401208639144897,1.1402509212493896,1.1399909257888794,1.1399909257888794
1784024400.0,1.1401208639144897,1.1401208639144897,1.1398608684539795,1.1398608684539795
1784024700.0,1.1398608684539795,1.1398608684539795,1.1397310495376587,1.1398608684539795
1784025000.0,1.1398608684539795,1.1398608684539795,1.1397310495376587,1.1398608684539795
1784025300.0,1.1397310495376587,1.1399909257888794,1.1397310495376587,1.1399909257888794
1784025600.0,1.1398608684539795,1.1398608684539795,1.1397310495376587,1.1397310495376587
1784025900.0,1.1398608684539795,1.1398608684539795,1.1397310495376587,1.1398608684539795
1784026200.0,1.1397310495376587,1.1398608684539795,1.1397310495376587,1.1397310495376587
1784026500.0,1.1397310495376587,1.1397310495376587,1.1394712924957275,1.1394712924957275
1784026800.0,1.1394712924957275,1.1394712924957275,1.1393414735794067,1.1394712924957275
1784027100.0,1.1394712924957275,1.1396011114120483,1.1394712924957275,1.1396011114120483
1784027400.0,1.1396011114120483,1.1401208639144897,1.1396011114120483,1.1396011114120483
1784027700.0,1.1397310495376587,1.1397310495376587,1.1396011114120483,1.1397310495376587
1784028000.0,1.1397310495376587,1.1398608684539795,1.1397310495376587,1.1398608684539795
1784028300.0,1.1399909257888794,1.1399909257888794,1.1398608684539795,1.1398608684539795
1784028600.0,1.1399909257888794,1.1402509212493896,1.1398608684539795,1.1402509212493896
1784028900.0,1.1402509212493896,1.140380859375,1.1402509212493896,1.140380859375
1784029200.0,1.140380859375,1.1407711505889893,1.140380859375,1.1407711505889893
1784029500.0,1.1405109167099,1.1409013271331787,1.1405109167099,1.1409013271331787
1784029800.0,1.1409013271331787,1.1411616802215576,1.1409013271331787,1.1411616802215576
1784030100.0,1.1411616802215576,1.1411616802215576,1.1409013271331787,1.1410315036773682
1784030400.0,1.1409013271331787,1.1410315036773682,1.1409013271331787,1.1410315036773682
1784030700.0,1.1409013271331787,1.1409013271331787,1.1407711505889893,1.1409013271331787
1784031000.0,1.1409013271331787,1.1410315036773682,1.1409013271331787,1.1409013271331787
1784031300.0,1.1409013271331787,1.1410315036773682,1.1407711505889893,1.1407711505889893
1784031600.0,1.1409013271331787,1.1415525674819946,1.1409013271331787,1.1415525674819946
1784031900.0,1.1416828632354736,1.1418131589889526,1.1416828632354736,1.1418131589889526
1784032200.0,1.1449507474899292,1.1462632417678833,1.1449507474899292,1.1453442573547363
1784032500.0,1.1454753875732422,1.1454753875732422,1.1442956924438477,1.144426703453064
1784032800.0,1.144688606262207,1.1461317539215088,1.144688606262207,1.1461317539215088
1784033100.0,1.1460003852844238,1.1461317539215088,1.1454753875732422,1.1454753875732422
1784033400.0,1.1454753875732422,1.1454753875732422,1.144819736480713,1.1449507474899292
1784033700.0,1.144688606262207,1.144819736480713,1.144688606262207,1.144688606262207
1784034000.0,1.144819736480713,1.145737886428833,1.144819736480713,1.145081877708435
1784034300.0,1.145213007926941,1.145737886428833,1.145213007926941,1.1456066370010376
1784034600.0,1.145213007926941,1.1453442573547363,1.144819736480713,1.144819736480713
1784034900.0,1.144819736480713,1.1453442573547363,1.144819736480713,1.1453442573547363
1784035200.0,1.1449507474899292,1.1454753875732422,1.1449507474899292,1.1453442573547363
1784035500.0,1.1454753875732422,1.1454753875732422,1.1453442573547363,1.1453442573547363
1784035800.0,1.1453442573547363,1.1453442573547363,1.145081877708435,1.145081877708435
1784036100.0,1.1453442573547363,1.1456066370010376,1.1453442573547363,1.1456066370010376
1784036400.0,1.1453442573547363,1.1456066370010376,1.1453442573547363,1.1456066370010376
1784036700.0,1.1456066370010376,1.1456066370010376,1.1453442573547363,1.1454753875732422
1784037000.0,1.1454753875732422,1.1456066370010376,1.145213007926941,1.1454753875732422
1784037300.0,1.1456066370010376,1.145737886428833,1.1454753875732422,1.1456066370010376
1784037600.0,1.1453442573547363,1.1458691358566284,1.1453442573547363,1.1458691358566284
1784037900.0,1.145737886428833,1.1461317539215088,1.145737886428833,1.1460003852844238
1784038200.0,1.1458691358566284,1.1460003852844238,1.1458691358566284,1.1458691358566284
1784038500.0,1.1458691358566284,1.1458691358566284,1.1454753875732422,1.145737886428833
1784038800.0,1.145737886428833,1.145737886428833,1.145081877708435,1.145081877708435
1784039100.0,1.145213007926941,1.145213007926941,1.144819736480713,1.1449507474899292
1784039400.0,1.144688606262207,1.1449507474899292,1.1445575952529907,1.1449507474899292
1784039700.0,1.1453442573547363,1.1453442573547363,1.145081877708435,1.145081877708435
1784040000.0,1.1449507474899292,1.145081877708435,1.1449507474899292,1.1449507474899292
1784040300.0,1.145213007926941,1.1453442573547363,1.1449507474899292,1.145213007926941
1784040600.0,1.145081877708435,1.145081877708435,1.1445575952529907,1.1445575952529907
1784040900.0,1.144426703453064,1.144819736480713,1.144426703453064,1.144819736480713
1784041200.0,1.144819736480713,1.144819736480713,1.144688606262207,1.144819736480713
1784041500.0,1.145213007926941,1.1454753875732422,1.145081877708435,1.1454753875732422
1784041800.0,1.1453442573547363,1.1453442573547363,1.145213007926941,1.145213007926941
1784042100.0,1.145213007926941,1.145213007926941,1.1449507474899292,1.1449507474899292
1784042400.0,1.144819736480713,1.144819736480713,1.1445575952529907,1.1445575952529907
1784042700.0,1.1445575952529907,1.144688606262207,1.144426703453064,1.144426703453064
1784043000.0,1.144426703453064,1.1445575952529907,1.144426703453064,1.1445575952529907
1784043300.0,1.144426703453064,1.144426703453064,1.144164800643921,1.144426703453064
1784043600.0,1.144164800643921,1.144164800643921,1.1436413526535034,1.1436413526535034
1784043900.0,1.1436413526535034,1.1439030170440674,1.1436413526535034,1.1437721252441406
1784044200.0,1.1435105800628662,1.1435105800628662,1.1431183815002441,1.1432491540908813
1784044500.0,1.1432491540908813,1.1432491540908813,1.142987847328186,1.142987847328186
1784044800.0,1.1431183815002441,1.1431183815002441,1.1428571939468384,1.142987847328186
1784045100.0,1.142987847328186,1.142987847328186,1.1428571939468384,1.1428571939468384
1784045400.0,1.142987847328186,1.1431183815002441,1.142987847328186,1.1431183815002441
1784045700.0,1.1431183815002441,1.1432491540908813,1.1431183815002441,1.1431183815002441
1784046000.0,1.1431183815002441,1.1432491540908813,1.142987847328186,1.1432491540908813
1784046300.0,1.1432491540908813,1.143379807472229,1.1432491540908813,1.1432491540908813
1784046600.0,1.143379807472229,1.1435105800628662,1.143379807472229,1.143379807472229
1784046900.0,1.1435105800628662,1.1437721252441406,1.1435105800628662,1.1437721252441406
1784047200.0,1.1437721252441406,1.1437721252441406,1.1436413526535034,1.1436413526535034
1784047500.0,1.1435105800628662,1.1435105800628662,1.143379807472229,1.143379807472229
1784047800.0,1.143379807472229,1.1435105800628662,1.143379807472229,1.1435105800628662
1784048100.0,1.1436413526535034,1.1436413526535034,1.1435105800628662,1.1436413526535034
1784048400.0,1.1435105800628662,1.1436413526535034,1.143379807472229,1.143379807472229
1784048700.0,1.1432491540908813,1.1432491540908813,1.142987847328186,1.142987847328186
1784049000.0,1.142987847328186,1.142987847328186,1.1428571939468384,1.1428571939468384
1784049300.0,1.1425960063934326,1.1425960063934326,1.1423349380493164,1.1423349380493164
1784049600.0,1.1423349380493164,1.1425960063934326,1.1423349380493164,1.1425960063934326
1784049900.0,1.1425960063934326,1.142987847328186,1.1425960063934326,1.1428571939468384
1784050200.0,1.1428571939468384,1.142987847328186,1.1428571939468384,1.1428571939468384
1784050500.0,1.1428571939468384,1.1428571939468384,1.1427265405654907,1.1427265405654907
1784050800.0,1.1428571939468384,1.1428571939468384,1.1427265405654907,1.1428571939468384
1784051100.0,1.142987847328186,1.1431183815002441,1.1428571939468384,1.1431183815002441
1784051400.0,1.1431183815002441,1.1431183815002441,1.142987847328186,1.142987847328186
1784051700.0,1.142987847328186,1.142987847328186,1.1425960063934326,1.1425960063934326
1784052000.0,1.1427265405654907,1.1428571939468384,1.1427265405654907,1.1428571939468384
1784052300.0,1.1427265405654907,1.1427265405654907,1.1427265405654907,1.1427265405654907
1784052600.0,1.1427265405654907,1.1427265405654907,1.1425960063934326,1.1427265405654907
1784052900.0,1.1427265405654907,1.1428571939468384,1.1427265405654907,1.1428571939468384
1784053200.0,1.1427265405654907,1.1427265405654907,1.1424654722213745,1.1424654722213745
1784053500.0,1.1424654722213745,1.1425960063934326,1.1424654722213745,1.1424654722213745
1784053800.0,1.1424654722213745,1.1425960063934326,1.1424654722213745,1.1425960063934326
1784054100.0,1.1425960063934326,1.1425960063934326,1.1423349380493164,1.1423349380493164
1784054400.0,1.1423349380493164,1.1423349380493164,1.1420739889144897,1.1420739889144897
1784054700.0,1.1422044038772583,1.1423349380493164,1.1422044038772583,1.1423349380493164
1784055000.0,1.1423349380493164,1.1423349380493164,1.1422044038772583,1.1423349380493164
1784055300.0,1.1424654722213745,1.1425960063934326,1.1424654722213745,1.1425960063934326
1784055600.0,1.1427265405654907,1.1428571939468384,1.1427265405654907,1.1428571939468384
1784055900.0,1.1427265405654907,1.1427265405654907,1.1427265405654907,1.1427265405654907
1784056200.0,1.1427265405654907,1.1428571939468384,1.1425960063934326,1.1428571939468384
1784056500.0,1.1428571939468384,1.1428571939468384,1.1427265405654907,1.1428571939468384
1784056800.0,1.1428571939468384,1.1428571939468384,1.1427265405654907,1.1427265405654907
1784057100.0,1.1427265405654907,1.1428571939468384,1.1427265405654907,1.1428571939468384
1784057400.0,1.1427265405654907,1.1427265405654907,1.1425960063934326,1.1425960063934326
1784057700.0,1.1425960063934326,1.1425960063934326,1.1425960063934326,1.1425960063934326
1784058000.0,1.1425960063934326,1.1425960063934326,1.1425960063934326,1.1425960063934326
1784058300.0,1.1425960063934326,1.1427265405654907,1.1425960063934326,1.1425960063934326
1784058600.0,1.1425960063934326,1.1425960063934326,1.1425960063934326,1.1425960063934326
1784058900.0,1.1425960063934326,1.1425960063934326,1.1424654722213745,1.1424654722213745
1784059200.0,1.1423349380493164,1.1423349380493164,1.1422044038772583,1.1422044038772583
1784059500.0,1.1423349380493164,1.1423349380493164,1.1422044038772583,1.1422044038772583
1784059800.0,1.1423349380493164,1.1425960063934326,1.1423349380493164,1.1424654722213745
1784060100.0,1.1423349380493164,1.1423349380493164,1.1423349380493164,1.1423349380493164
1784060400.0,1.1423349380493164,1.1423349380493164,1.1423349380493164,1.1423349380493164
1784060700.0,1.1423349380493164,1.1424654722213745,1.1423349380493164,1.1423349380493164
1784061000.0,1.1422044038772583,1.1423349380493164,1.1422044038772583,1.1422044038772583
1784061300.0,1.1423349380493164,1.1424654722213745,1.1423349380493164,1.1424654722213745
1784061600.0,1.1424654722213745,1.1424654722213745,1.1423349380493164,1.1423349380493164
1784061900.0,1.1423349380493164,1.1423349380493164,1.1423349380493164,1.1423349380493164
1784062200.0,1.1423349380493164,1.1424654722213745,1.1423349380493164,1.1424654722213745
1784062500.0,1.1424654722213745,1.1424654722213745,1.1423349380493164,1.1423349380493164
1784062800.0,1.1424654722213745,1.1431183815002441,1.1424654722213745,1.1431183815002441
1784063100.0,1.1427265405654907,1.1428571939468384,1.1424654722213745,1.1424654722213745
1784063400.0,1.1428571939468384,1.1428571939468384,1.1425960063934326,1.1428571939468384
1784063700.0,1.1428571939468384,1.1428571939468384,1.1423349380493164,1.1424654722213745
1784064000.0,1.1427265405654907,1.142987847328186,1.1427265405654907,1.142987847328186
1784064300.0,1.1428571939468384,1.1428571939468384,1.1427265405654907,1.1428571939468384
1784064600.0,1.1427265405654907,1.1428571939468384,1.1425960063934326,1.1425960063934326
1784064900.0,1.1427265405654907,1.1427265405654907,1.1424654722213745,1.1427265405654907
1784065200.0,1.1427265405654907,1.1428571939468384,1.1424654722213745,1.1425960063934326
1784065500.0,1.1423349380493164,1.1427265405654907,1.1423349380493164,1.1423349380493164
1784065800.0,1.1424654722213745,1.1425960063934326,1.1422044038772583,1.1422044038772583
1784066100.0,1.1424654722213745,1.1425960063934326,1.1422044038772583,1.1425960063934326
1784066400.0,1.1424654722213745,1.1424654722213745,1.1422044038772583,1.1422044038772583
1784066700.0,1.1423349380493164,1.1423349380493164,1.1420739889144897,1.1422044038772583
1784067000.0,1.1422044038772583,1.1422044038772583,1.1420739889144897,1.1422044038772583
1784067300.0,1.1422044038772583,1.1423349380493164,1.1422044038772583,1.1422044038772583
1784067600.0,1.1422044038772583,1.1423349380493164,1.1422044038772583,1.1423349380493164
1784067900.0,1.1422044038772583,1.1423349380493164,1.1422044038772583,1.1423349380493164
1784068200.0,1.1423349380493164,1.1424654722213745,1.1423349380493164,1.1423349380493164
1784068500.0,1.1424654722213745,1.1424654722213745,1.1423349380493164,1.1424654722213745
1784068800.0,1.1424654722213745,1.1424654722213745,1.1424654722213745,1.1424654722213745
1784069100.0,1.1424654722213745,1.1424654722213745,1.1423349380493164,1.1423349380493164
1784069400.0,1.1423349380493164,1.1423349380493164,1.1423349380493164,1.1423349380493164
1784069700.0,1.1422044038772583,1.1424654722213745,1.1422044038772583,1.1424654722213745
1784070000.0,1.1423349380493164,1.1424654722213745,1.1423349380493164,1.1424654722213745
1784070300.0,1.1423349380493164,1.1424654722213745,1.1423349380493164,1.1424654722213745
1784070600.0,1.1425960063934326,1.1425960063934326,1.1424654722213745,1.1424654722213745
1784070900.0,1.1424654722213745,1.1424654722213745,1.1424654722213745,1.1424654722213745
1784071200.0,1.1424654722213745,1.1424654722213745,1.1424654722213745,1.1424654722213745
1784071500.0,1.1424654722213745,1.1425960063934326,1.1424654722213745,1.1425960063934326
1784071800.0,1.1425960063934326,1.1425960063934326,1.1424654722213745,1.1425960063934326
1784072100.0,1.1425960063934326,1.1425960063934326,1.1425960063934326,1.1425960063934326
1784072400.0,1.1425960063934326,1.1427265405654907,1.1425960063934326,1.1427265405654907
1784072700.0,1.1427265405654907,1.1427265405654907,1.1427265405654907,1.1427265405654907
1784073000.0,1.1427265405654907,1.1427265405654907,1.1427265405654907,1.1427265405654907
1784073300.0,1.1427265405654907,1.1428571939468384,1.1427265405654907,1.1427265405654907
1784073600.0,1.1427265405654907,1.142987847328186,1.1427265405654907,1.142987847328186
1784073900.0,1.142987847328186,1.142987847328186,1.1428571939468384,1.142987847328186
1784074200.0,1.142987847328186,1.142987847328186,1.1428571939468384,1.1428571939468384
1784074500.0,1.142987847328186,1.142987847328186,1.142987847328186,1.142987847328186
1784074800.0,1.1428571939468384,1.142987847328186,1.1428571939468384,1.142987847328186
1784075100.0,1.142987847328186,1.1432491540908813,1.142987847328186,1.1432491540908813
1784075400.0,1.143379807472229,1.143379807472229,1.1432491540908813,1.1432491540908813
1784075700.0,1.1432491540908813,1.1432491540908813,1.1431183815002441,1.1431183815002441
1784076000.0,1.1431183815002441,1.1431183815002441,1.142987847328186,1.142987847328186
1784076300.0,1.142987847328186,1.1431183815002441,1.142987847328186,1.1431183815002441
1784076600.0,1.1432491540908813,1.1436413526535034,1.1432491540908813,1.1436413526535034
1784076900.0,1.1435105800628662,1.1437721252441406,1.1435105800628662,1.1437721252441406
1784077200.0,1.1437721252441406,1.1437721252441406,1.1435105800628662,1.1435105800628662
1784077500.0,1.1437721252441406,1.1439030170440674,1.1436413526535034,1.1439030170440674
1784077800.0,1.1437721252441406,1.1439030170440674,1.1437721252441406,1.1439030170440674
1784078100.0,1.1439030170440674,1.1440337896347046,1.1439030170440674,1.1440337896347046
1784078400.0,1.1440337896347046,1.1440337896347046,1.1440337896347046,1.1440337896347046
1784078700.0,1.1439030170440674,1.1440337896347046,1.1439030170440674,1.1439030170440674
1784079000.0,1.1439030170440674,1.1440337896347046,1.1437721252441406,1.1437721252441406
1784079300.0,1.1439030170440674,1.1440337896347046,1.1439030170440674,1.1439030170440674
1784079600.0,1.1439030170440674,1.1439030170440674,1.1436413526535034,1.1436413526535034
1784079900.0,1.1437721252441406,1.1437721252441406,1.1436413526535034,1.1436413526535034
1784080200.0,1.1436413526535034,1.1436413526535034,1.1436413526535034,1.1436413526535034
1784080500.0,1.1436413526535034,1.1439030170440674,1.1436413526535034,1.1439030170440674
1784080800.0,1.1439030170440674,1.1440337896347046,1.1437721252441406,1.1440337896347046
1784081100.0,1.1440337896347046,1.144164800643921,1.1440337896347046,1.144164800643921
1784081400.0,1.144164800643921,1.1442956924438477,1.1440337896347046,1.1440337896347046
1784081700.0,1.1439030170440674,1.1439030170440674,1.1437721252441406,1.1437721252441406
1784082000.0,1.1437721252441406,1.1437721252441406,1.1436413526535034,1.1436413526535034
1784082300.0,1.1437721252441406,1.1439030170440674,1.1437721252441406,1.1437721252441406
1784082600.0,1.1439030170440674,1.1439030170440674,1.1439030170440674,1.1439030170440674
1784082900.0,1.1439030170440674,1.1440337896347046,1.1439030170440674,1.1440337896347046
1784083200.0,1.1440337896347046,1.144426703453064,1.1440337896347046,1.144426703453064
1784083500.0,1.144426703453064,1.144426703453064,1.144426703453064,1.144426703453064
1784083800.0,1.144426703453064,1.144426703453064,1.1442956924438477,1.1442956924438477
1784084100.0,1.144426703453064,1.144426703453064,1.144426703453064,1.144426703453064
1784084400.0,1.1442956924438477,1.1445575952529907,1.1442956924438477,1.1445575952529907
1784084700.0,1.1445575952529907,1.1445575952529907,1.1442956924438477,1.1442956924438477
1784085000.0,1.144426703453064,1.144426703453064,1.144164800643921,1.144164800643921
1784085300.0,1.1440337896347046,1.1440337896347046,1.1437721252441406,1.1437721252441406
1784085600.0,1.1437721252441406,1.1437721252441406,1.1437721252441406,1.1437721252441406
1784085900.0,1.1437721252441406,1.1437721252441406,1.1437721252441406,1.1437721252441406
1784086200.0,1.1437721252441406,1.1439030170440674,1.1437721252441406,1.1439030170440674
1784086500.0,1.1440337896347046,1.1440337896347046,1.1439030170440674,1.1440337896347046
1784086800.0,1.1440337896347046,1.1440337896347046,1.1437721252441406,1.1437721252441406
1784087100.0,1.1437721252441406,1.1439030170440674,1.1437721252441406,1.1439030170440674
1784087400.0,1.1439030170440674,1.1440337896347046,1.1439030170440674,1.1440337896347046
1784087700.0,1.1440337896347046,1.144164800643921,1.1440337896347046,1.144164800643921
1784088000.0,1.144164800643921,1.144164800643921,1.1440337896347046,1.144164800643921
1784088300.0,1.144164800643921,1.144164800643921,1.1440337896347046,1.1440337896347046
1784088600.0,1.1440337896347046,1.144164800643921,1.1440337896347046,1.1440337896347046
1784088900.0,1.1440337896347046,1.144164800643921,1.1440337896347046,1.144164800643921
1784089200.0,1.144164800643921,1.144164800643921,1.144164800643921,1.144164800643921
1784089500.0,1.144164800643921,1.1442956924438477,1.144164800643921,1.1442956924438477
1784089800.0,1.144164800643921,1.1442956924438477,1.144164800643921,1.1442956924438477
1784090100.0,1.1442956924438477,1.144426703453064,1.1442956924438477,1.144426703453064
1784090400.0,1.1442956924438477,1.1442956924438477,1.1440337896347046,1.144164800643921
1784090700.0,1.144164800643921,1.1442956924438477,1.144164800643921,1.1442956924438477
1784091000.0,1.1442956924438477,1.1442956924438477,1.144164800643921,1.144164800643921
1784091300.0,1.144164800643921,1.144164800643921,1.1440337896347046,1.1440337896347046
1784091600.0,1.1440337896347046,1.1440337896347046,1.1439030170440674,1.1440337896347046
1784091900.0,1.1439030170440674,1.1440337896347046,1.1439030170440674,1.1440337896347046
1784092200.0,1.1439030170440674,1.1440337896347046,1.1439030170440674,1.1440337896347046
1784092500.0,1.1440337896347046,1.144164800643921,1.1440337896347046,1.144164800643921
1784092800.0,1.1440337896347046,1.144164800643921,1.1440337896347046,1.1440337896347046
1784093100.0,1.1440337896347046,1.1440337896347046,1.1440337896347046,1.1440337896347046
1784093400.0,1.1440337896347046,1.144164800643921,1.1440337896347046,1.144164800643921
1784093700.0,1.1442956924438477,1.1442956924438477,1.144164800643921,1.1442956924438477
1784094000.0,1.1442956924438477,1.144426703453064,1.1442956924438477,1.144426703453064
1784094300.0,1.144426703453064,1.144688606262207,1.144426703453064,1.1445575952529907
1784094600.0,1.144688606262207,1.144688606262207,1.1445575952529907,1.144688606262207
1784094900.0,1.1445575952529907,1.1445575952529907,1.144426703453064,1.144426703453064
1784095200.0,1.144426703453064,1.1445575952529907,1.144426703453064,1.1445575952529907
1784095500.0,1.1445575952529907,1.1445575952529907,1.1442956924438477,1.1442956924438477
1784095800.0,1.144426703453064,1.144426703453064,1.1442956924438477,1.1442956924438477
1784096100.0,1.1442956924438477,1.144426703453064,1.1442956924438477,1.144426703453064
1784096400.0,1.144688606262207,1.144688606262207,1.1445575952529907,1.144688606262207
1784096700.0,1.1445575952529907,1.144688606262207,1.1445575952529907,1.1445575952529907
1784097000.0,1.1445575952529907,1.1445575952529907,1.1442956924438477,1.1442956924438477
1784097300.0,1.144426703453064,1.144426703453064,1.1442956924438477,1.144426703453064
1784097600.0,1.1442956924438477,1.1442956924438477,1.144164800643921,1.144164800643921
1784097900.0,1.144164800643921,1.144164800643921,1.1439030170440674,1.1439030170440674
1784098200.0,1.1439030170440674,1.1439030170440674,1.1437721252441406,1.1439030170440674
1784098500.0,1.1439030170440674,1.1439030170440674,1.1432491540908813,1.1432491540908813
1784098800.0,1.1432491540908813,1.143379807472229,1.1432491540908813,1.1432491540908813
1784099100.0,1.1432491540908813,1.1432491540908813,1.142987847328186,1.1432491540908813
1784099400.0,1.1432491540908813,1.1435105800628662,1.1432491540908813,1.143379807472229
1784099700.0,1.143379807472229,1.143379807472229,1.1428571939468384,1.1428571939468384
1784100000.0,1.142987847328186,1.142987847328186,1.1427265405654907,1.1427265405654907
1784100300.0,1.1427265405654907,1.1427265405654907,1.1423349380493164,1.1423349380493164
1784100600.0,1.1425960063934326,1.1427265405654907,1.1425960063934326,1.1427265405654907
1784100900.0,1.1425960063934326,1.1425960063934326,1.1425960063934326,1.1425960063934326
1784101200.0,1.1425960063934326,1.1425960063934326,1.1425960063934326,1.1425960063934326
1784101500.0,1.1425960063934326,1.1427265405654907,1.1425960063934326,1.1427265405654907
1784101800.0,1.1427265405654907,1.1427265405654907,1.1425960063934326,1.1427265405654907
1784102100.0,1.1427265405654907,1.1428571939468384,1.1425960063934326,1.1425960063934326
1784102400.0,1.1427265405654907,1.1431183815002441,1.1427265405654907,1.1431183815002441
1784102700.0,1.142987847328186,1.142987847328186,1.1427265405654907,1.1427265405654907
1784103000.0,1.1425960063934326,1.1425960063934326,1.1425960063934326,1.1425960063934326
1784103300.0,1.1425960063934326,1.1427265405654907,1.1425960063934326,1.1427265405654907
1784103600.0,1.1427265405654907,1.1427265405654907,1.1427265405654907,1.1427265405654907
1784103900.0,1.1428571939468384,1.1428571939468384,1.1427265405654907,1.1427265405654907
1784104200.0,1.1428571939468384,1.142987847328186,1.1428571939468384,1.142987847328186
1784104500.0,1.1428571939468384,1.142987847328186,1.1428571939468384,1.142987847328186
1784104800.0,1.1428571939468384,1.1428571939468384,1.1427265405654907,1.1427265405654907
1784105100.0,1.1428571939468384,1.1428571939468384,1.1427265405654907,1.1427265405654907
1784105400.0,1.1425960063934326,1.1425960063934326,1.1425960063934326,1.1425960063934326
1784105700.0,1.1425960063934326,1.1427265405654907,1.1424654722213745,1.1427265405654907
1784106000.0,1.1427265405654907,1.1427265405654907,1.1424654722213745,1.1425960063934326
1784106300.0,1.1425960063934326,1.1425960063934326,1.1425960063934326,1.1425960063934326
1784106600.0,1.1427265405654907,1.1428571939468384,1.1427265405654907,1.1428571939468384
1784106900.0,1.1427265405654907,1.1427265405654907,1.1425960063934326,1.1425960063934326
1784107200.0,1.1425960063934326,1.1428571939468384,1.1425960063934326,1.1428571939468384
1784107500.0,1.1427265405654907,1.1428571939468384,1.1425960063934326,1.1425960063934326
1784107800.0,1.1425960063934326,1.1425960063934326,1.1422044038772583,1.1422044038772583
1784108100.0,1.1422044038772583,1.1423349380493164,1.1422044038772583,1.1423349380493164
1784108400.0,1.1423349380493164,1.1424654722213745,1.1423349380493164,1.1424654722213745
1784108700.0,1.1424654722213745,1.1424654722213745,1.1423349380493164,1.1424654722213745
1784109000.0,1.1423349380493164,1.1423349380493164,1.1420739889144897,1.1422044038772583
1784109300.0,1.1423349380493164,1.1423349380493164,1.1420739889144897,1.1420739889144897
1784109600.0,1.1420739889144897,1.1420739889144897,1.1419435739517212,1.1420739889144897
1784109900.0,1.1420739889144897,1.1422044038772583,1.1416828632354736,1.1416828632354736
1784110200.0,1.1418131589889526,1.1419435739517212,1.1418131589889526,1.1418131589889526
1784110500.0,1.1418131589889526,1.1420739889144897,1.1418131589889526,1.1420739889144897
1784110800.0,1.1419435739517212,1.1420739889144897,1.1416828632354736,1.1416828632354736
1784111100.0,1.1415525674819946,1.1416828632354736,1.1415525674819946,1.1416828632354736
1784111400.0,1.1416828632354736,1.1418131589889526,1.1416828632354736,1.1416828632354736
1784111700.0,1.1415525674819946,1.1416828632354736,1.1415525674819946,1.1416828632354736
1784112000.0,1.1416828632354736,1.1416828632354736,1.141422152519226,1.141422152519226
1784112300.0,1.1415525674819946,1.1418131589889526,1.1415525674819946,1.1416828632354736
1784112600.0,1.1416828632354736,1.1416828632354736,1.1415525674819946,1.1415525674819946
1784112900.0,1.1416828632354736,1.1416828632354736,1.1415525674819946,1.1415525674819946
1784113200.0,1.1419435739517212,1.1420739889144897,1.1419435739517212,1.1420739889144897
1784113500.0,1.1420739889144897,1.1422044038772583,1.1420739889144897,1.1420739889144897
1784113800.0,1.1422044038772583,1.1422044038772583,1.1420739889144897,1.1420739889144897
1784114100.0,1.1420739889144897,1.1420739889144897,1.1419435739517212,1.1420739889144897
1784114400.0,1.1419435739517212,1.1420739889144897,1.1419435739517212,1.1420739889144897
1784114700.0,1.1420739889144897,1.1420739889144897,1.1419435739517212,1.1419435739517212
1784115000.0,1.1419435739517212,1.1420739889144897,1.1419435739517212,1.1420739889144897
1784115300.0,1.1420739889144897,1.1422044038772583,1.1420739889144897,1.1420739889144897
1784115600.0,1.1420739889144897,1.1420739889144897,1.1419435739517212,1.1419435739517212
1784115900.0,1.1418131589889526,1.1418131589889526,1.1416828632354736,1.1416828632354736
1784116200.0,1.1416828632354736,1.1416828632354736,1.1416828632354736,1.1416828632354736
1784116500.0,1.141422152519226,1.1416828632354736,1.141422152519226,1.1416828632354736
1784116800.0,1.1416828632354736,1.1418131589889526,1.1415525674819946,1.1415525674819946
1784117100.0,1.141422152519226,1.141422152519226,1.1411616802215576,1.1411616802215576
1784117400.0,1.1410315036773682,1.1411616802215576,1.1410315036773682,1.1411616802215576
1784117700.0,1.141291856765747,1.141422152519226,1.141291856765747,1.141291856765747
1784118000.0,1.1411616802215576,1.1416828632354736,1.1411616802215576,1.1416828632354736
1784118300.0,1.1416828632354736,1.1416828632354736,1.1415525674819946,1.1415525674819946
1784118600.0,1.1420739889144897,1.1425960063934326,1.1420739889144897,1.1424654722213745
1784118900.0,1.1423349380493164,1.1423349380493164,1.1422044038772583,1.1423349380493164
1784119200.0,1.1423349380493164,1.1428571939468384,1.1423349380493164,1.1428571939468384
1784119500.0,1.1428571939468384,1.1431183815002441,1.1428571939468384,1.1431183815002441
1784119800.0,1.142987847328186,1.142987847328186,1.1428571939468384,1.142987847328186
1784120100.0,1.142987847328186,1.1432491540908813,1.1428571939468384,1.1432491540908813
1784120400.0,1.1431183815002441,1.1435105800628662,1.1431183815002441,1.1435105800628662
1784120700.0,1.1435105800628662,1.1436413526535034,1.1435105800628662,1.1436413526535034
1784121000.0,1.1435105800628662,1.1435105800628662,1.1431183815002441,1.1431183815002441
1784121300.0,1.1431183815002441,1.1435105800628662,1.1431183815002441,1.1435105800628662
1784121600.0,1.1435105800628662,1.1435105800628662,1.1431183815002441,1.1431183815002441
1784121900.0,1.1431183815002441,1.1431183815002441,1.1427265405654907,1.1428571939468384
1784122200.0,1.1427265405654907,1.142987847328186,1.1427265405654907,1.1428571939468384
1784122500.0,1.142987847328186,1.1431183815002441,1.142987847328186,1.142987847328186
1784122800.0,1.142987847328186,1.142987847328186,1.142987847328186,1.142987847328186
1784123100.0,1.142987847328186,1.1431183815002441,1.142987847328186,1.1431183815002441
1784123400.0,1.1432491540908813,1.143379807472229,1.1431183815002441,1.1431183815002441
1784123700.0,1.142987847328186,1.1437721252441406,1.142987847328186,1.1436413526535034
1784124000.0,1.1435105800628662,1.1436413526535034,1.143379807472229,1.1436413526535034
1784124300.0,1.1436413526535034,1.1437721252441406,1.1435105800628662,1.1435105800628662
1784124600.0,1.1435105800628662,1.1436413526535034,1.1435105800628662,1.1435105800628662
1784124900.0,1.1436413526535034,1.1437721252441406,1.1436413526535034,1.1436413526535034
1784125200.0,1.1439030170440674,1.1439030170440674,1.1436413526535034,1.1436413526535034
1784125500.0,1.1436413526535034,1.1436413526535034,1.143379807472229,1.1435105800628662
1784125800.0,1.1436413526535034,1.1439030170440674,1.1436413526535034,1.1439030170440674
1784126100.0,1.1439030170440674,1.1440337896347046,1.1437721252441406,1.1440337896347046
1784126400.0,1.1437721252441406,1.1440337896347046,1.1437721252441406,1.1440337896347046
1784126700.0,1.1442956924438477,1.1442956924438477,1.144164800643921,1.1442956924438477
1784127000.0,1.144426703453064,1.144426703453064,1.1437721252441406,1.1437721252441406
1784127300.0,1.1437721252441406,1.1439030170440674,1.1437721252441406,1.1439030170440674
1784127600.0,1.1440337896347046,1.144426703453064,1.1440337896347046,1.144426703453064
1784127900.0,1.144426703453064,1.144426703453064,1.1442956924438477,1.144426703453064
1784128200.0,1.144426703453064,1.144426703453064,1.144164800643921,1.144164800643921
1784128500.0,1.1439030170440674,1.1439030170440674,1.1437721252441406,1.1439030170440674
1784128800.0,1.1439030170440674,1.144164800643921,1.1439030170440674,1.1440337896347046
1784129100.0,1.144164800643921,1.1442956924438477,1.1440337896347046,1.144164800643921
1784129400.0,1.1442956924438477,1.1442956924438477,1.1440337896347046,1.1440337896347046
1784129700.0,1.144164800643921,1.144164800643921,1.1435105800628662,1.1436413526535034
1784130000.0,1.1436413526535034,1.1437721252441406,1.1436413526535034,1.1437721252441406
1784130300.0,1.1437721252441406,1.1440337896347046,1.1437721252441406,1.1439030170440674
1784130600.0,1.1437721252441406,1.1437721252441406,1.1435105800628662,1.1435105800628662
1784130900.0,1.1437721252441406,1.1439030170440674,1.1437721252441406,1.1439030170440674
1784131200.0,1.1439030170440674,1.1439030170440674,1.1435105800628662,1.1435105800628662
1784131500.0,1.1435105800628662,1.1436413526535034,1.143379807472229,1.1435105800628662
1784131800.0,1.1436413526535034,1.1439030170440674,1.1436413526535034,1.1437721252441406
1784132100.0,1.1437721252441406,1.1440337896347046,1.1437721252441406,1.1440337896347046
1784132400.0,1.1437721252441406,1.1440337896347046,1.1437721252441406,1.1440337896347046
1784132700.0,1.1440337896347046,1.1442956924438477,1.1440337896347046,1.1442956924438477
1784133000.0,1.144164800643921,1.144164800643921,1.1440337896347046,1.1440337896347046
1784133300.0,1.1440337896347046,1.1440337896347046,1.1437721252441406,1.1439030170440674
1784133600.0,1.1439030170440674,1.1440337896347046,1.1437721252441406,1.1437721252441406
1784133900.0,1.1439030170440674,1.1442956924438477,1.1437721252441406,1.144164800643921
1784134200.0,1.1440337896347046,1.1445575952529907,1.1440337896347046,1.1445575952529907
1784134500.0,1.144426703453064,1.1445575952529907,1.1442956924438477,1.1445575952529907
1784134800.0,1.1445575952529907,1.145081877708435,1.1445575952529907,1.1449507474899292
1784135100.0,1.145081877708435,1.145213007926941,1.1449507474899292,1.145213007926941
1784135400.0,1.145213007926941,1.1453442573547363,1.145213007926941,1.145213007926941
1784135700.0,1.145213007926941,1.1454753875732422,1.145213007926941,1.1454753875732422
1784136000.0,1.1454753875732422,1.1456066370010376,1.1454753875732422,1.1456066370010376
1784136300.0,1.145737886428833,1.1458691358566284,1.145737886428833,1.1458691358566284
1784136600.0,1.1460003852844238,1.1466574668884277,1.1460003852844238,1.1466574668884277
1784136900.0,1.1466574668884277,1.1469204425811768,1.1466574668884277,1.1469204425811768
1784137200.0,1.1470520496368408,1.147315263748169,1.1470520496368408,1.147315263748169
1784137500.0,1.1471836566925049,1.1477103233337402,1.1471836566925049,1.1477103233337402
1784137800.0,1.1477103233337402,1.1477103233337402,1.147446870803833,1.1475785970687866
1784138100.0,1.1475785970687866,1.1477103233337402,1.1475785970687866,1.1477103233337402
1784138400.0,1.1477103233337402,1.1479737758636475,1.1477103233337402,1.1479737758636475
1784138700.0,1.1479737758636475,1.1479737758636475,1.1478420495986938,1.1478420495986938
1784139000.0,1.1477103233337402,1.1478420495986938,1.1475785970687866,1.1475785970687866
1784139300.0,1.1475785970687866,1.1478420495986938,1.1475785970687866,1.1478420495986938
1784139600.0,1.1481056213378906,1.1481056213378906,1.1479737758636475,1.1479737758636475
1784139900.0,1.1479737758636475,1.1481056213378906,1.1479737758636475,1.1481056213378906
1784140200.0,1.1482374668121338,1.148369312286377,1.1482374668121338,1.148369312286377
1784140500.0,1.148369312286377,1.148369312286377,1.1482374668121338,1.1482374668121338
1784140800.0,1.1482374668121338,1.1482374668121338,1.1478420495986938,1.1478420495986938
1784141100.0,1.1475785970687866,1.1477103233337402,1.1475785970687866,1.1475785970687866
1784141400.0,1.147446870803833,1.147446870803833,1.147315263748169,1.147315263748169
1784141700.0,1.147315263748169,1.147315263748169,1.1471836566925049,1.1471836566925049
1784142000.0,1.1469204425811768,1.147315263748169,1.1469204425811768,1.1471836566925049
1784142300.0,1.147315263748169,1.1475785970687866,1.147315263748169,1.1475785970687866
1784142600.0,1.1475785970687866,1.1477103233337402,1.1475785970687866,1.1477103233337402
1784142900.0,1.1477103233337402,1.1477103233337402,1.147446870803833,1.147446870803833
1784143200.0,1.147446870803833,1.1475785970687866,1.147446870803833,1.1475785970687866
1784143500.0,1.1475785970687866,1.1477103233337402,1.1475785970687866,1.1477103233337402
1784143800.0,1.1475785970687866,1.1475785970687866,1.1469204425811768,1.1469204425811768
1784144100.0,1.1467890739440918,1.1469204425811768,1.1466574668884277,1.1466574668884277
1784144400.0,1.1467890739440918,1.1467890739440918,1.1466574668884277,1.1466574668884277
1784144700.0,1.1466574668884277,1.1466574668884277,1.1465259790420532,1.1466574668884277
1784145000.0,1.1465259790420532,1.1466574668884277,1.1465259790420532,1.1466574668884277
1784145300.0,1.1465259790420532,1.1467890739440918,1.1465259790420532,1.1467890739440918
1784145600.0,1.1467890739440918,1.1467890739440918,1.1466574668884277,1.1466574668884277
1784145900.0,1.1466574668884277,1.1466574668884277,1.1465259790420532,1.1465259790420532
1784146200.0,1.1465259790420532,1.1465259790420532,1.1463946104049683,1.1463946104049683
1784146500.0,1.1465259790420532,1.1465259790420532,1.1465259790420532,1.1465259790420532
1784146800.0,1.1465259790420532,1.1466574668884277,1.1465259790420532,1.1466574668884277
1784147100.0,1.1466574668884277,1.1466574668884277,1.1466574668884277,1.1466574668884277
1784147400.0,1.1467890739440918,1.1467890739440918,1.1465259790420532,1.1465259790420532
1784147700.0,1.1465259790420532,1.1465259790420532,1.1465259790420532,1.1465259790420532
1784148000.0,1.1465259790420532,1.1466574668884277,1.1465259790420532,1.1465259790420532
1784148300.0,1.1466574668884277,1.1466574668884277,1.1466574668884277,1.1466574668884277
1784148600.0,1.1466574668884277,1.1466574668884277,1.1466574668884277,1.1466574668884277
1784148900.0,1.1467890739440918,1.1467890739440918,1.1466574668884277,1.1466574668884277
1784149200.0,1.1467890739440918,1.147315263748169,1.1467890739440918,1.147315263748169
1784149500.0,1.1466574668884277,1.1471836566925049,1.1466574668884277,1.1471836566925049
1784149800.0,1.1470520496368408,1.1470520496368408,1.1463946104049683,1.1469204425811768
1784150100.0,1.1469204425811768,1.1470520496368408,1.1467890739440918,1.1467890739440918
1784150400.0,1.1466574668884277,1.1469204425811768,1.1466574668884277,1.1469204425811768
1784150700.0,1.1467890739440918,1.1469204425811768,1.1467890739440918,1.1469204425811768
1784151000.0,1.1469204425811768,1.1469204425811768,1.1467890739440918,1.1467890739440918
1784151300.0,1.1466574668884277,1.1470520496368408,1.1466574668884277,1.1470520496368408
1784151600.0,1.1470520496368408,1.1470520496368408,1.1467890739440918,1.1467890739440918
1784151900.0,1.1469204425811768,1.1471836566925049,1.1467890739440918,1.1467890739440918
1784152200.0,1.1467890739440918,1.1469204425811768,1.1467890739440918,1.1467890739440918
1784152500.0,1.1469204425811768,1.1469204425811768,1.1466574668884277,1.1467890739440918
1784152800.0,1.1469204425811768,1.1470520496368408,1.1469204425811768,1.1469204425811768
1784153100.0,1.1469204425811768,1.1469204425811768,1.1469204425811768,1.1469204425811768
1784153400.0,1.1469204425811768,1.1470520496368408,1.1469204425811768,1.1470520496368408
1784153700.0,1.1470520496368408,1.1470520496368408,1.1469204425811768,1.1469204425811768
1784154000.0,1.1469204425811768,1.1469204425811768,1.1469204425811768,1.1469204425811768
1784154300.0,1.1469204425811768,1.1470520496368408,1.1469204425811768,1.1470520496368408
1784154600.0,1.1470520496368408,1.1471836566925049,1.1470520496368408,1.1470520496368408
1784154900.0,1.1470520496368408,1.1470520496368408,1.1470520496368408,1.1470520496368408
1784155200.0,1.1470520496368408,1.1470520496368408,1.1470520496368408,1.1470520496368408
1784155500.0,1.1470520496368408,1.1470520496368408,1.1470520496368408,1.1470520496368408
1784155800.0,1.1470520496368408,1.1470520496368408,1.1469204425811768,1.1469204425811768
1784156100.0,1.1469204425811768,1.1469204425811768,1.1469204425811768,1.1469204425811768
1784156400.0,1.1471836566925049,1.1471836566925049,1.1470520496368408,1.1470520496368408
1784156700.0,1.1470520496368408,1.1470520496368408,1.1470520496368408,1.1470520496368408
1784157000.0,1.1471836566925049,1.1471836566925049,1.1470520496368408,1.1471836566925049
1784157300.0,1.1471836566925049,1.1471836566925049,1.1471836566925049,1.1471836566925049
1784157600.0,1.147315263748169,1.147315263748169,1.1471836566925049,1.1471836566925049
1784157900.0,1.1471836566925049,1.147315263748169,1.1471836566925049,1.147315263748169
1784158200.0,1.147315263748169,1.147315263748169,1.1471836566925049,1.147315263748169
1784158500.0,1.147315263748169,1.147315263748169,1.147315263748169,1.147315263748169
1784158800.0,1.147315263748169,1.147315263748169,1.147315263748169,1.147315263748169
1784159100.0,1.147446870803833,1.147446870803833,1.147315263748169,1.147315263748169
1784159400.0,1.147446870803833,1.147446870803833,1.147315263748169,1.147315263748169
1784159700.0,1.147315263748169,1.147315263748169,1.147315263748169,1.147315263748169
1784160000.0,1.147315263748169,1.147446870803833,1.147315263748169,1.147315263748169
1784160300.0,1.147446870803833,1.147446870803833,1.147315263748169,1.147446870803833
1784160600.0,1.147446870803833,1.1477103233337402,1.147446870803833,1.1477103233337402
1784160900.0,1.1477103233337402,1.1477103233337402,1.1475785970687866,1.1475785970687866
1784161200.0,1.1475785970687866,1.1475785970687866,1.147315263748169,1.147446870803833
1784161500.0,1.1475785970687866,1.1475785970687866,1.1475785970687866,1.1475785970687866
1784161800.0,1.147446870803833,1.1475785970687866,1.147315263748169,1.147315263748169
1784162100.0,1.1471836566925049,1.147315263748169,1.1471836566925049,1.1471836566925049
1784162400.0,1.1471836566925049,1.147315263748169,1.1471836566925049,1.147315263748169
1784162700.0,1.147315263748169,1.147315263748169,1.1470520496368408,1.1470520496368408
1784163000.0,1.1471836566925049,1.147446870803833,1.1471836566925049,1.147446870803833
1784163300.0,1.1471836566925049,1.1477103233337402,1.1471836566925049,1.1477103233337402
1784163600.0,1.1477103233337402,1.1477103233337402,1.1475785970687866,1.1475785970687866
1784163900.0,1.1475785970687866,1.1475785970687866,1.147446870803833,1.147446870803833
1784164200.0,1.147446870803833,1.1475785970687866,1.147446870803833,1.1475785970687866
1784164500.0,1.1475785970687866,1.1475785970687866,1.1471836566925049,1.1471836566925049
1784164800.0,1.147315263748169,1.147446870803833,1.147315263748169,1.147446870803833
1784165100.0,1.1475785970687866,1.1475785970687866,1.147446870803833,1.147446870803833
1784165400.0,1.147315263748169,1.147315263748169,1.1470520496368408,1.1470520496368408
1784165700.0,1.1470520496368408,1.1470520496368408,1.1469204425811768,1.1469204425811768
1784166000.0,1.1470520496368408,1.1470520496368408,1.1469204425811768,1.1470520496368408
1784166300.0,1.1470520496368408,1.1470520496368408,1.1469204425811768,1.1470520496368408
1784166600.0,1.1469204425811768,1.1470520496368408,1.1469204425811768,1.1469204425811768
1784166900.0,1.1469204425811768,1.1469204425811768,1.1467890739440918,1.1469204425811768
1784167200.0,1.1469204425811768,1.1469204425811768,1.1467890739440918,1.1467890739440918
1784167500.0,1.1467890739440918,1.1467890739440918,1.1466574668884277,1.1466574668884277
1784167800.0,1.1467890739440918,1.1467890739440918,1.1463946104049683,1.1463946104049683
1784168100.0,1.1463946104049683,1.1465259790420532,1.1463946104049683,1.1465259790420532
1784168400.0,1.1465259790420532,1.1467890739440918,1.1465259790420532,1.1466574668884277
1784168700.0,1.1467890739440918,1.1467890739440918,1.1466574668884277,1.1466574668884277
1784169000.0,1.1467890739440918,1.1467890739440918,1.1466574668884277,1.1466574668884277
1784169300.0,1.1467890739440918,1.1467890739440918,1.1466574668884277,1.1466574668884277
1784169600.0,1.1466574668884277,1.1466574668884277,1.1465259790420532,1.1466574668884277
1784169900.0,1.1466574668884277,1.1466574668884277,1.1466574668884277,1.1466574668884277
1784170200.0,1.1465259790420532,1.1465259790420532,1.1465259790420532,1.1465259790420532
1784170500.0,1.1466574668884277,1.1467890739440918,1.1466574668884277,1.1467890739440918
1784170800.0,1.1467890739440918,1.1467890739440918,1.1466574668884277,1.1467890739440918
1784171100.0,1.1467890739440918,1.1469204425811768,1.1467890739440918,1.1469204425811768
1784171400.0,1.1470520496368408,1.1470520496368408,1.1467890739440918,1.1467890739440918
1784171700.0,1.1469204425811768,1.1470520496368408,1.1469204425811768,1.1470520496368408
1784172000.0,1.1470520496368408,1.1470520496368408,1.1470520496368408,1.1470520496368408
1784172300.0,1.1470520496368408,1.1471836566925049,1.1470520496368408,1.1471836566925049
1784172600.0,1.1471836566925049,1.1471836566925049,1.1470520496368408,1.1471836566925049
1784172900.0,1.1471836566925049,1.1471836566925049,1.1471836566925049,1.1471836566925049
1784173200.0,1.1471836566925049,1.1471836566925049,1.1470520496368408,1.1470520496368408
1784173500.0,1.1470520496368408,1.1470520496368408,1.1470520496368408,1.1470520496368408
1784173800.0,1.1470520496368408,1.1470520496368408,1.1469204425811768,1.1469204425811768
1784174100.0,1.1469204425811768,1.1469204425811768,1.1469204425811768,1.1469204425811768
1784174400.0,1.1469204425811768,1.1469204425811768,1.1469204425811768,1.1469204425811768
1784174700.0,1.1469204425811768,1.1469204425811768,1.1467890739440918,1.1467890739440918
1784175000.0,1.1467890739440918,1.1467890739440918,1.1467890739440918,1.1467890739440918
1784175300.0,1.1467890739440918,1.1467890739440918,1.1466574668884277,1.1466574668884277
1784175600.0,1.1466574668884277,1.1467890739440918,1.1466574668884277,1.1467890739440918
1784175900.0,1.1466574668884277,1.1466574668884277,1.1466574668884277,1.1466574668884277
1784176200.0,1.1466574668884277,1.1467890739440918,1.1466574668884277,1.1466574668884277
1784176500.0,1.1467890739440918,1.1469204425811768,1.1467890739440918,1.1469204425811768
1784176800.0,1.1469204425811768,1.1470520496368408,1.1469204425811768,1.1469204425811768
1784177100.0,1.1469204425811768,1.1469204425811768,1.1469204425811768,1.1469204425811768
1784177400.0,1.1469204425811768,1.1469204425811768,1.1469204425811768,1.1469204425811768
1784177700.0,1.1469204425811768,1.1469204425811768,1.1469204425811768,1.1469204425811768
1784178000.0,1.1469204425811768,1.1469204425811768,1.1469204425811768,1.1469204425811768
1784178300.0,1.1470520496368408,1.1470520496368408,1.1469204425811768,1.1469204425811768
1784178600.0,1.1469204425811768,1.1470520496368408,1.1469204425811768,1.1470520496368408
1784178900.0,1.1470520496368408,1.1471836566925049,1.1470520496368408,1.1470520496368408
1784179200.0,1.1470520496368408,1.1470520496368408,1.1470520496368408,1.1470520496368408
1784179500.0,1.1470520496368408,1.1470520496368408,1.1470520496368408,1.1470520496368408
1784179800.0,1.1470520496368408,1.1471836566925049,1.1470520496368408,1.1471836566925049
1784180100.0,1.1471836566925049,1.1471836566925049,1.1470520496368408,1.1470520496368408
1784180400.0,1.1470520496368408,1.1470520496368408,1.1470520496368408,1.1470520496368408
1784180700.0,1.1470520496368408,1.1470520496368408,1.1467890739440918,1.1467890739440918
1784181000.0,1.1466574668884277,1.1467890739440918,1.1466574668884277,1.1467890739440918
1784181300.0,1.1467890739440918,1.1467890739440918,1.1466574668884277,1.1466574668884277
1784181600.0,1.1467890739440918,1.1470520496368408,1.1467890739440918,1.1469204425811768
1784181900.0,1.1469204425811768,1.1470520496368408,1.1467890739440918,1.1470520496368408
1784182200.0,1.1470520496368408,1.1471836566925049,1.1470520496368408,1.1471836566925049
1784182500.0,1.1471836566925049,1.1471836566925049,1.1469204425811768,1.1469204425811768
1784182800.0,1.1470520496368408,1.1471836566925049,1.1470520496368408,1.1471836566925049
1784183100.0,1.1471836566925049,1.1471836566925049,1.1471836566925049,1.1471836566925049
1784183400.0,1.1471836566925049,1.1471836566925049,1.1470520496368408,1.1470520496368408
1784183700.0,1.1469204425811768,1.1470520496368408,1.1469204425811768,1.1470520496368408
1784184000.0,1.1470520496368408,1.1470520496368408,1.1469204425811768,1.1469204425811768
1784184300.0,1.1470520496368408,1.1471836566925049,1.1469204425811768,1.1471836566925049
1784184600.0,1.1471836566925049,1.1471836566925049,1.1471836566925049,1.1471836566925049
1784184900.0,1.147315263748169,1.147446870803833,1.1471836566925049,1.1471836566925049
1784185200.0,1.1471836566925049,1.1471836566925049,1.1471836566925049,1.1471836566925049
1784185500.0,1.1471836566925049,1.1471836566925049,1.1470520496368408,1.1470520496368408
1784185800.0,1.1471836566925049,1.1471836566925049,1.1470520496368408,1.1471836566925049
1784186100.0,1.1471836566925049,1.1471836566925049,1.1471836566925049,1.1471836566925049
1784186400.0,1.147446870803833,1.1475785970687866,1.147315263748169,1.147315263748169
1784186700.0,1.147315263748169,1.147446870803833,1.1471836566925049,1.1471836566925049
1784187000.0,1.147315263748169,1.147315263748169,1.1471836566925049,1.1471836566925049
1784187300.0,1.147315263748169,1.147446870803833,1.147315263748169,1.147446870803833
1784187600.0,1.147446870803833,1.1475785970687866,1.147446870803833,1.147446870803833
1784187900.0,1.147446870803833,1.1479737758636475,1.147446870803833,1.1479737758636475
1784188200.0,1.1475785970687866,1.1475785970687866,1.147446870803833,1.1475785970687866
1784188500.0,1.1475785970687866,1.1475785970687866,1.1471836566925049,1.147315263748169
1784188800.0,1.1471836566925049,1.147446870803833,1.1470520496368408,1.1470520496368408
1784189100.0,1.1470520496368408,1.1470520496368408,1.1469204425811768,1.1470520496368408
1784189400.0,1.1469204425811768,1.1470520496368408,1.1467890739440918,1.1467890739440918
1784189700.0,1.1467890739440918,1.1467890739440918,1.1466574668884277,1.1466574668884277
1784190000.0,1.1466574668884277,1.1467890739440918,1.1466574668884277,1.1466574668884277
1784190300.0,1.1466574668884277,1.1470520496368408,1.1466574668884277,1.1467890739440918
1784190600.0,1.1469204425811768,1.1470520496368408,1.1469204425811768,1.1470520496368408
1784190900.0,1.1470520496368408,1.1470520496368408,1.1469204425811768,1.1470520496368408
1784191200.0,1.1470520496368408,1.1471836566925049,1.1470520496368408,1.1471836566925049
1784191500.0,1.1470520496368408,1.1470520496368408,1.1469204425811768,1.1470520496368408
1784191800.0,1.1469204425811768,1.1470520496368408,1.1467890739440918,1.1467890739440918
1784192100.0,1.1467890739440918,1.1469204425811768,1.1466574668884277,1.1469204425811768
1784192400.0,1.1469204425811768,1.1469204425811768,1.1466574668884277,1.1466574668884277
1784192700.0,1.1466574668884277,1.1467890739440918,1.1466574668884277,1.1467890739440918
1784193000.0,1.1466574668884277,1.1467890739440918,1.1466574668884277,1.1467890739440918
1784193300.0,1.1469204425811768,1.1470520496368408,1.1469204425811768,1.1469204425811768
1784193600.0,1.1469204425811768,1.1469204425811768,1.1467890739440918,1.1467890739440918
1784193900.0,1.1467890739440918,1.1467890739440918,1.1466574668884277,1.1466574668884277
1784194200.0,1.1466574668884277,1.1466574668884277,1.1463946104049683,1.1465259790420532
1784194500.0,1.1465259790420532,1.1466574668884277,1.1465259790420532,1.1466574668884277
1784194800.0,1.1466574668884277,1.1467890739440918,1.1466574668884277,1.1466574668884277
1784195100.0,1.1467890739440918,1.1470520496368408,1.1467890739440918,1.1470520496368408
1784195400.0,1.1470520496368408,1.1470520496368408,1.1467890739440918,1.1470520496368408
1784195700.0,1.1470520496368408,1.1470520496368408,1.1469204425811768,1.1469204425811768
1784196000.0,1.1469204425811768,1.1469204425811768,1.1467890739440918,1.1467890739440918
1784196300.0,1.1467890739440918,1.1469204425811768,1.1467890739440918,1.1469204425811768
1784196600.0,1.1469204425811768,1.1469204425811768,1.1469204425811768,1.1469204425811768
1784196900.0,1.1469204425811768,1.1470520496368408,1.1469204425811768,1.1469204425811768
1784197200.0,1.1469204425811768,1.1471836566925049,1.1469204425811768,1.1470520496368408
1784197500.0,1.1470520496368408,1.1470520496368408,1.1469204425811768,1.1469204425811768
1784197800.0,1.1469204425811768,1.1469204425811768,1.1466574668884277,1.1466574668884277
1784198100.0,1.1466574668884277,1.1466574668884277,1.1466574668884277,1.1466574668884277
1784198400.0,1.1466574668884277,1.1467890739440918,1.1466574668884277,1.1467890739440918
1784198700.0,1.1467890739440918,1.1469204425811768,1.1467890739440918,1.1467890739440918
1784199000.0,1.1467890739440918,1.1467890739440918,1.1466574668884277,1.1466574668884277
1784199300.0,1.1467890739440918,1.1467890739440918,1.1463946104049683,1.1463946104049683
1784199600.0,1.1462632417678833,1.1465259790420532,1.1462632417678833,1.1465259790420532
1784199900.0,1.1463946104049683,1.1465259790420532,1.1463946104049683,1.1465259790420532
1784200200.0,1.1465259790420532,1.1465259790420532,1.1463946104049683,1.1463946104049683
1784200500.0,1.1463946104049683,1.1463946104049683,1.1461317539215088,1.1463946104049683
1784200800.0,1.1465259790420532,1.1466574668884277,1.1463946104049683,1.1466574668884277
1784201100.0,1.1466574668884277,1.1466574668884277,1.1462632417678833,1.1462632417678833
1784201400.0,1.1463946104049683,1.1465259790420532,1.1463946104049683,1.1465259790420532
1784201700.0,1.1466574668884277,1.1466574668884277,1.1465259790420532,1.1465259790420532
1784202000.0,1.1466574668884277,1.1469204425811768,1.1466574668884277,1.1469204425811768
1784202300.0,1.1467890739440918,1.1470520496368408,1.1467890739440918,1.1470520496368408
1784202600.0,1.1465259790420532,1.1466574668884277,1.1465259790420532,1.1466574668884277
1784202900.0,1.1467890739440918,1.1471836566925049,1.1467890739440918,1.1471836566925049
1784203200.0,1.1471836566925049,1.147315263748169,1.1471836566925049,1.147315263748169
1784203500.0,1.147315263748169,1.147315263748169,1.1471836566925049,1.1471836566925049
1784203800.0,1.1469204425811768,1.1469204425811768,1.1467890739440918,1.1467890739440918
1784204100.0,1.1467890739440918,1.1467890739440918,1.1465259790420532,1.1467890739440918
1784204400.0,1.1467890739440918,1.1467890739440918,1.1466574668884277,1.1466574668884277
1784204700.0,1.1465259790420532,1.1466574668884277,1.1465259790420532,1.1466574668884277
1784205000.0,1.1466574668884277,1.1467890739440918,1.1461317539215088,1.1461317539215088
1784205300.0,1.1461317539215088,1.1461317539215088,1.145737886428833,1.1461317539215088
1784205600.0,1.1460003852844238,1.1460003852844238,1.145737886428833,1.145737886428833
1784205900.0,1.1456066370010376,1.1458691358566284,1.1456066370010376,1.1458691358566284
1784206200.0,1.145737886428833,1.1458691358566284,1.1454753875732422,1.1454753875732422
1784206500.0,1.1454753875732422,1.1454753875732422,1.145081877708435,1.145081877708435
1784206800.0,1.145081877708435,1.145081877708435,1.1449507474899292,1.1449507474899292
1784207100.0,1.1449507474899292,1.145213007926941,1.1449507474899292,1.145213007926941
1784207400.0,1.1453442573547363,1.1456066370010376,1.1453442573547363,1.1456066370010376
1784207700.0,1.1456066370010376,1.1456066370010376,1.1453442573547363,1.1454753875732422
1784208000.0,1.1456066370010376,1.1458691358566284,1.1456066370010376,1.1458691358566284
1784208300.0,1.1458691358566284,1.1461317539215088,1.145737886428833,1.1461317539215088
1784208600.0,1.1462632417678833,1.1462632417678833,1.1460003852844238,1.1460003852844238
1784208900.0,1.1460003852844238,1.1460003852844238,1.1458691358566284,1.1460003852844238
1784209200.0,1.1461317539215088,1.1461317539215088,1.1458691358566284,1.1458691358566284
1784209500.0,1.1456066370010376,1.1456066370010376,1.1456066370010376,1.1456066370010376
1784209800.0,1.145737886428833,1.1458691358566284,1.1456066370010376,1.1458691358566284
1784210100.0,1.1458691358566284,1.1458691358566284,1.1454753875732422,1.1454753875732422
1784210400.0,1.1453442573547363,1.1456066370010376,1.1453442573547363,1.1454753875732422
1784210700.0,1.145737886428833,1.145737886428833,1.1454753875732422,1.1454753875732422
1784211000.0,1.1453442573547363,1.1453442573547363,1.1449507474899292,1.145081877708435
1784211300.0,1.145081877708435,1.1454753875732422,1.145081877708435,1.1453442573547363
1784211600.0,1.1454753875732422,1.1454753875732422,1.1453442573547363,1.1453442573547363
1784211900.0,1.1453442573547363,1.1454753875732422,1.1453442573547363,1.1453442573547363
1784212200.0,1.1453442573547363,1.1454753875732422,1.1453442573547363,1.1454753875732422
1784212500.0,1.1454753875732422,1.1454753875732422,1.144819736480713,1.144819736480713
1784212800.0,1.144819736480713,1.144819736480713,1.144688606262207,1.144688606262207
1784213100.0,1.1449507474899292,1.1449507474899292,1.1445575952529907,1.1445575952529907
1784213400.0,1.1445575952529907,1.1445575952529907,1.1442956924438477,1.1442956924438477
1784213700.0,1.144426703453064,1.144688606262207,1.144426703453064,1.144688606262207
1784214000.0,1.1445575952529907,1.1445575952529907,1.1440337896347046,1.1440337896347046
1784214300.0,1.144164800643921,1.1442956924438477,1.144164800643921,1.144164800643921
1784214600.0,1.1442956924438477,1.144426703453064,1.1442956924438477,1.144426703453064
1784214900.0,1.1445575952529907,1.1445575952529907,1.1445575952529907,1.1445575952529907
1784215200.0,1.1445575952529907,1.1445575952529907,1.144426703453064,1.144426703453064
1784215500.0,1.144426703453064,1.144426703453064,1.144426703453064,1.144426703453064
1784215800.0,1.1442956924438477,1.144819736480713,1.1442956924438477,1.144819736480713
1784216100.0,1.144819736480713,1.144819736480713,1.144688606262207,1.144819736480713
1784216400.0,1.144819736480713,1.1449507474899292,1.144819736480713,1.1449507474899292
1784216700.0,1.145081877708435,1.145081877708435,1.1449507474899292,1.145081877708435
1784217000.0,1.145213007926941,1.145213007926941,1.145081877708435,1.145213007926941
1784217300.0,1.145213007926941,1.145213007926941,1.1449507474899292,1.1449507474899292
1784217600.0,1.145081877708435,1.145081877708435,1.144688606262207,1.144819736480713
1784217900.0,1.144688606262207,1.144688606262207,1.144426703453064,1.144426703453064
1784218200.0,1.144426703453064,1.1445575952529907,1.144426703453064,1.1445575952529907
1784218500.0,1.1445575952529907,1.144688606262207,1.1445575952529907,1.1445575952529907
1784218800.0,1.1442956924438477,1.1442956924438477,1.144164800643921,1.144164800643921
1784219100.0,1.1440337896347046,1.1440337896347046,1.1439030170440674,1.1439030170440674
1784219400.0,1.1440337896347046,1.144164800643921,1.1440337896347046,1.1440337896347046
1784219700.0,1.144164800643921,1.144164800643921,1.1440337896347046,1.144164800643921
1784220000.0,1.1439030170440674,1.1439030170440674,1.1437721252441406,1.1439030170440674
1784220300.0,1.1440337896347046,1.1440337896347046,1.1439030170440674,1.1440337896347046
1784220600.0,1.1440337896347046,1.1440337896347046,1.1439030170440674,1.1439030170440674
1784220900.0,1.1439030170440674,1.1439030170440674,1.1437721252441406,1.1437721252441406
1784221200.0,1.1437721252441406,1.1437721252441406,1.1435105800628662,1.1435105800628662
1784221500.0,1.1436413526535034,1.1436413526535034,1.1435105800628662,1.1435105800628662
1784221800.0,1.1435105800628662,1.1435105800628662,1.1435105800628662,1.1435105800628662
1784222100.0,1.1435105800628662,1.1436413526535034,1.1435105800628662,1.1436413526535034
1784222400.0,1.1437721252441406,1.1437721252441406,1.1436413526535034,1.1437721252441406
1784222700.0,1.1437721252441406,1.1437721252441406,1.1437721252441406,1.1437721252441406
1784223000.0,1.1437721252441406,1.1439030170440674,1.1437721252441406,1.1437721252441406
1784223300.0,1.1437721252441406,1.1437721252441406,1.1435105800628662,1.1436413526535034
1784223600.0,1.1436413526535034,1.1437721252441406,1.1436413526535034,1.1437721252441406
1784223900.0,1.1437721252441406,1.1439030170440674,1.1437721252441406,1.1439030170440674
1784224200.0,1.1439030170440674,1.144164800643921,1.1439030170440674,1.144164800643921
1784224500.0,1.1440337896347046,1.144164800643921,1.1440337896347046,1.1440337896347046
1784224800.0,1.1440337896347046,1.1440337896347046,1.1437721252441406,1.1437721252441406
1784225100.0,1.1439030170440674,1.1439030170440674,1.1437721252441406,1.1439030170440674
1784225400.0,1.1439030170440674,1.144164800643921,1.1439030170440674,1.144164800643921
1784225700.0,1.1440337896347046,1.144164800643921,1.1440337896347046,1.144164800643921
1784226000.0,1.144164800643921,1.144164800643921,1.144164800643921,1.144164800643921
1784226300.0,1.1440337896347046,1.1440337896347046,1.1440337896347046,1.1440337896347046
1784226600.0,1.1440337896347046,1.1440337896347046,1.1439030170440674,1.1440337896347046
1784226900.0,1.1439030170440674,1.1439030170440674,1.1439030170440674,1.1439030170440674
1784227200.0,1.1440337896347046,1.1440337896347046,1.1440337896347046,1.1440337896347046
1784227500.0,1.1440337896347046,1.144164800643921,1.1440337896347046,1.144164800643921
1784227800.0,1.1440337896347046,1.1440337896347046,1.1440337896347046,1.1440337896347046
1784228100.0,1.1440337896347046,1.144164800643921,1.1440337896347046,1.144164800643921
1784228400.0,1.144164800643921,1.1442956924438477,1.144164800643921,1.1442956924438477
1784228700.0,1.1442956924438477,1.1442956924438477,1.144164800643921,1.1442956924438477
1784229000.0,1.144164800643921,1.144164800643921,1.144164800643921,1.144164800643921
1784229300.0,1.144164800643921,1.144164800643921,1.1440337896347046,1.1440337896347046
1784229600.0,1.1440337896347046,1.1440337896347046,1.1439030170440674,1.1439030170440674
1784229900.0,1.1439030170440674,1.1439030170440674,1.1437721252441406,1.1439030170440674
1784230200.0,1.1437721252441406,1.1439030170440674,1.1437721252441406,1.1439030170440674
1784230500.0,1.1439030170440674,1.1440337896347046,1.1439030170440674,1.1440337896347046
1784230800.0,1.1440337896347046,1.144164800643921,1.1440337896347046,1.144164800643921
1784231100.0,1.1440337896347046,1.144164800643921,1.1440337896347046,1.144164800643921
1784231400.0,1.144164800643921,1.144426703453064,1.144164800643921,1.144426703453064
1784231700.0,1.144426703453064,1.144426703453064,1.144426703453064,1.144426703453064
1784232000.0,1.1442956924438477,1.144426703453064,1.1442956924438477,1.144426703453064
1784232300.0,1.1445575952529907,1.1445575952529907,1.144426703453064,1.144426703453064
1784232600.0,1.144426703453064,1.1445575952529907,1.1442956924438477,1.1442956924438477
1784232900.0,1.144426703453064,1.144426703453064,1.144426703453064,1.144426703453064
1784233200.0,1.1442956924438477,1.1442956924438477,1.1442956924438477,1.1442956924438477
1784233500.0,1.1442956924438477,1.1442956924438477,1.144164800643921,1.1442956924438477
1784233800.0,1.1442956924438477,1.144688606262207,1.1442956924438477,1.144688606262207
1784234100.0,1.144688606262207,1.144688606262207,1.1445575952529907,1.144688606262207
1784234400.0,1.144688606262207,1.144688606262207,1.1445575952529907,1.144688606262207
1784234700.0,1.1445575952529907,1.144688606262207,1.1445575952529907,1.144688606262207
1784235000.0,1.144688606262207,1.144688606262207,1.144688606262207,1.144688606262207
1784235300.0,1.144688606262207,1.144819736480713,1.144688606262207,1.144819736480713
1784235600.0,1.144426703453064,1.144426703453064,1.1442956924438477,1.1442956924438477
1784235900.0,1.144688606262207,1.144819736480713,1.144426703453064,1.144426703453064
1784236200.0,1.1442956924438477,1.1445575952529907,1.1442956924438477,1.1445575952529907
1784236500.0,1.1445575952529907,1.1445575952529907,1.1442956924438477,1.1442956924438477
1784236800.0,1.1445575952529907,1.1445575952529907,1.1442956924438477,1.144426703453064
1784237100.0,1.1445575952529907,1.1445575952529907,1.1442956924438477,1.1442956924438477
1784237400.0,1.1445575952529907,1.144688606262207,1.144426703453064,1.1445575952529907
1784237700.0,1.144426703453064,1.1445575952529907,1.1442956924438477,1.1445575952529907
1784238000.0,1.1445575952529907,1.1445575952529907,1.1442956924438477,1.1442956924438477
1784238300.0,1.1445575952529907,1.144688606262207,1.1445575952529907,1.144688606262207
1784238600.0,1.1445575952529907,1.144688606262207,1.1445575952529907,1.1445575952529907
1784238900.0,1.144426703453064,1.144688606262207,1.144426703453064,1.1445575952529907
1784239200.0,1.1445575952529907,1.144819736480713,1.1445575952529907,1.144819736480713
1784239500.0,1.144819736480713,1.144819736480713,1.144688606262207,1.144819736480713
1784239800.0,1.144819736480713,1.144819736480713,1.144819736480713,1.144819736480713
1784240100.0,1.144819736480713,1.144819736480713,1.144688606262207,1.144688606262207
1784240400.0,1.144688606262207,1.144688606262207,1.144688606262207,1.144688606262207
1784240700.0,1.144688606262207,1.144688606262207,1.144688606262207,1.144688606262207
1784241000.0,1.144688606262207,1.144688606262207,1.144688606262207,1.144688606262207
1784241300.0,1.144688606262207,1.144688606262207,1.144688606262207,1.144688606262207
1784241600.0,1.144688606262207,1.144688606262207,1.144688606262207,1.144688606262207
1784241900.0,1.144688606262207,1.144688606262207,1.1445575952529907,1.1445575952529907
1784242200.0,1.1445575952529907,1.1445575952529907,1.1445575952529907,1.1445575952529907
1784242500.0,1.1445575952529907,1.144688606262207,1.1445575952529907,1.144688606262207
1784242800.0,1.144688606262207,1.144688606262207,1.144688606262207,1.144688606262207
1784243100.0,1.144688606262207,1.144688606262207,1.1445575952529907,1.144688606262207
1784243400.0,1.1445575952529907,1.144688606262207,1.1445575952529907,1.144688606262207
1784243700.0,1.144819736480713,1.144819736480713,1.144688606262207,1.144688606262207
1784244000.0,1.144688606262207,1.144688606262207,1.144688606262207,1.144688606262207
1784244300.0,1.144688606262207,1.144819736480713,1.144688606262207,1.144819736480713
1784244600.0,1.144819736480713,1.144819736480713,1.144819736480713,1.144819736480713
1784244900.0,1.144819736480713,1.1449507474899292,1.144819736480713,1.1449507474899292
1784245200.0,1.1449507474899292,1.1449507474899292,1.1449507474899292,1.1449507474899292
1784245500.0,1.144819736480713,1.144819736480713,1.144819736480713,1.144819736480713
1784245800.0,1.144819736480713,1.144819736480713,1.144688606262207,1.144819736480713
1784246100.0,1.144688606262207,1.144819736480713,1.144688606262207,1.144819736480713
1784246400.0,1.144819736480713,1.1449507474899292,1.144819736480713,1.1449507474899292
1784246700.0,1.144819736480713,1.1449507474899292,1.144819736480713,1.1449507474899292
1784247000.0,1.144819736480713,1.144819736480713,1.144688606262207,1.144819736480713
1784247300.0,1.144819736480713,1.1449507474899292,1.144819736480713,1.144819736480713
1784247600.0,1.144688606262207,1.144688606262207,1.144688606262207,1.144688606262207
1784247900.0,1.144688606262207,1.144688606262207,1.1445575952529907,1.1445575952529907
1784248200.0,1.1445575952529907,1.1445575952529907,1.144426703453064,1.1445575952529907
1784248500.0,1.1445575952529907,1.144688606262207,1.1445575952529907,1.144688606262207
1784248800.0,1.1445575952529907,1.1445575952529907,1.1445575952529907,1.1445575952529907
1784249100.0,1.1445575952529907,1.1445575952529907,1.1445575952529907,1.1445575952529907
1784249400.0,1.144688606262207,1.144819736480713,1.144688606262207,1.144819736480713
1784249700.0,1.144819736480713,1.1449507474899292,1.144819736480713,1.1449507474899292
1784250000.0,1.1449507474899292,1.145081877708435,1.1449507474899292,1.1449507474899292
1784250300.0,1.1449507474899292,1.145081877708435,1.144819736480713,1.144819736480713
1784250600.0,1.1449507474899292,1.1449507474899292,1.144688606262207,1.144819736480713
1784250900.0,1.144819736480713,1.1449507474899292,1.144819736480713,1.1449507474899292
1784251200.0,1.1449507474899292,1.1449507474899292,1.144819736480713,1.144819736480713
1784251500.0,1.144819736480713,1.144819736480713,1.144819736480713,1.144819736480713
1784251800.0,1.144688606262207,1.144688606262207,1.144688606262207,1.144688606262207
1784252100.0,1.144688606262207,1.144688606262207,1.1445575952529907,1.1445575952529907
1784252400.0,1.1445575952529907,1.144688606262207,1.1445575952529907,1.144688606262207
1784252700.0,1.144688606262207,1.144688606262207,1.144426703453064,1.144426703453064
1784253000.0,1.144426703453064,1.144426703453064,1.1442956924438477,1.1442956924438477
1784253300.0,1.144164800643921,1.144164800643921,1.144164800643921,1.144164800643921
1784253600.0,1.1442956924438477,1.1442956924438477,1.1442956924438477,1.1442956924438477
1784253900.0,1.1442956924438477,1.144426703453064,1.1442956924438477,1.144426703453064
1784254200.0,1.144426703453064,1.144426703453064,1.144426703453064,1.144426703453064
1784254500.0,1.144426703453064,1.144426703453064,1.144426703453064,1.144426703453064
1784254800.0,1.144426703453064,1.144426703453064,1.144426703453064,1.144426703453064
1784255100.0,1.144426703453064,1.144426703453064,1.1442956924438477,1.1442956924438477
1784255400.0,1.1442956924438477,1.1442956924438477,1.1440337896347046,1.1440337896347046
1784255700.0,1.144164800643921,1.144164800643921,1.1440337896347046,1.1440337896347046
1784256000.0,1.144164800643921,1.144164800643921,1.1440337896347046,1.144164800643921
1784256300.0,1.144164800643921,1.144164800643921,1.144164800643921,1.144164800643921
1784256600.0,1.144164800643921,1.144164800643921,1.1440337896347046,1.1440337896347046
1784256900.0,1.1440337896347046,1.144164800643921,1.1440337896347046,1.1440337896347046
1784257200.0,1.1440337896347046,1.1440337896347046,1.1440337896347046,1.1440337896347046
1784257500.0,1.144164800643921,1.1442956924438477,1.144164800643921,1.144164800643921
1784257800.0,1.144164800643921,1.144164800643921,1.1440337896347046,1.144164800643921
1784258100.0,1.144164800643921,1.1442956924438477,1.144164800643921,1.1442956924438477
1784258400.0,1.1442956924438477,1.1442956924438477,1.1442956924438477,1.1442956924438477
1784258700.0,1.144164800643921,1.1442956924438477,1.144164800643921,1.144164800643921
1784259000.0,1.1442956924438477,1.1442956924438477,1.144164800643921,1.144164800643921
1784259300.0,1.144164800643921,1.144164800643921,1.1440337896347046,1.1440337896347046
1784259600.0,1.1440337896347046,1.1440337896347046,1.1439030170440674,1.1440337896347046
1784259900.0,1.1439030170440674,1.1440337896347046,1.1439030170440674,1.1440337896347046
1784260200.0,1.1440337896347046,1.144164800643921,1.1440337896347046,1.144164800643921
1784260500.0,1.144164800643921,1.1442956924438477,1.144164800643921,1.1442956924438477
1784260800.0,1.1442956924438477,1.1442956924438477,1.144164800643921,1.144164800643921
1784261100.0,1.144164800643921,1.144164800643921,1.144164800643921,1.144164800643921
1784261400.0,1.144164800643921,1.144164800643921,1.144164800643921,1.144164800643921
1784261700.0,1.144164800643921,1.144164800643921,1.1440337896347046,1.1440337896347046
1784262000.0,1.144164800643921,1.144164800643921,1.1440337896347046,1.1440337896347046
1784262300.0,1.1440337896347046,1.1440337896347046,1.1440337896347046,1.1440337896347046
1784262600.0,1.1440337896347046,1.1440337896347046,1.1439030170440674,1.1440337896347046
1784262900.0,1.1440337896347046,1.144164800643921,1.1440337896347046,1.144164800643921
1784263200.0,1.1440337896347046,1.1440337896347046,1.1440337896347046,1.1440337896347046
1784263500.0,1.1440337896347046,1.1440337896347046,1.1440337896347046,1.1440337896347046
1784263800.0,1.1439030170440674,1.1439030170440674,1.1439030170440674,1.1439030170440674
1784264100.0,1.1439030170440674,1.1439030170440674,1.1439030170440674,1.1439030170440674
1784264400.0,1.1439030170440674,1.1440337896347046,1.1439030170440674,1.1439030170440674
1784264700.0,1.1440337896347046,1.1440337896347046,1.1440337896347046,1.1440337896347046
1784265000.0,1.1440337896347046,1.1440337896347046,1.1439030170440674,1.1440337896347046
1784265300.0,1.1440337896347046,1.1440337896347046,1.1439030170440674,1.1440337896347046
1784265600.0,1.1440337896347046,1.1440337896347046,1.1440337896347046,1.1440337896347046
1784265900.0,1.1439030170440674,1.1440337896347046,1.1439030170440674,1.1440337896347046
1784266200.0,1.1440337896347046,1.144164800643921,1.1440337896347046,1.144164800643921
1784266500.0,1.1442956924438477,1.144426703453064,1.1442956924438477,1.144426703453064
1784266800.0,1.144426703453064,1.144688606262207,1.144426703453064,1.1445575952529907
1784267100.0,1.144426703453064,1.1445575952529907,1.144426703453064,1.1445575952529907
1784267400.0,1.1445575952529907,1.1445575952529907,1.1445575952529907,1.1445575952529907
1784267700.0,1.1445575952529907,1.1445575952529907,1.1442956924438477,1.1442956924438477
1784268000.0,1.1442956924438477,1.1445575952529907,1.1442956924438477,1.1445575952529907
1784268300.0,1.1445575952529907,1.1445575952529907,1.144426703453064,1.144426703453064
1784268600.0,1.144426703453064,1.144819736480713,1.144426703453064,1.144819736480713
1784268900.0,1.1449507474899292,1.145213007926941,1.1449507474899292,1.145213007926941
1784269200.0,1.145081877708435,1.1453442573547363,1.1449507474899292,1.1453442573547363
1784269500.0,1.1453442573547363,1.1453442573547363,1.145213007926941,1.145213007926941
1784269800.0,1.145213007926941,1.145213007926941,1.145213007926941,1.145213007926941
1784270100.0,1.1453442573547363,1.1453442573547363,1.145213007926941,1.1453442573547363
1784270400.0,1.1453442573547363,1.1453442573547363,1.1453442573547363,1.1453442573547363
1784270700.0,1.145213007926941,1.1454753875732422,1.145213007926941,1.1454753875732422
1784271000.0,1.145213007926941,1.1453442573547363,1.145213007926941,1.1453442573547363
1784271300.0,1.1453442573547363,1.1454753875732422,1.1453442573547363,1.1453442573547363
1784271600.0,1.1453442573547363,1.1454753875732422,1.1453442573547363,1.1454753875732422
1784271900.0,1.1456066370010376,1.1456066370010376,1.145081877708435,1.145081877708435
1784272200.0,1.145213007926941,1.145213007926941,1.145081877708435,1.145081877708435
1784272500.0,1.145213007926941,1.145213007926941,1.1449507474899292,1.1449507474899292
1784272800.0,1.144819736480713,1.144819736480713,1.144688606262207,1.144688606262207
1784273100.0,1.144819736480713,1.1449507474899292,1.144819736480713,1.1449507474899292
1784273400.0,1.145081877708435,1.145213007926941,1.145081877708435,1.145081877708435
1784273700.0,1.144819736480713,1.1449507474899292,1.144819736480713,1.1449507474899292
1784274000.0,1.1449507474899292,1.1449507474899292,1.144819736480713,1.1449507474899292
1784274300.0,1.145081877708435,1.145213007926941,1.145081877708435,1.145213007926941
1784274600.0,1.145213007926941,1.145213007926941,1.145081877708435,1.145081877708435
1784274900.0,1.145081877708435,1.145081877708435,1.1449507474899292,1.1449507474899292
1784275200.0,1.144819736480713,1.145081877708435,1.144819736480713,1.1449507474899292
1784275500.0,1.1449507474899292,1.145081877708435,1.1449507474899292,1.145081877708435
1784275800.0,1.1449507474899292,1.1449507474899292,1.1445575952529907,1.1445575952529907
1784276100.0,1.1442956924438477,1.1442956924438477,1.1440337896347046,1.1440337896347046
1784276400.0,1.1440337896347046,1.1442956924438477,1.1440337896347046,1.1442956924438477
1784276700.0,1.1442956924438477,1.1442956924438477,1.1442956924438477,1.1442956924438477
1784277000.0,1.1442956924438477,1.1445575952529907,1.1442956924438477,1.1445575952529907
1784277300.0,1.144688606262207,1.144688606262207,1.1445575952529907,1.1445575952529907
1784277600.0,1.1445575952529907,1.1445575952529907,1.1442956924438477,1.1445575952529907
1784277900.0,1.1445575952529907,1.144688606262207,1.144426703453064,1.1445575952529907
1784278200.0,1.1445575952529907,1.1445575952529907,1.1442956924438477,1.1442956924438477
1784278500.0,1.144426703453064,1.1445575952529907,1.144426703453064,1.1445575952529907
1784278800.0,1.144426703453064,1.144426703453064,1.1442956924438477,1.1442956924438477
1784279100.0,1.1442956924438477,1.144426703453064,1.1442956924438477,1.144426703453064
1784279400.0,1.1445575952529907,1.1445575952529907,1.1440337896347046,1.1440337896347046
1784279700.0,1.144164800643921,1.1442956924438477,1.144164800643921,1.144164800643921
1784280000.0,1.144164800643921,1.144426703453064,1.144164800643921,1.144426703453064
1784280300.0,1.144426703453064,1.1445575952529907,1.144426703453064,1.1445575952529907
1784280600.0,1.1445575952529907,1.1445575952529907,1.144164800643921,1.144164800643921
1784280900.0,1.144164800643921,1.144164800643921,1.1440337896347046,1.1440337896347046
1784281200.0,1.1440337896347046,1.144164800643921,1.1440337896347046,1.1440337896347046
1784281500.0,1.144164800643921,1.1442956924438477,1.1440337896347046,1.1442956924438477
1784281800.0,1.1442956924438477,1.1442956924438477,1.144164800643921,1.1442956924438477
1784282100.0,1.1442956924438477,1.144426703453064,1.1442956924438477,1.1442956924438477
1784282400.0,1.1442956924438477,1.1442956924438477,1.1439030170440674,1.1440337896347046
1784282700.0,1.1440337896347046,1.144164800643921,1.1440337896347046,1.144164800643921
1784283000.0,1.144164800643921,1.1442956924438477,1.144164800643921,1.1442956924438477
1784283300.0,1.1442956924438477,1.1442956924438477,1.1440337896347046,1.1440337896347046
1784283600.0,1.1439030170440674,1.1439030170440674,1.1436413526535034,1.1436413526535034
1784283900.0,1.1436413526535034,1.1436413526535034,1.1435105800628662,1.1435105800628662
1784284200.0,1.1436413526535034,1.1436413526535034,1.1435105800628662,1.1435105800628662
1784284500.0,1.1435105800628662,1.1436413526535034,1.1435105800628662,1.1435105800628662
1784284800.0,1.1435105800628662,1.1435105800628662,1.143379807472229,1.1435105800628662
1784285100.0,1.1436413526535034,1.1436413526535034,1.1435105800628662,1.1435105800628662
1784285400.0,1.1435105800628662,1.1435105800628662,1.1431183815002441,1.1432491540908813
1784285700.0,1.1435105800628662,1.1435105800628662,1.142987847328186,1.142987847328186
1784286000.0,1.142987847328186,1.1431183815002441,1.1428571939468384,1.1428571939468384
1784286300.0,1.142987847328186,1.1431183815002441,1.1428571939468384,1.1431183815002441
1784286600.0,1.1432491540908813,1.1432491540908813,1.1431183815002441,1.1432491540908813
1784286900.0,1.1432491540908813,1.143379807472229,1.1431183815002441,1.143379807472229
1784287200.0,1.143379807472229,1.143379807472229,1.1431183815002441,1.1431183815002441
1784287500.0,1.1432491540908813,1.143379807472229,1.1431183815002441,1.143379807472229
1784287800.0,1.143379807472229,1.1436413526535034,1.143379807472229,1.1436413526535034
1784288100.0,1.1436413526535034,1.1437721252441406,1.1436413526535034,1.1437721252441406
1784288400.0,1.1439030170440674,1.1439030170440674,1.1436413526535034,1.1436413526535034
1784288700.0,1.1436413526535034,1.1437721252441406,1.1436413526535034,1.1437721252441406
1784289000.0,1.1435105800628662,1.1435105800628662,1.1432491540908813,1.1435105800628662
1784289300.0,1.1435105800628662,1.1435105800628662,1.143379807472229,1.143379807472229
1784289600.0,1.143379807472229,1.1437721252441406,1.143379807472229,1.1437721252441406
1784289900.0,1.1436413526535034,1.1439030170440674,1.1436413526535034,1.1439030170440674
1784290200.0,1.1437721252441406,1.1437721252441406,1.1435105800628662,1.1435105800628662
1784290500.0,1.1436413526535034,1.1436413526535034,1.1435105800628662,1.1435105800628662
1784290800.0,1.1435105800628662,1.1436413526535034,1.1435105800628662,1.1436413526535034
1784291100.0,1.1436413526535034,1.1437721252441406,1.1435105800628662,1.1437721252441406
1784291400.0,1.1436413526535034,1.1436413526535034,1.143379807472229,1.143379807472229
1784291700.0,1.1431183815002441,1.1432491540908813,1.1431183815002441,1.1432491540908813
1784292000.0,1.1431183815002441,1.1431183815002441,1.142987847328186,1.142987847328186
1784292300.0,1.142987847328186,1.1431183815002441,1.142987847328186,1.1431183815002441
1784292600.0,1.1431183815002441,1.1432491540908813,1.142987847328186,1.142987847328186
1784292900.0,1.142987847328186,1.1432491540908813,1.142987847328186,1.1431183815002441
1784293200.0,1.1432491540908813,1.1432491540908813,1.142987847328186,1.142987847328186
1784293500.0,1.142987847328186,1.1432491540908813,1.142987847328186,1.1431183815002441
1784293800.0,1.1431183815002441,1.1435105800628662,1.1431183815002441,1.143379807472229
1784294100.0,1.1432491540908813,1.1432491540908813,1.1428571939468384,1.1428571939468384
1784294400.0,1.142987847328186,1.142987847328186,1.1428571939468384,1.1428571939468384
1784294700.0,1.142987847328186,1.142987847328186,1.1428571939468384,1.142987847328186
1784295000.0,1.1428571939468384,1.1431183815002441,1.1428571939468384,1.1431183815002441
1784295300.0,1.1432491540908813,1.1435105800628662,1.1432491540908813,1.143379807472229
1784295600.0,1.1435105800628662,1.1435105800628662,1.143379807472229,1.143379807472229
1784295900.0,1.1435105800628662,1.1436413526535034,1.1435105800628662,1.1436413526535034
1784296200.0,1.1436413526535034,1.1439030170440674,1.1436413526535034,1.1439030170440674
1784296500.0,1.1437721252441406,1.1440337896347046,1.1437721252441406,1.1439030170440674
1784296800.0,1.1439030170440674,1.1439030170440674,1.1436413526535034,1.1437721252441406
1784297100.0,1.1439030170440674,1.1440337896347046,1.1439030170440674,1.1439030170440674
1784297400.0,1.1439030170440674,1.1440337896347046,1.1439030170440674,1.1439030170440674
1784297700.0,1.1440337896347046,1.144426703453064,1.1440337896347046,1.144426703453064
1784298000.0,1.1442956924438477,1.1442956924438477,1.1442956924438477,1.1442956924438477
1784298300.0,1.1442956924438477,1.1442956924438477,1.1439030170440674,1.1439030170440674
1784298600.0,1.1439030170440674,1.144164800643921,1.1439030170440674,1.1439030170440674
1784298900.0,1.1440337896347046,1.144164800643921,1.1440337896347046,1.144164800643921
1784299200.0,1.144164800643921,1.1445575952529907,1.144164800643921,1.1445575952529907
1784299500.0,1.144426703453064,1.144688606262207,1.144426703453064,1.144688606262207
1784299800.0,1.144426703453064,1.1445575952529907,1.1442956924438477,1.1442956924438477
1784300100.0,1.144426703453064,1.144426703453064,1.144164800643921,1.1442956924438477
1784300400.0,1.1442956924438477,1.144426703453064,1.1442956924438477,1.1442956924438477
1784300700.0,1.1445575952529907,1.1445575952529907,1.144426703453064,1.1445575952529907
1784301000.0,1.1445575952529907,1.1445575952529907,1.144164800643921,1.144164800643921
1784301300.0,1.1442956924438477,1.144426703453064,1.1442956924438477,1.144426703453064
1784301600.0,1.144426703453064,1.144688606262207,1.144426703453064,1.1445575952529907
1784301900.0,1.1445575952529907,1.1445575952529907,1.144426703453064,1.1445575952529907
1784302200.0,1.144426703453064,1.1445575952529907,1.144426703453064,1.144426703453064
1784302500.0,1.1442956924438477,1.144426703453064,1.1442956924438477,1.144426703453064
1784302800.0,1.1442956924438477,1.1442956924438477,1.144164800643921,1.144164800643921
1784303100.0,1.1440337896347046,1.1442956924438477,1.1440337896347046,1.1442956924438477
1784303400.0,1.1442956924438477,1.144426703453064,1.1442956924438477,1.144426703453064
1784303700.0,1.1442956924438477,1.144426703453064,1.1442956924438477,1.1442956924438477
1784304000.0,1.1442956924438477,1.1442956924438477,1.1437721252441406,1.1439030170440674
1784304300.0,1.1439030170440674,1.144164800643921,1.1439030170440674,1.144164800643921
1784304600.0,1.1442956924438477,1.1442956924438477,1.144164800643921,1.1442956924438477
1784304900.0,1.1442956924438477,1.1442956924438477,1.144164800643921,1.144164800643921
1784305200.0,1.144164800643921,1.144164800643921,1.144164800643921,1.144164800643921
1784305500.0,1.1442956924438477,1.144426703453064,1.144164800643921,1.144426703453064
1784305800.0,1.144426703453064,1.144426703453064,1.144426703453064,1.144426703453064
1784306100.0,1.144426703453064,1.144426703453064,1.1442956924438477,1.1442956924438477
1784306400.0,1.1442956924438477,1.1442956924438477,1.1442956924438477,1.1442956924438477
1784306700.0,1.1442956924438477,1.1442956924438477,1.144164800643921,1.144164800643921
1784307000.0,1.144164800643921,1.144164800643921,1.144164800643921,1.144164800643921
1784307300.0,1.144164800643921,1.144164800643921,1.1440337896347046,1.144164800643921
1784307600.0,1.144164800643921,1.144164800643921,1.1440337896347046,1.1440337896347046
1784307900.0,1.1440337896347046,1.1440337896347046,1.1439030170440674,1.1439030170440674
1784308200.0,1.1439030170440674,1.1439030170440674,1.1437721252441406,1.1437721252441406
1784308500.0,1.1437721252441406,1.1439030170440674,1.1437721252441406,1.1437721252441406
1784308800.0,1.1436413526535034,1.1437721252441406,1.1436413526535034,1.1437721252441406
1784309100.0,1.1437721252441406,1.1439030170440674,1.1437721252441406,1.1439030170440674
1784309400.0,1.1439030170440674,1.1439030170440674,1.1437721252441406,1.1439030170440674
1784309700.0,1.1439030170440674,1.1439030170440674,1.1439030170440674,1.1439030170440674
1784310000.0,1.1437721252441406,1.1437721252441406,1.1437721252441406,1.1437721252441406
1784310300.0,1.1437721252441406,1.1437721252441406,1.1437721252441406,1.1437721252441406
1784310600.0,1.1437721252441406,1.1437721252441406,1.1437721252441406,1.1437721252441406
1784310900.0,1.1437721252441406,1.1437721252441406,1.1437721252441406,1.1437721252441406
1784311200.0,1.1437721252441406,1.1437721252441406,1.1437721252441406,1.1437721252441406
1784311500.0,1.1437721252441406,1.1437721252441406,1.1437721252441406,1.1437721252441406
1784311800.0,1.1437721252441406,1.1439030170440674,1.1437721252441406,1.1437721252441406
1784312100.0,1.1439030170440674,1.1439030170440674,1.1437721252441406,1.1439030170440674
1784312400.0,1.1439030170440674,1.1440337896347046,1.1439030170440674,1.1440337896347046
1784312700.0,1.1439030170440674,1.1440337896347046,1.1439030170440674,1.1440337896347046
1784313000.0,1.1440337896347046,1.1440337896347046,1.1440337896347046,1.1440337896347046
1784313300.0,1.1440337896347046,1.1440337896347046,1.1439030170440674,1.1440337896347046
1784313600.0,1.1439030170440674,1.1439030170440674,1.1439030170440674,1.1439030170440674
1784313900.0,1.1439030170440674,1.1439030170440674,1.1439030170440674,1.1439030170440674
1784314200.0,1.1439030170440674,1.1439030170440674,1.1439030170440674,1.1439030170440674
1784314500.0,1.1439030170440674,1.1440337896347046,1.1439030170440674,1.1440337896347046
1784314800.0,1.1439030170440674,1.1439030170440674,1.1439030170440674,1.1439030170440674
1784315100.0,1.1439030170440674,1.1440337896347046,1.1439030170440674,1.1440337896347046
1784315400.0,1.1440337896347046,1.1440337896347046,1.1439030170440674,1.1439030170440674
1784315700.0,1.1439030170440674,1.1439030170440674,1.1439030170440674,1.1439030170440674
1784316000.0,1.1437721252441406,1.1440337896347046,1.1437721252441406,1.1440337896347046
1784316300.0,1.1439030170440674,1.1440337896347046,1.1437721252441406,1.1440337896347046
1784316600.0,1.1439030170440674,1.1439030170440674,1.1439030170440674,1.1439030170440674
1784316900.0,1.1439030170440674,1.1439030170440674,1.1437721252441406,1.1437721252441406
1784317200.0,1.1437721252441406,1.144164800643921,1.1437721252441406,1.144164800643921
1784317500.0,1.144164800643921,1.144164800643921,1.144164800643921,1.144164800643921
1784317800.0,1.144164800643921,1.1442956924438477,1.144164800643921,1.1442956924438477
1784318100.0,1.144164800643921,1.144426703453064,1.144164800643921,1.144426703453064
1784318400.0,1.144426703453064,1.1445575952529907,1.144426703453064,1.1445575952529907
1784318700.0,1.144426703453064,1.1445575952529907,1.144426703453064,1.144426703453064
1784319000.0,1.144426703453064,1.144426703453064,1.1442956924438477,1.1442956924438477
1784319300.0,1.1442956924438477,1.1442956924438477,1.1442956924438477,1.1442956924438477
1784319600.0,1.1442956924438477,1.1442956924438477,1.1439030170440674,1.1440337896347046
1784319900.0,1.1440337896347046,1.1440337896347046,1.1440337896347046,1.1440337896347046
1784320200.0,1.144164800643921,1.144164800643921,1.144164800643921,1.144164800643921
1784320500.0,1.144164800643921,1.144164800643921,1.1440337896347046,1.1440337896347046
1784320800.0,1.1440337896347046,1.1440337896347046,1.1440337896347046,1.1440337896347046
1784321100.0,1.1440337896347046,1.1440337896347046,1.1440337896347046,1.1440337896347046
1784321400.0,1.144164800643921,1.144164800643921,1.1440337896347046,1.144164800643921
1784321700.0,1.144164800643921,1.144164800643921,1.1440337896347046,1.1440337896347046
1784322000.0,1.1442956924438477,1.1445575952529907,1.1442956924438477,1.1445575952529907
1784322300.0,1.1445575952529907,1.1445575952529907,1.1445575952529907,1.1445575952529907
1784322600.0,1.1445575952529907,1.1445575952529907,1.1445575952529907,1.1445575952529907
1784322900.0,1.1445575952529907,1.1445575952529907,1.1445575952529907,1.1445575952529907
1784323200.0,1.1445575952529907,1.1445575952529907,1.1445575952529907,1.1445575952529907
1784323500.0,1.1445575952529907,1.1445575952529907,1.1445575952529907,1.1445575952529907
1784502000.0,1.142987847328186,1.142987847328186,1.1428571939468384,1.1428571939468384
1784502300.0,1.1428571939468384,1.142987847328186,1.1428571939468384,1.142987847328186
1784502600.0,1.142987847328186,1.142987847328186,1.1428571939468384,1.1428571939468384
1784502900.0,1.1428571939468384,1.1428571939468384,1.1428571939468384,1.1428571939468384
1784503200.0,1.1427265405654907,1.1427265405654907,1.1427265405654907,1.1427265405654907
1784503500.0,1.1428571939468384,1.1428571939468384,1.1428571939468384,1.1428571939468384
1784503800.0,1.1428571939468384,1.1428571939468384,1.1428571939468384,1.1428571939468384
1784504100.0,1.1428571939468384,1.1428571939468384,1.1428571939468384,1.1428571939468384
1784504400.0,1.1428571939468384,1.142987847328186,1.1428571939468384,1.142987847328186
1784504700.0,1.142987847328186,1.142987847328186,1.142987847328186,1.142987847328186
1784505000.0,1.1431183815002441,1.1431183815002441,1.1428571939468384,1.1428571939468384
1784505300.0,1.142987847328186,1.1431183815002441,1.142987847328186,1.142987847328186
1784505600.0,1.142987847328186,1.1432491540908813,1.142987847328186,1.1432491540908813
1784505900.0,1.1432491540908813,1.143379807472229,1.1432491540908813,1.143379807472229
1784506200.0,1.143379807472229,1.143379807472229,1.1432491540908813,1.1432491540908813
1784506500.0,1.143379807472229,1.1435105800628662,1.143379807472229,1.1435105800628662
1784506800.0,1.1435105800628662,1.1435105800628662,1.143379807472229,1.1435105800628662
1784507100.0,1.1435105800628662,1.1436413526535034,1.1435105800628662,1.1435105800628662
1784507400.0,1.1435105800628662,1.1435105800628662,1.143379807472229,1.143379807472229
1784507700.0,1.143379807472229,1.143379807472229,1.143379807472229,1.143379807472229
1784508000.0,1.143379807472229,1.1435105800628662,1.143379807472229,1.1435105800628662
1784508300.0,1.1435105800628662,1.1436413526535034,1.1435105800628662,1.1435105800628662
1784508600.0,1.1435105800628662,1.1436413526535034,1.1435105800628662,1.1436413526535034
1784508900.0,1.1436413526535034,1.1436413526535034,1.1436413526535034,1.1436413526535034
1784509200.0,1.1437721252441406,1.1439030170440674,1.1437721252441406,1.1439030170440674
1784509500.0,1.1439030170440674,1.1439030170440674,1.1437721252441406,1.1437721252441406
1784509800.0,1.1437721252441406,1.1437721252441406,1.1435105800628662,1.1435105800628662
1784510100.0,1.1435105800628662,1.1436413526535034,1.1435105800628662,1.1436413526535034
1784510400.0,1.1435105800628662,1.1436413526535034,1.1435105800628662,1.1436413526535034
1784510700.0,1.1436413526535034,1.1437721252441406,1.1436413526535034,1.1437721252441406
1784511000.0,1.1439030170440674,1.1439030170440674,1.1437721252441406,1.1437721252441406
1784511300.0,1.1437721252441406,1.1437721252441406,1.1437721252441406,1.1437721252441406
1784511600.0,1.1437721252441406,1.1437721252441406,1.1435105800628662,1.1435105800628662
1784511900.0,1.1436413526535034,1.1436413526535034,1.1436413526535034,1.1436413526535034
1784512200.0,1.1436413526535034,1.1437721252441406,1.1436413526535034,1.1437721252441406
1784512500.0,1.1437721252441406,1.1439030170440674,1.1437721252441406,1.1439030170440674
1784512800.0,1.1439030170440674,1.1440337896347046,1.1439030170440674,1.1440337896347046
1784513100.0,1.1440337896347046,1.1440337896347046,1.1439030170440674,1.1440337896347046
1784513400.0,1.1440337896347046,1.144164800643921,1.1440337896347046,1.1440337896347046
1784513700.0,1.1439030170440674,1.1440337896347046,1.1439030170440674,1.1439030170440674
1784514000.0,1.1440337896347046,1.1440337896347046,1.1440337896347046,1.1440337896347046
1784514300.0,1.1440337896347046,1.144164800643921,1.1440337896347046,1.144164800643921
1784514600.0,1.144164800643921,1.144164800643921,1.144164800643921,1.144164800643921
1784514900.0,1.144164800643921,1.1442956924438477,1.144164800643921,1.1442956924438477
1784515200.0,1.1442956924438477,1.1445575952529907,1.1442956924438477,1.1445575952529907
1784515500.0,1.144426703453064,1.144426703453064,1.1442956924438477,1.144426703453064
1784515800.0,1.1445575952529907,1.1445575952529907,1.1445575952529907,1.1445575952529907
1784516100.0,1.1445575952529907,1.1445575952529907,1.144426703453064,1.144426703453064
1784516400.0,1.144426703453064,1.144426703453064,1.144426703453064,1.144426703453064
1784516700.0,1.144426703453064,1.144426703453064,1.1442956924438477,1.1442956924438477
1784517000.0,1.1442956924438477,1.144426703453064,1.1442956924438477,1.144426703453064
1784517300.0,1.144426703453064,1.144426703453064,1.144426703453064,1.144426703453064
1784517600.0,1.144426703453064,1.144426703453064,1.144426703453064,1.144426703453064
1784517900.0,1.144426703453064,1.144426703453064,1.144426703453064,1.144426703453064
1784518200.0,1.144426703453064,1.144426703453064,1.144426703453064,1.144426703453064
1784518500.0,1.144426703453064,1.144426703453064,1.144426703453064,1.144426703453064
1784518800.0,1.144426703453064,1.1445575952529907,1.144426703453064,1.1445575952529907
1784519100.0,1.1445575952529907,1.1445575952529907,1.1445575952529907,1.1445575952529907
1784519400.0,1.1445575952529907,1.1445575952529907,1.1445575952529907,1.1445575952529907
1784519700.0,1.1445575952529907,1.1445575952529907,1.1445575952529907,1.1445575952529907
1784520000.0,1.1445575952529907,1.1445575952529907,1.1445575952529907,1.1445575952529907
1784520300.0,1.1445575952529907,1.1445575952529907,1.144426703453064,1.1445575952529907
1784520600.0,1.1445575952529907,1.1445575952529907,1.1445575952529907,1.1445575952529907
1784520900.0,1.1445575952529907,1.144688606262207,1.1445575952529907,1.1445575952529907
1784521200.0,1.144688606262207,1.144688606262207,1.144688606262207,1.144688606262207
1784521500.0,1.144688606262207,1.144819736480713,1.144688606262207,1.144819736480713
1784521800.0,1.144688606262207,1.144819736480713,1.144688606262207,1.144819736480713
1784522100.0,1.144819736480713,1.144819736480713,1.144688606262207,1.144688606262207
1784522400.0,1.144688606262207,1.144819736480713,1.144688606262207,1.144819736480713
1784522700.0,1.144819736480713,1.144819736480713,1.144819736480713,1.144819736480713
1784523000.0,1.144819736480713,1.144819736480713,1.144819736480713,1.144819736480713
1784523300.0,1.144688606262207,1.144819736480713,1.144688606262207,1.144819736480713
1784523600.0,1.144819736480713,1.144819736480713,1.144688606262207,1.144688606262207
1784523900.0,1.144688606262207,1.144688606262207,1.144688606262207,1.144688606262207
1784524200.0,1.144688606262207,1.144688606262207,1.1445575952529907,1.144688606262207
1784524500.0,1.144688606262207,1.144688606262207,1.1445575952529907,1.144688606262207
1784524800.0,1.1445575952529907,1.144688606262207,1.1445575952529907,1.144688606262207
1784525100.0,1.144688606262207,1.144688606262207,1.1445575952529907,1.1445575952529907
1784525400.0,1.1445575952529907,1.1445575952529907,1.144426703453064,1.144426703453064
1784525700.0,1.144426703453064,1.144426703453064,1.144426703453064,1.144426703453064
1784526000.0,1.144426703453064,1.144426703453064,1.144426703453064,1.144426703453064
1784526300.0,1.144426703453064,1.144426703453064,1.1442956924438477,1.1442956924438477
1784526600.0,1.144426703453064,1.1445575952529907,1.144426703453064,1.1445575952529907
1784526900.0,1.144426703453064,1.1445575952529907,1.144426703453064,1.144426703453064
1784527200.0,1.144426703453064,1.1445575952529907,1.144426703453064,1.1445575952529907
1784527500.0,1.144426703453064,1.144426703453064,1.1442956924438477,1.1442956924438477
1784527800.0,1.1440337896347046,1.1440337896347046,1.1439030170440674,1.1440337896347046
1784528100.0,1.1440337896347046,1.1442956924438477,1.1440337896347046,1.1440337896347046
1784528400.0,1.144164800643921,1.144164800643921,1.144164800643921,1.144164800643921
1784528700.0,1.1440337896347046,1.1440337896347046,1.1439030170440674,1.1440337896347046
1784529000.0,1.1440337896347046,1.1440337896347046,1.1437721252441406,1.1437721252441406
1784529300.0,1.1439030170440674,1.144164800643921,1.1439030170440674,1.1440337896347046
1784529600.0,1.144164800643921,1.144164800643921,1.1439030170440674,1.1439030170440674
1784529900.0,1.1440337896347046,1.1442956924438477,1.1440337896347046,1.1442956924438477
1784530200.0,1.144164800643921,1.144164800643921,1.1440337896347046,1.1440337896347046
1784530500.0,1.144164800643921,1.144164800643921,1.1437721252441406,1.1437721252441406
1784530800.0,1.1437721252441406,1.1442956924438477,1.1437721252441406,1.144164800643921
1784531100.0,1.144164800643921,1.144164800643921,1.1440337896347046,1.1440337896347046
1784531400.0,1.1439030170440674,1.1439030170440674,1.1437721252441406,1.1437721252441406
1784531700.0,1.1437721252441406,1.1440337896347046,1.1437721252441406,1.1440337896347046
1784532000.0,1.1439030170440674,1.1442956924438477,1.1439030170440674,1.1442956924438477
1784532300.0,1.1442956924438477,1.144426703453064,1.1442956924438477,1.144426703453064
1784532600.0,1.1449507474899292,1.145213007926941,1.144688606262207,1.145213007926941
1784532900.0,1.145081877708435,1.145213007926941,1.145081877708435,1.145213007926941
1784533200.0,1.145081877708435,1.145213007926941,1.145081877708435,1.145081877708435
1784533500.0,1.145081877708435,1.145081877708435,1.1449507474899292,1.1449507474899292
1784533800.0,1.1449507474899292,1.1449507474899292,1.144688606262207,1.144688606262207
1784534100.0,1.144688606262207,1.144688606262207,1.1445575952529907,1.144688606262207
1784534400.0,1.144819736480713,1.144819736480713,1.144688606262207,1.144688606262207
1784534700.0,1.144688606262207,1.144688606262207,1.1445575952529907,1.144688606262207
1784535000.0,1.1445575952529907,1.144688606262207,1.1445575952529907,1.1445575952529907
1784535300.0,1.1445575952529907,1.1445575952529907,1.144426703453064,1.144426703453064
1784535600.0,1.1442956924438477,1.144426703453064,1.1442956924438477,1.144426703453064
1784535900.0,1.1442956924438477,1.1442956924438477,1.144164800643921,1.144164800643921
1784536200.0,1.144164800643921,1.144164800643921,1.144164800643921,1.144164800643921
1784536500.0,1.144164800643921,1.144426703453064,1.144164800643921,1.144426703453064
1784536800.0,1.1445575952529907,1.144688606262207,1.1445575952529907,1.1445575952529907
1784537100.0,1.144426703453064,1.144426703453064,1.144426703453064,1.144426703453064
1784537400.0,1.144426703453064,1.144426703453064,1.144164800643921,1.1442956924438477
1784537700.0,1.144426703453064,1.144426703453064,1.1442956924438477,1.1442956924438477
1784538000.0,1.1442956924438477,1.1442956924438477,1.1440337896347046,1.1440337896347046
1784538300.0,1.1439030170440674,1.1439030170440674,1.1436413526535034,1.1436413526535034
1784538600.0,1.1437721252441406,1.1437721252441406,1.1437721252441406,1.1437721252441406
1784538900.0,1.1437721252441406,1.1437721252441406,1.1436413526535034,1.1436413526535034
1784539200.0,1.1435105800628662,1.1437721252441406,1.1435105800628662,1.1436413526535034
1784539500.0,1.1437721252441406,1.1437721252441406,1.143379807472229,1.143379807472229
1784539800.0,1.143379807472229,1.1435105800628662,1.143379807472229,1.1435105800628662
1784540100.0,1.1435105800628662,1.1435105800628662,1.143379807472229,1.143379807472229
1784540400.0,1.143379807472229,1.1435105800628662,1.1432491540908813,1.1435105800628662
1784540700.0,1.143379807472229,1.143379807472229,1.1432491540908813,1.143379807472229
1784541000.0,1.1432491540908813,1.143379807472229,1.1432491540908813,1.143379807472229
1784541300.0,1.143379807472229,1.143379807472229,1.1431183815002441,1.143379807472229
1784541600.0,1.143379807472229,1.143379807472229,1.1432491540908813,1.1432491540908813
1784541900.0,1.1432491540908813,1.1435105800628662,1.1432491540908813,1.1435105800628662
1784542200.0,1.1435105800628662,1.1436413526535034,1.1435105800628662,1.1435105800628662
1784542500.0,1.1435105800628662,1.1435105800628662,1.1435105800628662,1.1435105800628662
1784542800.0,1.1435105800628662,1.1435105800628662,1.1435105800628662,1.1435105800628662
1784543100.0,1.1435105800628662,1.1436413526535034,1.1435105800628662,1.1436413526535034
1784543400.0,1.1435105800628662,1.1436413526535034,1.1435105800628662,1.1436413526535034
1784543700.0,1.1437721252441406,1.1439030170440674,1.1437721252441406,1.1439030170440674
1784544000.0,1.1439030170440674,1.1439030170440674,1.1437721252441406,1.1437721252441406
1784544300.0,1.1437721252441406,1.1437721252441406,1.1437721252441406,1.1437721252441406
1784544600.0,1.1437721252441406,1.1437721252441406,1.1436413526535034,1.1436413526535034
1784544900.0,1.1436413526535034,1.1437721252441406,1.1435105800628662,1.1435105800628662
1784545200.0,1.1435105800628662,1.1436413526535034,1.1435105800628662,1.1435105800628662
1784545500.0,1.143379807472229,1.143379807472229,1.143379807472229,1.143379807472229
1784545800.0,1.1432491540908813,1.143379807472229,1.1432491540908813,1.143379807472229
1784546100.0,1.143379807472229,1.1435105800628662,1.143379807472229,1.1435105800628662
1784546400.0,1.1435105800628662,1.1435105800628662,1.143379807472229,1.143379807472229
1784546700.0,1.143379807472229,1.1436413526535034,1.143379807472229,1.1436413526535034
1784547000.0,1.1440337896347046,1.1442956924438477,1.1440337896347046,1.1442956924438477
1784547300.0,1.144164800643921,1.144164800643921,1.1439030170440674,1.1439030170440674
1784547600.0,1.1440337896347046,1.1440337896347046,1.1439030170440674,1.1439030170440674
1784547900.0,1.1437721252441406,1.1437721252441406,1.1437721252441406,1.1437721252441406
1784548200.0,1.1436413526535034,1.1436413526535034,1.1436413526535034,1.1436413526535034
1784548500.0,1.1435105800628662,1.1435105800628662,1.1432491540908813,1.1432491540908813
1784548800.0,1.1431183815002441,1.1432491540908813,1.142987847328186,1.1431183815002441
1784549100.0,1.1431183815002441,1.1432491540908813,1.1428571939468384,1.1428571939468384
1784549400.0,1.1428571939468384,1.1428571939468384,1.1424654722213745,1.1424654722213745
1784549700.0,1.1424654722213745,1.1424654722213745,1.1423349380493164,1.1423349380493164
1784550000.0,1.1422044038772583,1.1422044038772583,1.1420739889144897,1.1420739889144897
1784550300.0,1.1420739889144897,1.1422044038772583,1.1420739889144897,1.1422044038772583
1784550600.0,1.1422044038772583,1.1423349380493164,1.1422044038772583,1.1422044038772583
1784550900.0,1.1423349380493164,1.1425960063934326,1.1423349380493164,1.1425960063934326
1784551200.0,1.1424654722213745,1.1424654722213745,1.1423349380493164,1.1423349380493164
1784551500.0,1.1424654722213745,1.1427265405654907,1.1424654722213745,1.1427265405654907
1784551800.0,1.1427265405654907,1.142987847328186,1.1427265405654907,1.142987847328186
1784552100.0,1.142987847328186,1.142987847328186,1.1427265405654907,1.1427265405654907
1784552400.0,1.1427265405654907,1.1427265405654907,1.1424654722213745,1.1424654722213745
1784552700.0,1.1423349380493164,1.1423349380493164,1.1422044038772583,1.1422044038772583
1784553000.0,1.1422044038772583,1.1423349380493164,1.1422044038772583,1.1423349380493164
1784553300.0,1.1422044038772583,1.1422044038772583,1.1420739889144897,1.1420739889144897
1784553600.0,1.1420739889144897,1.1422044038772583,1.1420739889144897,1.1422044038772583
1784553900.0,1.1423349380493164,1.1423349380493164,1.1422044038772583,1.1423349380493164
1784554200.0,1.1422044038772583,1.1423349380493164,1.1422044038772583,1.1423349380493164
1784554500.0,1.1420739889144897,1.1420739889144897,1.1420739889144897,1.1420739889144897
1784554800.0,1.1420739889144897,1.1420739889144897,1.1418131589889526,1.1418131589889526
1784555100.0,1.1418131589889526,1.1420739889144897,1.1418131589889526,1.1420739889144897
1784555400.0,1.1420739889144897,1.1420739889144897,1.1419435739517212,1.1420739889144897
1784555700.0,1.1420739889144897,1.1420739889144897,1.1420739889144897,1.1420739889144897
1784556000.0,1.1419435739517212,1.1419435739517212,1.1418131589889526,1.1418131589889526
1784556300.0,1.1419435739517212,1.1419435739517212,1.1418131589889526,1.1418131589889526
1784556600.0,1.1415525674819946,1.1418131589889526,1.1415525674819946,1.1416828632354736
1784556900.0,1.1418131589889526,1.1420739889144897,1.1418131589889526,1.1420739889144897
1784557200.0,1.1419435739517212,1.1419435739517212,1.1416828632354736,1.1416828632354736
1784557500.0,1.1416828632354736,1.1420739889144897,1.1416828632354736,1.1419435739517212
1784557800.0,1.1419435739517212,1.1419435739517212,1.141422152519226,1.141422152519226
1784558100.0,1.141422152519226,1.141422152519226,1.141422152519226,1.141422152519226
1784558400.0,1.141291856765747,1.141291856765747,1.1410315036773682,1.1410315036773682
1784558700.0,1.1409013271331787,1.141422152519226,1.1409013271331787,1.141422152519226
1784559000.0,1.1411616802215576,1.1411616802215576,1.1410315036773682,1.1410315036773682
1784559300.0,1.1409013271331787,1.1410315036773682,1.1406410932540894,1.1410315036773682
1784559600.0,1.1410315036773682,1.1411616802215576,1.1410315036773682,1.1411616802215576
1784559900.0,1.1411616802215576,1.1411616802215576,1.1411616802215576,1.1411616802215576
1784560200.0,1.141291856765747,1.141291856765747,1.1411616802215576,1.1411616802215576
1784560500.0,1.1410315036773682,1.1410315036773682,1.1409013271331787,1.1409013271331787
1784560800.0,1.1409013271331787,1.1411616802215576,1.1409013271331787,1.1411616802215576
1784561100.0,1.1411616802215576,1.141291856765747,1.1411616802215576,1.1411616802215576
1784561400.0,1.141291856765747,1.141422152519226,1.141291856765747,1.141291856765747
1784561700.0,1.141291856765747,1.141422152519226,1.1411616802215576,1.1411616802215576
1784562000.0,1.1411616802215576,1.1411616802215576,1.1410315036773682,1.1410315036773682
1784562300.0,1.1411616802215576,1.141422152519226,1.1411616802215576,1.141422152519226
1784562600.0,1.1415525674819946,1.1415525674819946,1.141422152519226,1.141422152519226
1784562900.0,1.141422152519226,1.1415525674819946,1.141422152519226,1.1415525674819946
1784563200.0,1.141422152519226,1.1416828632354736,1.141422152519226,1.1415525674819946
1784563500.0,1.1416828632354736,1.1418131589889526,1.1416828632354736,1.1418131589889526
1784563800.0,1.1418131589889526,1.1419435739517212,1.1418131589889526,1.1419435739517212
1784564100.0,1.1419435739517212,1.1419435739517212,1.1419435739517212,1.1419435739517212
1784564400.0,1.1419435739517212,1.1419435739517212,1.1418131589889526,1.1418131589889526
1784564700.0,1.1418131589889526,1.1418131589889526,1.1416828632354736,1.1418131589889526
1784565000.0,1.1418131589889526,1.1418131589889526,1.1418131589889526,1.1418131589889526
1784565300.0,1.1416828632354736,1.1416828632354736,1.1416828632354736,1.1416828632354736
1784565600.0,1.1415525674819946,1.1416828632354736,1.141422152519226,1.141422152519226
1784565900.0,1.141422152519226,1.141422152519226,1.141422152519226,1.141422152519226
1784566200.0,1.141291856765747,1.141422152519226,1.141291856765747,1.141422152519226
1784566500.0,1.141422152519226,1.141422152519226,1.141422152519226,1.141422152519226
1784566800.0,1.1415525674819946,1.1416828632354736,1.1415525674819946,1.1415525674819946
1784567100.0,1.1415525674819946,1.1418131589889526,1.1415525674819946,1.1418131589889526
1784567400.0,1.1416828632354736,1.1416828632354736,1.141422152519226,1.141422152519226
1784567700.0,1.1415525674819946,1.1416828632354736,1.1415525674819946,1.1416828632354736
1784568000.0,1.1418131589889526,1.1418131589889526,1.1416828632354736,1.1418131589889526
1784568300.0,1.1418131589889526,1.1418131589889526,1.1418131589889526,1.1418131589889526
1784568600.0,1.1416828632354736,1.1418131589889526,1.1416828632354736,1.1418131589889526
1784568900.0,1.1416828632354736,1.1416828632354736,1.1416828632354736,1.1416828632354736
1784569200.0,1.1416828632354736,1.1416828632354736,1.1416828632354736,1.1416828632354736
1784569500.0,1.1416828632354736,1.1416828632354736,1.1416828632354736,1.1416828632354736
1784569800.0,1.1416828632354736,1.1416828632354736,1.1416828632354736,1.1416828632354736
1784570100.0,1.1416828632354736,1.1418131589889526,1.1416828632354736,1.1416828632354736
1784570400.0,1.1416828632354736,1.1418131589889526,1.1416828632354736,1.1418131589889526
1784570700.0,1.1418131589889526,1.1419435739517212,1.1418131589889526,1.1419435739517212
1784571000.0,1.1419435739517212,1.1419435739517212,1.1419435739517212,1.1419435739517212
1784571300.0,1.1419435739517212,1.1422044038772583,1.1419435739517212,1.1420739889144897
1784571600.0,1.1420739889144897,1.1420739889144897,1.1419435739517212,1.1419435739517212
1784571900.0,1.1420739889144897,1.1420739889144897,1.1420739889144897,1.1420739889144897
1784572200.0,1.1420739889144897,1.1420739889144897,1.1418131589889526,1.1418131589889526
1784572500.0,1.1419435739517212,1.1419435739517212,1.1418131589889526,1.1419435739517212
1784572800.0,1.1418131589889526,1.1418131589889526,1.1418131589889526,1.1418131589889526
1784573100.0,1.1416828632354736,1.1418131589889526,1.1416828632354736,1.1416828632354736
1784573400.0,1.1416828632354736,1.1418131589889526,1.1416828632354736,1.1418131589889526
1784573700.0,1.1416828632354736,1.1418131589889526,1.1416828632354736,1.1418131589889526
1784574000.0,1.1419435739517212,1.1419435739517212,1.1418131589889526,1.1418131589889526
1784574300.0,1.1419435739517212,1.1419435739517212,1.1418131589889526,1.1419435739517212
1784574600.0,1.1419435739517212,1.1419435739517212,1.1418131589889526,1.1418131589889526
1784574900.0,1.1418131589889526,1.1418131589889526,1.1416828632354736,1.1416828632354736
1784575200.0,1.1418131589889526,1.1418131589889526,1.1418131589889526,1.1418131589889526
1784575500.0,1.1418131589889526,1.1418131589889526,1.1418131589889526,1.1418131589889526
1784575800.0,1.1420739889144897,1.1420739889144897,1.1419435739517212,1.1419435739517212
1784576100.0,1.1419435739517212,1.1420739889144897,1.1419435739517212,1.1419435739517212
1784576400.0,1.1419435739517212,1.1419435739517212,1.1419435739517212,1.1419435739517212
1784576700.0,1.1419435739517212,1.1420739889144897,1.1419435739517212,1.1420739889144897
1784577000.0,1.1420739889144897,1.1420739889144897,1.1419435739517212,1.1419435739517212
1784577300.0,1.1419435739517212,1.1419435739517212,1.1418131589889526,1.1419435739517212
1784577600.0,1.1419435739517212,1.1419435739517212,1.1419435739517212,1.1419435739517212
1784577900.0,1.1419435739517212,1.1419435739517212,1.1416828632354736,1.1416828632354736
1784578200.0,1.1416828632354736,1.1418131589889526,1.1416828632354736,1.1418131589889526
1784578500.0,1.1416828632354736,1.1416828632354736,1.1415525674819946,1.1415525674819946
1784578800.0,1.1416828632354736,1.1416828632354736,1.1416828632354736,1.1416828632354736
1784579100.0,1.1418131589889526,1.1418131589889526,1.1418131589889526,1.1418131589889526
1784579400.0,1.1418131589889526,1.1418131589889526,1.1418131589889526,1.1418131589889526
1784579700.0,1.1418131589889526,1.1418131589889526,1.1416828632354736,1.1416828632354736
1784580000.0,1.1416828632354736,1.1416828632354736,1.1416828632354736,1.1416828632354736
1784580300.0,1.1416828632354736,1.1416828632354736,1.1416828632354736,1.1416828632354736
1784580600.0,1.1416828632354736,1.1416828632354736,1.1416828632354736,1.1416828632354736
1784580900.0,1.1416828632354736,1.1418131589889526,1.1416828632354736,1.1416828632354736
1784581200.0,1.1419435739517212,1.1423349380493164,1.1419435739517212,1.1423349380493164
1784581500.0,1.1418131589889526,1.1420739889144897,1.1418131589889526,1.1418131589889526
1784581800.0,1.1415525674819946,1.1420739889144897,1.1415525674819946,1.1419435739517212
1784582100.0,1.1416828632354736,1.1419435739517212,1.1416828632354736,1.1418131589889526
1784582400.0,1.1416828632354736,1.1418131589889526,1.1415525674819946,1.1418131589889526
1784582700.0,1.1415525674819946,1.1416828632354736,1.1415525674819946,1.1416828632354736
1784583000.0,1.1416828632354736,1.1416828632354736,1.1415525674819946,1.1415525674819946
1784583300.0,1.141422152519226,1.1415525674819946,1.141291856765747,1.141422152519226
1784583600.0,1.1415525674819946,1.1415525674819946,1.1415525674819946,1.1415525674819946
1784583900.0,1.1415525674819946,1.1416828632354736,1.141422152519226,1.1415525674819946
1784584200.0,1.1415525674819946,1.1415525674819946,1.141422152519226,1.141422152519226
1784584500.0,1.1415525674819946,1.1416828632354736,1.1415525674819946,1.1416828632354736
1784584800.0,1.141422152519226,1.141422152519226,1.141422152519226,1.141422152519226
1784585100.0,1.141422152519226,1.1415525674819946,1.141291856765747,1.1415525674819946
1784585400.0,1.1415525674819946,1.1415525674819946,1.1415525674819946,1.1415525674819946
1784585700.0,1.1415525674819946,1.1415525674819946,1.1415525674819946,1.1415525674819946
1784586000.0,1.1415525674819946,1.1415525674819946,1.1415525674819946,1.1415525674819946
1784586300.0,1.1415525674819946,1.1415525674819946,1.1415525674819946,1.1415525674819946
1784586600.0,1.1415525674819946,1.1415525674819946,1.1415525674819946,1.1415525674819946
1784586900.0,1.1415525674819946,1.1415525674819946,1.141422152519226,1.1415525674819946
1784587200.0,1.1415525674819946,1.1415525674819946,1.141422152519226,1.1415525674819946
1784587500.0,1.1415525674819946,1.1416828632354736,1.1415525674819946,1.1415525674819946
1784587800.0,1.1415525674819946,1.1416828632354736,1.1415525674819946,1.1415525674819946
1784588100.0,1.1416828632354736,1.1416828632354736,1.1416828632354736,1.1416828632354736
1784588400.0,1.1416828632354736,1.1416828632354736,1.1415525674819946,1.1415525674819946
1784588700.0,1.1415525674819946,1.1416828632354736,1.1415525674819946,1.1416828632354736
1784589000.0,1.1416828632354736,1.1416828632354736,1.1416828632354736,1.1416828632354736
1784589300.0,1.1416828632354736,1.1416828632354736,1.1416828632354736,1.1416828632354736
1784589600.0,1.1416828632354736,1.1416828632354736,1.1415525674819946,1.1415525674819946
1784589900.0,1.1416828632354736,1.1416828632354736,1.1416828632354736,1.1416828632354736
1784590200.0,1.1416828632354736,1.1416828632354736,1.1416828632354736,1.1416828632354736
1784590500.0,1.1416828632354736,1.1416828632354736,1.1416828632354736,1.1416828632354736
1784590800.0,1.1416828632354736,1.1416828632354736,1.1416828632354736,1.1416828632354736
1784591100.0,1.1416828632354736,1.1416828632354736,1.1416828632354736,1.1416828632354736
1784591400.0,1.1416828632354736,1.1416828632354736,1.1416828632354736,1.1416828632354736
1784591700.0,1.1418131589889526,1.1418131589889526,1.1416828632354736,1.1418131589889526
1784592000.0,1.1419435739517212,1.1420739889144897,1.1419435739517212,1.1420739889144897
1784592300.0,1.1419435739517212,1.1419435739517212,1.1419435739517212,1.1419435739517212
1784592600.0,1.1419435739517212,1.1419435739517212,1.1418131589889526,1.1419435739517212
1784592900.0,1.1419435739517212,1.1419435739517212,1.1418131589889526,1.1418131589889526
1784593200.0,1.1418131589889526,1.1418131589889526,1.1416828632354736,1.1416828632354736
1784593500.0,1.1416828632354736,1.1416828632354736,1.1415525674819946,1.1415525674819946
1784593800.0,1.1415525674819946,1.1415525674819946,1.1415525674819946,1.1415525674819946
1784594100.0,1.1415525674819946,1.1415525674819946,1.1415525674819946,1.1415525674819946
1784594400.0,1.1415525674819946,1.1416828632354736,1.1415525674819946,1.1416828632354736
1784594700.0,1.1418131589889526,1.1419435739517212,1.1418131589889526,1.1419435739517212
1784595000.0,1.1419435739517212,1.1419435739517212,1.1418131589889526,1.1418131589889526
1784595300.0,1.1418131589889526,1.1418131589889526,1.1416828632354736,1.1416828632354736
1784595600.0,1.1415525674819946,1.1416828632354736,1.1415525674819946,1.1416828632354736
1784595900.0,1.1418131589889526,1.1418131589889526,1.1418131589889526,1.1418131589889526
1784596200.0,1.1418131589889526,1.1418131589889526,1.1416828632354736,1.1416828632354736
1784596500.0,1.1416828632354736,1.1418131589889526,1.1416828632354736,1.1418131589889526
1784596800.0,1.1418131589889526,1.1418131589889526,1.1416828632354736,1.1416828632354736
1784597100.0,1.1416828632354736,1.1418131589889526,1.1416828632354736,1.1418131589889526
1784597400.0,1.1419435739517212,1.1419435739517212,1.1416828632354736,1.1416828632354736
1784597700.0,1.1418131589889526,1.1418131589889526,1.1416828632354736,1.1416828632354736
1784598000.0,1.1416828632354736,1.1419435739517212,1.1416828632354736,1.1419435739517212
1784598300.0,1.1418131589889526,1.1419435739517212,1.1418131589889526,1.1419435739517212
1784598600.0,1.1418131589889526,1.1418131589889526,1.1418131589889526,1.1418131589889526
1784598900.0,1.1418131589889526,1.1418131589889526,1.1418131589889526,1.1418131589889526
1784599200.0,1.1418131589889526,1.1419435739517212,1.1418131589889526,1.1418131589889526
1784599500.0,1.1418131589889526,1.1419435739517212,1.1418131589889526,1.1418131589889526
1784599800.0,1.1418131589889526,1.1419435739517212,1.1418131589889526,1.1418131589889526
1784600100.0,1.1418131589889526,1.1418131589889526,1.1418131589889526,1.1418131589889526
1784600400.0,1.1418131589889526,1.1419435739517212,1.1418131589889526,1.1419435739517212
1784600700.0,1.1419435739517212,1.1419435739517212,1.1416828632354736,1.1416828632354736
1784601000.0,1.1416828632354736,1.1418131589889526,1.1416828632354736,1.1418131589889526
1784601300.0,1.1418131589889526,1.1418131589889526,1.1416828632354736,1.1416828632354736
1784601600.0,1.1416828632354736,1.1416828632354736,1.1416828632354736,1.1416828632354736
1784601900.0,1.1415525674819946,1.1416828632354736,1.1415525674819946,1.1416828632354736
1784602200.0,1.1415525674819946,1.1415525674819946,1.141422152519226,1.141422152519226
1784602500.0,1.141422152519226,1.141422152519226,1.141422152519226,1.141422152519226
1784602800.0,1.1415525674819946,1.1415525674819946,1.141291856765747,1.141291856765747
1784603100.0,1.141291856765747,1.141291856765747,1.141291856765747,1.141291856765747
1784603400.0,1.141422152519226,1.141422152519226,1.141291856765747,1.141291856765747
1784603700.0,1.141291856765747,1.141422152519226,1.141291856765747,1.141291856765747
1784604000.0,1.141422152519226,1.141422152519226,1.141422152519226,1.141422152519226
1784604300.0,1.141422152519226,1.141422152519226,1.141422152519226,1.141422152519226
1784604600.0,1.141422152519226,1.1415525674819946,1.141422152519226,1.1415525674819946
1784604900.0,1.1415525674819946,1.1415525674819946,1.1415525674819946,1.1415525674819946
1784605200.0,1.1415525674819946,1.1416828632354736,1.1415525674819946,1.1416828632354736
1784605500.0,1.1416828632354736,1.1418131589889526,1.1416828632354736,1.1418131589889526
1784605800.0,1.1418131589889526,1.1418131589889526,1.1418131589889526,1.1418131589889526
1784606100.0,1.1416828632354736,1.1416828632354736,1.1415525674819946,1.1415525674819946
1784606400.0,1.1415525674819946,1.1416828632354736,1.1415525674819946,1.1416828632354736
1784606700.0,1.1415525674819946,1.1418131589889526,1.1415525674819946,1.1418131589889526
1784607000.0,1.1418131589889526,1.1418131589889526,1.1418131589889526,1.1418131589889526
1784607300.0,1.1418131589889526,1.1419435739517212,1.1418131589889526,1.1419435739517212
1784607600.0,1.1418131589889526,1.1418131589889526,1.1418131589889526,1.1418131589889526
1784607900.0,1.1418131589889526,1.1418131589889526,1.1418131589889526,1.1418131589889526
1784608200.0,1.1418131589889526,1.1418131589889526,1.1418131589889526,1.1418131589889526
1784608500.0,1.1418131589889526,1.1419435739517212,1.1418131589889526,1.1419435739517212
1784608800.0,1.1419435739517212,1.1419435739517212,1.1418131589889526,1.1419435739517212
1784609100.0,1.1419435739517212,1.1419435739517212,1.1419435739517212,1.1419435739517212
1784609400.0,1.1419435739517212,1.1420739889144897,1.1419435739517212,1.1420739889144897
1784609700.0,1.1420739889144897,1.1420739889144897,1.1420739889144897,1.1420739889144897
1784610000.0,1.1420739889144897,1.1420739889144897,1.1420739889144897,1.1420739889144897
1784610300.0,1.1420739889144897,1.1422044038772583,1.1420739889144897,1.1422044038772583
1784610600.0,1.1422044038772583,1.1422044038772583,1.1419435739517212,1.1419435739517212
1784610900.0,1.1419435739517212,1.1420739889144897,1.1419435739517212,1.1420739889144897
1784611200.0,1.1420739889144897,1.1420739889144897,1.1419435739517212,1.1419435739517212
1784611500.0,1.1419435739517212,1.1420739889144897,1.1419435739517212,1.1420739889144897
1784611800.0,1.1420739889144897,1.1422044038772583,1.1420739889144897,1.1422044038772583
1784612100.0,1.1422044038772583,1.1422044038772583,1.1422044038772583,1.1422044038772583
1784612400.0,1.1423349380493164,1.1424654722213745,1.1423349380493164,1.1424654722213745
1784612700.0,1.1423349380493164,1.1423349380493164,1.1423349380493164,1.1423349380493164
1784613000.0,1.1422044038772583,1.1423349380493164,1.1422044038772583,1.1422044038772583
1784613300.0,1.1422044038772583,1.1422044038772583,1.1420739889144897,1.1420739889144897
1784613600.0,1.1422044038772583,1.1423349380493164,1.1420739889144897,1.1423349380493164
1784613900.0,1.1423349380493164,1.1423349380493164,1.1422044038772583,1.1422044038772583
1784614200.0,1.1423349380493164,1.1423349380493164,1.1422044038772583,1.1423349380493164
1784614500.0,1.1422044038772583,1.1423349380493164,1.1422044038772583,1.1423349380493164
1784614800.0,1.1422044038772583,1.1424654722213745,1.1422044038772583,1.1424654722213745
1784615100.0,1.1424654722213745,1.1424654722213745,1.1423349380493164,1.1423349380493164
1784615400.0,1.1423349380493164,1.1423349380493164,1.1423349380493164,1.1423349380493164
1784615700.0,1.1423349380493164,1.1425960063934326,1.1423349380493164,1.1424654722213745
1784616000.0,1.1423349380493164,1.1425960063934326,1.1423349380493164,1.1425960063934326
1784616300.0,1.1425960063934326,1.1425960063934326,1.1425960063934326,1.1425960063934326
1784616600.0,1.1425960063934326,1.1425960063934326,1.1424654722213745,1.1424654722213745
1784616900.0,1.1423349380493164,1.1425960063934326,1.1423349380493164,1.1425960063934326
1784617200.0,1.1425960063934326,1.1428571939468384,1.1425960063934326,1.1428571939468384
1784617500.0,1.1428571939468384,1.142987847328186,1.1428571939468384,1.1428571939468384
1784617800.0,1.1427265405654907,1.1427265405654907,1.1425960063934326,1.1425960063934326
1784618100.0,1.1425960063934326,1.1428571939468384,1.1425960063934326,1.1428571939468384
1784618400.0,1.142987847328186,1.142987847328186,1.1428571939468384,1.1428571939468384
1784618700.0,1.1428571939468384,1.1428571939468384,1.1428571939468384,1.1428571939468384
1784619000.0,1.1427265405654907,1.1428571939468384,1.1425960063934326,1.1428571939468384
1784619300.0,1.1428571939468384,1.1428571939468384,1.1427265405654907,1.1427265405654907
1784619600.0,1.1427265405654907,1.1427265405654907,1.1425960063934326,1.1425960063934326
1784619900.0,1.1425960063934326,1.1425960063934326,1.1425960063934326,1.1425960063934326
1784620200.0,1.1425960063934326,1.1425960063934326,1.1424654722213745,1.1424654722213745
1784620500.0,1.1424654722213745,1.1425960063934326,1.1424654722213745,1.1425960063934326
1784620800.0,1.1425960063934326,1.1427265405654907,1.1425960063934326,1.1425960063934326
1784621100.0,1.1425960063934326,1.1427265405654907,1.1425960063934326,1.1427265405654907
1784621400.0,1.1425960063934326,1.1427265405654907,1.1425960063934326,1.1427265405654907
1784621700.0,1.1425960063934326,1.1427265405654907,1.1425960063934326,1.1427265405654907
1784622000.0,1.1428571939468384,1.1428571939468384,1.1427265405654907,1.1428571939468384
1784622300.0,1.1428571939468384,1.1428571939468384,1.1425960063934326,1.1425960063934326
1784622600.0,1.1424654722213745,1.1425960063934326,1.1424654722213745,1.1424654722213745
1784622900.0,1.1423349380493164,1.1424654722213745,1.1423349380493164,1.1424654722213745
1784623200.0,1.1424654722213745,1.1425960063934326,1.1424654722213745,1.1425960063934326
1784623500.0,1.1427265405654907,1.1427265405654907,1.1424654722213745,1.1424654722213745
1784623800.0,1.1424654722213745,1.1425960063934326,1.1424654722213745,1.1424654722213745
1784624100.0,1.1424654722213745,1.1424654722213745,1.1424654722213745,1.1424654722213745
1784624400.0,1.1424654722213745,1.1425960063934326,1.1424654722213745,1.1425960063934326
1784624700.0,1.1425960063934326,1.1425960063934326,1.1425960063934326,1.1425960063934326
1784625000.0,1.1425960063934326,1.1425960063934326,1.1424654722213745,1.1425960063934326
1784625300.0,1.1425960063934326,1.1427265405654907,1.1425960063934326,1.1427265405654907
1784625600.0,1.1428571939468384,1.1428571939468384,1.1427265405654907,1.1427265405654907
1784625900.0,1.1425960063934326,1.1425960063934326,1.1424654722213745,1.1424654722213745
1784626200.0,1.1424654722213745,1.1425960063934326,1.1424654722213745,1.1425960063934326
1784626500.0,1.1425960063934326,1.1431183815002441,1.1425960063934326,1.142987847328186
1784626800.0,1.1428571939468384,1.1428571939468384,1.1425960063934326,1.1427265405654907
1784627100.0,1.1425960063934326,1.1427265405654907,1.1425960063934326,1.1427265405654907
1784627400.0,1.1427265405654907,1.1428571939468384,1.1427265405654907,1.1427265405654907
1784627700.0,1.1427265405654907,1.1427265405654907,1.1425960063934326,1.1425960063934326
1784628000.0,1.1425960063934326,1.1427265405654907,1.1425960063934326,1.1425960063934326
1784628300.0,1.1425960063934326,1.1427265405654907,1.1425960063934326,1.1427265405654907
1784628600.0,1.1427265405654907,1.1431183815002441,1.1427265405654907,1.1427265405654907
1784628900.0,1.1428571939468384,1.1428571939468384,1.1427265405654907,1.1427265405654907
1784629200.0,1.1427265405654907,1.1428571939468384,1.1427265405654907,1.1428571939468384
1784629500.0,1.1428571939468384,1.142987847328186,1.1428571939468384,1.142987847328186
1784629800.0,1.142987847328186,1.1431183815002441,1.142987847328186,1.1431183815002441
1784630100.0,1.1431183815002441,1.1431183815002441,1.142987847328186,1.142987847328186
1784630400.0,1.1428571939468384,1.1428571939468384,1.1427265405654907,1.1428571939468384
1784630700.0,1.1427265405654907,1.1427265405654907,1.1425960063934326,1.1425960063934326
1784631000.0,1.1425960063934326,1.1425960063934326,1.1424654722213745,1.1424654722213745
1784631300.0,1.1424654722213745,1.1425960063934326,1.1423349380493164,1.1424654722213745
1784631600.0,1.1424654722213745,1.1424654722213745,1.1423349380493164,1.1423349380493164
1784631900.0,1.1424654722213745,1.1424654722213745,1.1422044038772583,1.1422044038772583
1784632200.0,1.1420739889144897,1.1423349380493164,1.1420739889144897,1.1423349380493164
1784632500.0,1.1422044038772583,1.1424654722213745,1.1422044038772583,1.1423349380493164
1784632800.0,1.1422044038772583,1.1423349380493164,1.1422044038772583,1.1423349380493164
1784633100.0,1.1423349380493164,1.1424654722213745,1.1423349380493164,1.1423349380493164
1784633400.0,1.1424654722213745,1.1424654722213745,1.1423349380493164,1.1423349380493164
1784633700.0,1.1423349380493164,1.1425960063934326,1.1423349380493164,1.1425960063934326
1784634000.0,1.1425960063934326,1.1425960063934326,1.1424654722213745,1.1425960063934326
1784634300.0,1.1425960063934326,1.1425960063934326,1.1424654722213745,1.1424654722213745
1784634600.0,1.1425960063934326,1.1425960063934326,1.1422044038772583,1.1422044038772583
1784634900.0,1.1422044038772583,1.1422044038772583,1.1420739889144897,1.1422044038772583
1784635200.0,1.1423349380493164,1.1423349380493164,1.1420739889144897,1.1420739889144897
1784635500.0,1.1420739889144897,1.1423349380493164,1.1420739889144897,1.1422044038772583
1784635800.0,1.1420739889144897,1.1420739889144897,1.1419435739517212,1.1420739889144897
1784636100.0,1.1419435739517212,1.1420739889144897,1.1419435739517212,1.1420739889144897
1784636400.0,1.1420739889144897,1.1420739889144897,1.1420739889144897,1.1420739889144897
1784636700.0,1.1419435739517212,1.1420739889144897,1.1419435739517212,1.1419435739517212
1784637000.0,1.1420739889144897,1.1422044038772583,1.1419435739517212,1.1422044038772583
1784637300.0,1.1422044038772583,1.1422044038772583,1.1419435739517212,1.1419435739517212
1784637600.0,1.1420739889144897,1.1420739889144897,1.1418131589889526,1.1418131589889526
1784637900.0,1.1419435739517212,1.1422044038772583,1.1419435739517212,1.1422044038772583
1784638200.0,1.1420739889144897,1.1420739889144897,1.1418131589889526,1.1420739889144897
1784638500.0,1.1418131589889526,1.1420739889144897,1.1418131589889526,1.1420739889144897
1784638800.0,1.1419435739517212,1.1419435739517212,1.1418131589889526,1.1419435739517212
1784639100.0,1.1420739889144897,1.1420739889144897,1.1419435739517212,1.1419435739517212
1784639400.0,1.1419435739517212,1.1420739889144897,1.1419435739517212,1.1420739889144897
1784639700.0,1.1419435739517212,1.1419435739517212,1.1416828632354736,1.1416828632354736
1784640000.0,1.1416828632354736,1.1416828632354736,1.141422152519226,1.141422152519226
1784640300.0,1.141422152519226,1.141422152519226,1.141291856765747,1.141291856765747
1784640600.0,1.141422152519226,1.1416828632354736,1.141422152519226,1.1415525674819946
1784640900.0,1.141422152519226,1.141422152519226,1.1410315036773682,1.1410315036773682
1784641200.0,1.1410315036773682,1.1410315036773682,1.1409013271331787,1.1409013271331787
1784641500.0,1.1409013271331787,1.141422152519226,1.1409013271331787,1.141422152519226
1784641800.0,1.1415525674819946,1.1415525674819946,1.141291856765747,1.141291856765747
1784642100.0,1.141422152519226,1.1415525674819946,1.141291856765747,1.1415525674819946
1784642400.0,1.1415525674819946,1.1418131589889526,1.1415525674819946,1.1418131589889526
1784642700.0,1.1418131589889526,1.1419435739517212,1.1418131589889526,1.1419435739517212
1784643000.0,1.1418131589889526,1.1422044038772583,1.1418131589889526,1.1422044038772583
1784643300.0,1.1420739889144897,1.1420739889144897,1.1419435739517212,1.1419435739517212
1784643600.0,1.1418131589889526,1.1418131589889526,1.1415525674819946,1.1415525674819946
1784643900.0,1.1416828632354736,1.1416828632354736,1.141422152519226,1.141422152519226
1784644200.0,1.1411616802215576,1.141291856765747,1.1410315036773682,1.1410315036773682
1784644500.0,1.1409013271331787,1.1410315036773682,1.1407711505889893,1.1407711505889893
1784644800.0,1.1409013271331787,1.1411616802215576,1.1409013271331787,1.1411616802215576
1784645100.0,1.1410315036773682,1.1410315036773682,1.1407711505889893,1.1407711505889893
1784645400.0,1.1409013271331787,1.1409013271331787,1.1406410932540894,1.1406410932540894
1784645700.0,1.1409013271331787,1.1410315036773682,1.1409013271331787,1.1409013271331787
1784646000.0,1.1409013271331787,1.1409013271331787,1.1407711505889893,1.1407711505889893
1784646300.0,1.1407711505889893,1.1407711505889893,1.1406410932540894,1.1407711505889893
1784646600.0,1.1407711505889893,1.1409013271331787,1.1407711505889893,1.1407711505889893
1784646900.0,1.1409013271331787,1.1411616802215576,1.1409013271331787,1.1411616802215576
1784647200.0,1.1411616802215576,1.141291856765747,1.1411616802215576,1.1411616802215576
1784647500.0,1.141291856765747,1.141422152519226,1.141291856765747,1.141291856765747
1784647800.0,1.141291856765747,1.141291856765747,1.141291856765747,1.141291856765747
1784648100.0,1.141422152519226,1.141422152519226,1.141291856765747,1.141291856765747
1784648400.0,1.1410315036773682,1.1411616802215576,1.1410315036773682,1.1410315036773682
1784648700.0,1.1409013271331787,1.1409013271331787,1.1407711505889893,1.1407711505889893
1784649000.0,1.1407711505889893,1.1409013271331787,1.1407711505889893,1.1409013271331787
1784649300.0,1.1409013271331787,1.1410315036773682,1.1409013271331787,1.1410315036773682
1784649600.0,1.1410315036773682,1.1411616802215576,1.1410315036773682,1.1411616802215576
1784649900.0,1.1411616802215576,1.141291856765747,1.1411616802215576,1.141291856765747
1784650200.0,1.141291856765747,1.141291856765747,1.1411616802215576,1.1411616802215576
1784650500.0,1.1411616802215576,1.1411616802215576,1.1411616802215576,1.1411616802215576
1784650800.0,1.1411616802215576,1.1411616802215576,1.1410315036773682,1.1411616802215576
1784651100.0,1.1411616802215576,1.1411616802215576,1.1411616802215576,1.1411616802215576
1784651400.0,1.1410315036773682,1.1411616802215576,1.1410315036773682,1.1411616802215576
1784651700.0,1.1411616802215576,1.1411616802215576,1.1411616802215576,1.1411616802215576
1784652000.0,1.141291856765747,1.141422152519226,1.141291856765747,1.141422152519226
1784652300.0,1.141291856765747,1.141291856765747,1.141291856765747,1.141291856765747
1784652600.0,1.141291856765747,1.141291856765747,1.1411616802215576,1.1411616802215576
1784652900.0,1.1411616802215576,1.1411616802215576,1.1411616802215576,1.1411616802215576
1784653200.0,1.1411616802215576,1.141291856765747,1.1411616802215576,1.1411616802215576
1784653500.0,1.1411616802215576,1.1411616802215576,1.1410315036773682,1.1411616802215576
1784653800.0,1.1410315036773682,1.141291856765747,1.1410315036773682,1.141291856765747
1784654100.0,1.1411616802215576,1.1411616802215576,1.1411616802215576,1.1411616802215576
1784654400.0,1.1411616802215576,1.1411616802215576,1.1411616802215576,1.1411616802215576
1784654700.0,1.141291856765747,1.141291856765747,1.141291856765747,1.141291856765747
1784655000.0,1.141291856765747,1.141291856765747,1.141291856765747,1.141291856765747
1784655300.0,1.141291856765747,1.141291856765747,1.1411616802215576,1.1411616802215576
1784655600.0,1.1411616802215576,1.1411616802215576,1.1410315036773682,1.1410315036773682
1784655900.0,1.1410315036773682,1.1410315036773682,1.1410315036773682,1.1410315036773682
1784656200.0,1.1410315036773682,1.1411616802215576,1.1410315036773682,1.1411616802215576
1784656500.0,1.1411616802215576,1.1411616802215576,1.1410315036773682,1.1410315036773682
1784656800.0,1.1409013271331787,1.1409013271331787,1.1407711505889893,1.1407711505889893
1784657100.0,1.1406410932540894,1.1406410932540894,1.1405109167099,1.1406410932540894
1784657400.0,1.1407711505889893,1.1407711505889893,1.1405109167099,1.1405109167099
1784657700.0,1.1405109167099,1.1405109167099,1.140380859375,1.140380859375
1784658000.0,1.1402509212493896,1.140380859375,1.1402509212493896,1.1402509212493896
1784658300.0,1.140380859375,1.1406410932540894,1.140380859375,1.1405109167099
1784658600.0,1.1406410932540894,1.1406410932540894,1.1405109167099,1.1405109167099
1784658900.0,1.140380859375,1.140380859375,1.1402509212493896,1.140380859375
1784659200.0,1.140380859375,1.1405109167099,1.140380859375,1.1405109167099
1784659500.0,1.1405109167099,1.1405109167099,1.1405109167099,1.1405109167099
1784659800.0,1.1405109167099,1.1405109167099,1.140380859375,1.1405109167099
1784660100.0,1.1405109167099,1.1406410932540894,1.1405109167099,1.1406410932540894
1784660400.0,1.1407711505889893,1.1407711505889893,1.1405109167099,1.1405109167099
1784660700.0,1.1406410932540894,1.1406410932540894,1.1405109167099,1.1406410932540894
1784661000.0,1.1405109167099,1.1406410932540894,1.140380859375,1.140380859375
1784661300.0,1.1405109167099,1.1405109167099,1.1405109167099,1.1405109167099
1784661600.0,1.1406410932540894,1.1406410932540894,1.1405109167099,1.1406410932540894
1784661900.0,1.1407711505889893,1.1407711505889893,1.1406410932540894,1.1406410932540894
1784662200.0,1.1406410932540894,1.1406410932540894,1.1406410932540894,1.1406410932540894
1784662500.0,1.1406410932540894,1.1406410932540894,1.140380859375,1.140380859375
1784662800.0,1.1405109167099,1.1405109167099,1.1405109167099,1.1405109167099
1784663100.0,1.1405109167099,1.1405109167099,1.140380859375,1.1405109167099
1784663400.0,1.1405109167099,1.1406410932540894,1.1405109167099,1.1405109167099
1784663700.0,1.1405109167099,1.1405109167099,1.140380859375,1.140380859375
1784664000.0,1.1405109167099,1.1405109167099,1.140380859375,1.1405109167099
1784664300.0,1.1406410932540894,1.1406410932540894,1.1405109167099,1.1405109167099
1784664600.0,1.1405109167099,1.1405109167099,1.1405109167099,1.1405109167099
1784664900.0,1.140380859375,1.140380859375,1.1402509212493896,1.140380859375
1784665200.0,1.1402509212493896,1.140380859375,1.1402509212493896,1.140380859375
1784665500.0,1.140380859375,1.140380859375,1.140380859375,1.140380859375
1784665800.0,1.140380859375,1.140380859375,1.140380859375,1.140380859375
1784666100.0,1.140380859375,1.140380859375,1.140380859375,1.140380859375
1784666400.0,1.140380859375,1.140380859375,1.140380859375,1.140380859375
1784666700.0,1.1405109167099,1.1405109167099,1.140380859375,1.1405109167099
1784667000.0,1.140380859375,1.140380859375,1.1402509212493896,1.1402509212493896
1784667300.0,1.1402509212493896,1.1402509212493896,1.1401208639144897,1.1401208639144897
1784667600.0,1.1399909257888794,1.1402509212493896,1.1399909257888794,1.1401208639144897
1784667900.0,1.1401208639144897,1.1402509212493896,1.1398608684539795,1.1402509212493896
1784668200.0,1.1402509212493896,1.1402509212493896,1.1401208639144897,1.1402509212493896
1784668500.0,1.1401208639144897,1.1402509212493896,1.1401208639144897,1.1401208639144897
1784668800.0,1.1402509212493896,1.140380859375,1.1402509212493896,1.140380859375
1784669100.0,1.140380859375,1.140380859375,1.1402509212493896,1.1402509212493896
1784669400.0,1.140380859375,1.140380859375,1.1402509212493896,1.140380859375
1784669700.0,1.1402509212493896,1.1405109167099,1.1402509212493896,1.1405109167099
1784670000.0,1.1406410932540894,1.1406410932540894,1.140380859375,1.1405109167099
1784670300.0,1.1405109167099,1.1406410932540894,1.140380859375,1.140380859375
1784670600.0,1.140380859375,1.140380859375,1.140380859375,1.140380859375
1784670900.0,1.140380859375,1.1406410932540894,1.1402509212493896,1.1406410932540894
1784671200.0,1.140380859375,1.140380859375,1.1402509212493896,1.140380859375
1784671500.0,1.1402509212493896,1.140380859375,1.1402509212493896,1.140380859375
1784671800.0,1.1402509212493896,1.1402509212493896,1.1402509212493896,1.1402509212493896
1784672100.0,1.1402509212493896,1.1402509212493896,1.1402509212493896,1.1402509212493896
1784672400.0,1.1402509212493896,1.1402509212493896,1.1402509212493896,1.1402509212493896
1784672700.0,1.1402509212493896,1.140380859375,1.1402509212493896,1.140380859375
1784673000.0,1.140380859375,1.140380859375,1.1402509212493896,1.140380859375
1784673300.0,1.140380859375,1.140380859375,1.1402509212493896,1.140380859375
1784673600.0,1.140380859375,1.140380859375,1.140380859375,1.140380859375
1784673900.0,1.140380859375,1.140380859375,1.1402509212493896,1.1402509212493896
1784674200.0,1.1402509212493896,1.1402509212493896,1.1402509212493896,1.1402509212493896
1784674500.0,1.1402509212493896,1.1402509212493896,1.1402509212493896,1.1402509212493896
1784674800.0,1.1402509212493896,1.1402509212493896,1.1402509212493896,1.1402509212493896
1784675100.0,1.1401208639144897,1.1402509212493896,1.1401208639144897,1.1402509212493896
1784675400.0,1.1402509212493896,1.1402509212493896,1.1402509212493896,1.1402509212493896
1784675700.0,1.1402509212493896,1.1402509212493896,1.1402509212493896,1.1402509212493896
1784676000.0,1.1402509212493896,1.1402509212493896,1.1402509212493896,1.1402509212493896
1784676300.0,1.1402509212493896,1.1402509212493896,1.1402509212493896,1.1402509212493896
1784676600.0,1.1402509212493896,1.1402509212493896,1.1402509212493896,1.1402509212493896
1784676900.0,1.1402509212493896,1.140380859375,1.1402509212493896,1.140380859375
1784677200.0,1.140380859375,1.140380859375,1.1402509212493896,1.140380859375
1784677500.0,1.140380859375,1.140380859375,1.140380859375,1.140380859375
1784677800.0,1.140380859375,1.1405109167099,1.140380859375,1.1405109167099
1784678100.0,1.1405109167099,1.1405109167099,1.1405109167099,1.1405109167099
1784678400.0,1.140380859375,1.1406410932540894,1.140380859375,1.1406410932540894
1784678700.0,1.1406410932540894,1.1406410932540894,1.1405109167099,1.1406410932540894
1784679000.0,1.1405109167099,1.1406410932540894,1.1405109167099,1.1406410932540894
1784679300.0,1.1406410932540894,1.1409013271331787,1.1406410932540894,1.1409013271331787
1784679600.0,1.1409013271331787,1.1410315036773682,1.1409013271331787,1.1409013271331787
1784679900.0,1.1410315036773682,1.1410315036773682,1.1409013271331787,1.1410315036773682
1784680200.0,1.1410315036773682,1.1410315036773682,1.1409013271331787,1.1409013271331787
1784680500.0,1.1409013271331787,1.1409013271331787,1.1407711505889893,1.1407711505889893
1784680800.0,1.1406410932540894,1.1406410932540894,1.1405109167099,1.1405109167099
1784681100.0,1.1406410932540894,1.1406410932540894,1.1406410932540894,1.1406410932540894
1784681400.0,1.1406410932540894,1.1406410932540894,1.1406410932540894,1.1406410932540894
1784681700.0,1.1405109167099,1.1407711505889893,1.1405109167099,1.1407711505889893
1784682000.0,1.1407711505889893,1.1409013271331787,1.1406410932540894,1.1409013271331787
1784682300.0,1.1409013271331787,1.1410315036773682,1.1409013271331787,1.1410315036773682
1784682600.0,1.1410315036773682,1.1410315036773682,1.1409013271331787,1.1409013271331787
1784682900.0,1.1409013271331787,1.1409013271331787,1.1407711505889893,1.1407711505889893
1784683200.0,1.1407711505889893,1.1407711505889893,1.1406410932540894,1.1406410932540894
1784683500.0,1.1406410932540894,1.1406410932540894,1.1406410932540894,1.1406410932540894
1784683800.0,1.1406410932540894,1.1406410932540894,1.1402509212493896,1.1402509212493896
1784684100.0,1.140380859375,1.140380859375,1.1401208639144897,1.140380859375
1784684400.0,1.140380859375,1.140380859375,1.140380859375,1.140380859375
1784684700.0,1.1405109167099,1.1406410932540894,1.1405109167099,1.1405109167099
1784685000.0,1.1405109167099,1.1406410932540894,1.1405109167099,1.1405109167099
1784685300.0,1.1405109167099,1.1406410932540894,1.1405109167099,1.1406410932540894
1784685600.0,1.1406410932540894,1.1406410932540894,1.1405109167099,1.1405109167099
1784685900.0,1.1405109167099,1.1405109167099,1.1405109167099,1.1405109167099
1784686200.0,1.1407711505889893,1.1407711505889893,1.1407711505889893,1.1407711505889893
1784686500.0,1.1407711505889893,1.1407711505889893,1.1407711505889893,1.1407711505889893
1784686800.0,1.1407711505889893,1.1409013271331787,1.1407711505889893,1.1409013271331787
1784687100.0,1.1409013271331787,1.141291856765747,1.1409013271331787,1.1411616802215576
1784687400.0,1.1410315036773682,1.1411616802215576,1.1410315036773682,1.1411616802215576
1784687700.0,1.1410315036773682,1.1410315036773682,1.1409013271331787,1.1410315036773682
1784688000.0,1.1410315036773682,1.1410315036773682,1.1410315036773682,1.1410315036773682
1784688300.0,1.1410315036773682,1.1410315036773682,1.1409013271331787,1.1409013271331787
1784688600.0,1.1409013271331787,1.1410315036773682,1.1409013271331787,1.1410315036773682
1784688900.0,1.1410315036773682,1.1410315036773682,1.1409013271331787,1.1409013271331787
1784689200.0,1.1409013271331787,1.1410315036773682,1.1409013271331787,1.1410315036773682
1784689500.0,1.1410315036773682,1.1410315036773682,1.1409013271331787,1.1409013271331787
1784689800.0,1.1409013271331787,1.1409013271331787,1.1407711505889893,1.1409013271331787
1784690100.0,1.1409013271331787,1.1410315036773682,1.1409013271331787,1.1409013271331787
1784690400.0,1.1409013271331787,1.1410315036773682,1.1409013271331787,1.1410315036773682
1784690700.0,1.1410315036773682,1.1411616802215576,1.1410315036773682,1.1410315036773682
1784691000.0,1.1411616802215576,1.1411616802215576,1.1409013271331787,1.1410315036773682
1784691300.0,1.1410315036773682,1.1410315036773682,1.1409013271331787,1.1410315036773682
1784691600.0,1.1410315036773682,1.1410315036773682,1.1409013271331787,1.1409013271331787
1784691900.0,1.1410315036773682,1.1410315036773682,1.1409013271331787,1.1409013271331787
1784692200.0,1.1409013271331787,1.1410315036773682,1.1409013271331787,1.1409013271331787
1784692500.0,1.1410315036773682,1.1410315036773682,1.1410315036773682,1.1410315036773682
1784692800.0,1.1410315036773682,1.1410315036773682,1.1410315036773682,1.1410315036773682
1784693100.0,1.1410315036773682,1.1410315036773682,1.1410315036773682,1.1410315036773682
1784693400.0,1.1410315036773682,1.1410315036773682,1.1409013271331787,1.1409013271331787
1784693700.0,1.1410315036773682,1.1410315036773682,1.1409013271331787,1.1409013271331787
1784694000.0,1.1409013271331787,1.1410315036773682,1.1409013271331787,1.1410315036773682
1784694300.0,1.1410315036773682,1.1410315036773682,1.1409013271331787,1.1410315036773682
1784694600.0,1.1410315036773682,1.1410315036773682,1.1410315036773682,1.1410315036773682
1784694900.0,1.1410315036773682,1.1410315036773682,1.1410315036773682,1.1410315036773682
1784695200.0,1.1411616802215576,1.1411616802215576,1.1410315036773682,1.1411616802215576
1784695500.0,1.1411616802215576,1.1411616802215576,1.1410315036773682,1.1411616802215576
1784695800.0,1.1410315036773682,1.1411616802215576,1.1410315036773682,1.1410315036773682
1784696100.0,1.1411616802215576,1.1411616802215576,1.1410315036773682,1.1411616802215576
1784696400.0,1.1411616802215576,1.141291856765747,1.1411616802215576,1.141291856765747
1784696700.0,1.1411616802215576,1.1411616802215576,1.1411616802215576,1.1411616802215576
1784697000.0,1.1411616802215576,1.141291856765747,1.1411616802215576,1.1411616802215576
1784697300.0,1.1411616802215576,1.1411616802215576,1.1410315036773682,1.1411616802215576
1784697600.0,1.1411616802215576,1.141291856765747,1.1411616802215576,1.1411616802215576
1784697900.0,1.1411616802215576,1.1411616802215576,1.1410315036773682,1.1411616802215576
1784698200.0,1.1410315036773682,1.1410315036773682,1.1409013271331787,1.1409013271331787
1784698500.0,1.1410315036773682,1.1410315036773682,1.1409013271331787,1.1410315036773682
1784698800.0,1.1410315036773682,1.1410315036773682,1.1409013271331787,1.1410315036773682
1784699100.0,1.1410315036773682,1.1410315036773682,1.1409013271331787,1.1409013271331787
1784699400.0,1.1410315036773682,1.1411616802215576,1.1410315036773682,1.1411616802215576
1784699700.0,1.1410315036773682,1.141291856765747,1.1410315036773682,1.141291856765747
1784700000.0,1.141291856765747,1.1416828632354736,1.141291856765747,1.1415525674819946
1784700300.0,1.141422152519226,1.141422152519226,1.141422152519226,1.141422152519226
1784700600.0,1.141422152519226,1.1415525674819946,1.141422152519226,1.1415525674819946
1784700900.0,1.141422152519226,1.141422152519226,1.141422152519226,1.141422152519226
1784701200.0,1.1415525674819946,1.1415525674819946,1.141422152519226,1.1415525674819946
1784701500.0,1.141422152519226,1.141422152519226,1.1410315036773682,1.1410315036773682
1784701800.0,1.1410315036773682,1.141422152519226,1.1410315036773682,1.141422152519226
1784702100.0,1.141422152519226,1.141422152519226,1.141291856765747,1.141291856765747
1784702400.0,1.141291856765747,1.141422152519226,1.1411616802215576,1.141422152519226
1784702700.0,1.141422152519226,1.1415525674819946,1.141422152519226,1.141422152519226
1784703000.0,1.141422152519226,1.1415525674819946,1.141291856765747,1.141422152519226
1784703300.0,1.141291856765747,1.141422152519226,1.141291856765747,1.141422152519226
1784703600.0,1.141422152519226,1.141422152519226,1.141291856765747,1.141291856765747
1784703900.0,1.141291856765747,1.1415525674819946,1.141291856765747,1.141422152519226
1784704200.0,1.1415525674819946,1.1415525674819946,1.141422152519226,1.141422152519226
1784704500.0,1.1415525674819946,1.1416828632354736,1.141422152519226,1.1416828632354736
1784704800.0,1.1416828632354736,1.1418131589889526,1.1416828632354736,1.1416828632354736
1784705100.0,1.1416828632354736,1.1416828632354736,1.1415525674819946,1.1415525674819946
1784705400.0,1.1420739889144897,1.1420739889144897,1.1416828632354736,1.1416828632354736
1784705700.0,1.1416828632354736,1.1418131589889526,1.1415525674819946,1.1415525674819946
1784706000.0,1.141422152519226,1.141422152519226,1.1410315036773682,1.1410315036773682
1784706300.0,1.1409013271331787,1.1409013271331787,1.1407711505889893,1.1407711505889893
1784706600.0,1.1409013271331787,1.141291856765747,1.1409013271331787,1.141291856765747
1784706900.0,1.141291856765747,1.141422152519226,1.141291856765747,1.141291856765747
1784707200.0,1.141291856765747,1.141291856765747,1.1411616802215576,1.1411616802215576
1784707500.0,1.1410315036773682,1.1411616802215576,1.1409013271331787,1.1409013271331787
1784707800.0,1.1410315036773682,1.1410315036773682,1.1409013271331787,1.1409013271331787
1784708100.0,1.1407711505889893,1.1409013271331787,1.1407711505889893,1.1409013271331787
1784708400.0,1.1409013271331787,1.1411616802215576,1.1409013271331787,1.1411616802215576
1784708700.0,1.1411616802215576,1.1411616802215576,1.1410315036773682,1.1411616802215576
1784709000.0,1.141291856765747,1.141422152519226,1.141291856765747,1.141422152519226
1784709300.0,1.141422152519226,1.141422152519226,1.141291856765747,1.141422152519226
1784709600.0,1.141422152519226,1.1415525674819946,1.141422152519226,1.1415525674819946
1784709900.0,1.141422152519226,1.141422152519226,1.141291856765747,1.141291856765747
1784710200.0,1.141291856765747,1.141291856765747,1.1411616802215576,1.141291856765747
1784710500.0,1.141291856765747,1.141291856765747,1.1411616802215576,1.141291856765747
1784710800.0,1.141422152519226,1.141422152519226,1.141422152519226,1.141422152519226
1784711100.0,1.141422152519226,1.1415525674819946,1.141422152519226,1.141422152519226
1784711400.0,1.1415525674819946,1.1415525674819946,1.141291856765747,1.141291856765747
1784711700.0,1.141291856765747,1.141291856765747,1.1411616802215576,1.141291856765747
1784712000.0,1.141291856765747,1.141291856765747,1.1411616802215576,1.1411616802215576
1784712300.0,1.141291856765747,1.141291856765747,1.1411616802215576,1.1411616802215576
1784712600.0,1.141291856765747,1.1415525674819946,1.141291856765747,1.1415525674819946
1784712900.0,1.1415525674819946,1.1415525674819946,1.1415525674819946,1.1415525674819946
1784713200.0,1.1415525674819946,1.1415525674819946,1.1411616802215576,1.141291856765747
1784713500.0,1.141291856765747,1.141291856765747,1.1410315036773682,1.1410315036773682
1784713800.0,1.1409013271331787,1.1409013271331787,1.1407711505889893,1.1409013271331787
1784714100.0,1.1410315036773682,1.1410315036773682,1.1407711505889893,1.1407711505889893
1784714400.0,1.1407711505889893,1.1409013271331787,1.1405109167099,1.1405109167099
1784714700.0,1.140380859375,1.1406410932540894,1.140380859375,1.1405109167099
1784715000.0,1.1405109167099,1.1406410932540894,1.1405109167099,1.1406410932540894
1784715300.0,1.1406410932540894,1.1409013271331787,1.1405109167099,1.1409013271331787
1784715600.0,1.1409013271331787,1.1410315036773682,1.1409013271331787,1.1410315036773682
1784715900.0,1.1409013271331787,1.1409013271331787,1.1409013271331787,1.1409013271331787
1784716200.0,1.1407711505889893,1.1409013271331787,1.1407711505889893,1.1409013271331787
1784716500.0,1.1407711505889893,1.1409013271331787,1.1407711505889893,1.1409013271331787
1784716800.0,1.1407711505889893,1.1407711505889893,1.1407711505889893,1.1407711505889893
1784717100.0,1.1407711505889893,1.1409013271331787,1.1407711505889893,1.1409013271331787
1784717400.0,1.1409013271331787,1.1410315036773682,1.1409013271331787,1.1409013271331787
1784717700.0,1.1410315036773682,1.1410315036773682,1.1406410932540894,1.1406410932540894
1784718000.0,1.1407711505889893,1.1407711505889893,1.1406410932540894,1.1407711505889893
1784718300.0,1.1406410932540894,1.1406410932540894,1.1406410932540894,1.1406410932540894
1784718600.0,1.1407711505889893,1.1407711505889893,1.1407711505889893,1.1407711505889893
1784718900.0,1.1409013271331787,1.1409013271331787,1.1407711505889893,1.1407711505889893
1784719200.0,1.1407711505889893,1.1409013271331787,1.1407711505889893,1.1407711505889893
1784719500.0,1.1407711505889893,1.1407711505889893,1.1406410932540894,1.1407711505889893
1784719800.0,1.1407711505889893,1.1409013271331787,1.1407711505889893,1.1409013271331787
1784720100.0,1.1409013271331787,1.1409013271331787,1.1407711505889893,1.1409013271331787
1784720400.0,1.1410315036773682,1.1410315036773682,1.1407711505889893,1.1407711505889893
1784720700.0,1.1407711505889893,1.1410315036773682,1.1407711505889893,1.1410315036773682
1784721000.0,1.1409013271331787,1.1409013271331787,1.1407711505889893,1.1407711505889893
1784721300.0,1.1407711505889893,1.1409013271331787,1.1407711505889893,1.1409013271331787
1784721600.0,1.1410315036773682,1.1411616802215576,1.1410315036773682,1.1411616802215576
1784721900.0,1.141291856765747,1.141291856765747,1.1411616802215576,1.1411616802215576
1784722200.0,1.1411616802215576,1.141291856765747,1.1411616802215576,1.141291856765747
1784722500.0,1.141422152519226,1.141422152519226,1.141422152519226,1.141422152519226
1784722800.0,1.141422152519226,1.141422152519226,1.141291856765747,1.141291856765747
1784723100.0,1.141291856765747,1.141422152519226,1.141291856765747,1.141291856765747
1784723400.0,1.1415525674819946,1.1416828632354736,1.141422152519226,1.1416828632354736
1784723700.0,1.1416828632354736,1.1416828632354736,1.1415525674819946,1.1415525674819946
1784724000.0,1.1415525674819946,1.1415525674819946,1.141422152519226,1.141422152519226
1784724300.0,1.141422152519226,1.141422152519226,1.1410315036773682,1.1411616802215576
1784724600.0,1.141291856765747,1.141422152519226,1.141291856765747,1.141422152519226
1784724900.0,1.141291856765747,1.141291856765747,1.1410315036773682,1.141291856765747
1784725200.0,1.1411616802215576,1.141422152519226,1.1411616802215576,1.141291856765747
1784725500.0,1.141422152519226,1.141422152519226,1.141291856765747,1.141422152519226
1784725800.0,1.1415525674819946,1.1415525674819946,1.141291856765747,1.141291856765747
1784726100.0,1.141291856765747,1.141422152519226,1.141291856765747,1.141422152519226
1784726400.0,1.1415525674819946,1.1419435739517212,1.1415525674819946,1.1419435739517212
1784726700.0,1.1419435739517212,1.1419435739517212,1.1418131589889526,1.1418131589889526
1784727000.0,1.1419435739517212,1.1423349380493164,1.1419435739517212,1.1419435739517212
1784727300.0,1.1419435739517212,1.1422044038772583,1.1419435739517212,1.1420739889144897
1784727600.0,1.1419435739517212,1.1422044038772583,1.1419435739517212,1.1422044038772583
1784727900.0,1.1420739889144897,1.1420739889144897,1.1419435739517212,1.1419435739517212
1784728200.0,1.1418131589889526,1.1419435739517212,1.1418131589889526,1.1419435739517212
1784728500.0,1.1419435739517212,1.1419435739517212,1.1416828632354736,1.1416828632354736
1784728800.0,1.1418131589889526,1.1418131589889526,1.1416828632354736,1.1416828632354736
1784729100.0,1.1416828632354736,1.1416828632354736,1.141422152519226,1.1415525674819946
1784729400.0,1.1415525674819946,1.1420739889144897,1.141422152519226,1.1420739889144897
1784729700.0,1.1419435739517212,1.1420739889144897,1.1419435739517212,1.1420739889144897
1784730000.0,1.1419435739517212,1.1419435739517212,1.1416828632354736,1.1416828632354736
1784730300.0,1.1416828632354736,1.1416828632354736,1.141422152519226,1.141422152519226
1784730600.0,1.141422152519226,1.1415525674819946,1.141291856765747,1.1415525674819946
1784730900.0,1.141422152519226,1.1415525674819946,1.141422152519226,1.141422152519226
1784731200.0,1.1415525674819946,1.1415525674819946,1.141422152519226,1.1415525674819946
1784731500.0,1.141422152519226,1.1415525674819946,1.141422152519226,1.141422152519226
1784731800.0,1.141422152519226,1.1416828632354736,1.141422152519226,1.141422152519226
1784732100.0,1.141422152519226,1.141422152519226,1.1411616802215576,1.141291856765747
1784732400.0,1.1411616802215576,1.141422152519226,1.1411616802215576,1.141422152519226
1784732700.0,1.141291856765747,1.141422152519226,1.141291856765747,1.141422152519226
1784733000.0,1.141422152519226,1.141422152519226,1.141422152519226,1.141422152519226
1784733300.0,1.141291856765747,1.141422152519226,1.1411616802215576,1.1411616802215576
1784733600.0,1.141291856765747,1.1415525674819946,1.141291856765747,1.1415525674819946
1784733900.0,1.1415525674819946,1.1416828632354736,1.1415525674819946,1.1416828632354736
1784734200.0,1.1416828632354736,1.1416828632354736,1.141291856765747,1.141291856765747
1784734500.0,1.1411616802215576,1.141291856765747,1.1411616802215576,1.1411616802215576
1784734800.0,1.1411616802215576,1.141291856765747,1.1411616802215576,1.141291856765747
1784735100.0,1.141291856765747,1.1415525674819946,1.141291856765747,1.1415525674819946
1784735400.0,1.1416828632354736,1.1416828632354736,1.141422152519226,1.1415525674819946
1784735700.0,1.141291856765747,1.1416828632354736,1.141291856765747,1.1416828632354736
1784736000.0,1.1416828632354736,1.1416828632354736,1.1415525674819946,1.1416828632354736
1784736300.0,1.141422152519226,1.141422152519226,1.141291856765747,1.141291856765747
1784736600.0,1.1411616802215576,1.1411616802215576,1.1410315036773682,1.1410315036773682
1784736900.0,1.1411616802215576,1.1411616802215576,1.1410315036773682,1.1410315036773682
1784737200.0,1.1411616802215576,1.141291856765747,1.1410315036773682,1.141291856765747
1784737500.0,1.141422152519226,1.141422152519226,1.141422152519226,1.141422152519226
1784737800.0,1.141422152519226,1.1415525674819946,1.141291856765747,1.141291856765747
1784738100.0,1.141291856765747,1.141291856765747,1.1411616802215576,1.141291856765747
1784738400.0,1.1411616802215576,1.1411616802215576,1.1411616802215576,1.1411616802215576
1784738700.0,1.1411616802215576,1.1411616802215576,1.1411616802215576,1.1411616802215576
1784739000.0,1.1411616802215576,1.141291856765747,1.1411616802215576,1.141291856765747
1784739300.0,1.141291856765747,1.141291856765747,1.141291856765747,1.141291856765747
1784739600.0,1.141291856765747,1.141422152519226,1.141291856765747,1.141291856765747
1784739900.0,1.141422152519226,1.141422152519226,1.141422152519226,1.141422152519226
1784740200.0,1.141422152519226,1.1415525674819946,1.141422152519226,1.141422152519226
1784740500.0,1.141422152519226,1.1415525674819946,1.141422152519226,1.1415525674819946
1784740800.0,1.141422152519226,1.1415525674819946,1.141422152519226,1.1415525674819946
1784741100.0,1.141422152519226,1.1415525674819946,1.141422152519226,1.141422152519226
1784741400.0,1.141422152519226,1.141422152519226,1.141422152519226,1.141422152519226
1784741700.0,1.141291856765747,1.141291856765747,1.1411616802215576,1.1411616802215576
1784742000.0,1.1411616802215576,1.141291856765747,1.1411616802215576,1.141291856765747
1784742300.0,1.141291856765747,1.141422152519226,1.141291856765747,1.141422152519226
1784742600.0,1.141291856765747,1.141422152519226,1.141291856765747,1.141291856765747
1784742900.0,1.141291856765747,1.141291856765747,1.141291856765747,1.141291856765747
1784743200.0,1.141422152519226,1.141422152519226,1.141291856765747,1.141291856765747
1784743500.0,1.141291856765747,1.141291856765747,1.1411616802215576,1.1411616802215576
1784743800.0,1.1411616802215576,1.1411616802215576,1.1411616802215576,1.1411616802215576
1784744100.0,1.1411616802215576,1.141291856765747,1.1411616802215576,1.1411616802215576
1784744400.0,1.141291856765747,1.141422152519226,1.141291856765747,1.141291856765747
1784744700.0,1.141422152519226,1.141422152519226,1.141291856765747,1.141291856765747
1784745000.0,1.141291856765747,1.141291856765747,1.141291856765747,1.141291856765747
1784745300.0,1.141291856765747,1.141422152519226,1.141291856765747,1.141422152519226
1784745600.0,1.141291856765747,1.141291856765747,1.141291856765747,1.141291856765747
1784745900.0,1.141291856765747,1.141291856765747,1.141291856765747,1.141291856765747
1784746200.0,1.141291856765747,1.141422152519226,1.141291856765747,1.141422152519226
1784746500.0,1.141422152519226,1.141422152519226,1.141422152519226,1.141422152519226
1784746800.0,1.141422152519226,1.1415525674819946,1.141291856765747,1.141422152519226
1784747100.0,1.1415525674819946,1.1415525674819946,1.141422152519226,1.141422152519226
1784747400.0,1.141422152519226,1.141422152519226,1.141291856765747,1.141291856765747
1784747700.0,1.141291856765747,1.141422152519226,1.141291856765747,1.141422152519226
1784748000.0,1.141422152519226,1.1415525674819946,1.141422152519226,1.141422152519226
1784748300.0,1.141422152519226,1.141422152519226,1.141422152519226,1.141422152519226
1784748600.0,1.141422152519226,1.141422152519226,1.141291856765747,1.141291856765747
1784748900.0,1.141422152519226,1.141422152519226,1.141291856765747,1.141422152519226
1784749200.0,1.141422152519226,1.141422152519226,1.141422152519226,1.141422152519226
1784749500.0,1.1415525674819946,1.1415525674819946,1.141422152519226,1.141422152519226
1784749800.0,1.141422152519226,1.141422152519226,1.141291856765747,1.141291856765747
1784750100.0,1.141291856765747,1.141422152519226,1.141291856765747,1.141422152519226
1784750400.0,1.141422152519226,1.1415525674819946,1.141422152519226,1.141422152519226
1784750700.0,1.141422152519226,1.1415525674819946,1.141422152519226,1.1415525674819946
1784751000.0,1.1415525674819946,1.1415525674819946,1.141422152519226,1.1415525674819946
1784751300.0,1.1415525674819946,1.1415525674819946,1.1415525674819946,1.1415525674819946
1784751600.0,1.141422152519226,1.1415525674819946,1.141422152519226,1.1415525674819946
1784751900.0,1.1415525674819946,1.1415525674819946,1.1415525674819946,1.1415525674819946
1784752200.0,1.1415525674819946,1.1415525674819946,1.141422152519226,1.141422152519226
1784752500.0,1.1415525674819946,1.1415525674819946,1.141422152519226,1.1415525674819946
1784752800.0,1.1415525674819946,1.1415525674819946,1.1415525674819946,1.1415525674819946
1784753100.0,1.1415525674819946,1.1415525674819946,1.1415525674819946,1.1415525674819946
1784753400.0,1.1415525674819946,1.1415525674819946,1.1415525674819946,1.1415525674819946
1784753700.0,1.1415525674819946,1.1415525674819946,1.141422152519226,1.141422152519226
1784754000.0,1.1409013271331787,1.1415525674819946,1.1409013271331787,1.1410315036773682
1784754300.0,1.1410315036773682,1.1410315036773682,1.1409013271331787,1.1410315036773682
1784754600.0,1.1410315036773682,1.1411616802215576,1.1410315036773682,1.1411616802215576
1784754900.0,1.1415525674819946,1.1415525674819946,1.1411616802215576,1.1411616802215576
1784755200.0,1.1411616802215576,1.1411616802215576,1.1410315036773682,1.1410315036773682
1784755500.0,1.1411616802215576,1.1411616802215576,1.1411616802215576,1.1411616802215576
1784755800.0,1.1411616802215576,1.141291856765747,1.1411616802215576,1.1411616802215576
1784756100.0,1.141291856765747,1.141291856765747,1.1409013271331787,1.1410315036773682
1784756400.0,1.1410315036773682,1.141291856765747,1.1410315036773682,1.141291856765747
1784756700.0,1.1410315036773682,1.141422152519226,1.1410315036773682,1.1410315036773682
1784757000.0,1.1411616802215576,1.1411616802215576,1.1409013271331787,1.1409013271331787
1784757300.0,1.1410315036773682,1.1410315036773682,1.1409013271331787,1.1409013271331787
1784757600.0,1.141291856765747,1.141291856765747,1.1411616802215576,1.1411616802215576
1784757900.0,1.1411616802215576,1.1411616802215576,1.1411616802215576,1.1411616802215576
1784758200.0,1.1411616802215576,1.1411616802215576,1.1410315036773682,1.1410315036773682
1784758500.0,1.1411616802215576,1.1411616802215576,1.1410315036773682,1.1411616802215576
1784758800.0,1.1410315036773682,1.1411616802215576,1.1410315036773682,1.1411616802215576
1784759100.0,1.1410315036773682,1.1411616802215576,1.1410315036773682,1.1410315036773682
1784759400.0,1.1410315036773682,1.1411616802215576,1.1410315036773682,1.1411616802215576
1784759700.0,1.1410315036773682,1.1410315036773682,1.1410315036773682,1.1410315036773682
1784760000.0,1.1410315036773682,1.1410315036773682,1.1409013271331787,1.1410315036773682
1784760300.0,1.1410315036773682,1.1410315036773682,1.1409013271331787,1.1409013271331787
1784760600.0,1.1410315036773682,1.1411616802215576,1.1410315036773682,1.1411616802215576
1784760900.0,1.1411616802215576,1.1411616802215576,1.1410315036773682,1.1410315036773682
1784761200.0,1.1411616802215576,1.141291856765747,1.1411616802215576,1.1411616802215576
1784761500.0,1.1411616802215576,1.141291856765747,1.1411616802215576,1.141291856765747
1784761800.0,1.1411616802215576,1.141291856765747,1.1411616802215576,1.141291856765747
1784762100.0,1.141291856765747,1.141291856765747,1.141291856765747,1.141291856765747
1784762400.0,1.141422152519226,1.141422152519226,1.141291856765747,1.141291856765747
1784762700.0,1.141291856765747,1.141291856765747,1.141291856765747,1.141291856765747
1784763000.0,1.141291856765747,1.141422152519226,1.141291856765747,1.141422152519226
1784763300.0,1.141422152519226,1.141422152519226,1.141291856765747,1.141291856765747
1784763600.0,1.141422152519226,1.141422152519226,1.141291856765747,1.141422152519226
1784763900.0,1.141422152519226,1.141422152519226,1.141422152519226,1.141422152519226
1784764200.0,1.141291856765747,1.141422152519226,1.141291856765747,1.141422152519226
1784764500.0,1.141422152519226,1.1415525674819946,1.141422152519226,1.141422152519226
1784764800.0,1.1415525674819946,1.1416828632354736,1.1415525674819946,1.1416828632354736
1784765100.0,1.1416828632354736,1.1416828632354736,1.1416828632354736,1.1416828632354736
1784765400.0,1.1415525674819946,1.1415525674819946,1.141422152519226,1.141422152519226
1784765700.0,1.141422152519226,1.141422152519226,1.141422152519226,1.141422152519226
1784766000.0,1.141422152519226,1.1415525674819946,1.141422152519226,1.1415525674819946
1784766300.0,1.1416828632354736,1.1416828632354736,1.1415525674819946,1.1415525674819946
1784766600.0,1.1415525674819946,1.1415525674819946,1.1415525674819946,1.1415525674819946
1784766900.0,1.1415525674819946,1.1416828632354736,1.1415525674819946,1.1415525674819946
1784767200.0,1.1415525674819946,1.1416828632354736,1.1415525674819946,1.1416828632354736
1784767500.0,1.1416828632354736,1.1418131589889526,1.1415525674819946,1.1415525674819946
1784767800.0,1.1416828632354736,1.1416828632354736,1.1415525674819946,1.1415525674819946
1784768100.0,1.1418131589889526,1.1420739889144897,1.1416828632354736,1.1420739889144897
1784768400.0,1.1420739889144897,1.1423349380493164,1.1420739889144897,1.1422044038772583
1784768700.0,1.1420739889144897,1.1422044038772583,1.1420739889144897,1.1422044038772583
1784769000.0,1.1422044038772583,1.1422044038772583,1.1420739889144897,1.1420739889144897
1784769300.0,1.1422044038772583,1.1422044038772583,1.1420739889144897,1.1420739889144897
1784769600.0,1.1420739889144897,1.1422044038772583,1.1420739889144897,1.1422044038772583
1784769900.0,1.1420739889144897,1.1420739889144897,1.1420739889144897,1.1420739889144897
1784770200.0,1.1422044038772583,1.1422044038772583,1.1420739889144897,1.1422044038772583
1784770500.0,1.1423349380493164,1.1423349380493164,1.1420739889144897,1.1420739889144897
1784770800.0,1.1420739889144897,1.1423349380493164,1.1420739889144897,1.1422044038772583
1784771100.0,1.1420739889144897,1.1420739889144897,1.1419435739517212,1.1419435739517212
1784771400.0,1.1419435739517212,1.1420739889144897,1.1419435739517212,1.1420739889144897
1784771700.0,1.1420739889144897,1.1420739889144897,1.1419435739517212,1.1419435739517212
1784772000.0,1.1419435739517212,1.1420739889144897,1.1419435739517212,1.1420739889144897
1784772300.0,1.1420739889144897,1.1420739889144897,1.1420739889144897,1.1420739889144897
1784772600.0,1.1420739889144897,1.1422044038772583,1.1420739889144897,1.1422044038772583
1784772900.0,1.1422044038772583,1.1422044038772583,1.1422044038772583,1.1422044038772583
1784773200.0,1.1422044038772583,1.1423349380493164,1.1422044038772583,1.1423349380493164
1784773500.0,1.1423349380493164,1.1423349380493164,1.1423349380493164,1.1423349380493164
1784773800.0,1.1424654722213745,1.1427265405654907,1.1424654722213745,1.1427265405654907
1784774100.0,1.1425960063934326,1.1427265405654907,1.1425960063934326,1.1427265405654907
1784774400.0,1.1427265405654907,1.142987847328186,1.1427265405654907,1.1428571939468384
1784774700.0,1.1428571939468384,1.142987847328186,1.1428571939468384,1.142987847328186
1784775000.0,1.142987847328186,1.142987847328186,1.1428571939468384,1.142987847328186
1784775300.0,1.142987847328186,1.1431183815002441,1.142987847328186,1.1431183815002441
1784775600.0,1.1432491540908813,1.1432491540908813,1.142987847328186,1.142987847328186
1784775900.0,1.142987847328186,1.142987847328186,1.142987847328186,1.142987847328186
1784776200.0,1.142987847328186,1.142987847328186,1.1428571939468384,1.1428571939468384
1784776500.0,1.1427265405654907,1.142987847328186,1.1427265405654907,1.142987847328186
1784776800.0,1.142987847328186,1.1431183815002441,1.142987847328186,1.1431183815002441
1784777100.0,1.1431183815002441,1.1432491540908813,1.1431183815002441,1.1432491540908813
1784777400.0,1.1431183815002441,1.1432491540908813,1.1431183815002441,1.1432491540908813
1784777700.0,1.1432491540908813,1.143379807472229,1.1432491540908813,1.143379807472229
1784778000.0,1.1432491540908813,1.143379807472229,1.1432491540908813,1.143379807472229
1784778300.0,1.1432491540908813,1.1432491540908813,1.1432491540908813,1.1432491540908813
1784778600.0,1.1432491540908813,1.1432491540908813,1.1432491540908813,1.1432491540908813
1784778900.0,1.1432491540908813,1.143379807472229,1.1432491540908813,1.1432491540908813
1784779200.0,1.1431183815002441,1.1432491540908813,1.1431183815002441,1.1432491540908813
1784779500.0,1.1432491540908813,1.1436413526535034,1.1432491540908813,1.1436413526535034
1784779800.0,1.1437721252441406,1.1439030170440674,1.1436413526535034,1.1436413526535034
1784780100.0,1.1437721252441406,1.1437721252441406,1.143379807472229,1.143379807472229
1784780400.0,1.143379807472229,1.1435105800628662,1.143379807472229,1.1435105800628662
1784780700.0,1.1436413526535034,1.1437721252441406,1.1436413526535034,1.1437721252441406
1784781000.0,1.1437721252441406,1.1439030170440674,1.1437721252441406,1.1437721252441406
1784781300.0,1.1437721252441406,1.1437721252441406,1.1436413526535034,1.1436413526535034
1784781600.0,1.1436413526535034,1.1436413526535034,1.1435105800628662,1.1436413526535034
1784781900.0,1.1435105800628662,1.1437721252441406,1.1435105800628662,1.1435105800628662
1784782200.0,1.1436413526535034,1.1436413526535034,1.1435105800628662,1.1435105800628662
1784782500.0,1.1435105800628662,1.1436413526535034,1.143379807472229,1.1436413526535034
1784782800.0,1.1436413526535034,1.1437721252441406,1.1436413526535034,1.1436413526535034
1784783100.0,1.1437721252441406,1.1437721252441406,1.1436413526535034,1.1437721252441406
1784783400.0,1.1437721252441406,1.1437721252441406,1.1436413526535034,1.1436413526535034
1784783700.0,1.1435105800628662,1.1435105800628662,1.143379807472229,1.143379807472229
1784784000.0,1.143379807472229,1.143379807472229,1.1432491540908813,1.1432491540908813
1784784300.0,1.1432491540908813,1.143379807472229,1.1432491540908813,1.143379807472229
1784784600.0,1.143379807472229,1.143379807472229,1.1432491540908813,1.143379807472229
1784784900.0,1.1432491540908813,1.143379807472229,1.1432491540908813,1.143379807472229
1784785200.0,1.143379807472229,1.143379807472229,1.1432491540908813,1.1432491540908813
1784785500.0,1.143379807472229,1.143379807472229,1.143379807472229,1.143379807472229
1784785800.0,1.1432491540908813,1.143379807472229,1.1432491540908813,1.1432491540908813
1784786100.0,1.143379807472229,1.1435105800628662,1.143379807472229,1.143379807472229
1784786400.0,1.143379807472229,1.1436413526535034,1.143379807472229,1.1436413526535034
1784786700.0,1.143379807472229,1.143379807472229,1.1432491540908813,1.1432491540908813
1784787000.0,1.1432491540908813,1.1435105800628662,1.1432491540908813,1.1435105800628662
1784787300.0,1.1435105800628662,1.1435105800628662,1.143379807472229,1.143379807472229
1784787600.0,1.1432491540908813,1.143379807472229,1.1432491540908813,1.1432491540908813
1784787900.0,1.1432491540908813,1.1432491540908813,1.1431183815002441,1.1431183815002441
1784788200.0,1.1431183815002441,1.1431183815002441,1.142987847328186,1.142987847328186
1784788500.0,1.142987847328186,1.142987847328186,1.142987847328186,1.142987847328186
1784788800.0,1.142987847328186,1.142987847328186,1.1427265405654907,1.142987847328186
1784789100.0,1.142987847328186,1.1431183815002441,1.142987847328186,1.1431183815002441
1784789400.0,1.1431183815002441,1.1431183815002441,1.142987847328186,1.142987847328186
1784789700.0,1.1427265405654907,1.1428571939468384,1.1427265405654907,1.1428571939468384
1784790000.0,1.1427265405654907,1.1428571939468384,1.1425960063934326,1.1425960063934326
1784790300.0,1.1425960063934326,1.1427265405654907,1.1425960063934326,1.1425960063934326
1784790600.0,1.1425960063934326,1.1428571939468384,1.1425960063934326,1.1428571939468384
1784790900.0,1.142987847328186,1.142987847328186,1.142987847328186,1.142987847328186
1784791200.0,1.142987847328186,1.142987847328186,1.1427265405654907,1.1427265405654907
1784791500.0,1.1427265405654907,1.142987847328186,1.1427265405654907,1.1428571939468384
1784791800.0,1.1428571939468384,1.142987847328186,1.1428571939468384,1.142987847328186
1784792100.0,1.142987847328186,1.142987847328186,1.1428571939468384,1.1428571939468384
1784792400.0,1.1428571939468384,1.1428571939468384,1.1425960063934326,1.1425960063934326
1784792700.0,1.1425960063934326,1.1425960063934326,1.1424654722213745,1.1425960063934326
1784793000.0,1.1427265405654907,1.1428571939468384,1.1425960063934326,1.1425960063934326
1784793300.0,1.1425960063934326,1.1428571939468384,1.1425960063934326,1.1427265405654907
1784793600.0,1.1428571939468384,1.1428571939468384,1.1425960063934326,1.1425960063934326
1784793900.0,1.1424654722213745,1.1427265405654907,1.1424654722213745,1.1425960063934326
1784794200.0,1.1427265405654907,1.1427265405654907,1.1423349380493164,1.1423349380493164
1784794500.0,1.1422044038772583,1.1422044038772583,1.1420739889144897,1.1420739889144897
1784794800.0,1.1420739889144897,1.1422044038772583,1.1420739889144897,1.1420739889144897
1784795100.0,1.1420739889144897,1.1420739889144897,1.1419435739517212,1.1420739889144897
1784795400.0,1.1419435739517212,1.1419435739517212,1.1415525674819946,1.1415525674819946
1784795700.0,1.1416828632354736,1.1416828632354736,1.141291856765747,1.141422152519226
1784796000.0,1.141291856765747,1.141291856765747,1.1411616802215576,1.1411616802215576
1784796300.0,1.141291856765747,1.141291856765747,1.141291856765747,1.141291856765747
1784796600.0,1.1411616802215576,1.141422152519226,1.1411616802215576,1.141422152519226
1784796900.0,1.141422152519226,1.1415525674819946,1.141422152519226,1.141422152519226
1784797200.0,1.141291856765747,1.1418131589889526,1.141291856765747,1.1418131589889526
1784797500.0,1.1418131589889526,1.1418131589889526,1.1416828632354736,1.1416828632354736
1784797800.0,1.1416828632354736,1.1416828632354736,1.1415525674819946,1.1415525674819946
1784798100.0,1.141422152519226,1.1415525674819946,1.141422152519226,1.141422152519226
1784798400.0,1.141422152519226,1.1415525674819946,1.141422152519226,1.1415525674819946
1784798700.0,1.1415525674819946,1.1415525674819946,1.141291856765747,1.141291856765747
1784799000.0,1.141422152519226,1.141422152519226,1.141422152519226,1.141422152519226
1784799300.0,1.141422152519226,1.1415525674819946,1.141422152519226,1.141422152519226
1784799600.0,1.141422152519226,1.1416828632354736,1.141422152519226,1.1416828632354736
1784799900.0,1.1418131589889526,1.1418131589889526,1.1415525674819946,1.1415525674819946
1784800200.0,1.1415525674819946,1.1416828632354736,1.1415525674819946,1.1416828632354736
1784800500.0,1.1416828632354736,1.1416828632354736,1.1415525674819946,1.1415525674819946
1784800800.0,1.1416828632354736,1.1416828632354736,1.1415525674819946,1.1415525674819946
1784801100.0,1.1415525674819946,1.1415525674819946,1.141291856765747,1.141291856765747
1784801400.0,1.141291856765747,1.141422152519226,1.141291856765747,1.141291856765747
1784801700.0,1.141422152519226,1.141422152519226,1.1411616802215576,1.1411616802215576
1784802000.0,1.1411616802215576,1.1411616802215576,1.1410315036773682,1.1410315036773682
1784802300.0,1.1411616802215576,1.1411616802215576,1.1410315036773682,1.1411616802215576
1784802600.0,1.141291856765747,1.141291856765747,1.1410315036773682,1.1411616802215576
1784802900.0,1.1411616802215576,1.1411616802215576,1.1411616802215576,1.1411616802215576
1784803200.0,1.1411616802215576,1.1411616802215576,1.1410315036773682,1.1410315036773682
1784803500.0,1.1410315036773682,1.1410315036773682,1.1407711505889893,1.1407711505889893
1784803800.0,1.1407711505889893,1.1409013271331787,1.1407711505889893,1.1409013271331787
1784804100.0,1.1411616802215576,1.1411616802215576,1.1407711505889893,1.1407711505889893
1784804400.0,1.1406410932540894,1.1407711505889893,1.1406410932540894,1.1407711505889893
1784804700.0,1.1406410932540894,1.1407711505889893,1.1406410932540894,1.1407711505889893
1784805000.0,1.1407711505889893,1.1409013271331787,1.1407711505889893,1.1409013271331787
1784805300.0,1.1409013271331787,1.1409013271331787,1.1406410932540894,1.1406410932540894
1784805600.0,1.1405109167099,1.1405109167099,1.140380859375,1.140380859375
1784805900.0,1.1402509212493896,1.140380859375,1.1401208639144897,1.1401208639144897
1784806200.0,1.1401208639144897,1.1401208639144897,1.1394712924957275,1.1394712924957275
1784806500.0,1.1393414735794067,1.1393414735794067,1.1390818357467651,1.1390818357467651
1784806800.0,1.1389521360397339,1.1389521360397339,1.1388224363327026,1.1389521360397339
1784807100.0,1.1390818357467651,1.1394712924957275,1.1390818357467651,1.1394712924957275
1784807400.0,1.1394712924957275,1.1397310495376587,1.1394712924957275,1.1397310495376587
1784807700.0,1.1396011114120483,1.1398608684539795,1.1396011114120483,1.1398608684539795
1784808000.0,1.1397310495376587,1.1397310495376587,1.1393414735794067,1.1394712924957275
1784808300.0,1.1394712924957275,1.1396011114120483,1.1394712924957275,1.1396011114120483
1784808600.0,1.1396011114120483,1.1397310495376587,1.1396011114120483,1.1397310495376587
1784808900.0,1.1394712924957275,1.1394712924957275,1.1389521360397339,1.1390818357467651
1784809200.0,1.1389521360397339,1.1389521360397339,1.1385631561279297,1.1385631561279297
1784809500.0,1.1384334564208984,1.1389521360397339,1.1384334564208984,1.1389521360397339
1784809800.0,1.1386927366256714,1.1388224363327026,1.1386927366256714,1.1388224363327026
1784810100.0,1.1386927366256714,1.1386927366256714,1.1384334564208984,1.1384334564208984
1784810400.0,1.1384334564208984,1.1384334564208984,1.1381744146347046,1.1383039951324463
1784810700.0,1.1381744146347046,1.1383039951324463,1.138044834136963,1.1383039951324463
1784811000.0,1.1383039951324463,1.1383039951324463,1.1381744146347046,1.1383039951324463
1784811300.0,1.1385631561279297,1.1388224363327026,1.1385631561279297,1.1388224363327026
1784811600.0,1.1389521360397339,1.1389521360397339,1.1384334564208984,1.1384334564208984
1784811900.0,1.1384334564208984,1.1384334564208984,1.1377859115600586,1.1379153728485107
1784812200.0,1.1377859115600586,1.1377859115600586,1.137268304824829,1.137268304824829
1784812500.0,1.137268304824829,1.1375269889831543,1.137268304824829,1.1375269889831543
1784812800.0,1.1375269889831543,1.1377859115600586,1.1375269889831543,1.1376564502716064
1784813100.0,1.1377859115600586,1.1381744146347046,1.1377859115600586,1.1381744146347046
1784813400.0,1.1381744146347046,1.1384334564208984,1.138044834136963,1.1384334564208984
1784813700.0,1.1385631561279297,1.1388224363327026,1.1384334564208984,1.1384334564208984
1784814000.0,1.1384334564208984,1.1385631561279297,1.1384334564208984,1.1384334564208984
1784814300.0,1.1381744146347046,1.1381744146347046,1.138044834136963,1.138044834136963
1784814600.0,1.1381744146347046,1.1381744146347046,1.138044834136963,1.138044834136963
1784814900.0,1.1381744146347046,1.1381744146347046,1.1377859115600586,1.1377859115600586
1784815200.0,1.1377859115600586,1.1377859115600586,1.1373976469039917,1.1373976469039917
1784815500.0,1.137268304824829,1.1376564502716064,1.1371389627456665,1.1371389627456665
1784815800.0,1.1373976469039917,1.1375269889831543,1.137268304824829,1.1375269889831543
1784816100.0,1.1373976469039917,1.1375269889831543,1.1368803977966309,1.1368803977966309
1784816400.0,1.1367511749267578,1.1371389627456665,1.1367511749267578,1.1370097398757935
1784816700.0,1.137268304824829,1.137268304824829,1.137268304824829,1.137268304824829
1784817000.0,1.1373976469039917,1.1375269889831543,1.137268304824829,1.1373976469039917
1784817300.0,1.137268304824829,1.1376564502716064,1.137268304824829,1.1376564502716064
1784817600.0,1.1376564502716064,1.1376564502716064,1.1371389627456665,1.1371389627456665
1784817900.0,1.1370097398757935,1.137268304824829,1.1370097398757935,1.1371389627456665
1784818200.0,1.1370097398757935,1.1370097398757935,1.1368803977966309,1.1368803977966309
1784818500.0,1.1370097398757935,1.1373976469039917,1.1370097398757935,1.1373976469039917
1784818800.0,1.1373976469039917,1.1377859115600586,1.1373976469039917,1.1377859115600586
1784819100.0,1.1377859115600586,1.1377859115600586,1.1375269889831543,1.1375269889831543
1784819400.0,1.1373976469039917,1.1376564502716064,1.1373976469039917,1.1376564502716064
1784819700.0,1.1376564502716064,1.1377859115600586,1.1376564502716064,1.1376564502716064
1784820000.0,1.1375269889831543,1.1375269889831543,1.137268304824829,1.1373976469039917
1784820300.0,1.1373976469039917,1.1376564502716064,1.1373976469039917,1.1376564502716064
1784820600.0,1.1373976469039917,1.1373976469039917,1.1370097398757935,1.1370097398757935
1784820900.0,1.1371389627456665,1.1376564502716064,1.1370097398757935,1.1376564502716064
1784821200.0,1.1377859115600586,1.1377859115600586,1.1376564502716064,1.1376564502716064
1784821500.0,1.1376564502716064,1.1376564502716064,1.1375269889831543,1.1375269889831543
1784821800.0,1.1376564502716064,1.1377859115600586,1.1373976469039917,1.1377859115600586
1784822100.0,1.1377859115600586,1.1377859115600586,1.1373976469039917,1.1375269889831543
1784822400.0,1.1376564502716064,1.1379153728485107,1.1376564502716064,1.1379153728485107
1784822700.0,1.1376564502716064,1.1377859115600586,1.1376564502716064,1.1377859115600586
1784823000.0,1.1377859115600586,1.138044834136963,1.1377859115600586,1.138044834136963
1784823300.0,1.1379153728485107,1.138044834136963,1.1377859115600586,1.1377859115600586
1784823600.0,1.1377859115600586,1.1377859115600586,1.1377859115600586,1.1377859115600586
1784823900.0,1.1379153728485107,1.138044834136963,1.1379153728485107,1.138044834136963
1784824200.0,1.1381744146347046,1.1383039951324463,1.138044834136963,1.138044834136963
1784824500.0,1.1381744146347046,1.1381744146347046,1.1379153728485107,1.138044834136963
1784824800.0,1.138044834136963,1.1381744146347046,1.1379153728485107,1.1381744146347046
1784825100.0,1.1381744146347046,1.1381744146347046,1.138044834136963,1.138044834136963
1784825400.0,1.1381744146347046,1.1383039951324463,1.1381744146347046,1.1383039951324463
1784825700.0,1.1383039951324463,1.1383039951324463,1.1381744146347046,1.1383039951324463
1784826000.0,1.1383039951324463,1.1384334564208984,1.1381744146347046,1.1384334564208984
1784826300.0,1.1383039951324463,1.1383039951324463,1.138044834136963,1.138044834136963
1784826600.0,1.1381744146347046,1.1381744146347046,1.138044834136963,1.138044834136963
1784826900.0,1.1379153728485107,1.1381744146347046,1.1379153728485107,1.138044834136963
1784827200.0,1.1381744146347046,1.1381744146347046,1.1379153728485107,1.1379153728485107
1784827500.0,1.1379153728485107,1.1379153728485107,1.1379153728485107,1.1379153728485107
1784827800.0,1.1379153728485107,1.1379153728485107,1.1377859115600586,1.1377859115600586
1784828100.0,1.1377859115600586,1.1377859115600586,1.1377859115600586,1.1377859115600586
1784828400.0,1.1379153728485107,1.1379153728485107,1.1376564502716064,1.1376564502716064
1784828700.0,1.1376564502716064,1.1377859115600586,1.1376564502716064,1.1377859115600586
1784829000.0,1.1376564502716064,1.1377859115600586,1.1376564502716064,1.1377859115600586
1784829300.0,1.1376564502716064,1.1376564502716064,1.1375269889831543,1.1375269889831543
1784829600.0,1.1375269889831543,1.1375269889831543,1.1373976469039917,1.1375269889831543
1784829900.0,1.1375269889831543,1.1377859115600586,1.1375269889831543,1.1377859115600586
1784830200.0,1.1376564502716064,1.1377859115600586,1.1376564502716064,1.1377859115600586
1784830500.0,1.1376564502716064,1.1377859115600586,1.1376564502716064,1.1376564502716064
1784830800.0,1.1376564502716064,1.1376564502716064,1.1376564502716064,1.1376564502716064
1784831100.0,1.1376564502716064,1.1377859115600586,1.1376564502716064,1.1377859115600586
1784831400.0,1.1377859115600586,1.1379153728485107,1.1377859115600586,1.1379153728485107
1784831700.0,1.1379153728485107,1.1379153728485107,1.1377859115600586,1.1377859115600586
1784832000.0,1.1377859115600586,1.1377859115600586,1.1376564502716064,1.1377859115600586
1784832300.0,1.1377859115600586,1.1377859115600586,1.1377859115600586,1.1377859115600586
1784832600.0,1.1377859115600586,1.1379153728485107,1.1377859115600586,1.1377859115600586
1784832900.0,1.1377859115600586,1.1379153728485107,1.1377859115600586,1.1377859115600586
1784833200.0,1.1381744146347046,1.1381744146347046,1.1379153728485107,1.1379153728485107
1784833500.0,1.1379153728485107,1.1379153728485107,1.1377859115600586,1.1377859115600586
1784833800.0,1.1379153728485107,1.1379153728485107,1.1377859115600586,1.1377859115600586
1784834100.0,1.1377859115600586,1.1379153728485107,1.1377859115600586,1.1377859115600586
1784834400.0,1.1377859115600586,1.1377859115600586,1.1377859115600586,1.1377859115600586
1784834700.0,1.1377859115600586,1.1379153728485107,1.1377859115600586,1.1379153728485107
1784835000.0,1.1381744146347046,1.1381744146347046,1.138044834136963,1.138044834136963
1784835300.0,1.138044834136963,1.138044834136963,1.138044834136963,1.138044834136963
1784835600.0,1.138044834136963,1.138044834136963,1.1379153728485107,1.1379153728485107
1784835900.0,1.1379153728485107,1.1379153728485107,1.1377859115600586,1.1379153728485107
1784836200.0,1.138044834136963,1.138044834136963,1.138044834136963,1.138044834136963
1784836500.0,1.138044834136963,1.1381744146347046,1.138044834136963,1.138044834136963
1784836800.0,1.1381744146347046,1.1383039951324463,1.1381744146347046,1.1381744146347046
1784837100.0,1.1383039951324463,1.1383039951324463,1.1381744146347046,1.1381744146347046
1784837400.0,1.1381744146347046,1.1381744146347046,1.1381744146347046,1.1381744146347046
1784837700.0,1.1381744146347046,1.1381744146347046,1.138044834136963,1.138044834136963
1784838000.0,1.138044834136963,1.1381744146347046,1.138044834136963,1.1381744146347046
1784838300.0,1.138044834136963,1.1381744146347046,1.138044834136963,1.1381744146347046
1784838600.0,1.1383039951324463,1.1383039951324463,1.138044834136963,1.138044834136963
1784838900.0,1.138044834136963,1.138044834136963,1.138044834136963,1.138044834136963
1784839200.0,1.138044834136963,1.1381744146347046,1.138044834136963,1.1381744146347046
1784839500.0,1.1381744146347046,1.1381744146347046,1.138044834136963,1.138044834136963
1784839800.0,1.138044834136963,1.138044834136963,1.138044834136963,1.138044834136963
1784840100.0,1.138044834136963,1.138044834136963,1.138044834136963,1.138044834136963
1784840400.0,1.1375269889831543,1.138044834136963,1.1375269889831543,1.138044834136963
1784840700.0,1.1379153728485107,1.1384334564208984,1.1379153728485107,1.1384334564208984
1784841000.0,1.1383039951324463,1.1383039951324463,1.1375269889831543,1.1375269889831543
1784841300.0,1.1377859115600586,1.1381744146347046,1.1377859115600586,1.138044834136963
1784841600.0,1.1381744146347046,1.1381744146347046,1.1381744146347046,1.1381744146347046
1784841900.0,1.1381744146347046,1.1381744146347046,1.138044834136963,1.138044834136963
1784842200.0,1.1383039951324463,1.1383039951324463,1.138044834136963,1.1381744146347046
1784842500.0,1.138044834136963,1.138044834136963,1.1379153728485107,1.1379153728485107
1784842800.0,1.1379153728485107,1.138044834136963,1.1379153728485107,1.138044834136963
1784843100.0,1.1381744146347046,1.1383039951324463,1.138044834136963,1.1381744146347046
1784843400.0,1.1381744146347046,1.1381744146347046,1.138044834136963,1.1381744146347046
1784843700.0,1.1379153728485107,1.1383039951324463,1.1379153728485107,1.1381744146347046
1784844000.0,1.1379153728485107,1.1381744146347046,1.1379153728485107,1.138044834136963
1784844300.0,1.1381744146347046,1.1381744146347046,1.1381744146347046,1.1381744146347046
1784844600.0,1.1381744146347046,1.1381744146347046,1.1381744146347046,1.1381744146347046
1784844900.0,1.1381744146347046,1.1381744146347046,1.1381744146347046,1.1381744146347046
1784845200.0,1.1381744146347046,1.1383039951324463,1.1381744146347046,1.1383039951324463
1784845500.0,1.1383039951324463,1.1383039951324463,1.138044834136963,1.138044834136963
1784845800.0,1.138044834136963,1.1381744146347046,1.138044834136963,1.1381744146347046
1784846100.0,1.1381744146347046,1.1381744146347046,1.138044834136963,1.1381744146347046
1784846400.0,1.1381744146347046,1.1381744146347046,1.138044834136963,1.1381744146347046
1784846700.0,1.1381744146347046,1.1381744146347046,1.1381744146347046,1.1381744146347046
1784847000.0,1.1381744146347046,1.1383039951324463,1.1381744146347046,1.1383039951324463
1784847300.0,1.1383039951324463,1.1383039951324463,1.1383039951324463,1.1383039951324463
1784847600.0,1.1383039951324463,1.1383039951324463,1.1383039951324463,1.1383039951324463
1784847900.0,1.1381744146347046,1.1383039951324463,1.1381744146347046,1.1381744146347046
1784848200.0,1.1381744146347046,1.1383039951324463,1.1381744146347046,1.1381744146347046
1784848500.0,1.1381744146347046,1.1381744146347046,1.1381744146347046,1.1381744146347046
1784848800.0,1.1381744146347046,1.1383039951324463,1.1381744146347046,1.1381744146347046
1784849100.0,1.1383039951324463,1.1383039951324463,1.1381744146347046,1.1383039951324463
1784849400.0,1.1381744146347046,1.1383039951324463,1.1381744146347046,1.1383039951324463
1784849700.0,1.1383039951324463,1.1383039951324463,1.1381744146347046,1.1381744146347046
1784850000.0,1.138044834136963,1.138044834136963,1.138044834136963,1.138044834136963
1784850300.0,1.1381744146347046,1.1381744146347046,1.138044834136963,1.138044834136963
1784850600.0,1.138044834136963,1.138044834136963,1.1379153728485107,1.1379153728485107
1784850900.0,1.1379153728485107,1.138044834136963,1.1379153728485107,1.138044834136963
1784851200.0,1.1379153728485107,1.138044834136963,1.1379153728485107,1.138044834136963
1784851500.0,1.138044834136963,1.1383039951324463,1.138044834136963,1.1383039951324463
1784851800.0,1.1383039951324463,1.1383039951324463,1.1383039951324463,1.1383039951324463
1784852100.0,1.1381744146347046,1.1383039951324463,1.1381744146347046,1.1381744146347046
1784852400.0,1.1381744146347046,1.1383039951324463,1.1381744146347046,1.1383039951324463
1784852700.0,1.1383039951324463,1.1383039951324463,1.1381744146347046,1.1383039951324463
1784853000.0,1.1381744146347046,1.1383039951324463,1.1381744146347046,1.1381744146347046
1784853300.0,1.1381744146347046,1.1381744146347046,1.1381744146347046,1.1381744146347046
1784853600.0,1.138044834136963,1.1381744146347046,1.138044834136963,1.138044834136963
1784853900.0,1.138044834136963,1.138044834136963,1.138044834136963,1.138044834136963
1784854200.0,1.138044834136963,1.1381744146347046,1.138044834136963,1.1381744146347046
1784854500.0,1.1383039951324463,1.1386927366256714,1.1383039951324463,1.1386927366256714
1784854800.0,1.1388224363327026,1.1389521360397339,1.1388224363327026,1.1388224363327026
1784855100.0,1.1386927366256714,1.1386927366256714,1.1385631561279297,1.1386927366256714
1784855400.0,1.1386927366256714,1.1386927366256714,1.1386927366256714,1.1386927366256714
1784855700.0,1.1386927366256714,1.1388224363327026,1.1386927366256714,1.1388224363327026
1784856000.0,1.1388224363327026,1.1389521360397339,1.1388224363327026,1.1389521360397339
1784856300.0,1.1388224363327026,1.1388224363327026,1.1385631561279297,1.1385631561279297
1784856600.0,1.1385631561279297,1.1386927366256714,1.1385631561279297,1.1386927366256714
1784856900.0,1.1386927366256714,1.1388224363327026,1.1386927366256714,1.1388224363327026
1784857200.0,1.1388224363327026,1.1389521360397339,1.1388224363327026,1.1389521360397339
1784857500.0,1.1389521360397339,1.1390818357467651,1.1389521360397339,1.1390818357467651
1784857800.0,1.1389521360397339,1.1389521360397339,1.1388224363327026,1.1389521360397339
1784858100.0,1.1389521360397339,1.1389521360397339,1.1386927366256714,1.1386927366256714
1784858400.0,1.1388224363327026,1.1388224363327026,1.1386927366256714,1.1386927366256714
1784858700.0,1.1386927366256714,1.1386927366256714,1.1386927366256714,1.1386927366256714
1784859000.0,1.1386927366256714,1.1386927366256714,1.1386927366256714,1.1386927366256714
1784859300.0,1.1388224363327026,1.1388224363327026,1.1386927366256714,1.1386927366256714
1784859600.0,1.1388224363327026,1.1389521360397339,1.1386927366256714,1.1386927366256714
1784859900.0,1.1386927366256714,1.1388224363327026,1.1386927366256714,1.1386927366256714
1784860200.0,1.1388224363327026,1.1390818357467651,1.1388224363327026,1.1389521360397339
1784860500.0,1.1389521360397339,1.1389521360397339,1.1388224363327026,1.1388224363327026
1784860800.0,1.1388224363327026,1.1388224363327026,1.1388224363327026,1.1388224363327026
1784861100.0,1.1388224363327026,1.1388224363327026,1.1386927366256714,1.1386927366256714
1784861400.0,1.1385631561279297,1.1385631561279297,1.1385631561279297,1.1385631561279297
1784861700.0,1.1385631561279297,1.1385631561279297,1.1385631561279297,1.1385631561279297
1784862000.0,1.1384334564208984,1.1384334564208984,1.1383039951324463,1.1384334564208984
1784862300.0,1.1384334564208984,1.1384334564208984,1.1383039951324463,1.1383039951324463
1784862600.0,1.1383039951324463,1.1383039951324463,1.1381744146347046,1.1381744146347046
1784862900.0,1.1381744146347046,1.1383039951324463,1.1381744146347046,1.1381744146347046
1784863200.0,1.1381744146347046,1.1381744146347046,1.1381744146347046,1.1381744146347046
1784863500.0,1.1381744146347046,1.1383039951324463,1.1381744146347046,1.1381744146347046
1784863800.0,1.1383039951324463,1.1384334564208984,1.1383039951324463,1.1384334564208984
1784864100.0,1.1385631561279297,1.1385631561279297,1.1384334564208984,1.1385631561279297
1784864400.0,1.1384334564208984,1.1385631561279297,1.1384334564208984,1.1385631561279297
1784864700.0,1.1385631561279297,1.1385631561279297,1.1384334564208984,1.1384334564208984
1784865000.0,1.1384334564208984,1.1385631561279297,1.1384334564208984,1.1385631561279297
1784865300.0,1.1384334564208984,1.1385631561279297,1.1384334564208984,1.1385631561279297
1784865600.0,1.1385631561279297,1.1385631561279297,1.1385631561279297,1.1385631561279297
1784865900.0,1.1385631561279297,1.1386927366256714,1.1385631561279297,1.1385631561279297
1784866200.0,1.1386927366256714,1.1386927366256714,1.1385631561279297,1.1386927366256714
1784866500.0,1.1386927366256714,1.1386927366256714,1.1385631561279297,1.1385631561279297
1784866800.0,1.1385631561279297,1.1385631561279297,1.1385631561279297,1.1385631561279297
1784867100.0,1.1384334564208984,1.1385631561279297,1.1384334564208984,1.1384334564208984
1784867400.0,1.1384334564208984,1.1384334564208984,1.1383039951324463,1.1383039951324463
1784867700.0,1.1383039951324463,1.1384334564208984,1.1383039951324463,1.1383039951324463
1784868000.0,1.1383039951324463,1.1383039951324463,1.1381744146347046,1.1381744146347046
1784868300.0,1.1381744146347046,1.1381744146347046,1.138044834136963,1.1381744146347046
1784868600.0,1.138044834136963,1.138044834136963,1.138044834136963,1.138044834136963
1784868900.0,1.1381744146347046,1.1381744146347046,1.138044834136963,1.1381744146347046
1784869200.0,1.1383039951324463,1.1383039951324463,1.1381744146347046,1.1383039951324463
1784869500.0,1.1383039951324463,1.1384334564208984,1.1383039951324463,1.1383039951324463
1784869800.0,1.1384334564208984,1.1384334564208984,1.1383039951324463,1.1383039951324463
1784870100.0,1.1383039951324463,1.1384334564208984,1.1383039951324463,1.1384334564208984
1784870400.0,1.1384334564208984,1.1385631561279297,1.1384334564208984,1.1385631561279297
1784870700.0,1.1385631561279297,1.1385631561279297,1.1385631561279297,1.1385631561279297
1784871000.0,1.1385631561279297,1.1386927366256714,1.1384334564208984,1.1384334564208984
1784871300.0,1.1385631561279297,1.1385631561279297,1.1384334564208984,1.1384334564208984
1784871600.0,1.1384334564208984,1.1385631561279297,1.1384334564208984,1.1384334564208984
1784871900.0,1.1384334564208984,1.1384334564208984,1.1383039951324463,1.1384334564208984
1784872200.0,1.1384334564208984,1.1384334564208984,1.1381744146347046,1.1381744146347046
1784872500.0,1.138044834136963,1.138044834136963,1.138044834136963,1.138044834136963
1784872800.0,1.1381744146347046,1.1383039951324463,1.138044834136963,1.138044834136963
1784873100.0,1.1381744146347046,1.1383039951324463,1.1381744146347046,1.1381744146347046
1784873400.0,1.1383039951324463,1.1383039951324463,1.138044834136963,1.1383039951324463
1784873700.0,1.1383039951324463,1.1386927366256714,1.1383039951324463,1.1386927366256714
1784874000.0,1.1386927366256714,1.1388224363327026,1.1386927366256714,1.1388224363327026
1784874300.0,1.1388224363327026,1.1389521360397339,1.1388224363327026,1.1388224363327026
1784874600.0,1.1388224363327026,1.1388224363327026,1.1386927366256714,1.1388224363327026
1784874900.0,1.1389521360397339,1.1389521360397339,1.1389521360397339,1.1389521360397339
1784875200.0,1.1389521360397339,1.1389521360397339,1.1386927366256714,1.1386927366256714
1784875500.0,1.1388224363327026,1.1388224363327026,1.1388224363327026,1.1388224363327026
1784875800.0,1.1388224363327026,1.1388224363327026,1.1386927366256714,1.1386927366256714
1784876100.0,1.1386927366256714,1.1389521360397339,1.1386927366256714,1.1389521360397339
1784876400.0,1.1390818357467651,1.139211654663086,1.1389521360397339,1.139211654663086
1784876700.0,1.139211654663086,1.1396011114120483,1.139211654663086,1.1396011114120483
1784877000.0,1.1397310495376587,1.1398608684539795,1.1397310495376587,1.1398608684539795
1784877300.0,1.1397310495376587,1.1397310495376587,1.1393414735794067,1.1396011114120483
1784877600.0,1.1396011114120483,1.1398608684539795,1.1396011114120483,1.1398608684539795
1784877900.0,1.1399909257888794,1.1401208639144897,1.1399909257888794,1.1401208639144897
1784878200.0,1.1402509212493896,1.140380859375,1.1399909257888794,1.1399909257888794
1784878500.0,1.1399909257888794,1.1399909257888794,1.1394712924957275,1.1394712924957275
1784878800.0,1.1394712924957275,1.1396011114120483,1.1393414735794067,1.1396011114120483
1784879100.0,1.1394712924957275,1.1394712924957275,1.1393414735794067,1.1394712924957275
1784879400.0,1.1394712924957275,1.1394712924957275,1.1393414735794067,1.1394712924957275
1784879700.0,1.1394712924957275,1.1396011114120483,1.1393414735794067,1.1393414735794067
1784880000.0,1.1393414735794067,1.1393414735794067,1.1390818357467651,1.1390818357467651
1784880300.0,1.1389521360397339,1.1390818357467651,1.1389521360397339,1.1390818357467651
1784880600.0,1.139211654663086,1.139211654663086,1.1390818357467651,1.1390818357467651
1784880900.0,1.1390818357467651,1.1390818357467651,1.1388224363327026,1.1388224363327026
1784881200.0,1.1388224363327026,1.1389521360397339,1.1386927366256714,1.1389521360397339
1784881500.0,1.1386927366256714,1.1390818357467651,1.1386927366256714,1.1390818357467651
1784881800.0,1.1389521360397339,1.1390818357467651,1.1389521360397339,1.1389521360397339
1784882100.0,1.1388224363327026,1.1390818357467651,1.1388224363327026,1.1390818357467651
1784882400.0,1.1389521360397339,1.1389521360397339,1.1389521360397339,1.1389521360397339
1784882700.0,1.1388224363327026,1.1388224363327026,1.1385631561279297,1.1385631561279297
1784883000.0,1.1384334564208984,1.1386927366256714,1.1384334564208984,1.1386927366256714
1784883300.0,1.1385631561279297,1.1386927366256714,1.1385631561279297,1.1386927366256714
1784883600.0,1.1385631561279297,1.1388224363327026,1.1385631561279297,1.1386927366256714
1784883900.0,1.1386927366256714,1.1389521360397339,1.1386927366256714,1.1389521360397339
1784884200.0,1.1389521360397339,1.1389521360397339,1.1388224363327026,1.1388224363327026
1784884500.0,1.1388224363327026,1.1389521360397339,1.1388224363327026,1.1389521360397339
1784884800.0,1.1388224363327026,1.1388224363327026,1.1386927366256714,1.1386927366256714
1784885100.0,1.1388224363327026,1.1390818357467651,1.1388224363327026,1.1390818357467651
1784885400.0,1.1389521360397339,1.1390818357467651,1.1389521360397339,1.1389521360397339
1784885700.0,1.1389521360397339,1.1389521360397339,1.1388224363327026,1.1388224363327026
1784886000.0,1.1386927366256714,1.1389521360397339,1.1386927366256714,1.1389521360397339
1784886300.0,1.1388224363327026,1.1390818357467651,1.1388224363327026,1.1389521360397339
1784886600.0,1.1389521360397339,1.1389521360397339,1.1389521360397339,1.1389521360397339
1784886900.0,1.1390818357467651,1.1390818357467651,1.1389521360397339,1.1390818357467651
1784887200.0,1.139211654663086,1.1393414735794067,1.1390818357467651,1.1393414735794067
1784887500.0,1.139211654663086,1.139211654663086,1.1390818357467651,1.139211654663086
1784887800.0,1.1393414735794067,1.1393414735794067,1.139211654663086,1.139211654663086
1784888100.0,1.1390818357467651,1.1393414735794067,1.1390818357467651,1.139211654663086
1784888400.0,1.139211654663086,1.1394712924957275,1.139211654663086,1.1394712924957275
1784888700.0,1.1394712924957275,1.1396011114120483,1.1394712924957275,1.1394712924957275
1784889000.0,1.1393414735794067,1.1394712924957275,1.1393414735794067,1.1394712924957275
1784889300.0,1.1393414735794067,1.1394712924957275,1.1393414735794067,1.1393414735794067
1784889600.0,1.139211654663086,1.139211654663086,1.1390818357467651,1.1390818357467651
1784889900.0,1.1389521360397339,1.1390818357467651,1.1389521360397339,1.1389521360397339
1784890200.0,1.1389521360397339,1.1389521360397339,1.1386927366256714,1.1386927366256714
1784890500.0,1.1385631561279297,1.1386927366256714,1.1385631561279297,1.1386927366256714
1784890800.0,1.1385631561279297,1.1388224363327026,1.1385631561279297,1.1388224363327026
1784891100.0,1.1388224363327026,1.1388224363327026,1.1386927366256714,1.1388224363327026
1784891400.0,1.1388224363327026,1.1389521360397339,1.1388224363327026,1.1389521360397339
1784891700.0,1.1390818357467651,1.1390818357467651,1.1389521360397339,1.1389521360397339
1784892000.0,1.1389521360397339,1.1389521360397339,1.1388224363327026,1.1388224363327026
1784892300.0,1.1388224363327026,1.1388224363327026,1.1386927366256714,1.1386927366256714
1784892600.0,1.1385631561279297,1.1385631561279297,1.1385631561279297,1.1385631561279297
1784892900.0,1.1385631561279297,1.1385631561279297,1.1383039951324463,1.1383039951324463
1784893200.0,1.1381744146347046,1.1383039951324463,1.1381744146347046,1.1383039951324463
1784893500.0,1.1384334564208984,1.1384334564208984,1.1383039951324463,1.1383039951324463
1784893800.0,1.1383039951324463,1.1383039951324463,1.1379153728485107,1.1379153728485107
1784894100.0,1.1377859115600586,1.1377859115600586,1.1375269889831543,1.1377859115600586
1784894400.0,1.1379153728485107,1.1379153728485107,1.1375269889831543,1.1375269889831543
1784894700.0,1.1376564502716064,1.138044834136963,1.1376564502716064,1.138044834136963
1784895000.0,1.138044834136963,1.1381744146347046,1.138044834136963,1.138044834136963
1784895300.0,1.138044834136963,1.138044834136963,1.138044834136963,1.138044834136963
1784895600.0,1.1379153728485107,1.1379153728485107,1.1379153728485107,1.1379153728485107
1784895900.0,1.1376564502716064,1.1377859115600586,1.1376564502716064,1.1377859115600586
1784896200.0,1.1377859115600586,1.1379153728485107,1.1373976469039917,1.1373976469039917
1784896500.0,1.1373976469039917,1.1376564502716064,1.1373976469039917,1.1375269889831543
1784896800.0,1.1375269889831543,1.1375269889831543,1.1371389627456665,1.1371389627456665
1784897100.0,1.137268304824829,1.1375269889831543,1.1371389627456665,1.137268304824829
1784897400.0,1.137268304824829,1.137268304824829,1.1371389627456665,1.137268304824829
1784897700.0,1.137268304824829,1.137268304824829,1.1371389627456665,1.137268304824829
1784898000.0,1.1373976469039917,1.1373976469039917,1.1371389627456665,1.137268304824829
1784898300.0,1.1371389627456665,1.1371389627456665,1.1370097398757935,1.1371389627456665
1784898600.0,1.1368803977966309,1.1375269889831543,1.1368803977966309,1.1373976469039917
1784898900.0,1.137268304824829,1.1376564502716064,1.137268304824829,1.1376564502716064
1784899200.0,1.1375269889831543,1.1376564502716064,1.1375269889831543,1.1375269889831543
1784899500.0,1.1373976469039917,1.1373976469039917,1.1373976469039917,1.1373976469039917
1784899800.0,1.1373976469039917,1.1373976469039917,1.1371389627456665,1.1371389627456665
1784900100.0,1.1371389627456665,1.1375269889831543,1.1371389627456665,1.1375269889831543
1784900400.0,1.1375269889831543,1.1376564502716064,1.1375269889831543,1.1375269889831543
1784900700.0,1.1375269889831543,1.1375269889831543,1.137268304824829,1.1373976469039917
1784901000.0,1.137268304824829,1.1375269889831543,1.137268304824829,1.1375269889831543
1784901300.0,1.1376564502716064,1.1379153728485107,1.1376564502716064,1.1379153728485107
1784901600.0,1.138044834136963,1.1383039951324463,1.1379153728485107,1.1379153728485107
1784901900.0,1.1377859115600586,1.1377859115600586,1.1375269889831543,1.1375269889831543
1784902200.0,1.1376564502716064,1.1376564502716064,1.1373976469039917,1.1375269889831543
1784902500.0,1.1376564502716064,1.1377859115600586,1.1375269889831543,1.1375269889831543
1784902800.0,1.1376564502716064,1.1379153728485107,1.1376564502716064,1.1379153728485107
1784903100.0,1.1379153728485107,1.138044834136963,1.1379153728485107,1.1379153728485107
1784903400.0,1.1379153728485107,1.1381744146347046,1.1379153728485107,1.1381744146347046
1784903700.0,1.1381744146347046,1.1381744146347046,1.1381744146347046,1.1381744146347046
1784904000.0,1.138044834136963,1.138044834136963,1.1379153728485107,1.1379153728485107
1784904300.0,1.1379153728485107,1.1381744146347046,1.1379153728485107,1.1381744146347046
1784904600.0,1.1381744146347046,1.1381744146347046,1.1379153728485107,1.1379153728485107
1784904900.0,1.138044834136963,1.1383039951324463,1.138044834136963,1.1383039951324463
1784905200.0,1.138044834136963,1.1383039951324463,1.138044834136963,1.1381744146347046
1784905500.0,1.1383039951324463,1.1385631561279297,1.1381744146347046,1.1385631561279297
1784905800.0,1.1386927366256714,1.139211654663086,1.1386927366256714,1.1389521360397339
1784906100.0,1.139211654663086,1.1393414735794067,1.1389521360397339,1.1389521360397339
1784906400.0,1.1389521360397339,1.1389521360397339,1.1388224363327026,1.1389521360397339
1784906700.0,1.1389521360397339,1.1389521360397339,1.1388224363327026,1.1388224363327026
1784907000.0,1.1386927366256714,1.1389521360397339,1.1386927366256714,1.1389521360397339
1784907300.0,1.1388224363327026,1.139211654663086,1.1388224363327026,1.139211654663086
1784907600.0,1.139211654663086,1.139211654663086,1.1388224363327026,1.1388224363327026
1784907900.0,1.1389521360397339,1.1389521360397339,1.1388224363327026,1.1388224363327026
1784908200.0,1.1389521360397339,1.1389521360397339,1.1388224363327026,1.1388224363327026
1784908500.0,1.1388224363327026,1.1388224363327026,1.1386927366256714,1.1386927366256714
1784908800.0,1.1386927366256714,1.1386927366256714,1.1385631561279297,1.1385631561279297
1784909100.0,1.1385631561279297,1.1388224363327026,1.1385631561279297,1.1388224363327026
1784909400.0,1.1386927366256714,1.1389521360397339,1.1386927366256714,1.1389521360397339
1784909700.0,1.1388224363327026,1.1389521360397339,1.1388224363327026,1.1388224363327026
1784910000.0,1.1388224363327026,1.1388224363327026,1.1386927366256714,1.1386927366256714
1784910300.0,1.1385631561279297,1.1386927366256714,1.1385631561279297,1.1386927366256714
1784910600.0,1.1385631561279297,1.1386927366256714,1.1385631561279297,1.1386927366256714
1784910900.0,1.1386927366256714,1.1386927366256714,1.1384334564208984,1.1384334564208984
1784911200.0,1.1383039951324463,1.1384334564208984,1.1383039951324463,1.1384334564208984
1784911500.0,1.1383039951324463,1.1383039951324463,1.1381744146347046,1.1381744146347046
1784911800.0,1.1381744146347046,1.1383039951324463,1.1381744146347046,1.1383039951324463
1784912100.0,1.1383039951324463,1.1383039951324463,1.1381744146347046,1.1381744146347046
1784912400.0,1.138044834136963,1.138044834136963,1.138044834136963,1.138044834136963
1784912700.0,1.1379153728485107,1.1379153728485107,1.1373976469039917,1.1376564502716064
1784913000.0,1.1375269889831543,1.1375269889831543,1.1373976469039917,1.1375269889831543
1784913300.0,1.1375269889831543,1.1375269889831543,1.1373976469039917,1.1373976469039917
1784913600.0,1.137268304824829,1.1373976469039917,1.1371389627456665,1.1373976469039917
1784913900.0,1.137268304824829,1.1375269889831543,1.137268304824829,1.1375269889831543
1784914200.0,1.1375269889831543,1.1375269889831543,1.1375269889831543,1.1375269889831543
1784914500.0,1.1373976469039917,1.1373976469039917,1.137268304824829,1.137268304824829
1784914800.0,1.137268304824829,1.137268304824829,1.1371389627456665,1.137268304824829
1784915100.0,1.137268304824829,1.137268304824829,1.1371389627456665,1.137268304824829
1784915400.0,1.1371389627456665,1.1371389627456665,1.1371389627456665,1.1371389627456665
1784915700.0,1.137268304824829,1.137268304824829,1.137268304824829,1.137268304824829
1784916000.0,1.137268304824829,1.137268304824829,1.1371389627456665,1.1371389627456665
1784916300.0,1.1371389627456665,1.137268304824829,1.1371389627456665,1.137268304824829
1784916600.0,1.1373976469039917,1.1373976469039917,1.137268304824829,1.137268304824829
1784916900.0,1.1373976469039917,1.1373976469039917,1.1373976469039917,1.1373976469039917
1784917200.0,1.137268304824829,1.137268304824829,1.1371389627456665,1.1371389627456665
1784917500.0,1.137268304824829,1.137268304824829,1.137268304824829,1.137268304824829
1784917800.0,1.137268304824829,1.137268304824829,1.1371389627456665,1.1371389627456665
1784918100.0,1.1370097398757935,1.137268304824829,1.1370097398757935,1.137268304824829
1784918400.0,1.1371389627456665,1.137268304824829,1.1371389627456665,1.137268304824829
1784918700.0,1.1371389627456665,1.1373976469039917,1.1371389627456665,1.137268304824829
1784919000.0,1.137268304824829,1.137268304824829,1.137268304824829,1.137268304824829
1784919300.0,1.137268304824829,1.137268304824829,1.137268304824829,1.137268304824829
1784919600.0,1.1373976469039917,1.1373976469039917,1.137268304824829,1.137268304824829
1784919900.0,1.1373976469039917,1.1373976469039917,1.1373976469039917,1.1373976469039917
1784920200.0,1.1373976469039917,1.1373976469039917,1.1373976469039917,1.1373976469039917
1784920500.0,1.1373976469039917,1.1373976469039917,1.137268304824829,1.1373976469039917
1784920800.0,1.1373976469039917,1.1373976469039917,1.137268304824829,1.137268304824829
1784921100.0,1.1371389627456665,1.1371389627456665,1.1371389627456665,1.1371389627456665
1784921400.0,1.1371389627456665,1.137268304824829,1.1371389627456665,1.137268304824829
1784921700.0,1.137268304824829,1.1375269889831543,1.137268304824829,1.1375269889831543
1784922000.0,1.1373976469039917,1.1375269889831543,1.1373976469039917,1.1375269889831543
1784922300.0,1.1373976469039917,1.1375269889831543,1.1373976469039917,1.1373976469039917
1784922600.0,1.1373976469039917,1.1373976469039917,1.1373976469039917,1.1373976469039917
1784922900.0,1.1373976469039917,1.1373976469039917,1.137268304824829,1.1373976469039917
1784923200.0,1.1373976469039917,1.1373976469039917,1.1373976469039917,1.1373976469039917
1784923500.0,1.1373976469039917,1.1373976469039917,1.137268304824829,1.137268304824829
1784923800.0,1.1373976469039917,1.1373976469039917,1.137268304824829,1.137268304824829
1784924100.0,1.137268304824829,1.137268304824829,1.137268304824829,1.137268304824829
1784924400.0,1.1371389627456665,1.137268304824829,1.1371389627456665,1.137268304824829
1784924700.0,1.137268304824829,1.137268304824829,1.1371389627456665,1.1371389627456665
1784925000.0,1.1371389627456665,1.137268304824829,1.1371389627456665,1.1371389627456665
1784925300.0,1.1371389627456665,1.1371389627456665,1.1371389627456665,1.1371389627456665
1784925600.0,1.1370097398757935,1.137268304824829,1.1370097398757935,1.137268304824829
1784925900.0,1.137268304824829,1.1373976469039917,1.1371389627456665,1.1373976469039917
1784926200.0,1.1373976469039917,1.1373976469039917,1.1373976469039917,1.1373976469039917
1784926500.0,1.137268304824829,1.1376564502716064,1.137268304824829,1.1373976469039917
1784926800.0,1.1375269889831543,1.1375269889831543,1.1375269889831543,1.1375269889831543
1784927100.0,1.1375269889831543,1.1375269889831543,1.1375269889831543,1.1375269889831543
1784927400.0,1.1375269889831543,1.1375269889831543,1.1375269889831543,1.1375269889831543
1784927700.0,1.1375269889831543,1.1375269889831543,1.1375269889831543,1.1375269889831543
1784928000.0,1.1375269889831543,1.1375269889831543,1.1375269889831543,1.1375269889831543
1784928300.0,1.1375269889831543,1.1375269889831543,1.1375269889831543,1.1375269889831543
1785106800.0,1.1393414735794067,1.1393414735794067,1.1393414735794067,1.1393414735794067
1785107100.0,1.1393414735794067,1.1394712924957275,1.1393414735794067,1.1393414735794067
1785107400.0,1.1393414735794067,1.1393414735794067,1.139211654663086,1.139211654663086
1785107700.0,1.139211654663086,1.1393414735794067,1.139211654663086,1.139211654663086
1785108000.0,1.139211654663086,1.1393414735794067,1.139211654663086,1.139211654663086
1785108300.0,1.139211654663086,1.139211654663086,1.139211654663086,1.139211654663086
1785108600.0,1.139211654663086,1.1393414735794067,1.139211654663086,1.1393414735794067
1785108900.0,1.1394712924957275,1.1394712924957275,1.1394712924957275,1.1394712924957275
1785109200.0,1.1394712924957275,1.1396011114120483,1.1394712924957275,1.1396011114120483
1785109500.0,1.1396011114120483,1.1396011114120483,1.1396011114120483,1.1396011114120483
1785109800.0,1.1396011114120483,1.1396011114120483,1.1394712924957275,1.1394712924957275
1785110100.0,1.1396011114120483,1.1398608684539795,1.1396011114120483,1.1398608684539795
1785110400.0,1.1399909257888794,1.1401208639144897,1.1399909257888794,1.1401208639144897
1785110700.0,1.1399909257888794,1.1402509212493896,1.1399909257888794,1.1402509212493896
1785111000.0,1.1402509212493896,1.1405109167099,1.1401208639144897,1.1405109167099
1785111300.0,1.1405109167099,1.1407711505889893,1.1405109167099,1.1407711505889893
1785111600.0,1.1406410932540894,1.1410315036773682,1.1406410932540894,1.1410315036773682
1785111900.0,1.1410315036773682,1.141291856765747,1.1410315036773682,1.1411616802215576
1785112200.0,1.141422152519226,1.1415525674819946,1.141422152519226,1.1415525674819946
1785112500.0,1.141422152519226,1.141422152519226,1.1407711505889893,1.1407711505889893
1785112800.0,1.1409013271331787,1.1409013271331787,1.1407711505889893,1.1407711505889893
1785113100.0,1.1407711505889893,1.1409013271331787,1.1407711505889893,1.1407711505889893
1785113400.0,1.1406410932540894,1.1406410932540894,1.140380859375,1.140380859375
1785113700.0,1.1405109167099,1.1405109167099,1.1405109167099,1.1405109167099
1785114000.0,1.1406410932540894,1.1409013271331787,1.1406410932540894,1.1407711505889893
1785114300.0,1.1407711505889893,1.1410315036773682,1.1407711505889893,1.1407711505889893
1785114600.0,1.1410315036773682,1.1410315036773682,1.1409013271331787,1.1409013271331787
1785114900.0,1.1409013271331787,1.1410315036773682,1.1409013271331787,1.1410315036773682
1785115200.0,1.1409013271331787,1.1410315036773682,1.1409013271331787,1.1409013271331787
1785115500.0,1.1409013271331787,1.1409013271331787,1.1409013271331787,1.1409013271331787
1785115800.0,1.1410315036773682,1.1411616802215576,1.1410315036773682,1.1410315036773682
1785116100.0,1.1407711505889893,1.1407711505889893,1.1406410932540894,1.1407711505889893
1785116400.0,1.1409013271331787,1.1410315036773682,1.1409013271331787,1.1410315036773682
1785116700.0,1.1411616802215576,1.141291856765747,1.1411616802215576,1.141291856765747
1785117000.0,1.141291856765747,1.141291856765747,1.1411616802215576,1.1411616802215576
1785117300.0,1.1411616802215576,1.1416828632354736,1.1411616802215576,1.1416828632354736
1785117600.0,1.1416828632354736,1.1416828632354736,1.1415525674819946,1.1415525674819946
1785117900.0,1.1415525674819946,1.1415525674819946,1.141422152519226,1.141422152519226
1785118200.0,1.141422152519226,1.1415525674819946,1.141291856765747,1.141291856765747
1785118500.0,1.141422152519226,1.141422152519226,1.1411616802215576,1.1411616802215576
1785118800.0,1.1411616802215576,1.141291856765747,1.1411616802215576,1.141291856765747
1785119100.0,1.141291856765747,1.141422152519226,1.141291856765747,1.141422152519226
1785119400.0,1.1411616802215576,1.141291856765747,1.1411616802215576,1.141291856765747
1785119700.0,1.141291856765747,1.141422152519226,1.1411616802215576,1.1411616802215576
1785120000.0,1.1411616802215576,1.1411616802215576,1.1411616802215576,1.1411616802215576
1785120300.0,1.1411616802215576,1.1411616802215576,1.1410315036773682,1.1410315036773682
1785120600.0,1.1410315036773682,1.1411616802215576,1.1410315036773682,1.1411616802215576
1785120900.0,1.1410315036773682,1.1410315036773682,1.1409013271331787,1.1409013271331787
1785121200.0,1.1410315036773682,1.1410315036773682,1.1409013271331787,1.1409013271331787
1785121500.0,1.1409013271331787,1.1409013271331787,1.1409013271331787,1.1409013271331787
1785121800.0,1.1407711505889893,1.1407711505889893,1.1406410932540894,1.1406410932540894
1785122100.0,1.1406410932540894,1.1407711505889893,1.1406410932540894,1.1407711505889893
1785122400.0,1.1407711505889893,1.1407711505889893,1.1406410932540894,1.1407711505889893
1785122700.0,1.1407711505889893,1.1407711505889893,1.1407711505889893,1.1407711505889893
1785123000.0,1.1406410932540894,1.1406410932540894,1.1405109167099,1.1405109167099
1785123300.0,1.1405109167099,1.1406410932540894,1.1405109167099,1.1406410932540894
1785123600.0,1.1405109167099,1.1406410932540894,1.1405109167099,1.1406410932540894
1785123900.0,1.1406410932540894,1.1407711505889893,1.1406410932540894,1.1406410932540894
1785124200.0,1.1407711505889893,1.1407711505889893,1.1407711505889893,1.1407711505889893
1785124500.0,1.1407711505889893,1.1407711505889893,1.1406410932540894,1.1406410932540894
1785124800.0,1.1406410932540894,1.1407711505889893,1.1406410932540894,1.1407711505889893
1785125100.0,1.1407711505889893,1.1407711505889893,1.1407711505889893,1.1407711505889893
1785125400.0,1.1406410932540894,1.1407711505889893,1.1406410932540894,1.1406410932540894
1785125700.0,1.1407711505889893,1.1409013271331787,1.1407711505889893,1.1409013271331787
1785126000.0,1.1407711505889893,1.1407711505889893,1.1406410932540894,1.1406410932540894
1785126300.0,1.1406410932540894,1.1406410932540894,1.1406410932540894,1.1406410932540894
1785126600.0,1.1406410932540894,1.1406410932540894,1.1406410932540894,1.1406410932540894
1785126900.0,1.1406410932540894,1.1406410932540894,1.1406410932540894,1.1406410932540894
1785127200.0,1.1406410932540894,1.1407711505889893,1.1406410932540894,1.1406410932540894
1785127500.0,1.1406410932540894,1.1406410932540894,1.1406410932540894,1.1406410932540894
1785127800.0,1.1406410932540894,1.1406410932540894,1.1405109167099,1.1405109167099
1785128100.0,1.1406410932540894,1.1407711505889893,1.1406410932540894,1.1407711505889893
1785128400.0,1.1405109167099,1.1407711505889893,1.1405109167099,1.1407711505889893
1785128700.0,1.1406410932540894,1.1407711505889893,1.1406410932540894,1.1407711505889893
1785129000.0,1.1407711505889893,1.1409013271331787,1.1407711505889893,1.1409013271331787
1785129300.0,1.1410315036773682,1.1410315036773682,1.1410315036773682,1.1410315036773682
1785129600.0,1.1410315036773682,1.1410315036773682,1.1409013271331787,1.1409013271331787
1785129900.0,1.1409013271331787,1.1409013271331787,1.1407711505889893,1.1409013271331787
1785130200.0,1.1409013271331787,1.1409013271331787,1.1407711505889893,1.1407711505889893
1785130500.0,1.1407711505889893,1.1409013271331787,1.1407711505889893,1.1407711505889893
1785130800.0,1.1407711505889893,1.1407711505889893,1.1407711505889893,1.1407711505889893
1785131100.0,1.1407711505889893,1.1409013271331787,1.1406410932540894,1.1409013271331787
1785131400.0,1.1409013271331787,1.1410315036773682,1.1409013271331787,1.1410315036773682
1785131700.0,1.1410315036773682,1.1410315036773682,1.1409013271331787,1.1409013271331787
1785132000.0,1.1410315036773682,1.141422152519226,1.1410315036773682,1.141422152519226
1785132300.0,1.141291856765747,1.141291856765747,1.141291856765747,1.141291856765747
1785132600.0,1.141422152519226,1.1416828632354736,1.141422152519226,1.141422152519226
1785132900.0,1.1415525674819946,1.1415525674819946,1.141291856765747,1.141291856765747
1785133200.0,1.1411616802215576,1.141291856765747,1.1411616802215576,1.141291856765747
1785133500.0,1.141422152519226,1.1416828632354736,1.141422152519226,1.1415525674819946
1785133800.0,1.1415525674819946,1.1415525674819946,1.141291856765747,1.141422152519226
1785134100.0,1.141422152519226,1.1418131589889526,1.141422152519226,1.1418131589889526
1785134400.0,1.1419435739517212,1.1420739889144897,1.1418131589889526,1.1418131589889526
1785134700.0,1.1418131589889526,1.1418131589889526,1.1415525674819946,1.1415525674819946
1785135000.0,1.141422152519226,1.141422152519226,1.141291856765747,1.141291856765747
1785135300.0,1.1411616802215576,1.141291856765747,1.1411616802215576,1.141291856765747
1785135600.0,1.1411616802215576,1.141291856765747,1.1407711505889893,1.1407711505889893
1785135900.0,1.1410315036773682,1.1410315036773682,1.1409013271331787,1.1410315036773682
1785136200.0,1.1409013271331787,1.1411616802215576,1.1409013271331787,1.1411616802215576
1785136500.0,1.1411616802215576,1.1411616802215576,1.1409013271331787,1.1410315036773682
1785136800.0,1.1410315036773682,1.1411616802215576,1.1409013271331787,1.1409013271331787
1785137100.0,1.1411616802215576,1.1411616802215576,1.1410315036773682,1.1411616802215576
1785137400.0,1.1409013271331787,1.1410315036773682,1.1407711505889893,1.1410315036773682
1785137700.0,1.1410315036773682,1.1410315036773682,1.1406410932540894,1.1406410932540894
1785138000.0,1.1405109167099,1.1407711505889893,1.1405109167099,1.1406410932540894
1785138300.0,1.1406410932540894,1.1406410932540894,1.140380859375,1.140380859375
1785138600.0,1.140380859375,1.1405109167099,1.140380859375,1.1405109167099
1785138900.0,1.1405109167099,1.1405109167099,1.1402509212493896,1.1402509212493896
1785139200.0,1.1401208639144897,1.1401208639144897,1.1399909257888794,1.1399909257888794
1785139500.0,1.1401208639144897,1.1402509212493896,1.1399909257888794,1.1399909257888794
1785139800.0,1.1399909257888794,1.1401208639144897,1.1399909257888794,1.1399909257888794
1785140100.0,1.1398608684539795,1.1399909257888794,1.1398608684539795,1.1399909257888794
1785140400.0,1.1399909257888794,1.1399909257888794,1.1398608684539795,1.1399909257888794
1785140700.0,1.1399909257888794,1.1399909257888794,1.1398608684539795,1.1399909257888794
1785141000.0,1.1398608684539795,1.1399909257888794,1.1398608684539795,1.1399909257888794
1785141300.0,1.1399909257888794,1.1402509212493896,1.1399909257888794,1.1402509212493896
1785141600.0,1.1402509212493896,1.140380859375,1.1402509212493896,1.1402509212493896
1785141900.0,1.1402509212493896,1.1402509212493896,1.1401208639144897,1.1401208639144897
1785142200.0,1.1401208639144897,1.1402509212493896,1.1399909257888794,1.1402509212493896
1785142500.0,1.1405109167099,1.1406410932540894,1.1405109167099,1.1406410932540894
1785142800.0,1.1405109167099,1.1406410932540894,1.1405109167099,1.1406410932540894
1785143100.0,1.1405109167099,1.1406410932540894,1.1405109167099,1.1406410932540894
1785143400.0,1.140380859375,1.140380859375,1.1401208639144897,1.1401208639144897
1785143700.0,1.1401208639144897,1.1401208639144897,1.1401208639144897,1.1401208639144897
1785144000.0,1.1402509212493896,1.1402509212493896,1.1401208639144897,1.1401208639144897
1785144300.0,1.1402509212493896,1.1402509212493896,1.1399909257888794,1.1399909257888794
1785144600.0,1.1398608684539795,1.1401208639144897,1.1398608684539795,1.1399909257888794
1785144900.0,1.1399909257888794,1.1401208639144897,1.1399909257888794,1.1401208639144897
1785145200.0,1.1402509212493896,1.1402509212493896,1.1399909257888794,1.1399909257888794
1785145500.0,1.1399909257888794,1.1401208639144897,1.1399909257888794,1.1401208639144897
1785145800.0,1.1399909257888794,1.1401208639144897,1.1399909257888794,1.1401208639144897
1785146100.0,1.1399909257888794,1.1401208639144897,1.1399909257888794,1.1399909257888794
1785146400.0,1.1398608684539795,1.140380859375,1.1398608684539795,1.140380859375
1785146700.0,1.1402509212493896,1.140380859375,1.1401208639144897,1.1401208639144897
1785147000.0,1.1399909257888794,1.1399909257888794,1.1397310495376587,1.1398608684539795
1785147300.0,1.1399909257888794,1.1401208639144897,1.1399909257888794,1.1401208639144897
1785147600.0,1.1401208639144897,1.1402509212493896,1.1399909257888794,1.1402509212493896
1785147900.0,1.1401208639144897,1.1402509212493896,1.1399909257888794,1.1401208639144897
1785148200.0,1.1401208639144897,1.1402509212493896,1.1401208639144897,1.1402509212493896
1785148500.0,1.1401208639144897,1.1401208639144897,1.1399909257888794,1.1399909257888794
1785148800.0,1.1399909257888794,1.1405109167099,1.1399909257888794,1.140380859375
1785149100.0,1.140380859375,1.140380859375,1.1401208639144897,1.1402509212493896
1785149400.0,1.1402509212493896,1.1402509212493896,1.1401208639144897,1.1401208639144897
1785149700.0,1.1402509212493896,1.1402509212493896,1.1397310495376587,1.1397310495376587
1785150000.0,1.1398608684539795,1.1398608684539795,1.1397310495376587,1.1397310495376587
1785150300.0,1.1397310495376587,1.1397310495376587,1.1396011114120483,1.1396011114120483
1785150600.0,1.1396011114120483,1.1396011114120483,1.1394712924957275,1.1396011114120483
1785150900.0,1.1394712924957275,1.1397310495376587,1.1394712924957275,1.1397310495376587
1785151200.0,1.1396011114120483,1.1396011114120483,1.1394712924957275,1.1394712924957275
1785151500.0,1.1394712924957275,1.1396011114120483,1.1394712924957275,1.1396011114120483
1785151800.0,1.1396011114120483,1.1397310495376587,1.1396011114120483,1.1396011114120483
1785152100.0,1.1396011114120483,1.1398608684539795,1.1396011114120483,1.1397310495376587
1785152400.0,1.1396011114120483,1.1397310495376587,1.1396011114120483,1.1396011114120483
1785152700.0,1.1394712924957275,1.1394712924957275,1.1393414735794067,1.1393414735794067
1785153000.0,1.1393414735794067,1.1393414735794067,1.1390818357467651,1.139211654663086
1785153300.0,1.1390818357467651,1.1390818357467651,1.1388224363327026,1.1389521360397339
1785153600.0,1.1390818357467651,1.1393414735794067,1.1390818357467651,1.1393414735794067
1785153900.0,1.139211654663086,1.1393414735794067,1.139211654663086,1.1393414735794067
1785154200.0,1.139211654663086,1.139211654663086,1.1388224363327026,1.1388224363327026
1785154500.0,1.1388224363327026,1.1389521360397339,1.1386927366256714,1.1389521360397339
1785154800.0,1.1388224363327026,1.1388224363327026,1.1388224363327026,1.1388224363327026
1785155100.0,1.1388224363327026,1.1388224363327026,1.1386927366256714,1.1386927366256714
1785155400.0,1.1386927366256714,1.1386927366256714,1.1384334564208984,1.1385631561279297
1785155700.0,1.1386927366256714,1.1386927366256714,1.1383039951324463,1.1383039951324463
1785156000.0,1.138044834136963,1.1383039951324463,1.138044834136963,1.1383039951324463
1785156300.0,1.1383039951324463,1.1385631561279297,1.1383039951324463,1.1384334564208984
1785156600.0,1.1384334564208984,1.1386927366256714,1.1384334564208984,1.1385631561279297
1785156900.0,1.1386927366256714,1.1388224363327026,1.1386927366256714,1.1388224363327026
1785157200.0,1.1385631561279297,1.1385631561279297,1.1384334564208984,1.1384334564208984
1785157500.0,1.1383039951324463,1.1386927366256714,1.1383039951324463,1.1386927366256714
1785157800.0,1.1388224363327026,1.1389521360397339,1.1388224363327026,1.1388224363327026
1785158100.0,1.1386927366256714,1.1386927366256714,1.1385631561279297,1.1385631561279297
1785158400.0,1.1384334564208984,1.1384334564208984,1.1384334564208984,1.1384334564208984
1785158700.0,1.1383039951324463,1.1383039951324463,1.138044834136963,1.138044834136963
1785159000.0,1.1384334564208984,1.1386927366256714,1.1383039951324463,1.1383039951324463
1785159300.0,1.1383039951324463,1.1384334564208984,1.1383039951324463,1.1384334564208984
1785159600.0,1.1383039951324463,1.1384334564208984,1.1383039951324463,1.1383039951324463
1785159900.0,1.1383039951324463,1.1383039951324463,1.1383039951324463,1.1383039951324463
1785160200.0,1.1383039951324463,1.1383039951324463,1.138044834136963,1.138044834136963
1785160500.0,1.1379153728485107,1.1379153728485107,1.1376564502716064,1.1376564502716064
1785160800.0,1.1373976469039917,1.1379153728485107,1.1373976469039917,1.1379153728485107
1785161100.0,1.1377859115600586,1.1379153728485107,1.1377859115600586,1.1379153728485107
1785161400.0,1.1377859115600586,1.1379153728485107,1.1377859115600586,1.1379153728485107
1785161700.0,1.1379153728485107,1.1379153728485107,1.1376564502716064,1.1377859115600586
1785162000.0,1.1377859115600586,1.1377859115600586,1.1376564502716064,1.1376564502716064
1785162300.0,1.1377859115600586,1.1377859115600586,1.1375269889831543,1.1375269889831543
1785162600.0,1.1373976469039917,1.1373976469039917,1.1373976469039917,1.1373976469039917
1785162900.0,1.1373976469039917,1.1376564502716064,1.1373976469039917,1.1376564502716064
1785163200.0,1.1376564502716064,1.1376564502716064,1.1373976469039917,1.1373976469039917
1785163500.0,1.1375269889831543,1.1377859115600586,1.1375269889831543,1.1376564502716064
1785163800.0,1.1377859115600586,1.1377859115600586,1.1373976469039917,1.1373976469039917
1785164100.0,1.137268304824829,1.1373976469039917,1.137268304824829,1.1373976469039917
1785164400.0,1.1375269889831543,1.1375269889831543,1.1373976469039917,1.1375269889831543
1785164700.0,1.1375269889831543,1.1376564502716064,1.1375269889831543,1.1375269889831543
1785165000.0,1.1373976469039917,1.1373976469039917,1.137268304824829,1.1373976469039917
1785165300.0,1.1373976469039917,1.1376564502716064,1.1373976469039917,1.1376564502716064
1785165600.0,1.1376564502716064,1.1379153728485107,1.1376564502716064,1.1377859115600586
1785165900.0,1.1379153728485107,1.1379153728485107,1.1377859115600586,1.1379153728485107
1785166200.0,1.1379153728485107,1.1379153728485107,1.1377859115600586,1.1377859115600586
1785166500.0,1.1377859115600586,1.1379153728485107,1.1377859115600586,1.1379153728485107
1785166800.0,1.1377859115600586,1.1379153728485107,1.1377859115600586,1.1379153728485107
1785167100.0,1.1377859115600586,1.1377859115600586,1.1377859115600586,1.1377859115600586
1785167400.0,1.1377859115600586,1.138044834136963,1.1377859115600586,1.138044834136963
1785167700.0,1.1379153728485107,1.138044834136963,1.1379153728485107,1.1379153728485107
1785168000.0,1.1377859115600586,1.1379153728485107,1.1377859115600586,1.1379153728485107
1785168300.0,1.138044834136963,1.138044834136963,1.1379153728485107,1.1379153728485107
1785168600.0,1.1379153728485107,1.138044834136963,1.1379153728485107,1.1379153728485107
1785168900.0,1.1379153728485107,1.1383039951324463,1.1379153728485107,1.1383039951324463
1785169200.0,1.1384334564208984,1.1385631561279297,1.1384334564208984,1.1384334564208984
1785169500.0,1.1386927366256714,1.1386927366256714,1.1385631561279297,1.1385631561279297
1785169800.0,1.1385631561279297,1.1386927366256714,1.1385631561279297,1.1386927366256714
1785170100.0,1.1388224363327026,1.1388224363327026,1.1386927366256714,1.1386927366256714
1785170400.0,1.1386927366256714,1.1386927366256714,1.1385631561279297,1.1385631561279297
1785170700.0,1.1385631561279297,1.1385631561279297,1.1384334564208984,1.1384334564208984
1785171000.0,1.1383039951324463,1.1384334564208984,1.1383039951324463,1.1383039951324463
1785171300.0,1.1383039951324463,1.1383039951324463,1.1383039951324463,1.1383039951324463
1785171600.0,1.1381744146347046,1.1383039951324463,1.1377859115600586,1.1377859115600586
1785171900.0,1.1376564502716064,1.1379153728485107,1.1376564502716064,1.1377859115600586
1785172200.0,1.1377859115600586,1.1379153728485107,1.1377859115600586,1.1377859115600586
1785172500.0,1.1376564502716064,1.1376564502716064,1.1375269889831543,1.1375269889831543
1785172800.0,1.1375269889831543,1.1375269889831543,1.1373976469039917,1.1373976469039917
1785173100.0,1.137268304824829,1.1373976469039917,1.137268304824829,1.1373976469039917
1785173400.0,1.137268304824829,1.1376564502716064,1.137268304824829,1.1376564502716064
1785173700.0,1.1373976469039917,1.1373976469039917,1.137268304824829,1.137268304824829
1785174000.0,1.137268304824829,1.137268304824829,1.137268304824829,1.137268304824829
1785174300.0,1.137268304824829,1.137268304824829,1.1371389627456665,1.137268304824829
1785174600.0,1.1373976469039917,1.1375269889831543,1.1373976469039917,1.1375269889831543
1785174900.0,1.1375269889831543,1.1376564502716064,1.1375269889831543,1.1376564502716064
1785175200.0,1.1375269889831543,1.1375269889831543,1.1375269889831543,1.1375269889831543
1785175500.0,1.1376564502716064,1.1376564502716064,1.1375269889831543,1.1375269889831543
1785175800.0,1.1376564502716064,1.1376564502716064,1.1375269889831543,1.1376564502716064
1785176100.0,1.1376564502716064,1.1376564502716064,1.1375269889831543,1.1375269889831543
1785176400.0,1.1373976469039917,1.1375269889831543,1.137268304824829,1.137268304824829
1785176700.0,1.137268304824829,1.1373976469039917,1.137268304824829,1.137268304824829
1785177000.0,1.1373976469039917,1.1373976469039917,1.1373976469039917,1.1373976469039917
1785177300.0,1.137268304824829,1.137268304824829,1.137268304824829,1.137268304824829
1785177600.0,1.1371389627456665,1.1373976469039917,1.1371389627456665,1.1373976469039917
1785177900.0,1.137268304824829,1.137268304824829,1.137268304824829,1.137268304824829
1785178200.0,1.1371389627456665,1.137268304824829,1.1371389627456665,1.137268304824829
1785178500.0,1.137268304824829,1.137268304824829,1.1371389627456665,1.1371389627456665
1785178800.0,1.137268304824829,1.137268304824829,1.1371389627456665,1.1371389627456665
1785179100.0,1.1371389627456665,1.137268304824829,1.1371389627456665,1.1371389627456665
1785179400.0,1.137268304824829,1.137268304824829,1.1370097398757935,1.1370097398757935
1785179700.0,1.1371389627456665,1.1371389627456665,1.1371389627456665,1.1371389627456665
1785180000.0,1.1371389627456665,1.137268304824829,1.1371389627456665,1.137268304824829
1785180300.0,1.137268304824829,1.1373976469039917,1.137268304824829,1.1373976469039917
1785180600.0,1.1375269889831543,1.1375269889831543,1.1373976469039917,1.1373976469039917
1785180900.0,1.1373976469039917,1.1375269889831543,1.1373976469039917,1.1375269889831543
1785181200.0,1.1376564502716064,1.1376564502716064,1.1375269889831543,1.1375269889831543
1785181500.0,1.1375269889831543,1.1375269889831543,1.1373976469039917,1.1373976469039917
1785181800.0,1.1373976469039917,1.1373976469039917,1.1373976469039917,1.1373976469039917
1785182100.0,1.1373976469039917,1.1373976469039917,1.1373976469039917,1.1373976469039917
1785182400.0,1.137268304824829,1.1373976469039917,1.137268304824829,1.1373976469039917
1785182700.0,1.1373976469039917,1.1373976469039917,1.1373976469039917,1.1373976469039917
1785183000.0,1.1375269889831543,1.1375269889831543,1.1373976469039917,1.1375269889831543
1785183300.0,1.1375269889831543,1.1375269889831543,1.1373976469039917,1.1373976469039917
1785183600.0,1.1373976469039917,1.1373976469039917,1.1373976469039917,1.1373976469039917
1785183900.0,1.1373976469039917,1.1375269889831543,1.1373976469039917,1.1373976469039917
1785184200.0,1.1373976469039917,1.1373976469039917,1.1371389627456665,1.1371389627456665
1785184500.0,1.1371389627456665,1.1371389627456665,1.1371389627456665,1.1371389627456665
1785184800.0,1.1371389627456665,1.1371389627456665,1.1371389627456665,1.1371389627456665
1785185100.0,1.1370097398757935,1.1371389627456665,1.1370097398757935,1.1370097398757935
1785185400.0,1.1371389627456665,1.1371389627456665,1.1371389627456665,1.1371389627456665
1785185700.0,1.1371389627456665,1.1371389627456665,1.1371389627456665,1.1371389627456665
1785186000.0,1.1364928483963013,1.1370097398757935,1.1364928483963013,1.1366219520568848
1785186300.0,1.1367511749267578,1.1370097398757935,1.1367511749267578,1.1370097398757935
1785186600.0,1.1370097398757935,1.1381744146347046,1.1368803977966309,1.1381744146347046
1785186900.0,1.1379153728485107,1.138044834136963,1.1379153728485107,1.1379153728485107
1785187200.0,1.138044834136963,1.1381744146347046,1.138044834136963,1.1381744146347046
1785187500.0,1.1381744146347046,1.1381744146347046,1.138044834136963,1.138044834136963
1785187800.0,1.1384334564208984,1.1384334564208984,1.1375269889831543,1.1379153728485107
1785188100.0,1.1377859115600586,1.1377859115600586,1.1373976469039917,1.1375269889831543
1785188400.0,1.1376564502716064,1.1377859115600586,1.1375269889831543,1.1377859115600586
1785188700.0,1.1379153728485107,1.1379153728485107,1.137268304824829,1.1373976469039917
1785189000.0,1.1373976469039917,1.1377859115600586,1.1373976469039917,1.1375269889831543
1785189300.0,1.1373976469039917,1.1379153728485107,1.1373976469039917,1.1375269889831543
1785189600.0,1.137268304824829,1.1373976469039917,1.137268304824829,1.1373976469039917
1785189900.0,1.1375269889831543,1.1375269889831543,1.1373976469039917,1.1373976469039917
1785190200.0,1.137268304824829,1.137268304824829,1.137268304824829,1.137268304824829
1785190500.0,1.137268304824829,1.1373976469039917,1.137268304824829,1.1373976469039917
1785190800.0,1.1373976469039917,1.1373976469039917,1.137268304824829,1.137268304824829
1785191100.0,1.137268304824829,1.137268304824829,1.137268304824829,1.137268304824829
1785191400.0,1.137268304824829,1.137268304824829,1.137268304824829,1.137268304824829
1785191700.0,1.137268304824829,1.1373976469039917,1.137268304824829,1.137268304824829
1785192000.0,1.1373976469039917,1.1373976469039917,1.137268304824829,1.137268304824829
1785192300.0,1.137268304824829,1.137268304824829,1.137268304824829,1.137268304824829
1785192600.0,1.137268304824829,1.137268304824829,1.137268304824829,1.137268304824829
1785192900.0,1.137268304824829,1.137268304824829,1.137268304824829,1.137268304824829
1785193200.0,1.137268304824829,1.137268304824829,1.137268304824829,1.137268304824829
1785193500.0,1.137268304824829,1.1373976469039917,1.137268304824829,1.1373976469039917
1785193800.0,1.137268304824829,1.1373976469039917,1.137268304824829,1.137268304824829
1785194100.0,1.1373976469039917,1.1373976469039917,1.137268304824829,1.1373976469039917
1785194400.0,1.1373976469039917,1.1373976469039917,1.137268304824829,1.137268304824829
1785194700.0,1.137268304824829,1.1373976469039917,1.137268304824829,1.1373976469039917
1785195000.0,1.1373976469039917,1.1373976469039917,1.137268304824829,1.1373976469039917
1785195300.0,1.137268304824829,1.137268304824829,1.137268304824829,1.137268304824829
1785195600.0,1.137268304824829,1.137268304824829,1.137268304824829,1.137268304824829
1785195900.0,1.137268304824829,1.137268304824829,1.1371389627456665,1.1371389627456665
1785196200.0,1.1371389627456665,1.137268304824829,1.1371389627456665,1.1371389627456665
1785196500.0,1.1371389627456665,1.137268304824829,1.1371389627456665,1.137268304824829
1785196800.0,1.1371389627456665,1.1371389627456665,1.1371389627456665,1.1371389627456665
1785197100.0,1.1370097398757935,1.1371389627456665,1.1370097398757935,1.1371389627456665
1785197400.0,1.1371389627456665,1.137268304824829,1.1371389627456665,1.1371389627456665
1785197700.0,1.1371389627456665,1.137268304824829,1.1371389627456665,1.137268304824829
1785198000.0,1.1373976469039917,1.1373976469039917,1.1373976469039917,1.1373976469039917
1785198300.0,1.1375269889831543,1.1376564502716064,1.1375269889831543,1.1375269889831543
1785198600.0,1.1375269889831543,1.1376564502716064,1.1375269889831543,1.1375269889831543
1785198900.0,1.1376564502716064,1.1376564502716064,1.1375269889831543,1.1376564502716064
1785199200.0,1.1376564502716064,1.1376564502716064,1.1375269889831543,1.1375269889831543
1785199500.0,1.1375269889831543,1.1376564502716064,1.1375269889831543,1.1375269889831543
1785199800.0,1.1375269889831543,1.1375269889831543,1.1373976469039917,1.1373976469039917
1785200100.0,1.1373976469039917,1.1377859115600586,1.1373976469039917,1.1377859115600586
1785200400.0,1.1377859115600586,1.138044834136963,1.1377859115600586,1.1379153728485107
1785200700.0,1.1379153728485107,1.138044834136963,1.1379153728485107,1.1379153728485107
1785201000.0,1.138044834136963,1.138044834136963,1.1377859115600586,1.1377859115600586
1785201300.0,1.1377859115600586,1.1377859115600586,1.1377859115600586,1.1377859115600586
1785201600.0,1.1377859115600586,1.1379153728485107,1.1377859115600586,1.1377859115600586
1785201900.0,1.1377859115600586,1.1379153728485107,1.1377859115600586,1.1379153728485107
1785202200.0,1.1379153728485107,1.1379153728485107,1.1377859115600586,1.1377859115600586
1785202500.0,1.1379153728485107,1.1379153728485107,1.1377859115600586,1.1377859115600586
1785202800.0,1.1377859115600586,1.1377859115600586,1.1376564502716064,1.1376564502716064
1785203100.0,1.1376564502716064,1.1376564502716064,1.1376564502716064,1.1376564502716064
1785203400.0,1.1375269889831543,1.1375269889831543,1.1373976469039917,1.1375269889831543
1785203700.0,1.1375269889831543,1.1376564502716064,1.1375269889831543,1.1376564502716064
1785204000.0,1.1376564502716064,1.1376564502716064,1.1375269889831543,1.1376564502716064
1785204300.0,1.1376564502716064,1.1377859115600586,1.1376564502716064,1.1377859115600586
1785204600.0,1.1377859115600586,1.1377859115600586,1.1376564502716064,1.1376564502716064
1785204900.0,1.1377859115600586,1.1377859115600586,1.1376564502716064,1.1377859115600586
1785205200.0,1.1377859115600586,1.1377859115600586,1.1377859115600586,1.1377859115600586
1785205500.0,1.1377859115600586,1.1377859115600586,1.1375269889831543,1.1375269889831543
1785205800.0,1.1375269889831543,1.1376564502716064,1.1375269889831543,1.1375269889831543
1785206100.0,1.1375269889831543,1.1375269889831543,1.1375269889831543,1.1375269889831543
1785206400.0,1.1375269889831543,1.1376564502716064,1.1375269889831543,1.1376564502716064
1785206700.0,1.1376564502716064,1.1377859115600586,1.1376564502716064,1.1377859115600586
1785207000.0,1.1379153728485107,1.1381744146347046,1.1377859115600586,1.1381744146347046
1785207300.0,1.1381744146347046,1.1381744146347046,1.138044834136963,1.138044834136963
1785207600.0,1.138044834136963,1.138044834136963,1.138044834136963,1.138044834136963
1785207900.0,1.1379153728485107,1.138044834136963,1.1379153728485107,1.138044834136963
1785208200.0,1.1379153728485107,1.1379153728485107,1.1379153728485107,1.1379153728485107
1785208500.0,1.1379153728485107,1.138044834136963,1.1379153728485107,1.138044834136963
1785208800.0,1.138044834136963,1.138044834136963,1.138044834136963,1.138044834136963
1785209100.0,1.1381744146347046,1.1381744146347046,1.138044834136963,1.138044834136963
1785209400.0,1.1381744146347046,1.1383039951324463,1.1381744146347046,1.1383039951324463
1785209700.0,1.1381744146347046,1.1383039951324463,1.138044834136963,1.138044834136963
1785210000.0,1.138044834136963,1.138044834136963,1.1379153728485107,1.1379153728485107
1785210300.0,1.1379153728485107,1.1379153728485107,1.1379153728485107,1.1379153728485107
1785210600.0,1.1379153728485107,1.1379153728485107,1.1377859115600586,1.1377859115600586
1785210900.0,1.1377859115600586,1.1377859115600586,1.1376564502716064,1.1377859115600586
1785211200.0,1.1376564502716064,1.1376564502716064,1.1375269889831543,1.1375269889831543
1785211500.0,1.1375269889831543,1.1375269889831543,1.1375269889831543,1.1375269889831543
1785211800.0,1.1375269889831543,1.1375269889831543,1.1373976469039917,1.1373976469039917
1785212100.0,1.1373976469039917,1.1375269889831543,1.1373976469039917,1.1375269889831543
1785212400.0,1.1375269889831543,1.1375269889831543,1.1373976469039917,1.1373976469039917
1785212700.0,1.1373976469039917,1.1373976469039917,1.137268304824829,1.1373976469039917
1785213000.0,1.1376564502716064,1.1376564502716064,1.1373976469039917,1.1373976469039917
1785213300.0,1.1373976469039917,1.1373976469039917,1.1373976469039917,1.1373976469039917
1785213600.0,1.1373976469039917,1.1373976469039917,1.1373976469039917,1.1373976469039917
1785213900.0,1.1373976469039917,1.1375269889831543,1.1373976469039917,1.1373976469039917
1785214200.0,1.137268304824829,1.1373976469039917,1.1371389627456665,1.1371389627456665
1785214500.0,1.137268304824829,1.137268304824829,1.1371389627456665,1.137268304824829
1785214800.0,1.1371389627456665,1.1371389627456665,1.1371389627456665,1.1371389627456665
1785215100.0,1.1371389627456665,1.1371389627456665,1.1367511749267578,1.1367511749267578
1785215400.0,1.1367511749267578,1.1367511749267578,1.1366219520568848,1.1366219520568848
1785215700.0,1.1366219520568848,1.1367511749267578,1.1366219520568848,1.1367511749267578
1785216000.0,1.1366219520568848,1.1366219520568848,1.1364928483963013,1.1364928483963013
1785216300.0,1.1366219520568848,1.1367511749267578,1.1364928483963013,1.1367511749267578
1785216600.0,1.1368803977966309,1.1368803977966309,1.1368803977966309,1.1368803977966309
1785216900.0,1.1367511749267578,1.1368803977966309,1.1367511749267578,1.1367511749267578
1785217200.0,1.1367511749267578,1.1368803977966309,1.1366219520568848,1.1368803977966309
1785217500.0,1.1368803977966309,1.1368803977966309,1.1367511749267578,1.1368803977966309
1785217800.0,1.1367511749267578,1.1367511749267578,1.1367511749267578,1.1367511749267578
1785218100.0,1.1367511749267578,1.1370097398757935,1.1367511749267578,1.1370097398757935
1785218400.0,1.1370097398757935,1.1371389627456665,1.1370097398757935,1.1370097398757935
1785218700.0,1.1370097398757935,1.1370097398757935,1.1368803977966309,1.1368803977966309
1785219000.0,1.1368803977966309,1.1370097398757935,1.1368803977966309,1.1370097398757935
1785219300.0,1.1371389627456665,1.1371389627456665,1.1370097398757935,1.1370097398757935
1785219600.0,1.1371389627456665,1.1371389627456665,1.1371389627456665,1.1371389627456665
1785219900.0,1.137268304824829,1.1373976469039917,1.137268304824829,1.1373976469039917
1785220200.0,1.1373976469039917,1.1375269889831543,1.1373976469039917,1.1375269889831543
1785220500.0,1.1373976469039917,1.1373976469039917,1.1373976469039917,1.1373976469039917
1785220800.0,1.137268304824829,1.1373976469039917,1.137268304824829,1.1373976469039917
1785221100.0,1.137268304824829,1.137268304824829,1.137268304824829,1.137268304824829
1785221400.0,1.1371389627456665,1.1373976469039917,1.1371389627456665,1.1373976469039917
1785221700.0,1.1373976469039917,1.1373976469039917,1.1371389627456665,1.1371389627456665
1785222000.0,1.1371389627456665,1.1371389627456665,1.1370097398757935,1.1370097398757935
1785222300.0,1.1371389627456665,1.1375269889831543,1.1371389627456665,1.1375269889831543
1785222600.0,1.1375269889831543,1.1376564502716064,1.1375269889831543,1.1375269889831543
1785222900.0,1.1376564502716064,1.1376564502716064,1.1375269889831543,1.1375269889831543
1785223200.0,1.1375269889831543,1.1375269889831543,1.1373976469039917,1.1373976469039917
1785223500.0,1.137268304824829,1.1373976469039917,1.137268304824829,1.137268304824829
1785223800.0,1.1373976469039917,1.1373976469039917,1.137268304824829,1.1373976469039917
1785224100.0,1.1373976469039917,1.1375269889831543,1.137268304824829,1.1373976469039917
1785224400.0,1.1373976469039917,1.1373976469039917,1.1371389627456665,1.1371389627456665
1785224700.0,1.1371389627456665,1.1371389627456665,1.1368803977966309,1.1370097398757935
1785225000.0,1.1370097398757935,1.1370097398757935,1.1367511749267578,1.1368803977966309
1785225300.0,1.1368803977966309,1.1368803977966309,1.1368803977966309,1.1368803977966309
1785225600.0,1.1368803977966309,1.1371389627456665,1.1368803977966309,1.1371389627456665
1785225900.0,1.1371389627456665,1.1373976469039917,1.1371389627456665,1.1373976469039917
1785226200.0,1.137268304824829,1.137268304824829,1.1370097398757935,1.1371389627456665
1785226500.0,1.1371389627456665,1.1373976469039917,1.1371389627456665,1.1373976469039917
1785226800.0,1.137268304824829,1.1375269889831543,1.137268304824829,1.1375269889831543
1785227100.0,1.1373976469039917,1.1373976469039917,1.1371389627456665,1.137268304824829
1785227400.0,1.1373976469039917,1.1373976469039917,1.1371389627456665,1.137268304824829
1785227700.0,1.1373976469039917,1.1373976469039917,1.137268304824829,1.1373976469039917
1785228000.0,1.137268304824829,1.1373976469039917,1.137268304824829,1.1373976469039917
1785228300.0,1.1373976469039917,1.1375269889831543,1.1373976469039917,1.1375269889831543
1785228600.0,1.1375269889831543,1.1375269889831543,1.1373976469039917,1.1373976469039917
1785228900.0,1.1373976469039917,1.1375269889831543,1.1373976469039917,1.1375269889831543
1785229200.0,1.1376564502716064,1.1376564502716064,1.1373976469039917,1.1375269889831543
1785229500.0,1.1375269889831543,1.1375269889831543,1.1371389627456665,1.1371389627456665
1785229800.0,1.1371389627456665,1.1371389627456665,1.1370097398757935,1.1370097398757935
1785230100.0,1.1370097398757935,1.1371389627456665,1.1370097398757935,1.1370097398757935
1785230400.0,1.1370097398757935,1.1371389627456665,1.1368803977966309,1.1370097398757935
1785230700.0,1.1370097398757935,1.1370097398757935,1.1370097398757935,1.1370097398757935
1785231000.0,1.1368803977966309,1.1368803977966309,1.1367511749267578,1.1367511749267578
1785231300.0,1.1368803977966309,1.1368803977966309,1.1367511749267578,1.1367511749267578
1785231600.0,1.1367511749267578,1.1368803977966309,1.1366219520568848,1.1366219520568848
1785231900.0,1.1363636255264282,1.1364928483963013,1.1363636255264282,1.1363636255264282
1785232200.0,1.1363636255264282,1.1363636255264282,1.1362345218658447,1.1362345218658447
1785232500.0,1.1362345218658447,1.1362345218658447,1.1359764337539673,1.1359764337539673
1785232800.0,1.1359764337539673,1.1359764337539673,1.1359764337539673,1.1359764337539673
1785233100.0,1.1359764337539673,1.1359764337539673,1.1357183456420898,1.1358473300933838
1785233400.0,1.1357183456420898,1.1359764337539673,1.1357183456420898,1.1359764337539673
1785233700.0,1.1358473300933838,1.1359764337539673,1.1358473300933838,1.1358473300933838
1785234000.0,1.1358473300933838,1.1361054182052612,1.1358473300933838,1.1361054182052612
1785234300.0,1.1361054182052612,1.1361054182052612,1.1359764337539673,1.1359764337539673
1785234600.0,1.1359764337539673,1.1363636255264282,1.1359764337539673,1.1363636255264282
1785234900.0,1.1361054182052612,1.1363636255264282,1.1361054182052612,1.1363636255264282
1785235200.0,1.1363636255264282,1.1363636255264282,1.1361054182052612,1.1361054182052612
1785235500.0,1.1361054182052612,1.1362345218658447,1.1361054182052612,1.1362345218658447
1785235800.0,1.1362345218658447,1.1364928483963013,1.1362345218658447,1.1364928483963013
1785236100.0,1.1366219520568848,1.1366219520568848,1.1363636255264282,1.1363636255264282
1785236400.0,1.1364928483963013,1.1364928483963013,1.1362345218658447,1.1362345218658447
1785236700.0,1.1362345218658447,1.1362345218658447,1.1361054182052612,1.1361054182052612
1785237000.0,1.1361054182052612,1.1362345218658447,1.1361054182052612,1.1362345218658447
1785237300.0,1.1363636255264282,1.1364928483963013,1.1363636255264282,1.1364928483963013
1785237600.0,1.1366219520568848,1.1367511749267578,1.1366219520568848,1.1367511749267578
1785237900.0,1.1367511749267578,1.1368803977966309,1.1367511749267578,1.1368803977966309
1785238200.0,1.1368803977966309,1.1368803977966309,1.1367511749267578,1.1367511749267578
1785238500.0,1.1367511749267578,1.1368803977966309,1.1367511749267578,1.1368803977966309
1785238800.0,1.1368803977966309,1.1368803977966309,1.1367511749267578,1.1367511749267578
1785239100.0,1.1367511749267578,1.1367511749267578,1.1366219520568848,1.1366219520568848
1785239400.0,1.1364928483963013,1.1367511749267578,1.1364928483963013,1.1367511749267578
1785239700.0,1.1368803977966309,1.1371389627456665,1.1368803977966309,1.1370097398757935
1785240000.0,1.1368803977966309,1.1368803977966309,1.1364928483963013,1.1366219520568848
1785240300.0,1.1367511749267578,1.1368803977966309,1.1367511749267578,1.1368803977966309
1785240600.0,1.1368803977966309,1.1368803977966309,1.1367511749267578,1.1368803977966309
1785240900.0,1.1368803977966309,1.1368803977966309,1.1367511749267578,1.1368803977966309
1785241200.0,1.1368803977966309,1.1368803977966309,1.1367511749267578,1.1367511749267578
1785241500.0,1.1367511749267578,1.1367511749267578,1.1366219520568848,1.1366219520568848
1785241800.0,1.1366219520568848,1.1366219520568848,1.1364928483963013,1.1364928483963013
1785242100.0,1.1367511749267578,1.1367511749267578,1.1364928483963013,1.1366219520568848
1785242400.0,1.1366219520568848,1.1368803977966309,1.1366219520568848,1.1368803977966309
1785242700.0,1.1368803977966309,1.1370097398757935,1.1368803977966309,1.1370097398757935
1785243000.0,1.1371389627456665,1.1371389627456665,1.1368803977966309,1.1368803977966309
1785243300.0,1.1368803977966309,1.1370097398757935,1.1368803977966309,1.1370097398757935
1785243600.0,1.1368803977966309,1.137268304824829,1.1368803977966309,1.1371389627456665
1785243900.0,1.1370097398757935,1.137268304824829,1.1370097398757935,1.137268304824829
1785244200.0,1.137268304824829,1.137268304824829,1.1370097398757935,1.1370097398757935
1785244500.0,1.1370097398757935,1.1371389627456665,1.1370097398757935,1.1371389627456665
1785244800.0,1.137268304824829,1.1373976469039917,1.1371389627456665,1.137268304824829
1785245100.0,1.1371389627456665,1.1371389627456665,1.1370097398757935,1.1371389627456665
1785245400.0,1.137268304824829,1.1373976469039917,1.1371389627456665,1.137268304824829
1785245700.0,1.1373976469039917,1.1373976469039917,1.1371389627456665,1.1371389627456665
1785246000.0,1.137268304824829,1.1373976469039917,1.137268304824829,1.137268304824829
1785246300.0,1.1371389627456665,1.1375269889831543,1.1371389627456665,1.1375269889831543
1785246600.0,1.1375269889831543,1.1376564502716064,1.1375269889831543,1.1376564502716064
1785246900.0,1.1375269889831543,1.1375269889831543,1.1373976469039917,1.1373976469039917
1785247200.0,1.1375269889831543,1.1376564502716064,1.1375269889831543,1.1376564502716064
1785247500.0,1.1377859115600586,1.1377859115600586,1.1376564502716064,1.1376564502716064
1785247800.0,1.1377859115600586,1.1377859115600586,1.1376564502716064,1.1376564502716064
1785248100.0,1.1376564502716064,1.1376564502716064,1.1375269889831543,1.1375269889831543
1785248400.0,1.1376564502716064,1.1377859115600586,1.1376564502716064,1.1377859115600586
1785248700.0,1.1377859115600586,1.138044834136963,1.1377859115600586,1.138044834136963
1785249000.0,1.1381744146347046,1.1381744146347046,1.138044834136963,1.138044834136963
1785249300.0,1.138044834136963,1.138044834136963,1.138044834136963,1.138044834136963
1785249600.0,1.138044834136963,1.1383039951324463,1.138044834136963,1.1383039951324463
1785249900.0,1.1381744146347046,1.1381744146347046,1.138044834136963,1.138044834136963
1785250200.0,1.138044834136963,1.1385631561279297,1.138044834136963,1.1385631561279297
1785250500.0,1.1388224363327026,1.1389521360397339,1.1385631561279297,1.1389521360397339
1785250800.0,1.1389521360397339,1.1390818357467651,1.1388224363327026,1.1388224363327026
1785251100.0,1.1388224363327026,1.1390818357467651,1.1388224363327026,1.1390818357467651
1785251400.0,1.1390818357467651,1.1397310495376587,1.1390818357467651,1.1397310495376587
1785251700.0,1.1398608684539795,1.1398608684539795,1.1396011114120483,1.1397310495376587
1785252000.0,1.1399909257888794,1.1401208639144897,1.1398608684539795,1.1398608684539795
1785252300.0,1.1397310495376587,1.1401208639144897,1.1397310495376587,1.1399909257888794
1785252600.0,1.1399909257888794,1.1401208639144897,1.1398608684539795,1.1401208639144897
1785252900.0,1.1398608684539795,1.1401208639144897,1.1398608684539795,1.1399909257888794
1785253200.0,1.1399909257888794,1.140380859375,1.1399909257888794,1.140380859375
1785253500.0,1.1405109167099,1.1405109167099,1.1402509212493896,1.1402509212493896
1785253800.0,1.1402509212493896,1.1402509212493896,1.1399909257888794,1.1402509212493896
1785254100.0,1.1402509212493896,1.140380859375,1.1402509212493896,1.140380859375
1785254400.0,1.140380859375,1.1405109167099,1.140380859375,1.140380859375
1785254700.0,1.1405109167099,1.1405109167099,1.1402509212493896,1.1405109167099
1785255000.0,1.1405109167099,1.1406410932540894,1.140380859375,1.1406410932540894
1785255300.0,1.1405109167099,1.1407711505889893,1.1405109167099,1.1406410932540894
1785255600.0,1.1406410932540894,1.1406410932540894,1.1405109167099,1.1406410932540894
1785255900.0,1.1406410932540894,1.1407711505889893,1.1406410932540894,1.1407711505889893
1785256200.0,1.1407711505889893,1.1407711505889893,1.1406410932540894,1.1407711505889893
1785256500.0,1.1407711505889893,1.1407711505889893,1.1406410932540894,1.1406410932540894
1785256800.0,1.1405109167099,1.1405109167099,1.140380859375,1.140380859375
1785257100.0,1.140380859375,1.140380859375,1.1401208639144897,1.1401208639144897
1785257400.0,1.1401208639144897,1.1401208639144897,1.1401208639144897,1.1401208639144897
1785257700.0,1.1401208639144897,1.1401208639144897,1.1399909257888794,1.1399909257888794
1785258000.0,1.1398608684539795,1.1399909257888794,1.1398608684539795,1.1399909257888794
1785258300.0,1.1399909257888794,1.1399909257888794,1.1398608684539795,1.1398608684539795
1785258600.0,1.1398608684539795,1.1398608684539795,1.1397310495376587,1.1397310495376587
1785258900.0,1.1398608684539795,1.1398608684539795,1.1397310495376587,1.1397310495376587
1785259200.0,1.1397310495376587,1.1399909257888794,1.1397310495376587,1.1397310495376587
1785259500.0,1.1397310495376587,1.1397310495376587,1.1396011114120483,1.1396011114120483
1785259800.0,1.1396011114120483,1.1397310495376587,1.1396011114120483,1.1397310495376587
1785260100.0,1.1397310495376587,1.1397310495376587,1.1396011114120483,1.1397310495376587
1785260400.0,1.1396011114120483,1.1397310495376587,1.1394712924957275,1.1394712924957275
1785260700.0,1.1394712924957275,1.1394712924957275,1.1393414735794067,1.1394712924957275
1785261000.0,1.1394712924957275,1.1394712924957275,1.1393414735794067,1.1393414735794067
1785261300.0,1.1394712924957275,1.1394712924957275,1.139211654663086,1.1393414735794067
1785261600.0,1.139211654663086,1.1393414735794067,1.139211654663086,1.139211654663086
1785261900.0,1.139211654663086,1.1393414735794067,1.139211654663086,1.1393414735794067
1785262200.0,1.139211654663086,1.1393414735794067,1.1390818357467651,1.139211654663086
1785262500.0,1.1393414735794067,1.1394712924957275,1.1393414735794067,1.1394712924957275
1785262800.0,1.1393414735794067,1.1393414735794067,1.139211654663086,1.139211654663086
1785263100.0,1.139211654663086,1.139211654663086,1.1390818357467651,1.1390818357467651
1785263400.0,1.139211654663086,1.139211654663086,1.1390818357467651,1.1390818357467651
1785263700.0,1.139211654663086,1.139211654663086,1.139211654663086,1.139211654663086
1785264000.0,1.139211654663086,1.139211654663086,1.139211654663086,1.139211654663086
1785264300.0,1.1390818357467651,1.1390818357467651,1.1389521360397339,1.1389521360397339
1785264600.0,1.1390818357467651,1.1390818357467651,1.1389521360397339,1.1390818357467651
1785264900.0,1.1390818357467651,1.1390818357467651,1.1389521360397339,1.1389521360397339
1785265200.0,1.1389521360397339,1.1390818357467651,1.1389521360397339,1.1390818357467651
1785265500.0,1.139211654663086,1.1393414735794067,1.139211654663086,1.1393414735794067
1785265800.0,1.1393414735794067,1.1393414735794067,1.1390818357467651,1.1390818357467651
1785266100.0,1.1390818357467651,1.1393414735794067,1.1390818357467651,1.1393414735794067
1785266400.0,1.1393414735794067,1.1393414735794067,1.1393414735794067,1.1393414735794067
1785266700.0,1.1393414735794067,1.1393414735794067,1.139211654663086,1.139211654663086
1785267000.0,1.139211654663086,1.1394712924957275,1.139211654663086,1.1393414735794067
1785267300.0,1.1393414735794067,1.1393414735794067,1.139211654663086,1.139211654663086
1785267600.0,1.139211654663086,1.1393414735794067,1.139211654663086,1.1393414735794067
1785267900.0,1.1393414735794067,1.1394712924957275,1.1393414735794067,1.1394712924957275
1785268200.0,1.1394712924957275,1.1394712924957275,1.1393414735794067,1.1394712924957275
1785268500.0,1.1393414735794067,1.1393414735794067,1.1390818357467651,1.1390818357467651
1785268800.0,1.1390818357467651,1.1390818357467651,1.1390818357467651,1.1390818357467651
1785269100.0,1.1390818357467651,1.1390818357467651,1.1390818357467651,1.1390818357467651
1785269400.0,1.1390818357467651,1.139211654663086,1.1390818357467651,1.139211654663086
1785269700.0,1.139211654663086,1.139211654663086,1.1390818357467651,1.1390818357467651
1785270000.0,1.1390818357467651,1.1390818357467651,1.1390818357467651,1.1390818357467651
1785270300.0,1.1390818357467651,1.1390818357467651,1.1389521360397339,1.1389521360397339
1785270600.0,1.1389521360397339,1.1389521360397339,1.1388224363327026,1.1389521360397339
1785270900.0,1.1389521360397339,1.1390818357467651,1.1389521360397339,1.1389521360397339
1785271200.0,1.1389521360397339,1.1390818357467651,1.1389521360397339,1.1390818357467651
1785271500.0,1.1390818357467651,1.1390818357467651,1.1390818357467651,1.1390818357467651
1785271800.0,1.1390818357467651,1.1390818357467651,1.1389521360397339,1.1389521360397339
1785272100.0,1.1390818357467651,1.1390818357467651,1.1389521360397339,1.1389521360397339
1785272400.0,1.1385631561279297,1.1393414735794067,1.1383039951324463,1.1393414735794067
1785272700.0,1.1398608684539795,1.1398608684539795,1.139211654663086,1.1393414735794067
1785273000.0,1.1393414735794067,1.1393414735794067,1.1390818357467651,1.1393414735794067
1785273300.0,1.1394712924957275,1.1394712924957275,1.139211654663086,1.1393414735794067
1785273600.0,1.1396011114120483,1.1396011114120483,1.1393414735794067,1.1394712924957275
1785273900.0,1.1394712924957275,1.1396011114120483,1.1393414735794067,1.1394712924957275
1785274200.0,1.1393414735794067,1.1393414735794067,1.1393414735794067,1.1393414735794067
1785274500.0,1.1393414735794067,1.1394712924957275,1.1393414735794067,1.1393414735794067
1785274800.0,1.1394712924957275,1.1396011114120483,1.1394712924957275,1.1394712924957275
1785275100.0,1.1396011114120483,1.1396011114120483,1.1393414735794067,1.1396011114120483
1785275400.0,1.1396011114120483,1.1396011114120483,1.1394712924957275,1.1394712924957275
1785275700.0,1.1394712924957275,1.1394712924957275,1.139211654663086,1.1394712924957275
1785276000.0,1.139211654663086,1.1393414735794067,1.139211654663086,1.1393414735794067
1785276300.0,1.1393414735794067,1.1393414735794067,1.1393414735794067,1.1393414735794067
1785276600.0,1.1393414735794067,1.1394712924957275,1.139211654663086,1.139211654663086
1785276900.0,1.139211654663086,1.139211654663086,1.1389521360397339,1.1390818357467651
1785277200.0,1.1388224363327026,1.1389521360397339,1.1388224363327026,1.1388224363327026
1785277500.0,1.1388224363327026,1.1389521360397339,1.1388224363327026,1.1388224363327026
1785277800.0,1.1388224363327026,1.1389521360397339,1.1388224363327026,1.1389521360397339
1785278100.0,1.1389521360397339,1.1389521360397339,1.1388224363327026,1.1388224363327026
1785278400.0,1.1388224363327026,1.1388224363327026,1.1388224363327026,1.1388224363327026
1785278700.0,1.1388224363327026,1.1388224363327026,1.1388224363327026,1.1388224363327026
1785279000.0,1.1388224363327026,1.1388224363327026,1.1388224363327026,1.1388224363327026
1785279300.0,1.1388224363327026,1.1388224363327026,1.1388224363327026,1.1388224363327026
1785279600.0,1.1388224363327026,1.1388224363327026,1.1386927366256714,1.1388224363327026
1785279900.0,1.1386927366256714,1.1386927366256714,1.1385631561279297,1.1385631561279297
1785280200.0,1.1385631561279297,1.1386927366256714,1.1385631561279297,1.1386927366256714
1785280500.0,1.1386927366256714,1.1386927366256714,1.1386927366256714,1.1386927366256714
1785280800.0,1.1388224363327026,1.1388224363327026,1.1386927366256714,1.1388224363327026
1785281100.0,1.1388224363327026,1.1388224363327026,1.1388224363327026,1.1388224363327026
1785281400.0,1.1388224363327026,1.1388224363327026,1.1388224363327026,1.1388224363327026
1785281700.0,1.1388224363327026,1.1388224363327026,1.1388224363327026,1.1388224363327026
1785282000.0,1.1388224363327026,1.1388224363327026,1.1388224363327026,1.1388224363327026
1785282300.0,1.1388224363327026,1.1388224363327026,1.1386927366256714,1.1388224363327026
1785282600.0,1.1389521360397339,1.1389521360397339,1.1388224363327026,1.1389521360397339
1785282900.0,1.1388224363327026,1.1389521360397339,1.1388224363327026,1.1389521360397339
1785283200.0,1.1388224363327026,1.1389521360397339,1.1386927366256714,1.1389521360397339
1785283500.0,1.1388224363327026,1.1389521360397339,1.1386927366256714,1.1386927366256714
1785283800.0,1.1386927366256714,1.1386927366256714,1.1385631561279297,1.1386927366256714
1785284100.0,1.1386927366256714,1.1389521360397339,1.1386927366256714,1.1389521360397339
1785284400.0,1.1389521360397339,1.1390818357467651,1.1389521360397339,1.1389521360397339
1785284700.0,1.1390818357467651,1.1393414735794067,1.1390818357467651,1.139211654663086
1785285000.0,1.139211654663086,1.1393414735794067,1.139211654663086,1.139211654663086
1785285300.0,1.139211654663086,1.139211654663086,1.139211654663086,1.139211654663086
1785285600.0,1.139211654663086,1.139211654663086,1.139211654663086,1.139211654663086
1785285900.0,1.139211654663086,1.1393414735794067,1.1390818357467651,1.1390818357467651
1785286200.0,1.1390818357467651,1.139211654663086,1.1390818357467651,1.139211654663086
1785286500.0,1.139211654663086,1.1393414735794067,1.139211654663086,1.1393414735794067
1785286800.0,1.1394712924957275,1.1394712924957275,1.1393414735794067,1.1393414735794067
1785287100.0,1.1393414735794067,1.1393414735794067,1.139211654663086,1.139211654663086
1785287400.0,1.139211654663086,1.139211654663086,1.139211654663086,1.139211654663086
1785287700.0,1.139211654663086,1.1394712924957275,1.139211654663086,1.1394712924957275
1785288000.0,1.1394712924957275,1.1396011114120483,1.1394712924957275,1.1394712924957275
1785288300.0,1.1394712924957275,1.1394712924957275,1.1393414735794067,1.1394712924957275
1785288600.0,1.1390818357467651,1.1393414735794067,1.1390818357467651,1.1393414735794067
1785288900.0,1.1393414735794067,1.1393414735794067,1.1389521360397339,1.1389521360397339
1785289200.0,1.1389521360397339,1.1389521360397339,1.1389521360397339,1.1389521360397339
1785289500.0,1.1389521360397339,1.1390818357467651,1.1389521360397339,1.1390818357467651
1785289800.0,1.139211654663086,1.1393414735794067,1.139211654663086,1.1393414735794067
1785290100.0,1.1393414735794067,1.1394712924957275,1.1393414735794067,1.1394712924957275
1785290400.0,1.1394712924957275,1.1394712924957275,1.1393414735794067,1.1394712924957275
1785290700.0,1.1394712924957275,1.1396011114120483,1.1394712924957275,1.1396011114120483
1785291000.0,1.1396011114120483,1.1397310495376587,1.1396011114120483,1.1397310495376587
1785291300.0,1.1397310495376587,1.1397310495376587,1.1396011114120483,1.1396011114120483
1785291600.0,1.1397310495376587,1.1398608684539795,1.1397310495376587,1.1398608684539795
1785291900.0,1.1398608684539795,1.1398608684539795,1.1397310495376587,1.1397310495376587
1785292200.0,1.1397310495376587,1.1397310495376587,1.1397310495376587,1.1397310495376587
1785292500.0,1.1397310495376587,1.1398608684539795,1.1397310495376587,1.1398608684539795
1785292800.0,1.1398608684539795,1.1398608684539795,1.1398608684539795,1.1398608684539795
1785293100.0,1.1397310495376587,1.1397310495376587,1.1396011114120483,1.1396011114120483
1785293400.0,1.1396011114120483,1.1397310495376587,1.1396011114120483,1.1396011114120483
1785293700.0,1.1396011114120483,1.1398608684539795,1.1396011114120483,1.1397310495376587
1785294000.0,1.1397310495376587,1.1398608684539795,1.1397310495376587,1.1398608684539795
1785294300.0,1.1398608684539795,1.1399909257888794,1.1398608684539795,1.1398608684539795
1785294600.0,1.1398608684539795,1.1399909257888794,1.1398608684539795,1.1398608684539795
1785294900.0,1.1398608684539795,1.1399909257888794,1.1398608684539795,1.1399909257888794
1785295200.0,1.1401208639144897,1.1402509212493896,1.1399909257888794,1.1402509212493896
1785295500.0,1.1402509212493896,1.1402509212493896,1.1401208639144897,1.1402509212493896
1785295800.0,1.1402509212493896,1.1402509212493896,1.1402509212493896,1.1402509212493896
1785296100.0,1.1402509212493896,1.140380859375,1.1402509212493896,1.140380859375
1785296400.0,1.1402509212493896,1.1402509212493896,1.1402509212493896,1.1402509212493896
1785296700.0,1.1402509212493896,1.140380859375,1.1402509212493896,1.140380859375
1785297000.0,1.1402509212493896,1.140380859375,1.1402509212493896,1.1402509212493896
1785297300.0,1.1401208639144897,1.1401208639144897,1.1399909257888794,1.1399909257888794
1785297600.0,1.1399909257888794,1.1401208639144897,1.1399909257888794,1.1401208639144897
1785297900.0,1.1401208639144897,1.1402509212493896,1.1401208639144897,1.1402509212493896
1785298200.0,1.1402509212493896,1.1402509212493896,1.1402509212493896,1.1402509212493896
1785298500.0,1.1402509212493896,1.140380859375,1.1402509212493896,1.140380859375
1785298800.0,1.140380859375,1.1405109167099,1.140380859375,1.140380859375
1785299100.0,1.1405109167099,1.1405109167099,1.1402509212493896,1.1402509212493896
1785299400.0,1.1402509212493896,1.140380859375,1.1402509212493896,1.140380859375
1785299700.0,1.140380859375,1.1405109167099,1.140380859375,1.140380859375
1785300000.0,1.1405109167099,1.1406410932540894,1.1405109167099,1.1406410932540894
1785300300.0,1.1406410932540894,1.1406410932540894,1.1402509212493896,1.1402509212493896
1785300600.0,1.1402509212493896,1.140380859375,1.1402509212493896,1.1402509212493896
1785300900.0,1.1402509212493896,1.1405109167099,1.1402509212493896,1.1405109167099
1785301200.0,1.1405109167099,1.1406410932540894,1.140380859375,1.1406410932540894
1785301500.0,1.1405109167099,1.1406410932540894,1.1405109167099,1.1405109167099
1785301800.0,1.1406410932540894,1.1406410932540894,1.1405109167099,1.1405109167099
1785302100.0,1.1405109167099,1.1405109167099,1.1405109167099,1.1405109167099
1785302400.0,1.1405109167099,1.1405109167099,1.140380859375,1.1405109167099
1785302700.0,1.1405109167099,1.1405109167099,1.1402509212493896,1.1402509212493896
1785303000.0,1.1402509212493896,1.1402509212493896,1.1401208639144897,1.1401208639144897
1785303300.0,1.1402509212493896,1.1402509212493896,1.1401208639144897,1.1401208639144897
1785303600.0,1.1401208639144897,1.1402509212493896,1.1401208639144897,1.1402509212493896
1785303900.0,1.1402509212493896,1.140380859375,1.1402509212493896,1.140380859375
1785304200.0,1.140380859375,1.140380859375,1.1402509212493896,1.140380859375
1785304500.0,1.1405109167099,1.1405109167099,1.1401208639144897,1.1401208639144897
1785304800.0,1.1402509212493896,1.140380859375,1.1402509212493896,1.1402509212493896
1785305100.0,1.1402509212493896,1.1402509212493896,1.1399909257888794,1.1399909257888794
1785305400.0,1.1399909257888794,1.1399909257888794,1.1398608684539795,1.1399909257888794
1785305700.0,1.1401208639144897,1.1401208639144897,1.1398608684539795,1.1398608684539795
1785306000.0,1.1398608684539795,1.1398608684539795,1.1397310495376587,1.1397310495376587
1785306300.0,1.1397310495376587,1.1397310495376587,1.1397310495376587,1.1397310495376587
1785306600.0,1.1396011114120483,1.1397310495376587,1.1396011114120483,1.1397310495376587
1785306900.0,1.1397310495376587,1.1397310495376587,1.1396011114120483,1.1396011114120483
1785307200.0,1.1397310495376587,1.1397310495376587,1.1397310495376587,1.1397310495376587
1785307500.0,1.1397310495376587,1.1397310495376587,1.1393414735794067,1.1393414735794067
1785307800.0,1.1394712924957275,1.1396011114120483,1.1394712924957275,1.1396011114120483
1785308100.0,1.1394712924957275,1.1394712924957275,1.1393414735794067,1.1394712924957275
1785308400.0,1.1394712924957275,1.1397310495376587,1.1394712924957275,1.1397310495376587
1785308700.0,1.1397310495376587,1.1399909257888794,1.1397310495376587,1.1398608684539795
1785309000.0,1.1398608684539795,1.1399909257888794,1.1396011114120483,1.1397310495376587
1785309300.0,1.1397310495376587,1.1398608684539795,1.1397310495376587,1.1398608684539795
1785309600.0,1.1398608684539795,1.1399909257888794,1.1398608684539795,1.1398608684539795
1785309900.0,1.1401208639144897,1.1401208639144897,1.1399909257888794,1.1399909257888794
1785310200.0,1.1399909257888794,1.1401208639144897,1.1399909257888794,1.1401208639144897
1785310500.0,1.1401208639144897,1.140380859375,1.1401208639144897,1.1402509212493896
1785310800.0,1.140380859375,1.140380859375,1.1401208639144897,1.1401208639144897
1785311100.0,1.1401208639144897,1.1402509212493896,1.1401208639144897,1.1402509212493896
1785311400.0,1.140380859375,1.140380859375,1.140380859375,1.140380859375
1785311700.0,1.140380859375,1.140380859375,1.1401208639144897,1.1401208639144897
1785312000.0,1.1401208639144897,1.1401208639144897,1.1401208639144897,1.1401208639144897
1785312300.0,1.1402509212493896,1.1402509212493896,1.1401208639144897,1.1401208639144897
1785312600.0,1.1399909257888794,1.1401208639144897,1.1398608684539795,1.1398608684539795
1785312900.0,1.1399909257888794,1.1399909257888794,1.1398608684539795,1.1399909257888794
1785313200.0,1.1399909257888794,1.1399909257888794,1.1398608684539795,1.1398608684539795
1785313500.0,1.1397310495376587,1.1398608684539795,1.1397310495376587,1.1398608684539795
1785313800.0,1.1398608684539795,1.1398608684539795,1.1397310495376587,1.1397310495376587
1785314100.0,1.1396011114120483,1.1398608684539795,1.1396011114120483,1.1398608684539795
1785314400.0,1.1398608684539795,1.1401208639144897,1.1398608684539795,1.1401208639144897
1785314700.0,1.1401208639144897,1.140380859375,1.1401208639144897,1.1402509212493896
1785315000.0,1.140380859375,1.140380859375,1.1402509212493896,1.1402509212493896
1785315300.0,1.1401208639144897,1.1401208639144897,1.1398608684539795,1.1399909257888794
1785315600.0,1.1398608684539795,1.1399909257888794,1.1398608684539795,1.1399909257888794
1785315900.0,1.1398608684539795,1.1399909257888794,1.1398608684539795,1.1399909257888794
1785316200.0,1.1399909257888794,1.1399909257888794,1.1398608684539795,1.1398608684539795
1785316500.0,1.1398608684539795,1.1399909257888794,1.1397310495376587,1.1397310495376587
1785316800.0,1.1397310495376587,1.1398608684539795,1.1397310495376587,1.1398608684539795
1785317100.0,1.1397310495376587,1.1398608684539795,1.1397310495376587,1.1398608684539795
1785317400.0,1.1398608684539795,1.1399909257888794,1.1397310495376587,1.1399909257888794
1785317700.0,1.1398608684539795,1.1398608684539795,1.1396011114120483,1.1396011114120483
1785318000.0,1.1396011114120483,1.1397310495376587,1.1396011114120483,1.1397310495376587
1785318300.0,1.1398608684539795,1.1398608684539795,1.1397310495376587,1.1398608684539795
1785318600.0,1.1398608684539795,1.1398608684539795,1.1398608684539795,1.1398608684539795
1785318900.0,1.1398608684539795,1.1398608684539795,1.1396011114120483,1.1396011114120483
1785319200.0,1.1394712924957275,1.1396011114120483,1.1394712924957275,1.1394712924957275
1785319500.0,1.1396011114120483,1.1396011114120483,1.1394712924957275,1.1394712924957275
1785319800.0,1.1394712924957275,1.1394712924957275,1.1393414735794067,1.1394712924957275
1785320100.0,1.1394712924957275,1.1394712924957275,1.139211654663086,1.139211654663086
1785320400.0,1.139211654663086,1.139211654663086,1.1390818357467651,1.139211654663086
1785320700.0,1.1390818357467651,1.1393414735794067,1.1390818357467651,1.139211654663086
1785321000.0,1.1394712924957275,1.1394712924957275,1.1393414735794067,1.1393414735794067
1785321300.0,1.139211654663086,1.1393414735794067,1.139211654663086,1.139211654663086
1785321600.0,1.139211654663086,1.139211654663086,1.1390818357467651,1.1390818357467651
1785321900.0,1.1390818357467651,1.1390818357467651,1.1389521360397339,1.1389521360397339
1785322200.0,1.1388224363327026,1.1388224363327026,1.1386927366256714,1.1388224363327026
1785322500.0,1.1386927366256714,1.1388224363327026,1.1386927366256714,1.1388224363327026
1785322800.0,1.1389521360397339,1.1390818357467651,1.1389521360397339,1.1390818357467651
1785323100.0,1.1390818357467651,1.1390818357467651,1.1389521360397339,1.1389521360397339
1785323400.0,1.1389521360397339,1.1390818357467651,1.1389521360397339,1.1390818357467651
1785323700.0,1.1390818357467651,1.139211654663086,1.1389521360397339,1.1390818357467651
1785324000.0,1.1389521360397339,1.1389521360397339,1.1388224363327026,1.1388224363327026
1785324300.0,1.1389521360397339,1.1390818357467651,1.1389521360397339,1.1390818357467651
1785324600.0,1.1390818357467651,1.1390818357467651,1.1389521360397339,1.1390818357467651
1785324900.0,1.1389521360397339,1.1389521360397339,1.1388224363327026,1.1388224363327026
1785325200.0,1.1388224363327026,1.1388224363327026,1.1385631561279297,1.1385631561279297
1785325500.0,1.1385631561279297,1.1388224363327026,1.1385631561279297,1.1388224363327026
1785325800.0,1.1386927366256714,1.1388224363327026,1.1386927366256714,1.1386927366256714
1785326100.0,1.1385631561279297,1.1385631561279297,1.1384334564208984,1.1384334564208984
1785326400.0,1.1385631561279297,1.1385631561279297,1.1384334564208984,1.1384334564208984
1785326700.0,1.1385631561279297,1.1385631561279297,1.1383039951324463,1.1383039951324463
1785327000.0,1.1383039951324463,1.1383039951324463,1.1383039951324463,1.1383039951324463
1785327300.0,1.1381744146347046,1.1381744146347046,1.1379153728485107,1.1379153728485107
1785327600.0,1.138044834136963,1.1381744146347046,1.138044834136963,1.1381744146347046
1785327900.0,1.1383039951324463,1.1383039951324463,1.138044834136963,1.138044834136963
1785328200.0,1.1379153728485107,1.138044834136963,1.1379153728485107,1.138044834136963
1785328500.0,1.1381744146347046,1.1383039951324463,1.1381744146347046,1.1383039951324463
1785328800.0,1.1383039951324463,1.1383039951324463,1.1381744146347046,1.1383039951324463
1785329100.0,1.1381744146347046,1.1383039951324463,1.1381744146347046,1.1383039951324463
1785329400.0,1.1383039951324463,1.1383039951324463,1.1383039951324463,1.1383039951324463
1785329700.0,1.1383039951324463,1.1383039951324463,1.138044834136963,1.138044834136963
1785330000.0,1.1383039951324463,1.1383039951324463,1.138044834136963,1.1381744146347046
1785330300.0,1.1381744146347046,1.1381744146347046,1.138044834136963,1.1381744146347046
1785330600.0,1.1381744146347046,1.1383039951324463,1.1381744146347046,1.1383039951324463
1785330900.0,1.1383039951324463,1.1385631561279297,1.1383039951324463,1.1384334564208984
1785331200.0,1.1384334564208984,1.1388224363327026,1.1384334564208984,1.1388224363327026
1785331500.0,1.1388224363327026,1.1389521360397339,1.1388224363327026,1.1389521360397339
1785331800.0,1.1388224363327026,1.1389521360397339,1.1386927366256714,1.1388224363327026
1785332100.0,1.1386927366256714,1.1389521360397339,1.1386927366256714,1.1389521360397339
1785332400.0,1.1388224363327026,1.1389521360397339,1.1388224363327026,1.1389521360397339
1785332700.0,1.1390818357467651,1.1394712924957275,1.1390818357467651,1.1394712924957275
1785333000.0,1.1393414735794067,1.1394712924957275,1.139211654663086,1.1394712924957275
1785333300.0,1.1394712924957275,1.1394712924957275,1.1393414735794067,1.1393414735794067
1785333600.0,1.1396011114120483,1.1396011114120483,1.1394712924957275,1.1396011114120483
1785333900.0,1.1396011114120483,1.1396011114120483,1.1393414735794067,1.1393414735794067
1785334200.0,1.139211654663086,1.139211654663086,1.139211654663086,1.139211654663086
1785334500.0,1.139211654663086,1.1393414735794067,1.1390818357467651,1.1393414735794067
1785334800.0,1.1393414735794067,1.1394712924957275,1.139211654663086,1.1394712924957275
1785335100.0,1.1396011114120483,1.1397310495376587,1.1396011114120483,1.1397310495376587
1785335400.0,1.1398608684539795,1.1398608684539795,1.1398608684539795,1.1398608684539795
1785335700.0,1.1398608684539795,1.1399909257888794,1.1397310495376587,1.1399909257888794
1785336000.0,1.1399909257888794,1.1399909257888794,1.1394712924957275,1.1394712924957275
1785336300.0,1.1394712924957275,1.1394712924957275,1.139211654663086,1.139211654663086
1785336600.0,1.1389521360397339,1.1390818357467651,1.1386927366256714,1.1389521360397339
1785336900.0,1.1389521360397339,1.1390818357467651,1.1384334564208984,1.1384334564208984
1785337200.0,1.1384334564208984,1.1385631561279297,1.1383039951324463,1.1385631561279297
1785337500.0,1.1388224363327026,1.1388224363327026,1.1386927366256714,1.1386927366256714
1785337800.0,1.1388224363327026,1.1388224363327026,1.1386927366256714,1.1388224363327026
1785338100.0,1.1388224363327026,1.1388224363327026,1.1385631561279297,1.1385631561279297
1785338400.0,1.1384334564208984,1.1384334564208984,1.1381744146347046,1.1383039951324463
1785338700.0,1.1383039951324463,1.1384334564208984,1.1381744146347046,1.1384334564208984
1785339000.0,1.1383039951324463,1.1383039951324463,1.1381744146347046,1.1381744146347046
1785339300.0,1.1383039951324463,1.1384334564208984,1.1383039951324463,1.1383039951324463
1785339600.0,1.1381744146347046,1.1384334564208984,1.1381744146347046,1.1384334564208984
1785339900.0,1.1384334564208984,1.1385631561279297,1.1384334564208984,1.1384334564208984
1785340200.0,1.1385631561279297,1.1385631561279297,1.1385631561279297,1.1385631561279297
1785340500.0,1.1385631561279297,1.1386927366256714,1.1385631561279297,1.1385631561279297
1785340800.0,1.1385631561279297,1.1385631561279297,1.1384334564208984,1.1384334564208984
1785341100.0,1.1384334564208984,1.1384334564208984,1.1381744146347046,1.1384334564208984
1785341400.0,1.1383039951324463,1.1383039951324463,1.1381744146347046,1.1383039951324463
1785341700.0,1.138044834136963,1.1381744146347046,1.138044834136963,1.1381744146347046
1785342000.0,1.1383039951324463,1.1384334564208984,1.1383039951324463,1.1384334564208984
1785342300.0,1.1384334564208984,1.1385631561279297,1.1384334564208984,1.1385631561279297
1785342600.0,1.1385631561279297,1.1385631561279297,1.1383039951324463,1.1384334564208984
1785342900.0,1.1384334564208984,1.1384334564208984,1.1383039951324463,1.1384334564208984
1785343200.0,1.1384334564208984,1.1385631561279297,1.1384334564208984,1.1385631561279297
1785343500.0,1.1385631561279297,1.1385631561279297,1.1385631561279297,1.1385631561279297
1785343800.0,1.1386927366256714,1.1388224363327026,1.1386927366256714,1.1388224363327026
1785344100.0,1.1386927366256714,1.1388224363327026,1.1386927366256714,1.1388224363327026
1785344400.0,1.1388224363327026,1.1389521360397339,1.1388224363327026,1.1389521360397339
1785344700.0,1.1388224363327026,1.1393414735794067,1.1388224363327026,1.1393414735794067
1785345000.0,1.139211654663086,1.1393414735794067,1.139211654663086,1.1393414735794067
1785345300.0,1.139211654663086,1.1393414735794067,1.139211654663086,1.1393414735794067
1785345600.0,1.1393414735794067,1.1396011114120483,1.1393414735794067,1.1396011114120483
1785345900.0,1.1396011114120483,1.1396011114120483,1.1393414735794067,1.1393414735794067
1785346200.0,1.1393414735794067,1.1397310495376587,1.1393414735794067,1.1397310495376587
1785346500.0,1.1397310495376587,1.1397310495376587,1.1394712924957275,1.1394712924957275
1785346800.0,1.1397310495376587,1.1398608684539795,1.1397310495376587,1.1398608684539795
1785347100.0,1.1399909257888794,1.1399909257888794,1.1398608684539795,1.1399909257888794
1785347400.0,1.1401208639144897,1.1402509212493896,1.1401208639144897,1.1402509212493896
1785347700.0,1.1399909257888794,1.1399909257888794,1.1398608684539795,1.1399909257888794
1785348000.0,1.1418131589889526,1.1428571939468384,1.1418131589889526,1.1422044038772583
1785348300.0,1.1420739889144897,1.1424654722213745,1.1420739889144897,1.1420739889144897
1785348600.0,1.1422044038772583,1.142987847328186,1.1422044038772583,1.1428571939468384
1785348900.0,1.1432491540908813,1.1432491540908813,1.1427265405654907,1.142987847328186
1785349200.0,1.1425960063934326,1.1425960063934326,1.1423349380493164,1.1423349380493164
1785349500.0,1.1420739889144897,1.1423349380493164,1.1420739889144897,1.1423349380493164
1785349800.0,1.1428571939468384,1.1428571939468384,1.1411616802215576,1.1416828632354736
1785350100.0,1.1418131589889526,1.1425960063934326,1.1416828632354736,1.1424654722213745
1785350400.0,1.142987847328186,1.1436413526535034,1.1428571939468384,1.1436413526535034
1785350700.0,1.1439030170440674,1.144819736480713,1.1439030170440674,1.144819736480713
1785351000.0,1.144688606262207,1.1453442573547363,1.144688606262207,1.1453442573547363
1785351300.0,1.145081877708435,1.1454753875732422,1.1449507474899292,1.1453442573547363
1785351600.0,1.1456066370010376,1.145737886428833,1.1453442573547363,1.1453442573547363
1785351900.0,1.145213007926941,1.145213007926941,1.144688606262207,1.144688606262207
1785352200.0,1.144688606262207,1.1453442573547363,1.144688606262207,1.1453442573547363
1785352500.0,1.1456066370010376,1.1469204425811768,1.1456066370010376,1.1467890739440918
1785352800.0,1.1466574668884277,1.1466574668884277,1.145737886428833,1.145737886428833
1785353100.0,1.145737886428833,1.145737886428833,1.1454753875732422,1.1456066370010376
1785353400.0,1.1454753875732422,1.1454753875732422,1.1449507474899292,1.1449507474899292
1785353700.0,1.145213007926941,1.1456066370010376,1.145213007926941,1.1453442573547363
1785354000.0,1.1454753875732422,1.1461317539215088,1.1454753875732422,1.1461317539215088
1785354300.0,1.1458691358566284,1.1460003852844238,1.1458691358566284,1.1460003852844238
1785354600.0,1.1460003852844238,1.1460003852844238,1.145737886428833,1.145737886428833
1785354900.0,1.1454753875732422,1.1456066370010376,1.145213007926941,1.145213007926941
1785355200.0,1.145081877708435,1.1454753875732422,1.145081877708435,1.145213007926941
1785355500.0,1.1453442573547363,1.1453442573547363,1.145213007926941,1.1453442573547363
1785355800.0,1.145081877708435,1.1454753875732422,1.145081877708435,1.1454753875732422
1785356100.0,1.1453442573547363,1.1454753875732422,1.1453442573547363,1.1454753875732422
1785356400.0,1.1456066370010376,1.1456066370010376,1.1454753875732422,1.1456066370010376
1785356700.0,1.1454753875732422,1.1458691358566284,1.1454753875732422,1.1458691358566284
1785357000.0,1.1458691358566284,1.1462632417678833,1.1458691358566284,1.1462632417678833
1785357300.0,1.1465259790420532,1.1467890739440918,1.1465259790420532,1.1465259790420532
1785357600.0,1.1466574668884277,1.1469204425811768,1.1466574668884277,1.1469204425811768
1785357900.0,1.1467890739440918,1.147315263748169,1.1467890739440918,1.1471836566925049
1785358200.0,1.1470520496368408,1.1470520496368408,1.1469204425811768,1.1469204425811768
1785358500.0,1.1470520496368408,1.1470520496368408,1.1470520496368408,1.1470520496368408
1785358800.0,1.1475785970687866,1.1492931842803955,1.1453442573547363,1.1453442573547363
1785359100.0,1.1465259790420532,1.1466574668884277,1.1461317539215088,1.1463946104049683
1785359400.0,1.1466574668884277,1.1466574668884277,1.1463946104049683,1.1465259790420532
1785359700.0,1.1463946104049683,1.1467890739440918,1.1463946104049683,1.1465259790420532
1785360000.0,1.1467890739440918,1.1469204425811768,1.1467890739440918,1.1469204425811768
1785360300.0,1.1467890739440918,1.1469204425811768,1.1467890739440918,1.1467890739440918
1785360600.0,1.1467890739440918,1.1469204425811768,1.1466574668884277,1.1469204425811768
1785360900.0,1.1467890739440918,1.1469204425811768,1.1466574668884277,1.1466574668884277
1785361200.0,1.1465259790420532,1.1469204425811768,1.1465259790420532,1.1469204425811768
1785361500.0,1.1467890739440918,1.1467890739440918,1.1463946104049683,1.1466574668884277
1785361800.0,1.1466574668884277,1.1467890739440918,1.1463946104049683,1.1465259790420532
1785362100.0,1.1466574668884277,1.1466574668884277,1.1463946104049683,1.1465259790420532
1785362400.0,1.1469204425811768,1.1471836566925049,1.1469204425811768,1.1471836566925049
1785362700.0,1.1471836566925049,1.1471836566925049,1.1469204425811768,1.1471836566925049
1785363000.0,1.1471836566925049,1.1471836566925049,1.1470520496368408,1.1471836566925049
1785363300.0,1.1471836566925049,1.1471836566925049,1.1471836566925049,1.1471836566925049
1785363600.0,1.1471836566925049,1.1471836566925049,1.1471836566925049,1.1471836566925049
1785363900.0,1.1470520496368408,1.147315263748169,1.1470520496368408,1.1470520496368408
1785364200.0,1.1471836566925049,1.1471836566925049,1.1471836566925049,1.1471836566925049
1785364500.0,1.1471836566925049,1.147315263748169,1.1471836566925049,1.147315263748169
1785364800.0,1.1471836566925049,1.147315263748169,1.1471836566925049,1.147315263748169
1785365100.0,1.147315263748169,1.147315263748169,1.147315263748169,1.147315263748169
1785365400.0,1.147315263748169,1.147315263748169,1.147315263748169,1.147315263748169
1785365700.0,1.147315263748169,1.147446870803833,1.147315263748169,1.147446870803833
1785366000.0,1.1475785970687866,1.1477103233337402,1.1475785970687866,1.1477103233337402
1785366300.0,1.1475785970687866,1.1478420495986938,1.1475785970687866,1.1478420495986938
1785366600.0,1.1477103233337402,1.1477103233337402,1.147315263748169,1.147315263748169
1785366900.0,1.147315263748169,1.147446870803833,1.1471836566925049,1.147315263748169
1785367200.0,1.147315263748169,1.147315263748169,1.1471836566925049,1.1471836566925049
1785367500.0,1.1470520496368408,1.1470520496368408,1.1470520496368408,1.1470520496368408
1785367800.0,1.1470520496368408,1.1470520496368408,1.1469204425811768,1.1470520496368408
1785368100.0,1.1470520496368408,1.1470520496368408,1.1470520496368408,1.1470520496368408
1785368400.0,1.1470520496368408,1.1470520496368408,1.1469204425811768,1.1469204425811768
1785368700.0,1.1467890739440918,1.1470520496368408,1.1467890739440918,1.1470520496368408
1785369000.0,1.1471836566925049,1.147315263748169,1.1471836566925049,1.1471836566925049
1785369300.0,1.1470520496368408,1.1471836566925049,1.1470520496368408,1.1470520496368408
1785369600.0,1.1470520496368408,1.1471836566925049,1.1467890739440918,1.1469204425811768
1785369900.0,1.1467890739440918,1.1470520496368408,1.1467890739440918,1.1470520496368408
1785370200.0,1.1469204425811768,1.1470520496368408,1.1469204425811768,1.1470520496368408
1785370500.0,1.1470520496368408,1.1470520496368408,1.1466574668884277,1.1466574668884277
1785370800.0,1.1466574668884277,1.1466574668884277,1.1465259790420532,1.1465259790420532
1785371100.0,1.1465259790420532,1.1465259790420532,1.1460003852844238,1.1461317539215088
1785371400.0,1.1461317539215088,1.1461317539215088,1.1461317539215088,1.1461317539215088
1785371700.0,1.1461317539215088,1.1461317539215088,1.1460003852844238,1.1460003852844238
1785372000.0,1.1460003852844238,1.1461317539215088,1.1460003852844238,1.1460003852844238
1785372300.0,1.1460003852844238,1.1461317539215088,1.1460003852844238,1.1461317539215088
1785372600.0,1.1460003852844238,1.1461317539215088,1.1460003852844238,1.1461317539215088
1785372900.0,1.1461317539215088,1.1461317539215088,1.1460003852844238,1.1461317539215088
1785373200.0,1.1461317539215088,1.1463946104049683,1.1461317539215088,1.1463946104049683
1785373500.0,1.1462632417678833,1.1463946104049683,1.1462632417678833,1.1462632417678833
1785373800.0,1.1461317539215088,1.1462632417678833,1.1461317539215088,1.1462632417678833
1785374100.0,1.1462632417678833,1.1462632417678833,1.1460003852844238,1.1460003852844238
1785374400.0,1.1460003852844238,1.1460003852844238,1.145737886428833,1.145737886428833
1785374700.0,1.1458691358566284,1.1458691358566284,1.145737886428833,1.1458691358566284
1785375000.0,1.1458691358566284,1.1461317539215088,1.1458691358566284,1.1461317539215088
1785375300.0,1.1461317539215088,1.1461317539215088,1.1461317539215088,1.1461317539215088
1785375600.0,1.1461317539215088,1.1461317539215088,1.1460003852844238,1.1460003852844238
1785375900.0,1.1460003852844238,1.1461317539215088,1.1460003852844238,1.1461317539215088
1785376200.0,1.1460003852844238,1.1460003852844238,1.145737886428833,1.145737886428833
1785376500.0,1.145737886428833,1.145737886428833,1.1456066370010376,1.1456066370010376
1785376800.0,1.1458691358566284,1.1458691358566284,1.145737886428833,1.145737886428833
1785377100.0,1.145737886428833,1.145737886428833,1.145737886428833,1.145737886428833
1785377400.0,1.145737886428833,1.145737886428833,1.1456066370010376,1.1456066370010376
1785377700.0,1.1456066370010376,1.1456066370010376,1.1454753875732422,1.1456066370010376
1785378000.0,1.1456066370010376,1.1456066370010376,1.1456066370010376,1.1456066370010376
1785378300.0,1.1456066370010376,1.1456066370010376,1.1456066370010376,1.1456066370010376
1785378600.0,1.1456066370010376,1.145737886428833,1.1456066370010376,1.145737886428833
1785378900.0,1.145737886428833,1.1458691358566284,1.145737886428833,1.1458691358566284
1785379200.0,1.1458691358566284,1.1458691358566284,1.145737886428833,1.145737886428833
1785379500.0,1.145737886428833,1.1458691358566284,1.145737886428833,1.1458691358566284
1785379800.0,1.145737886428833,1.1458691358566284,1.145737886428833,1.145737886428833
1785380100.0,1.145737886428833,1.145737886428833,1.1456066370010376,1.1456066370010376
1785380400.0,1.1456066370010376,1.145737886428833,1.1456066370010376,1.145737886428833
1785380700.0,1.145737886428833,1.145737886428833,1.1456066370010376,1.1456066370010376
1785381000.0,1.1456066370010376,1.1456066370010376,1.1454753875732422,1.1454753875732422
1785381300.0,1.1454753875732422,1.1454753875732422,1.1453442573547363,1.1453442573547363
1785381600.0,1.1453442573547363,1.1453442573547363,1.145213007926941,1.1453442573547363
1785381900.0,1.1453442573547363,1.1453442573547363,1.1453442573547363,1.1453442573547363
1785382200.0,1.1453442573547363,1.1454753875732422,1.1453442573547363,1.1454753875732422
1785382500.0,1.1454753875732422,1.1456066370010376,1.1454753875732422,1.1454753875732422
1785382800.0,1.1454753875732422,1.1456066370010376,1.1454753875732422,1.1456066370010376
1785383100.0,1.1454753875732422,1.1454753875732422,1.1454753875732422,1.1454753875732422
1785383400.0,1.1454753875732422,1.1454753875732422,1.1454753875732422,1.1454753875732422
1785383700.0,1.1454753875732422,1.1454753875732422,1.1453442573547363,1.1453442573547363
1785384000.0,1.145213007926941,1.1454753875732422,1.145213007926941,1.1453442573547363
1785384300.0,1.1456066370010376,1.1456066370010376,1.1454753875732422,1.1454753875732422
1785384600.0,1.1454753875732422,1.1456066370010376,1.1454753875732422,1.1456066370010376
1785384900.0,1.1456066370010376,1.1456066370010376,1.1456066370010376,1.1456066370010376
1785385200.0,1.1456066370010376,1.145737886428833,1.1456066370010376,1.1456066370010376
1785385500.0,1.1456066370010376,1.1456066370010376,1.1456066370010376,1.1456066370010376
1785385800.0,1.1456066370010376,1.1456066370010376,1.1456066370010376,1.1456066370010376
1785386100.0,1.1456066370010376,1.145737886428833,1.1456066370010376,1.1456066370010376
1785386400.0,1.1456066370010376,1.145737886428833,1.1456066370010376,1.1456066370010376
1785386700.0,1.1456066370010376,1.1456066370010376,1.1456066370010376,1.1456066370010376
1785387000.0,1.1454753875732422,1.1454753875732422,1.1454753875732422,1.1454753875732422
1785387300.0,1.1454753875732422,1.1454753875732422,1.1453442573547363,1.1453442573547363
1785387600.0,1.1453442573547363,1.1456066370010376,1.1453442573547363,1.1456066370010376
1785387900.0,1.1454753875732422,1.145737886428833,1.1454753875732422,1.145737886428833
1785388200.0,1.145737886428833,1.1458691358566284,1.145737886428833,1.1458691358566284
1785388500.0,1.1458691358566284,1.1458691358566284,1.145737886428833,1.1458691358566284
1785388800.0,1.1458691358566284,1.1458691358566284,1.1458691358566284,1.1458691358566284
1785389100.0,1.1458691358566284,1.1460003852844238,1.145737886428833,1.1458691358566284
1785389400.0,1.1458691358566284,1.1458691358566284,1.145737886428833,1.145737886428833
1785389700.0,1.145737886428833,1.145737886428833,1.1456066370010376,1.1456066370010376
1785390000.0,1.1456066370010376,1.1456066370010376,1.1454753875732422,1.1454753875732422
1785390300.0,1.1456066370010376,1.145737886428833,1.1456066370010376,1.1456066370010376
1785390600.0,1.1456066370010376,1.1456066370010376,1.1454753875732422,1.1454753875732422
1785390900.0,1.1453442573547363,1.1453442573547363,1.145213007926941,1.1453442573547363
1785391200.0,1.1454753875732422,1.1454753875732422,1.145081877708435,1.145081877708435
1785391500.0,1.145213007926941,1.1453442573547363,1.145081877708435,1.145081877708435
1785391800.0,1.145081877708435,1.145081877708435,1.144688606262207,1.144688606262207
1785392100.0,1.1449507474899292,1.1449507474899292,1.144819736480713,1.144819736480713
1785392400.0,1.144819736480713,1.144819736480713,1.144688606262207,1.144819736480713
1785392700.0,1.144819736480713,1.144819736480713,1.144688606262207,1.144819736480713
1785393000.0,1.144819736480713,1.1449507474899292,1.144688606262207,1.144819736480713
1785393300.0,1.144819736480713,1.145081877708435,1.144819736480713,1.145081877708435
1785393600.0,1.145081877708435,1.145081877708435,1.1449507474899292,1.145081877708435
1785393900.0,1.1449507474899292,1.145213007926941,1.1449507474899292,1.145213007926941
1785394200.0,1.145213007926941,1.1453442573547363,1.145213007926941,1.1453442573547363
1785394500.0,1.1453442573547363,1.1453442573547363,1.145081877708435,1.145081877708435
1785394800.0,1.145081877708435,1.1454753875732422,1.144819736480713,1.1454753875732422
1785395100.0,1.145213007926941,1.1453442573547363,1.1449507474899292,1.1449507474899292
1785395400.0,1.145081877708435,1.145081877708435,1.1445575952529907,1.1445575952529907
1785395700.0,1.1445575952529907,1.144688606262207,1.1445575952529907,1.1445575952529907
1785396000.0,1.1445575952529907,1.144688606262207,1.1445575952529907,1.1445575952529907
1785396300.0,1.144426703453064,1.144426703453064,1.1440337896347046,1.1440337896347046
1785396600.0,1.1439030170440674,1.1440337896347046,1.1439030170440674,1.1439030170440674
1785396900.0,1.1439030170440674,1.1440337896347046,1.1439030170440674,1.1440337896347046
1785397200.0,1.144164800643921,1.144164800643921,1.1440337896347046,1.144164800643921
1785397500.0,1.1440337896347046,1.144164800643921,1.1440337896347046,1.1440337896347046
1785397800.0,1.1440337896347046,1.144164800643921,1.1440337896347046,1.1440337896347046
1785398100.0,1.1440337896347046,1.144164800643921,1.1440337896347046,1.144164800643921
1785398400.0,1.144426703453064,1.1445575952529907,1.1442956924438477,1.1445575952529907
1785398700.0,1.1445575952529907,1.144819736480713,1.1445575952529907,1.144688606262207
1785399000.0,1.144819736480713,1.145081877708435,1.144819736480713,1.145081877708435
1785399300.0,1.145081877708435,1.145213007926941,1.145081877708435,1.145081877708435
1785399600.0,1.145081877708435,1.1453442573547363,1.145081877708435,1.1453442573547363
1785399900.0,1.1453442573547363,1.145737886428833,1.1453442573547363,1.145737886428833
1785400200.0,1.145737886428833,1.145737886428833,1.1454753875732422,1.1454753875732422
1785400500.0,1.1454753875732422,1.1454753875732422,1.145081877708435,1.145081877708435
1785400800.0,1.1449507474899292,1.1454753875732422,1.1449507474899292,1.1453442573547363
1785401100.0,1.1454753875732422,1.145737886428833,1.1454753875732422,1.1454753875732422
1785401400.0,1.1454753875732422,1.1454753875732422,1.145213007926941,1.1453442573547363
1785401700.0,1.1453442573547363,1.1454753875732422,1.145081877708435,1.145213007926941
1785402000.0,1.1453442573547363,1.145737886428833,1.1453442573547363,1.145737886428833
1785402300.0,1.1456066370010376,1.1458691358566284,1.1456066370010376,1.1458691358566284
1785402600.0,1.1461317539215088,1.1461317539215088,1.1460003852844238,1.1461317539215088
1785402900.0,1.1461317539215088,1.1462632417678833,1.1461317539215088,1.1462632417678833
1785403200.0,1.1462632417678833,1.1465259790420532,1.1462632417678833,1.1463946104049683
1785403500.0,1.1463946104049683,1.1466574668884277,1.1463946104049683,1.1466574668884277
1785403800.0,1.1463946104049683,1.1465259790420532,1.1463946104049683,1.1465259790420532
1785404100.0,1.1465259790420532,1.1466574668884277,1.1465259790420532,1.1465259790420532
1785404400.0,1.1466574668884277,1.1466574668884277,1.1465259790420532,1.1465259790420532
1785404700.0,1.1465259790420532,1.1469204425811768,1.1465259790420532,1.1469204425811768
1785405000.0,1.1470520496368408,1.1470520496368408,1.1466574668884277,1.1466574668884277
1785405300.0,1.1467890739440918,1.1469204425811768,1.1467890739440918,1.1467890739440918
1785405600.0,1.1467890739440918,1.1467890739440918,1.1466574668884277,1.1466574668884277
1785405900.0,1.1465259790420532,1.1469204425811768,1.1465259790420532,1.1469204425811768
1785406200.0,1.1471836566925049,1.147315263748169,1.1470520496368408,1.147315263748169
1785406500.0,1.1475785970687866,1.1479737758636475,1.1475785970687866,1.1479737758636475
1785406800.0,1.1475785970687866,1.1475785970687866,1.147315263748169,1.147315263748169
1785407100.0,1.147446870803833,1.1475785970687866,1.147446870803833,1.1475785970687866
1785407400.0,1.1475785970687866,1.1478420495986938,1.1475785970687866,1.1477103233337402
1785407700.0,1.1477103233337402,1.1477103233337402,1.1477103233337402,1.1477103233337402
1785408000.0,1.1479737758636475,1.1485011577606201,1.1479737758636475,1.1485011577606201
1785408300.0,1.1485011577606201,1.1486331224441528,1.1485011577606201,1.1486331224441528
1785408600.0,1.1485011577606201,1.1485011577606201,1.1481056213378906,1.1481056213378906
1785408900.0,1.1481056213378906,1.1481056213378906,1.1477103233337402,1.1477103233337402
1785409200.0,1.1478420495986938,1.1479737758636475,1.1478420495986938,1.1479737758636475
1785409500.0,1.1479737758636475,1.1479737758636475,1.1477103233337402,1.1479737758636475
1785409800.0,1.1478420495986938,1.1478420495986938,1.1475785970687866,1.1475785970687866
1785410100.0,1.1475785970687866,1.1475785970687866,1.147446870803833,1.147446870803833
1785410400.0,1.147315263748169,1.147315263748169,1.1470520496368408,1.1470520496368408
1785410700.0,1.1471836566925049,1.1471836566925049,1.1470520496368408,1.1470520496368408
1785411000.0,1.1470520496368408,1.1470520496368408,1.1470520496368408,1.1470520496368408
1785411300.0,1.1469204425811768,1.1470520496368408,1.1469204425811768,1.1470520496368408
1785411600.0,1.1470520496368408,1.1470520496368408,1.1469204425811768,1.1469204425811768
1785411900.0,1.1469204425811768,1.1470520496368408,1.1469204425811768,1.1470520496368408
1785412200.0,1.147315263748169,1.1475785970687866,1.147315263748169,1.1475785970687866
1785412500.0,1.147446870803833,1.1478420495986938,1.147446870803833,1.1478420495986938
1785412800.0,1.1479737758636475,1.1481056213378906,1.1479737758636475,1.1481056213378906
1785413100.0,1.1479737758636475,1.1482374668121338,1.1479737758636475,1.1482374668121338
1785413400.0,1.1479737758636475,1.148369312286377,1.1479737758636475,1.148369312286377
1785413700.0,1.1482374668121338,1.1482374668121338,1.1478420495986938,1.1478420495986938
1785414000.0,1.1478420495986938,1.1481056213378906,1.1478420495986938,1.1481056213378906
1785414300.0,1.1479737758636475,1.1481056213378906,1.1479737758636475,1.1481056213378906
1785414600.0,1.1486331224441528,1.1486331224441528,1.1475785970687866,1.1477103233337402
1785414900.0,1.1478420495986938,1.1485011577606201,1.1478420495986938,1.1485011577606201
1785415200.0,1.1485011577606201,1.1486331224441528,1.1479737758636475,1.1485011577606201
1785415500.0,1.1485011577606201,1.1485011577606201,1.1478420495986938,1.1478420495986938
1785415800.0,1.1478420495986938,1.1478420495986938,1.1475785970687866,1.1475785970687866
1785416100.0,1.1475785970687866,1.1478420495986938,1.147446870803833,1.1477103233337402
1785416400.0,1.1477103233337402,1.1477103233337402,1.147315263748169,1.147315263748169
1785416700.0,1.1475785970687866,1.1478420495986938,1.1475785970687866,1.1477103233337402
1785417000.0,1.147446870803833,1.1478420495986938,1.147446870803833,1.1477103233337402
1785417300.0,1.147446870803833,1.1477103233337402,1.147446870803833,1.1477103233337402
1785417600.0,1.1477103233337402,1.1482374668121338,1.1477103233337402,1.1482374668121338
1785417900.0,1.148369312286377,1.148369312286377,1.1482374668121338,1.148369312286377
1785418200.0,1.148369312286377,1.1485011577606201,1.148369312286377,1.1485011577606201
1785418500.0,1.148369312286377,1.1495574712753296,1.148369312286377,1.1495574712753296
1785418800.0,1.1491611003875732,1.150483250617981,1.1491611003875732,1.150483250617981
1785419100.0,1.1506155729293823,1.151012897491455,1.150483250617981,1.151012897491455
1785419400.0,1.1506155729293823,1.1516757011413574,1.15035080909729,1.1516757011413574
1785419700.0,1.1518083810806274,1.1526048183441162,1.1518083810806274,1.1526048183441162
1785420000.0,1.1526048183441162,1.1538017988204956,1.1526048183441162,1.1538017988204956
1785420300.0,1.1538017988204956,1.1538017988204956,1.1522064208984375,1.1526048183441162
1785420600.0,1.1530035734176636,1.1532695293426514,1.1528706550598145,1.1528706550598145
1785420900.0,1.1532695293426514,1.1535356044769287,1.1528706550598145,1.1528706550598145
1785421200.0,1.1532695293426514,1.1532695293426514,1.1526048183441162,1.1526048183441162
1785421500.0,1.1524720191955566,1.1524720191955566,1.152339220046997,1.152339220046997
1785421800.0,1.1524720191955566,1.1524720191955566,1.1520737409591675,1.1522064208984375
1785422100.0,1.1522064208984375,1.1522064208984375,1.1516757011413574,1.1516757011413574
1785422400.0,1.1518083810806274,1.1518083810806274,1.151410460472107,1.151410460472107
1785422700.0,1.1518083810806274,1.1518083810806274,1.151410460472107,1.151410460472107
1785423000.0,1.151410460472107,1.151410460472107,1.151145339012146,1.1512778997421265
1785423300.0,1.151012897491455,1.151145339012146,1.1507480144500732,1.1507480144500732
1785423600.0,1.150483250617981,1.1507480144500732,1.150483250617981,1.150483250617981
1785423900.0,1.15035080909729,1.1508804559707642,1.15035080909729,1.1507480144500732
1785424200.0,1.1506155729293823,1.1507480144500732,1.15035080909729,1.1506155729293823
1785424500.0,1.151145339012146,1.151410460472107,1.151145339012146,1.151410460472107
1785424800.0,1.151410460472107,1.1518083810806274,1.151410460472107,1.151543140411377
1785425100.0,1.151543140411377,1.1518083810806274,1.151543140411377,1.1518083810806274
1785425400.0,1.1519410610198975,1.1522064208984375,1.1518083810806274,1.1522064208984375
1785425700.0,1.1522064208984375,1.1524720191955566,1.1522064208984375,1.1524720191955566
1785426000.0,1.152339220046997,1.1526048183441162,1.152339220046997,1.1524720191955566
1785426300.0,1.1526048183441162,1.1527377367019653,1.1524720191955566,1.1527377367019653
1785426600.0,1.1527377367019653,1.1527377367019653,1.1524720191955566,1.1524720191955566
1785426900.0,1.1524720191955566,1.1526048183441162,1.1524720191955566,1.1524720191955566
1785427200.0,1.1527377367019653,1.1531364917755127,1.1527377367019653,1.1531364917755127
1785427500.0,1.1530035734176636,1.1530035734176636,1.1528706550598145,1.1530035734176636
1785427800.0,1.1530035734176636,1.1530035734176636,1.1527377367019653,1.1527377367019653
1785428100.0,1.1527377367019653,1.1530035734176636,1.1527377367019653,1.1530035734176636
1785428400.0,1.1531364917755127,1.1532695293426514,1.1531364917755127,1.1532695293426514
1785428700.0,1.1531364917755127,1.1532695293426514,1.1531364917755127,1.1532695293426514
1785429000.0,1.15340256690979,1.15340256690979,1.1532695293426514,1.1532695293426514
1785429300.0,1.1530035734176636,1.1532695293426514,1.1530035734176636,1.1531364917755127
1785429600.0,1.1531364917755127,1.1531364917755127,1.1528706550598145,1.1528706550598145
1785429900.0,1.1528706550598145,1.1528706550598145,1.1527377367019653,1.1527377367019653
1785430200.0,1.1527377367019653,1.1528706550598145,1.1527377367019653,1.1527377367019653
1785430500.0,1.1527377367019653,1.1531364917755127,1.1527377367019653,1.1531364917755127
1785430800.0,1.1532695293426514,1.1532695293426514,1.1527377367019653,1.1527377367019653
1785431100.0,1.1527377367019653,1.1530035734176636,1.1527377367019653,1.1530035734176636
1785431400.0,1.1530035734176636,1.1530035734176636,1.1524720191955566,1.1524720191955566
1785431700.0,1.152339220046997,1.152339220046997,1.1522064208984375,1.152339220046997
1785432000.0,1.152339220046997,1.152339220046997,1.1522064208984375,1.152339220046997
1785432300.0,1.152339220046997,1.152339220046997,1.1522064208984375,1.152339220046997
1785432600.0,1.1522064208984375,1.152339220046997,1.1519410610198975,1.1519410610198975
1785432900.0,1.1519410610198975,1.1527377367019653,1.1519410610198975,1.1527377367019653
1785433200.0,1.1528706550598145,1.1531364917755127,1.1527377367019653,1.1531364917755127
1785433500.0,1.1532695293426514,1.1532695293426514,1.1530035734176636,1.1531364917755127
1785433800.0,1.1530035734176636,1.1532695293426514,1.1530035734176636,1.1531364917755127
1785434100.0,1.1530035734176636,1.1531364917755127,1.1530035734176636,1.1531364917755127
1785434400.0,1.1535356044769287,1.1535356044769287,1.15340256690979,1.1535356044769287
1785434700.0,1.1536686420440674,1.1536686420440674,1.1532695293426514,1.1535356044769287
1785435000.0,1.1536686420440674,1.1538017988204956,1.1536686420440674,1.1538017988204956
1785435300.0,1.1538017988204956,1.1538017988204956,1.1535356044769287,1.1535356044769287
1785435600.0,1.15340256690979,1.15340256690979,1.1531364917755127,1.1531364917755127
1785435900.0,1.1531364917755127,1.1532695293426514,1.1531364917755127,1.1532695293426514
1785436200.0,1.15340256690979,1.1536686420440674,1.15340256690979,1.1536686420440674
1785436500.0,1.1536686420440674,1.1536686420440674,1.15340256690979,1.15340256690979
1785436800.0,1.1532695293426514,1.15340256690979,1.1532695293426514,1.15340256690979
1785437100.0,1.1535356044769287,1.1536686420440674,1.1535356044769287,1.1536686420440674
1785437400.0,1.1536686420440674,1.1536686420440674,1.1535356044769287,1.1536686420440674
1785437700.0,1.1536686420440674,1.1538017988204956,1.1536686420440674,1.1538017988204956
1785438000.0,1.1539349555969238,1.1539349555969238,1.1538017988204956,1.1538017988204956
1785438300.0,1.1538017988204956,1.1538017988204956,1.1536686420440674,1.1536686420440674
1785438600.0,1.1535356044769287,1.1535356044769287,1.1531364917755127,1.15340256690979
1785438900.0,1.1531364917755127,1.1535356044769287,1.1531364917755127,1.1535356044769287
1785439200.0,1.1535356044769287,1.1536686420440674,1.1535356044769287,1.1536686420440674
1785439500.0,1.1536686420440674,1.1536686420440674,1.1535356044769287,1.1535356044769287
1785439800.0,1.1535356044769287,1.1535356044769287,1.15340256690979,1.15340256690979
1785440100.0,1.15340256690979,1.15340256690979,1.15340256690979,1.15340256690979
1785440400.0,1.15340256690979,1.15340256690979,1.15340256690979,1.15340256690979
1785440700.0,1.1535356044769287,1.1535356044769287,1.1535356044769287,1.1535356044769287
1785441000.0,1.1535356044769287,1.1535356044769287,1.15340256690979,1.15340256690979
1785441300.0,1.15340256690979,1.1535356044769287,1.1532695293426514,1.1535356044769287
1785441600.0,1.15340256690979,1.15340256690979,1.1532695293426514,1.15340256690979
1785441900.0,1.1535356044769287,1.1535356044769287,1.15340256690979,1.15340256690979
1785442200.0,1.1535356044769287,1.1535356044769287,1.15340256690979,1.15340256690979
1785442500.0,1.15340256690979,1.15340256690979,1.1532695293426514,1.15340256690979
1785442800.0,1.15340256690979,1.15340256690979,1.1531364917755127,1.1532695293426514
1785443100.0,1.1531364917755127,1.1532695293426514,1.1531364917755127,1.1531364917755127
1785443400.0,1.1530035734176636,1.1532695293426514,1.1530035734176636,1.1532695293426514
1785443700.0,1.1531364917755127,1.1531364917755127,1.1530035734176636,1.1531364917755127
1785444000.0,1.1531364917755127,1.1531364917755127,1.1530035734176636,1.1530035734176636
1785444300.0,1.1530035734176636,1.1531364917755127,1.1530035734176636,1.1530035734176636
1785444600.0,1.1531364917755127,1.1531364917755127,1.1531364917755127,1.1531364917755127
1785444900.0,1.1532695293426514,1.1532695293426514,1.1530035734176636,1.1531364917755127
1785445200.0,1.1531364917755127,1.1532695293426514,1.1531364917755127,1.1532695293426514
1785445500.0,1.1531364917755127,1.1531364917755127,1.1530035734176636,1.1531364917755127
1785445800.0,1.1528706550598145,1.1530035734176636,1.1528706550598145,1.1528706550598145
1785446100.0,1.1528706550598145,1.1530035734176636,1.1527377367019653,1.1527377367019653
1785446400.0,1.1528706550598145,1.1528706550598145,1.1528706550598145,1.1528706550598145
1785446700.0,1.1527377367019653,1.1528706550598145,1.1527377367019653,1.1527377367019653
1785447000.0,1.1527377367019653,1.1528706550598145,1.1527377367019653,1.1528706550598145
1785447300.0,1.1528706550598145,1.1528706550598145,1.1527377367019653,1.1527377367019653
1785447600.0,1.1528706550598145,1.1530035734176636,1.1528706550598145,1.1530035734176636
1785447900.0,1.1527377367019653,1.1530035734176636,1.1527377367019653,1.1528706550598145
1785448200.0,1.1530035734176636,1.1530035734176636,1.1528706550598145,1.1528706550598145
1785448500.0,1.1530035734176636,1.1530035734176636,1.1528706550598145,1.1528706550598145
1785448800.0,1.1530035734176636,1.1532695293426514,1.1530035734176636,1.1532695293426514
1785449100.0,1.1532695293426514,1.1532695293426514,1.1530035734176636,1.1530035734176636
1785449400.0,1.1531364917755127,1.1531364917755127,1.1528706550598145,1.1530035734176636
1785449700.0,1.1530035734176636,1.1531364917755127,1.1530035734176636,1.1531364917755127
1785450000.0,1.1530035734176636,1.1530035734176636,1.1530035734176636,1.1530035734176636
1785450300.0,1.1528706550598145,1.1530035734176636,1.1528706550598145,1.1530035734176636
1785450600.0,1.1530035734176636,1.1530035734176636,1.1530035734176636,1.1530035734176636
1785450900.0,1.1531364917755127,1.15340256690979,1.1530035734176636,1.15340256690979
1785451200.0,1.15340256690979,1.15340256690979,1.1532695293426514,1.1532695293426514
1785451500.0,1.1532695293426514,1.15340256690979,1.1532695293426514,1.15340256690979
1785451800.0,1.1532695293426514,1.1532695293426514,1.1532695293426514,1.1532695293426514
1785452100.0,1.1532695293426514,1.1532695293426514,1.1531364917755127,1.1531364917755127
1785452400.0,1.1532695293426514,1.15340256690979,1.1531364917755127,1.1531364917755127
1785452700.0,1.1530035734176636,1.1531364917755127,1.1530035734176636,1.1530035734176636
1785453000.0,1.1530035734176636,1.1530035734176636,1.1528706550598145,1.1528706550598145
1785453300.0,1.1528706550598145,1.1528706550598145,1.1527377367019653,1.1528706550598145
1785453600.0,1.1528706550598145,1.1530035734176636,1.1528706550598145,1.1530035734176636
1785453900.0,1.1530035734176636,1.1530035734176636,1.1528706550598145,1.1528706550598145
1785454200.0,1.1527377367019653,1.1528706550598145,1.1527377367019653,1.1527377367019653
1785454500.0,1.1527377367019653,1.1527377367019653,1.1526048183441162,1.1526048183441162
1785454800.0,1.1527377367019653,1.1528706550598145,1.1527377367019653,1.1527377367019653
1785455100.0,1.1528706550598145,1.1528706550598145,1.1527377367019653,1.1527377367019653
1785455400.0,1.1527377367019653,1.1527377367019653,1.1527377367019653,1.1527377367019653
1785455700.0,1.1527377367019653,1.1527377367019653,1.1526048183441162,1.1526048183441162
1785456000.0,1.1527377367019653,1.1527377367019653,1.1527377367019653,1.1527377367019653
1785456300.0,1.1527377367019653,1.1527377367019653,1.152339220046997,1.1524720191955566
1785456600.0,1.1524720191955566,1.1526048183441162,1.1524720191955566,1.1526048183441162
1785456900.0,1.1526048183441162,1.1527377367019653,1.1526048183441162,1.1526048183441162
1785457200.0,1.1526048183441162,1.1530035734176636,1.1526048183441162,1.1530035734176636
1785457500.0,1.1528706550598145,1.1528706550598145,1.1526048183441162,1.1526048183441162
1785457800.0,1.1526048183441162,1.1526048183441162,1.152339220046997,1.152339220046997
1785458100.0,1.1522064208984375,1.1522064208984375,1.1522064208984375,1.1522064208984375
1785458400.0,1.1520737409591675,1.1520737409591675,1.1519410610198975,1.1519410610198975
1785458700.0,1.1520737409591675,1.1520737409591675,1.1519410610198975,1.1520737409591675
1785459000.0,1.1522064208984375,1.152339220046997,1.1522064208984375,1.152339220046997
1785459300.0,1.1522064208984375,1.1522064208984375,1.1522064208984375,1.1522064208984375
1785459600.0,1.1522064208984375,1.152339220046997,1.1522064208984375,1.152339220046997
1785459900.0,1.1522064208984375,1.1522064208984375,1.1520737409591675,1.1522064208984375
1785460200.0,1.1522064208984375,1.1522064208984375,1.1519410610198975,1.1519410610198975
1785460500.0,1.1519410610198975,1.1519410610198975,1.1519410610198975,1.1519410610198975
1785460800.0,1.1519410610198975,1.1520737409591675,1.1519410610198975,1.1520737409591675
1785461100.0,1.1520737409591675,1.1522064208984375,1.1520737409591675,1.1520737409591675
1785461400.0,1.1519410610198975,1.152339220046997,1.1519410610198975,1.152339220046997
1785461700.0,1.1522064208984375,1.152339220046997,1.1518083810806274,1.1518083810806274
1785462000.0,1.1518083810806274,1.1519410610198975,1.1518083810806274,1.1518083810806274
1785462300.0,1.1518083810806274,1.1518083810806274,1.151543140411377,1.151543140411377
1785462600.0,1.151410460472107,1.151543140411377,1.151410460472107,1.151410460472107
1785462900.0,1.151543140411377,1.151543140411377,1.151410460472107,1.151410460472107
1785463200.0,1.151410460472107,1.151543140411377,1.151410460472107,1.151543140411377
1785463500.0,1.1516757011413574,1.1518083810806274,1.1516757011413574,1.1516757011413574
1785463800.0,1.1516757011413574,1.1519410610198975,1.1516757011413574,1.1519410610198975
1785464100.0,1.1518083810806274,1.1518083810806274,1.1516757011413574,1.1516757011413574
1785464400.0,1.1518083810806274,1.1518083810806274,1.1518083810806274,1.1518083810806274
1785464700.0,1.1516757011413574,1.1516757011413574,1.1516757011413574,1.1516757011413574
1785465000.0,1.1516757011413574,1.1518083810806274,1.1516757011413574,1.1518083810806274
1785465300.0,1.1516757011413574,1.1516757011413574,1.151543140411377,1.1516757011413574
1785465600.0,1.1516757011413574,1.1516757011413574,1.151543140411377,1.151543140411377
1785465900.0,1.151543140411377,1.151543140411377,1.151543140411377,1.151543140411377
1785466200.0,1.151543140411377,1.151543140411377,1.151410460472107,1.151543140411377
1785466500.0,1.151543140411377,1.151543140411377,1.151410460472107,1.151543140411377
1785466800.0,1.151543140411377,1.151543140411377,1.151410460472107,1.151410460472107
1785467100.0,1.151410460472107,1.151543140411377,1.151410460472107,1.151543140411377
1785467400.0,1.151543140411377,1.151543140411377,1.1512778997421265,1.151410460472107
1785467700.0,1.151410460472107,1.151410460472107,1.151145339012146,1.151145339012146
1785468000.0,1.1512778997421265,1.1512778997421265,1.1512778997421265,1.1512778997421265
1785468300.0,1.1512778997421265,1.1512778997421265,1.151145339012146,1.1512778997421265
1785468600.0,1.1512778997421265,1.1512778997421265,1.151145339012146,1.151145339012146
1785468900.0,1.1512778997421265,1.1512778997421265,1.151145339012146,1.151145339012146
1785469200.0,1.151012897491455,1.151012897491455,1.151012897491455,1.151012897491455
1785469500.0,1.151145339012146,1.151410460472107,1.151145339012146,1.1512778997421265
1785469800.0,1.151410460472107,1.151543140411377,1.151410460472107,1.151543140411377
1785470100.0,1.151543140411377,1.1516757011413574,1.151543140411377,1.1516757011413574
1785470400.0,1.1516757011413574,1.1516757011413574,1.1516757011413574,1.1516757011413574
1785470700.0,1.1516757011413574,1.1516757011413574,1.1516757011413574,1.1516757011413574
1785471000.0,1.1516757011413574,1.1516757011413574,1.151543140411377,1.151543140411377
1785471300.0,1.151543140411377,1.151543140411377,1.151543140411377,1.151543140411377
1785471600.0,1.151543140411377,1.1516757011413574,1.151543140411377,1.1516757011413574
1785471900.0,1.1516757011413574,1.1516757011413574,1.151543140411377,1.151543140411377
1785472200.0,1.151410460472107,1.151410460472107,1.1512778997421265,1.1512778997421265
1785472500.0,1.151410460472107,1.151410460472107,1.151145339012146,1.151145339012146
1785472800.0,1.151145339012146,1.151145339012146,1.1508804559707642,1.151012897491455
1785473100.0,1.1508804559707642,1.1508804559707642,1.1508804559707642,1.1508804559707642
1785473400.0,1.1508804559707642,1.1508804559707642,1.1508804559707642,1.1508804559707642
1785473700.0,1.151012897491455,1.151145339012146,1.151012897491455,1.151145339012146
1785474000.0,1.151145339012146,1.151145339012146,1.151012897491455,1.151012897491455
1785474300.0,1.151012897491455,1.151012897491455,1.151012897491455,1.151012897491455
1785474600.0,1.151145339012146,1.1512778997421265,1.151012897491455,1.151012897491455
1785474900.0,1.1508804559707642,1.151012897491455,1.1508804559707642,1.151012897491455
1785475200.0,1.151012897491455,1.151012897491455,1.1508804559707642,1.1508804559707642
1785475500.0,1.1508804559707642,1.151012897491455,1.1508804559707642,1.151012897491455
1785475800.0,1.1508804559707642,1.151145339012146,1.1508804559707642,1.151145339012146
1785476100.0,1.151145339012146,1.151145339012146,1.151012897491455,1.151145339012146
1785476400.0,1.1512778997421265,1.1512778997421265,1.151012897491455,1.151012897491455
1785476700.0,1.151012897491455,1.151012897491455,1.1508804559707642,1.1508804559707642
1785477000.0,1.1508804559707642,1.151012897491455,1.1508804559707642,1.1508804559707642
1785477300.0,1.1508804559707642,1.151012897491455,1.1508804559707642,1.151012897491455
1785477600.0,1.1508804559707642,1.1512778997421265,1.1508804559707642,1.1512778997421265
1785477900.0,1.151543140411377,1.1518083810806274,1.151410460472107,1.1518083810806274
1785478200.0,1.1518083810806274,1.1519410610198975,1.1516757011413574,1.1518083810806274
1785478500.0,1.1518083810806274,1.1520737409591675,1.1518083810806274,1.1520737409591675
1785478800.0,1.1519410610198975,1.1520737409591675,1.1518083810806274,1.1520737409591675
1785479100.0,1.1522064208984375,1.1524720191955566,1.1522064208984375,1.1524720191955566
1785479400.0,1.1520737409591675,1.1522064208984375,1.1518083810806274,1.1518083810806274
1785479700.0,1.1519410610198975,1.1519410610198975,1.151410460472107,1.151410460472107
1785480000.0,1.1516757011413574,1.1516757011413574,1.151543140411377,1.151543140411377
1785480300.0,1.1519410610198975,1.1522064208984375,1.1519410610198975,1.1522064208984375
1785480600.0,1.1520737409591675,1.1524720191955566,1.1520737409591675,1.152339220046997
1785480900.0,1.1522064208984375,1.1522064208984375,1.1520737409591675,1.1520737409591675
1785481200.0,1.1520737409591675,1.1520737409591675,1.1518083810806274,1.1519410610198975
1785481500.0,1.1519410610198975,1.1519410610198975,1.1518083810806274,1.1518083810806274
1785481800.0,1.1519410610198975,1.1520737409591675,1.1518083810806274,1.1520737409591675
1785482100.0,1.1519410610198975,1.1519410610198975,1.1516757011413574,1.1516757011413574
1785482400.0,1.1516757011413574,1.1518083810806274,1.1516757011413574,1.1516757011413574
1785482700.0,1.1516757011413574,1.1519410610198975,1.1516757011413574,1.1519410610198975
1785483000.0,1.1516757011413574,1.1516757011413574,1.151543140411377,1.151543140411377
1785483300.0,1.1516757011413574,1.1518083810806274,1.151543140411377,1.1518083810806274
1785483600.0,1.1519410610198975,1.1522064208984375,1.1519410610198975,1.1522064208984375
1785483900.0,1.1522064208984375,1.1527377367019653,1.1522064208984375,1.1527377367019653
1785484200.0,1.1524720191955566,1.1524720191955566,1.1520737409591675,1.1520737409591675
1785484500.0,1.1519410610198975,1.1519410610198975,1.1516757011413574,1.1516757011413574
1785484800.0,1.1518083810806274,1.1519410610198975,1.151543140411377,1.1518083810806274
1785485100.0,1.1516757011413574,1.1516757011413574,1.151145339012146,1.151145339012146
1785485400.0,1.151410460472107,1.151410460472107,1.151145339012146,1.151410460472107
1785485700.0,1.151410460472107,1.151543140411377,1.151410460472107,1.151410460472107
1785486000.0,1.151543140411377,1.151543140411377,1.151410460472107,1.151410460472107
1785486300.0,1.1512778997421265,1.151410460472107,1.1512778997421265,1.1512778997421265
1785486600.0,1.151145339012146,1.151145339012146,1.1508804559707642,1.1508804559707642
1785486900.0,1.1508804559707642,1.151012897491455,1.1508804559707642,1.1508804559707642
1785487200.0,1.151012897491455,1.1512778997421265,1.151012897491455,1.151145339012146
1785487500.0,1.1512778997421265,1.1518083810806274,1.1512778997421265,1.1518083810806274
1785487800.0,1.1518083810806274,1.1518083810806274,1.1516757011413574,1.1518083810806274
1785488100.0,1.1518083810806274,1.1528706550598145,1.1518083810806274,1.1528706550598145
1785488400.0,1.1527377367019653,1.1527377367019653,1.1526048183441162,1.1526048183441162
1785488700.0,1.1520737409591675,1.1524720191955566,1.1520737409591675,1.1520737409591675
1785489000.0,1.1519410610198975,1.1520737409591675,1.1519410610198975,1.1519410610198975
1785489300.0,1.1518083810806274,1.1519410610198975,1.1518083810806274,1.1519410610198975
1785489600.0,1.1518083810806274,1.1520737409591675,1.1518083810806274,1.1518083810806274
1785489900.0,1.1516757011413574,1.1516757011413574,1.1512778997421265,1.1512778997421265
1785490200.0,1.1512778997421265,1.151410460472107,1.151145339012146,1.1512778997421265
1785490500.0,1.151145339012146,1.151145339012146,1.1508804559707642,1.151012897491455
1785490800.0,1.151012897491455,1.151012897491455,1.1508804559707642,1.1508804559707642
1785491100.0,1.1507480144500732,1.1512778997421265,1.1507480144500732,1.1512778997421265
1785491400.0,1.151145339012146,1.151145339012146,1.151145339012146,1.151145339012146
1785491700.0,1.151145339012146,1.151145339012146,1.1508804559707642,1.1508804559707642
1785492000.0,1.1507480144500732,1.151012897491455,1.1507480144500732,1.151012897491455
1785492300.0,1.151012897491455,1.151145339012146,1.151012897491455,1.151012897491455
1785492600.0,1.151012897491455,1.151145339012146,1.151012897491455,1.151145339012146
1785492900.0,1.151012897491455,1.151012897491455,1.1506155729293823,1.1507480144500732
1785493200.0,1.1506155729293823,1.1507480144500732,1.1506155729293823,1.1506155729293823
1785493500.0,1.1506155729293823,1.1506155729293823,1.1506155729293823,1.1506155729293823
1785493800.0,1.1506155729293823,1.1506155729293823,1.1506155729293823,1.1506155729293823
1785494100.0,1.1507480144500732,1.1507480144500732,1.150483250617981,1.150483250617981
1785494400.0,1.1506155729293823,1.1507480144500732,1.150483250617981,1.1507480144500732
1785494700.0,1.1506155729293823,1.1507480144500732,1.1506155729293823,1.1506155729293823
1785495000.0,1.1507480144500732,1.1507480144500732,1.150483250617981,1.150483250617981
1785495300.0,1.150483250617981,1.1506155729293823,1.150483250617981,1.150483250617981
1785495600.0,1.150483250617981,1.150483250617981,1.1502184867858887,1.1502184867858887
1785495900.0,1.15035080909729,1.150483250617981,1.1502184867858887,1.150483250617981
1785496200.0,1.150483250617981,1.150483250617981,1.1502184867858887,1.1502184867858887
1785496500.0,1.1502184867858887,1.1502184867858887,1.1498217582702637,1.1499539613723755
1785496800.0,1.1498217582702637,1.1498217582702637,1.1495574712753296,1.1498217582702637
1785497100.0,1.1498217582702637,1.1498217582702637,1.1496896743774414,1.1496896743774414
1785497400.0,1.1495574712753296,1.1495574712753296,1.1494252681732178,1.1494252681732178
1785497700.0,1.1495574712753296,1.1495574712753296,1.1494252681732178,1.1494252681732178
1785498000.0,1.1495574712753296,1.1495574712753296,1.1492931842803955,1.1494252681732178
1785498300.0,1.1494252681732178,1.1494252681732178,1.1490291357040405,1.1490291357040405
1785498600.0,1.1490291357040405,1.1492931842803955,1.1490291357040405,1.1492931842803955
1785498900.0,1.1491611003875732,1.1491611003875732,1.1488970518112183,1.1488970518112183
1785499200.0,1.1487650871276855,1.1487650871276855,1.1486331224441528,1.1487650871276855
1785499500.0,1.1488970518112183,1.1488970518112183,1.1487650871276855,1.1487650871276855
1785499800.0,1.1487650871276855,1.1490291357040405,1.1487650871276855,1.1490291357040405
1785500100.0,1.1490291357040405,1.1490291357040405,1.1488970518112183,1.1488970518112183
1785500400.0,1.1490291357040405,1.1490291357040405,1.1488970518112183,1.1488970518112183
1785500700.0,1.1491611003875732,1.1491611003875732,1.1487650871276855,1.1487650871276855
1785501000.0,1.1486331224441528,1.1490291357040405,1.1486331224441528,1.1490291357040405
1785501300.0,1.1490291357040405,1.1490291357040405,1.1488970518112183,1.1490291357040405
1785501600.0,1.1488970518112183,1.1488970518112183,1.1487650871276855,1.1488970518112183
1785501900.0,1.1488970518112183,1.1490291357040405,1.1487650871276855,1.1490291357040405
1785502200.0,1.1490291357040405,1.1492931842803955,1.1490291357040405,1.1492931842803955
1785502500.0,1.1492931842803955,1.1494252681732178,1.1491611003875732,1.1492931842803955
1785502800.0,1.1491611003875732,1.1494252681732178,1.1491611003875732,1.1494252681732178
1785503100.0,1.1492931842803955,1.1492931842803955,1.1492931842803955,1.1492931842803955
1785503400.0,1.1492931842803955,1.1494252681732178,1.1491611003875732,1.1491611003875732
1785503700.0,1.1491611003875732,1.1494252681732178,1.1490291357040405,1.1494252681732178
1785504000.0,1.1495574712753296,1.15035080909729,1.1495574712753296,1.15035080909729
1785504300.0,1.1506155729293823,1.1506155729293823,1.15035080909729,1.15035080909729
1785504600.0,1.15035080909729,1.15035080909729,1.1498217582702637,1.1498217582702637
1785504900.0,1.1492931842803955,1.1492931842803955,1.1467890739440918,1.1467890739440918
1785505200.0,1.1461317539215088,1.147315263748169,1.1461317539215088,1.147315263748169
1785505500.0,1.1471836566925049,1.147446870803833,1.1469204425811768,1.1469204425811768
1785505800.0,1.1470520496368408,1.147446870803833,1.1470520496368408,1.147446870803833
1785506100.0,1.1477103233337402,1.1477103233337402,1.1470520496368408,1.1470520496368408
1785506400.0,1.1470520496368408,1.147315263748169,1.1466574668884277,1.147315263748169
1785506700.0,1.1469204425811768,1.1470520496368408,1.1467890739440918,1.1469204425811768
1785507000.0,1.1469204425811768,1.1477103233337402,1.1469204425811768,1.1477103233337402
1785507300.0,1.1477103233337402,1.1481056213378906,1.1475785970687866,1.1475785970687866
1785507600.0,1.1475785970687866,1.1481056213378906,1.1475785970687866,1.1481056213378906
1785507900.0,1.1479737758636475,1.1482374668121338,1.1479737758636475,1.1481056213378906
1785508200.0,1.148369312286377,1.1486331224441528,1.148369312286377,1.1486331224441528
1785508500.0,1.1487650871276855,1.1490291357040405,1.1486331224441528,1.1490291357040405
1785508800.0,1.1492931842803955,1.1492931842803955,1.1491611003875732,1.1492931842803955
1785509100.0,1.1495574712753296,1.1499539613723755,1.1495574712753296,1.1499539613723755
1785509400.0,1.1496896743774414,1.1506155729293823,1.1496896743774414,1.150483250617981
1785509700.0,1.15035080909729,1.1508804559707642,1.15035080909729,1.1508804559707642
1785510000.0,1.151012897491455,1.151012897491455,1.1502184867858887,1.150483250617981
1785510300.0,1.15035080909729,1.1507480144500732,1.15035080909729,1.1506155729293823
1785510600.0,1.1502184867858887,1.1506155729293823,1.1500862836837769,1.1506155729293823
1785510900.0,1.1507480144500732,1.1507480144500732,1.150483250617981,1.150483250617981
1785511200.0,1.150483250617981,1.1507480144500732,1.15035080909729,1.1507480144500732
1785511500.0,1.1506155729293823,1.151145339012146,1.1506155729293823,1.1506155729293823
1785511800.0,1.1507480144500732,1.1507480144500732,1.150483250617981,1.150483250617981
1785512100.0,1.1506155729293823,1.1512778997421265,1.1506155729293823,1.151145339012146
1785512400.0,1.151145339012146,1.1512778997421265,1.151145339012146,1.1512778997421265
1785512700.0,1.151145339012146,1.1516757011413574,1.151145339012146,1.1516757011413574
1785513000.0,1.1516757011413574,1.1519410610198975,1.1516757011413574,1.1519410610198975
1785513300.0,1.1519410610198975,1.1522064208984375,1.1519410610198975,1.1522064208984375
1785513600.0,1.1520737409591675,1.1520737409591675,1.1516757011413574,1.1516757011413574
1785513900.0,1.1518083810806274,1.1518083810806274,1.1516757011413574,1.1516757011413574
1785514200.0,1.1518083810806274,1.1522064208984375,1.1518083810806274,1.1522064208984375
1785514500.0,1.1519410610198975,1.1520737409591675,1.1519410610198975,1.1520737409591675
1785514800.0,1.1519410610198975,1.1519410610198975,1.1516757011413574,1.1516757011413574
1785515100.0,1.1516757011413574,1.1518083810806274,1.1516757011413574,1.1516757011413574
1785515400.0,1.1516757011413574,1.1519410610198975,1.1516757011413574,1.1519410610198975
1785515700.0,1.1519410610198975,1.1520737409591675,1.1519410610198975,1.1519410610198975
1785516000.0,1.1519410610198975,1.1519410610198975,1.1516757011413574,1.1516757011413574
1785516300.0,1.1518083810806274,1.1519410610198975,1.1518083810806274,1.1519410610198975
1785516600.0,1.1519410610198975,1.1520737409591675,1.1519410610198975,1.1520737409591675
1785516900.0,1.1519410610198975,1.1520737409591675,1.1519410610198975,1.1520737409591675
1785517200.0,1.1522064208984375,1.1522064208984375,1.1520737409591675,1.1522064208984375
1785517500.0,1.1522064208984375,1.1522064208984375,1.1522064208984375,1.1522064208984375
1785517800.0,1.1520737409591675,1.1526048183441162,1.1520737409591675,1.1526048183441162
1785518100.0,1.1526048183441162,1.1526048183441162,1.1524720191955566,1.1524720191955566
1785518400.0,1.152339220046997,1.1526048183441162,1.152339220046997,1.1526048183441162
1785518700.0,1.1527377367019653,1.1530035734176636,1.1526048183441162,1.1530035734176636
1785519000.0,1.1531364917755127,1.1535356044769287,1.1531364917755127,1.15340256690979
1785519300.0,1.1535356044769287,1.1536686420440674,1.1535356044769287,1.1535356044769287
1785519600.0,1.1538017988204956,1.1538017988204956,1.1536686420440674,1.1538017988204956
1785519900.0,1.1538017988204956,1.1538017988204956,1.1531364917755127,1.1535356044769287
1785520200.0,1.1536686420440674,1.154068112373352,1.1536686420440674,1.1539349555969238
1785520500.0,1.1539349555969238,1.1539349555969238,1.1538017988204956,1.1538017988204956
1785520800.0,1.1536686420440674,1.1538017988204956,1.1535356044769287,1.1536686420440674
1785521100.0,1.1536686420440674,1.1536686420440674,1.1535356044769287,1.1535356044769287
1785521400.0,1.1535356044769287,1.1535356044769287,1.15340256690979,1.15340256690979
1785521700.0,1.1531364917755127,1.15340256690979,1.1531364917755127,1.15340256690979
1785522000.0,1.1532695293426514,1.1532695293426514,1.1531364917755127,1.1532695293426514
1785522300.0,1.1532695293426514,1.15340256690979,1.1531364917755127,1.1532695293426514
1785522600.0,1.1532695293426514,1.1532695293426514,1.1531364917755127,1.1531364917755127
1785522900.0,1.1530035734176636,1.15340256690979,1.1530035734176636,1.1532695293426514
1785523200.0,1.1532695293426514,1.1532695293426514,1.1531364917755127,1.1531364917755127
1785523500.0,1.1530035734176636,1.1530035734176636,1.1528706550598145,1.1528706550598145
1785523800.0,1.1528706550598145,1.1531364917755127,1.1528706550598145,1.1531364917755127
1785524100.0,1.1532695293426514,1.15340256690979,1.1531364917755127,1.15340256690979
1785524400.0,1.1535356044769287,1.1536686420440674,1.1535356044769287,1.1536686420440674
1785524700.0,1.1536686420440674,1.1536686420440674,1.1535356044769287,1.1536686420440674
1785525000.0,1.1536686420440674,1.1536686420440674,1.1535356044769287,1.1535356044769287
1785525300.0,1.1535356044769287,1.1535356044769287,1.15340256690979,1.15340256690979
1785525600.0,1.15340256690979,1.15340256690979,1.15340256690979,1.15340256690979
1785525900.0,1.15340256690979,1.1535356044769287,1.15340256690979,1.1535356044769287
1785526200.0,1.15340256690979,1.15340256690979,1.1531364917755127,1.1532695293426514
1785526500.0,1.1531364917755127,1.1532695293426514,1.1530035734176636,1.1532695293426514
1785526800.0,1.1532695293426514,1.1535356044769287,1.1532695293426514,1.1535356044769287
1785527100.0,1.1536686420440674,1.1538017988204956,1.1536686420440674,1.1536686420440674
1785527400.0,1.1536686420440674,1.1538017988204956,1.1536686420440674,1.1538017988204956
1785527700.0,1.1539349555969238,1.1539349555969238,1.15340256690979,1.15340256690979
1785528000.0,1.15340256690979,1.15340256690979,1.1532695293426514,1.1532695293426514
1785528300.0,1.1531364917755127,1.1532695293426514,1.1528706550598145,1.1528706550598145
1785528600.0,1.1531364917755127,1.1531364917755127,1.1530035734176636,1.1531364917755127
1785528900.0,1.15340256690979,1.1536686420440674,1.15340256690979,1.1536686420440674
1785529200.0,1.1539349555969238,1.1542012691497803,1.1539349555969238,1.1542012691497803
1785529500.0,1.1539349555969238,1.154068112373352,1.1536686420440674,1.1539349555969238
1785529800.0,1.1539349555969238,1.1542012691497803,1.1538017988204956,1.1538017988204956
1785530100.0,1.1539349555969238,1.1542012691497803,1.1539349555969238,1.1542012691497803
1785530400.0,1.1539349555969238,1.154334545135498,1.1539349555969238,1.154334545135498
1785530700.0,1.1544678211212158,1.1547343730926514,1.1544678211212158,1.1547343730926514
1785531000.0,1.1546010971069336,1.155001163482666,1.1539349555969238,1.1539349555969238
1785531300.0,1.154334545135498,1.154334545135498,1.1532695293426514,1.1532695293426514
1785531600.0,1.1527377367019653,1.1527377367019653,1.1527377367019653,1.1527377367019653
1785531900.0,1.1527377367019653,1.1527377367019653,1.1527377367019653,1.1527377367019653
1785532200.0,1.1527377367019653,1.1527377367019653,1.1527377367019653,1.1527377367019653
1785532500.0,1.1527377367019653,1.1527377367019653,1.1527377367019653,1.1527377367019653
1785532800.0,1.1527377367019653,1.1527377367019653,1.1527377367019653,1.1527377367019653
1785533100.0,1.1527377367019653,1.1527377367019653,1.1527377367019653,1.1527377367019653
1785711600.0,1.1552680730819702,1.1552680730819702,1.1548677682876587,1.155001163482666
1785711900.0,1.1548677682876587,1.155001163482666,1.1548677682876587,1.1548677682876587
1785712200.0,1.1548677682876587,1.1548677682876587,1.1547343730926514,1.1548677682876587
1785712500.0,1.1548677682876587,1.1548677682876587,1.1547343730926514,1.1547343730926514
1785712800.0,1.1547343730926514,1.1547343730926514,1.1546010971069336,1.1547343730926514
1785713100.0,1.1547343730926514,1.1548677682876587,1.1547343730926514,1.1548677682876587
1785713400.0,1.1548677682876587,1.1548677682876587,1.1547343730926514,1.1547343730926514
1785713700.0,1.1547343730926514,1.1548677682876587,1.1547343730926514,1.1547343730926514
1785714000.0,1.1547343730926514,1.1547343730926514,1.1546010971069336,1.1547343730926514
1785714300.0,1.1547343730926514,1.1547343730926514,1.1546010971069336,1.1547343730926514
1785714600.0,1.1547343730926514,1.1547343730926514,1.1546010971069336,1.1546010971069336
1785714900.0,1.1547343730926514,1.1547343730926514,1.1546010971069336,1.1547343730926514
1785715200.0,1.154334545135498,1.154334545135498,1.1539349555969238,1.154068112373352
1785715500.0,1.154334545135498,1.154334545135498,1.154068112373352,1.154068112373352
1785715800.0,1.154068112373352,1.1542012691497803,1.1539349555969238,1.154068112373352
1785716100.0,1.154068112373352,1.1542012691497803,1.154068112373352,1.1542012691497803
1785716400.0,1.154068112373352,1.154334545135498,1.1539349555969238,1.154334545135498
1785716700.0,1.154334545135498,1.1551345586776733,1.1542012691497803,1.1551345586776733
1785717000.0,1.1552680730819702,1.155401587486267,1.1552680730819702,1.155401587486267
1785717300.0,1.1555349826812744,1.1556684970855713,1.1551345586776733,1.1552680730819702
1785717600.0,1.1555349826812744,1.1558021306991577,1.1555349826812744,1.1558021306991577
1785717900.0,1.1558021306991577,1.1558021306991577,1.155001163482666,1.1551345586776733
1785718200.0,1.1552680730819702,1.1552680730819702,1.1547343730926514,1.1547343730926514
1785718500.0,1.1546010971069336,1.1546010971069336,1.1546010971069336,1.1546010971069336
1785718800.0,1.154334545135498,1.1547343730926514,1.154334545135498,1.1546010971069336
1785719100.0,1.1544678211212158,1.1544678211212158,1.154068112373352,1.154068112373352
1785719400.0,1.1542012691497803,1.1542012691497803,1.1539349555969238,1.1539349555969238
1785719700.0,1.1539349555969238,1.1539349555969238,1.1538017988204956,1.1538017988204956
1785720000.0,1.1538017988204956,1.1538017988204956,1.1536686420440674,1.1536686420440674
1785720300.0,1.1538017988204956,1.1538017988204956,1.1535356044769287,1.1535356044769287
1785720600.0,1.1535356044769287,1.1536686420440674,1.15340256690979,1.15340256690979
1785720900.0,1.1535356044769287,1.1535356044769287,1.15340256690979,1.15340256690979
1785721200.0,1.1535356044769287,1.1536686420440674,1.1535356044769287,1.1535356044769287
1785721500.0,1.1535356044769287,1.1535356044769287,1.1535356044769287,1.1535356044769287
1785721800.0,1.1535356044769287,1.1535356044769287,1.15340256690979,1.15340256690979
1785722100.0,1.15340256690979,1.1535356044769287,1.15340256690979,1.1535356044769287
1785722400.0,1.1535356044769287,1.1536686420440674,1.1535356044769287,1.1536686420440674
1785722700.0,1.1536686420440674,1.1536686420440674,1.1535356044769287,1.1535356044769287
1785723000.0,1.15340256690979,1.15340256690979,1.15340256690979,1.15340256690979
1785723300.0,1.1532695293426514,1.1535356044769287,1.1532695293426514,1.1535356044769287
1785723600.0,1.1535356044769287,1.1535356044769287,1.15340256690979,1.15340256690979
1785723900.0,1.1535356044769287,1.1536686420440674,1.1535356044769287,1.1536686420440674
1785724200.0,1.1536686420440674,1.1536686420440674,1.1535356044769287,1.1535356044769287
1785724500.0,1.1538017988204956,1.1538017988204956,1.1538017988204956,1.1538017988204956
1785724800.0,1.1538017988204956,1.1538017988204956,1.1535356044769287,1.1535356044769287
1785725100.0,1.1535356044769287,1.1535356044769287,1.1535356044769287,1.1535356044769287
1785725400.0,1.1536686420440674,1.1536686420440674,1.1535356044769287,1.1535356044769287
1785725700.0,1.15340256690979,1.1535356044769287,1.15340256690979,1.15340256690979
1785726000.0,1.15340256690979,1.15340256690979,1.1532695293426514,1.1532695293426514
1785726300.0,1.1532695293426514,1.15340256690979,1.1532695293426514,1.1532695293426514
1785726600.0,1.1531364917755127,1.1531364917755127,1.1531364917755127,1.1531364917755127
1785726900.0,1.1530035734176636,1.1531364917755127,1.1530035734176636,1.1531364917755127
1785727200.0,1.1531364917755127,1.1532695293426514,1.1531364917755127,1.1532695293426514
1785727500.0,1.1532695293426514,1.1532695293426514,1.1532695293426514,1.1532695293426514
1785727800.0,1.1531364917755127,1.1531364917755127,1.1531364917755127,1.1531364917755127
1785728100.0,1.1531364917755127,1.1531364917755127,1.1531364917755127,1.1531364917755127
1785728400.0,1.1531364917755127,1.1531364917755127,1.1530035734176636,1.1531364917755127
1785728700.0,1.1531364917755127,1.1531364917755127,1.1531364917755127,1.1531364917755127
1785729000.0,1.1531364917755127,1.1531364917755127,1.1531364917755127,1.1531364917755127
1785729300.0,1.1531364917755127,1.15340256690979,1.1531364917755127,1.15340256690979
1785729600.0,1.15340256690979,1.15340256690979,1.15340256690979,1.15340256690979
1785729900.0,1.1532695293426514,1.15340256690979,1.1532695293426514,1.1532695293426514
1785730200.0,1.1532695293426514,1.1535356044769287,1.1532695293426514,1.1535356044769287
1785730500.0,1.1535356044769287,1.1535356044769287,1.15340256690979,1.1535356044769287
1785730800.0,1.1536686420440674,1.1536686420440674,1.1535356044769287,1.1535356044769287
1785731100.0,1.1535356044769287,1.1536686420440674,1.1535356044769287,1.1536686420440674
1785731400.0,1.1536686420440674,1.1536686420440674,1.1535356044769287,1.1536686420440674
1785731700.0,1.1538017988204956,1.1538017988204956,1.1536686420440674,1.1538017988204956
1785732000.0,1.1538017988204956,1.1539349555969238,1.1536686420440674,1.1539349555969238
1785732300.0,1.1538017988204956,1.1538017988204956,1.1538017988204956,1.1538017988204956
1785732600.0,1.1538017988204956,1.1538017988204956,1.1536686420440674,1.1536686420440674
1785732900.0,1.1536686420440674,1.1538017988204956,1.1536686420440674,1.1538017988204956
1785733200.0,1.1538017988204956,1.1539349555969238,1.1538017988204956,1.1538017988204956
1785733500.0,1.1536686420440674,1.1538017988204956,1.1535356044769287,1.1535356044769287
1785733800.0,1.1535356044769287,1.1536686420440674,1.1535356044769287,1.1536686420440674
1785734100.0,1.1536686420440674,1.1536686420440674,1.1536686420440674,1.1536686420440674
1785734400.0,1.1536686420440674,1.1538017988204956,1.1536686420440674,1.1536686420440674
1785734700.0,1.1535356044769287,1.1536686420440674,1.1535356044769287,1.1536686420440674
1785735000.0,1.1538017988204956,1.1539349555969238,1.1538017988204956,1.1539349555969238
1785735300.0,1.1539349555969238,1.1539349555969238,1.1538017988204956,1.1538017988204956
1785735600.0,1.1538017988204956,1.1539349555969238,1.1536686420440674,1.1539349555969238
1785735900.0,1.1539349555969238,1.154068112373352,1.1539349555969238,1.1539349555969238
1785736200.0,1.1539349555969238,1.1539349555969238,1.1538017988204956,1.1539349555969238
1785736500.0,1.154068112373352,1.154068112373352,1.154068112373352,1.154068112373352
1785736800.0,1.1542012691497803,1.1542012691497803,1.154068112373352,1.154068112373352
1785737100.0,1.1542012691497803,1.1542012691497803,1.1538017988204956,1.1538017988204956
1785737400.0,1.1538017988204956,1.1539349555969238,1.1536686420440674,1.1536686420440674
1785737700.0,1.1536686420440674,1.1538017988204956,1.1536686420440674,1.1538017988204956
1785738000.0,1.1538017988204956,1.1538017988204956,1.1535356044769287,1.1536686420440674
1785738300.0,1.1536686420440674,1.1536686420440674,1.1535356044769287,1.1536686420440674
1785738600.0,1.1536686420440674,1.1536686420440674,1.15340256690979,1.15340256690979
1785738900.0,1.1532695293426514,1.1532695293426514,1.1528706550598145,1.1528706550598145
1785739200.0,1.1528706550598145,1.1528706550598145,1.1528706550598145,1.1528706550598145
1785739500.0,1.1527377367019653,1.1528706550598145,1.1527377367019653,1.1528706550598145
1785739800.0,1.1528706550598145,1.1530035734176636,1.1528706550598145,1.1530035734176636
1785740100.0,1.1530035734176636,1.1531364917755127,1.1530035734176636,1.1530035734176636
1785740400.0,1.1531364917755127,1.1531364917755127,1.1528706550598145,1.1528706550598145
1785740700.0,1.1527377367019653,1.1528706550598145,1.1526048183441162,1.1528706550598145
1785741000.0,1.1530035734176636,1.1532695293426514,1.1530035734176636,1.1532695293426514
1785741300.0,1.1532695293426514,1.1532695293426514,1.1524720191955566,1.1527377367019653
1785741600.0,1.1528706550598145,1.1530035734176636,1.1528706550598145,1.1528706550598145
1785741900.0,1.1530035734176636,1.1532695293426514,1.1530035734176636,1.1532695293426514
1785742200.0,1.15340256690979,1.1535356044769287,1.15340256690979,1.1535356044769287
1785742500.0,1.15340256690979,1.15340256690979,1.1530035734176636,1.1530035734176636
1785742800.0,1.1530035734176636,1.1530035734176636,1.1527377367019653,1.1530035734176636
1785743100.0,1.1530035734176636,1.1530035734176636,1.1528706550598145,1.1528706550598145
1785743400.0,1.1528706550598145,1.1530035734176636,1.1528706550598145,1.1530035734176636
1785743700.0,1.1528706550598145,1.1530035734176636,1.1527377367019653,1.1530035734176636
1785744000.0,1.1527377367019653,1.1528706550598145,1.1527377367019653,1.1527377367019653
1785744300.0,1.1528706550598145,1.1528706550598145,1.1527377367019653,1.1527377367019653
1785744600.0,1.1527377367019653,1.1530035734176636,1.1527377367019653,1.1530035734176636
1785744900.0,1.1528706550598145,1.1528706550598145,1.1526048183441162,1.1526048183441162
1785745200.0,1.1526048183441162,1.1530035734176636,1.1526048183441162,1.1530035734176636
1785745500.0,1.1528706550598145,1.1528706550598145,1.1527377367019653,1.1527377367019653
1785745800.0,1.1527377367019653,1.1528706550598145,1.1527377367019653,1.1528706550598145
1785746100.0,1.1528706550598145,1.1528706550598145,1.1527377367019653,1.1528706550598145
1785746400.0,1.1527377367019653,1.1528706550598145,1.1527377367019653,1.1528706550598145
1785746700.0,1.1527377367019653,1.1528706550598145,1.1527377367019653,1.1527377367019653
1785747000.0,1.1527377367019653,1.1527377367019653,1.1524720191955566,1.1526048183441162
1785747300.0,1.1526048183441162,1.1527377367019653,1.1526048183441162,1.1526048183441162
1785747600.0,1.1527377367019653,1.1527377367019653,1.1524720191955566,1.1524720191955566
1785747900.0,1.1526048183441162,1.1526048183441162,1.152339220046997,1.1526048183441162
1785748200.0,1.1527377367019653,1.1528706550598145,1.1527377367019653,1.1528706550598145
1785748500.0,1.1527377367019653,1.1527377367019653,1.1524720191955566,1.1526048183441162
1785748800.0,1.1526048183441162,1.1527377367019653,1.1526048183441162,1.1526048183441162
1785749100.0,1.1526048183441162,1.1527377367019653,1.1524720191955566,1.1527377367019653
1785749400.0,1.1527377367019653,1.1528706550598145,1.1527377367019653,1.1527377367019653
1785749700.0,1.1527377367019653,1.1528706550598145,1.1527377367019653,1.1528706550598145
1785750000.0,1.1530035734176636,1.1531364917755127,1.1530035734176636,1.1531364917755127
1785750300.0,1.1531364917755127,1.1532695293426514,1.1531364917755127,1.1531364917755127
1785750600.0,1.1532695293426514,1.1532695293426514,1.1531364917755127,1.1531364917755127
1785750900.0,1.1531364917755127,1.1531364917755127,1.1526048183441162,1.1526048183441162
1785751200.0,1.1524720191955566,1.1527377367019653,1.1524720191955566,1.1527377367019653
1785751500.0,1.1527377367019653,1.1527377367019653,1.1526048183441162,1.1526048183441162
1785751800.0,1.1526048183441162,1.1527377367019653,1.1524720191955566,1.1527377367019653
1785752100.0,1.1526048183441162,1.1527377367019653,1.1520737409591675,1.1522064208984375
1785752400.0,1.152339220046997,1.1524720191955566,1.1522064208984375,1.1524720191955566
1785752700.0,1.1524720191955566,1.1527377367019653,1.1524720191955566,1.1526048183441162
1785753000.0,1.1526048183441162,1.1526048183441162,1.1524720191955566,1.1526048183441162
1785753300.0,1.1526048183441162,1.1526048183441162,1.1524720191955566,1.1526048183441162
1785753600.0,1.1526048183441162,1.1526048183441162,1.1524720191955566,1.1524720191955566
1785753900.0,1.152339220046997,1.1524720191955566,1.152339220046997,1.1524720191955566
1785754200.0,1.1524720191955566,1.1527377367019653,1.1524720191955566,1.1526048183441162
1785754500.0,1.1527377367019653,1.1527377367019653,1.1526048183441162,1.1526048183441162
1785754800.0,1.1527377367019653,1.1528706550598145,1.1527377367019653,1.1528706550598145
1785755100.0,1.1530035734176636,1.1530035734176636,1.1528706550598145,1.1528706550598145
1785755400.0,1.1530035734176636,1.1530035734176636,1.1528706550598145,1.1528706550598145
1785755700.0,1.1528706550598145,1.1528706550598145,1.1527377367019653,1.1527377367019653
1785756000.0,1.1527377367019653,1.1527377367019653,1.1524720191955566,1.1524720191955566
1785756300.0,1.1524720191955566,1.1526048183441162,1.1524720191955566,1.1524720191955566
1785756600.0,1.1526048183441162,1.1528706550598145,1.1526048183441162,1.1528706550598145
1785756900.0,1.1527377367019653,1.1528706550598145,1.1527377367019653,1.1527377367019653
1785757200.0,1.1528706550598145,1.1528706550598145,1.1527377367019653,1.1528706550598145
1785757500.0,1.1530035734176636,1.1530035734176636,1.1530035734176636,1.1530035734176636
1785757800.0,1.1531364917755127,1.1532695293426514,1.1531364917755127,1.1532695293426514
1785758100.0,1.1532695293426514,1.1535356044769287,1.1532695293426514,1.1535356044769287
1785758400.0,1.1536686420440674,1.1536686420440674,1.1535356044769287,1.1536686420440674
1785758700.0,1.1536686420440674,1.1538017988204956,1.1536686420440674,1.1538017988204956
1785759000.0,1.1536686420440674,1.1536686420440674,1.15340256690979,1.15340256690979
1785759300.0,1.1535356044769287,1.1536686420440674,1.15340256690979,1.15340256690979
1785759600.0,1.15340256690979,1.15340256690979,1.1532695293426514,1.15340256690979
1785759900.0,1.1535356044769287,1.1535356044769287,1.1532695293426514,1.15340256690979
1785760200.0,1.15340256690979,1.1536686420440674,1.1532695293426514,1.1536686420440674
1785760500.0,1.1535356044769287,1.1535356044769287,1.1530035734176636,1.1531364917755127
1785760800.0,1.1531364917755127,1.1531364917755127,1.1528706550598145,1.1528706550598145
1785761100.0,1.1528706550598145,1.1528706550598145,1.1527377367019653,1.1527377367019653
1785761400.0,1.1528706550598145,1.1530035734176636,1.1526048183441162,1.1530035734176636
1785761700.0,1.1530035734176636,1.1531364917755127,1.1530035734176636,1.1531364917755127
1785762000.0,1.1532695293426514,1.15340256690979,1.1532695293426514,1.15340256690979
1785762300.0,1.15340256690979,1.15340256690979,1.1531364917755127,1.15340256690979
1785762600.0,1.1535356044769287,1.1536686420440674,1.1532695293426514,1.1532695293426514
1785762900.0,1.1532695293426514,1.1532695293426514,1.1530035734176636,1.1531364917755127
1785763200.0,1.1532695293426514,1.1532695293426514,1.1528706550598145,1.1528706550598145
1785763500.0,1.1528706550598145,1.1535356044769287,1.1528706550598145,1.1535356044769287
1785763800.0,1.1535356044769287,1.1538017988204956,1.1532695293426514,1.1532695293426514
1785764100.0,1.1532695293426514,1.1532695293426514,1.1530035734176636,1.1530035734176636
1785764400.0,1.1530035734176636,1.1532695293426514,1.1530035734176636,1.1530035734176636
1785764700.0,1.1532695293426514,1.1532695293426514,1.1530035734176636,1.1530035734176636
1785765000.0,1.1530035734176636,1.1531364917755127,1.1528706550598145,1.1528706550598145
1785765300.0,1.1527377367019653,1.1530035734176636,1.1526048183441162,1.1530035734176636
1785765600.0,1.1526048183441162,1.1530035734176636,1.1524720191955566,1.1524720191955566
1785765900.0,1.1526048183441162,1.1527377367019653,1.1522064208984375,1.1522064208984375
1785766200.0,1.152339220046997,1.152339220046997,1.1519410610198975,1.1519410610198975
1785766500.0,1.1520737409591675,1.1522064208984375,1.1519410610198975,1.1519410610198975
1785766800.0,1.1522064208984375,1.152339220046997,1.1520737409591675,1.152339220046997
1785767100.0,1.1520737409591675,1.152339220046997,1.1519410610198975,1.1519410610198975
1785767400.0,1.1518083810806274,1.1520737409591675,1.1518083810806274,1.1520737409591675
1785767700.0,1.1520737409591675,1.1520737409591675,1.1518083810806274,1.1518083810806274
1785768000.0,1.1518083810806274,1.1518083810806274,1.151410460472107,1.1516757011413574
1785768300.0,1.1516757011413574,1.1518083810806274,1.151543140411377,1.1516757011413574
1785768600.0,1.1518083810806274,1.1518083810806274,1.151543140411377,1.1516757011413574
1785768900.0,1.1516757011413574,1.1519410610198975,1.1516757011413574,1.1518083810806274
1785769200.0,1.151543140411377,1.151543140411377,1.151145339012146,1.151145339012146
1785769500.0,1.1512778997421265,1.151410460472107,1.1508804559707642,1.1508804559707642
1785769800.0,1.1507480144500732,1.1507480144500732,1.1506155729293823,1.1506155729293823
1785770100.0,1.1507480144500732,1.1508804559707642,1.1506155729293823,1.1508804559707642
1785770400.0,1.1508804559707642,1.151012897491455,1.1507480144500732,1.1508804559707642
1785770700.0,1.151012897491455,1.151012897491455,1.1507480144500732,1.1507480144500732
1785771000.0,1.1507480144500732,1.1508804559707642,1.1506155729293823,1.1508804559707642
1785771300.0,1.1507480144500732,1.1508804559707642,1.1506155729293823,1.1507480144500732
1785771600.0,1.1507480144500732,1.1507480144500732,1.1507480144500732,1.1507480144500732
1785771900.0,1.1507480144500732,1.1508804559707642,1.1507480144500732,1.1508804559707642
1785772200.0,1.1508804559707642,1.151145339012146,1.1508804559707642,1.151145339012146
1785772500.0,1.151145339012146,1.1512778997421265,1.151145339012146,1.1512778997421265
1785772800.0,1.1512778997421265,1.151410460472107,1.1512778997421265,1.1512778997421265
1785773100.0,1.1512778997421265,1.1512778997421265,1.151012897491455,1.1512778997421265
1785773400.0,1.151410460472107,1.151410460472107,1.151145339012146,1.151145339012146
1785773700.0,1.151012897491455,1.151012897491455,1.1508804559707642,1.1508804559707642
1785774000.0,1.151012897491455,1.151012897491455,1.1508804559707642,1.151012897491455
1785774300.0,1.151145339012146,1.151145339012146,1.1508804559707642,1.1508804559707642
1785774600.0,1.1508804559707642,1.151012897491455,1.1508804559707642,1.151012897491455
1785774900.0,1.1508804559707642,1.151012897491455,1.1508804559707642,1.151012897491455
1785775200.0,1.151145339012146,1.151145339012146,1.151012897491455,1.151012897491455
1785775500.0,1.151012897491455,1.151012897491455,1.1508804559707642,1.1508804559707642
1785775800.0,1.151012897491455,1.151145339012146,1.151012897491455,1.151012897491455
1785776100.0,1.151145339012146,1.151145339012146,1.151012897491455,1.151012897491455
1785776400.0,1.1508804559707642,1.1508804559707642,1.1507480144500732,1.1507480144500732
1785776700.0,1.1507480144500732,1.1508804559707642,1.1507480144500732,1.1507480144500732
1785777000.0,1.1507480144500732,1.1507480144500732,1.1507480144500732,1.1507480144500732
1785777300.0,1.1506155729293823,1.1506155729293823,1.1506155729293823,1.1506155729293823
1785777600.0,1.1506155729293823,1.1506155729293823,1.1506155729293823,1.1506155729293823
1785777900.0,1.1506155729293823,1.1507480144500732,1.1506155729293823,1.1507480144500732
1785778200.0,1.1507480144500732,1.1507480144500732,1.1507480144500732,1.1507480144500732
1785778500.0,1.1507480144500732,1.1507480144500732,1.1506155729293823,1.1506155729293823
1785778800.0,1.1507480144500732,1.1507480144500732,1.1506155729293823,1.1507480144500732
1785779100.0,1.1507480144500732,1.1508804559707642,1.1507480144500732,1.1508804559707642
1785779400.0,1.1507480144500732,1.1507480144500732,1.1506155729293823,1.1506155729293823
1785779700.0,1.1506155729293823,1.1506155729293823,1.150483250617981,1.150483250617981
1785780000.0,1.150483250617981,1.1506155729293823,1.150483250617981,1.1506155729293823
1785780300.0,1.1506155729293823,1.1508804559707642,1.1506155729293823,1.1508804559707642
1785780600.0,1.1508804559707642,1.1508804559707642,1.1508804559707642,1.1508804559707642
1785780900.0,1.151012897491455,1.1512778997421265,1.151012897491455,1.1512778997421265
1785781200.0,1.1512778997421265,1.1512778997421265,1.151145339012146,1.151145339012146
1785781500.0,1.1512778997421265,1.1512778997421265,1.1512778997421265,1.1512778997421265
1785781800.0,1.1512778997421265,1.151410460472107,1.1512778997421265,1.1512778997421265
1785782100.0,1.1512778997421265,1.1512778997421265,1.1512778997421265,1.1512778997421265
1785782400.0,1.1512778997421265,1.151543140411377,1.1512778997421265,1.151543140411377
1785782700.0,1.151543140411377,1.151543140411377,1.151410460472107,1.151543140411377
1785783000.0,1.1516757011413574,1.1518083810806274,1.1516757011413574,1.1518083810806274
1785783300.0,1.1516757011413574,1.1518083810806274,1.1516757011413574,1.1516757011413574
1785783600.0,1.1516757011413574,1.1518083810806274,1.1516757011413574,1.1518083810806274
1785783900.0,1.1518083810806274,1.1518083810806274,1.1516757011413574,1.1516757011413574
1785784200.0,1.1516757011413574,1.1516757011413574,1.1516757011413574,1.1516757011413574
1785784500.0,1.1516757011413574,1.1516757011413574,1.151543140411377,1.151543140411377
1785784800.0,1.1516757011413574,1.1516757011413574,1.151543140411377,1.1516757011413574
1785785100.0,1.1516757011413574,1.1516757011413574,1.1516757011413574,1.1516757011413574
1785785400.0,1.151543140411377,1.151543140411377,1.151543140411377,1.151543140411377
1785785700.0,1.1516757011413574,1.1516757011413574,1.151543140411377,1.151543140411377
1785786000.0,1.1516757011413574,1.1516757011413574,1.151543140411377,1.151543140411377
1785786300.0,1.151543140411377,1.1516757011413574,1.151543140411377,1.1516757011413574
1785786600.0,1.151543140411377,1.151543140411377,1.151543140411377,1.151543140411377
1785786900.0,1.151410460472107,1.151410460472107,1.1512778997421265,1.151410460472107
1785787200.0,1.151410460472107,1.151410460472107,1.1512778997421265,1.151410460472107
1785787500.0,1.151410460472107,1.151410460472107,1.1512778997421265,1.1512778997421265
1785787800.0,1.1512778997421265,1.1512778997421265,1.151145339012146,1.151145339012146
1785788100.0,1.151012897491455,1.151012897491455,1.151012897491455,1.151012897491455
1785788400.0,1.151012897491455,1.151145339012146,1.151012897491455,1.151145339012146
1785788700.0,1.151012897491455,1.151145339012146,1.151012897491455,1.151012897491455
1785789000.0,1.151145339012146,1.1512778997421265,1.151145339012146,1.1512778997421265
1785789300.0,1.1512778997421265,1.1512778997421265,1.151145339012146,1.151145339012146
1785789600.0,1.151145339012146,1.1512778997421265,1.151145339012146,1.1512778997421265
1785789900.0,1.1512778997421265,1.1512778997421265,1.1512778997421265,1.1512778997421265
1785790200.0,1.1512778997421265,1.1512778997421265,1.151145339012146,1.151145339012146
1785790500.0,1.1512778997421265,1.1512778997421265,1.151145339012146,1.151145339012146
1785790800.0,1.1516757011413574,1.1518083810806274,1.1512778997421265,1.1512778997421265
1785791100.0,1.151410460472107,1.151543140411377,1.151410460472107,1.151543140411377
1785791400.0,1.151410460472107,1.151410460472107,1.151410460472107,1.151410460472107
1785791700.0,1.151012897491455,1.151410460472107,1.151012897491455,1.151410460472107
1785792000.0,1.151145339012146,1.151410460472107,1.151145339012146,1.1512778997421265
1785792300.0,1.151410460472107,1.151543140411377,1.151145339012146,1.1512778997421265
1785792600.0,1.151410460472107,1.151543140411377,1.1512778997421265,1.151543140411377
1785792900.0,1.1512778997421265,1.151410460472107,1.1512778997421265,1.151410460472107
1785793200.0,1.1512778997421265,1.151543140411377,1.1512778997421265,1.151410460472107
1785793500.0,1.151410460472107,1.1516757011413574,1.1512778997421265,1.1512778997421265
1785793800.0,1.151410460472107,1.1516757011413574,1.151410460472107,1.151410460472107
1785794100.0,1.151410460472107,1.151410460472107,1.1512778997421265,1.151410460472107
1785794400.0,1.151543140411377,1.151543140411377,1.151012897491455,1.151145339012146
1785794700.0,1.151145339012146,1.151145339012146,1.151145339012146,1.151145339012146
1785795000.0,1.151012897491455,1.151145339012146,1.151012897491455,1.151012897491455
1785795300.0,1.151145339012146,1.151145339012146,1.151145339012146,1.151145339012146
1785795600.0,1.151145339012146,1.151145339012146,1.151145339012146,1.151145339012146
1785795900.0,1.151145339012146,1.151145339012146,1.151012897491455,1.151012897491455
1785796200.0,1.151145339012146,1.151145339012146,1.151145339012146,1.151145339012146
1785796500.0,1.151145339012146,1.151145339012146,1.151012897491455,1.151145339012146
1785796800.0,1.151145339012146,1.151145339012146,1.151145339012146,1.151145339012146
1785797100.0,1.151145339012146,1.1512778997421265,1.151145339012146,1.1512778997421265
1785797400.0,1.151145339012146,1.1512778997421265,1.151145339012146,1.1512778997421265
1785797700.0,1.1512778997421265,1.1512778997421265,1.151145339012146,1.151145339012146
1785798000.0,1.1512778997421265,1.1512778997421265,1.151145339012146,1.151145339012146
1785798300.0,1.1512778997421265,1.1512778997421265,1.151145339012146,1.1512778997421265
1785798600.0,1.1512778997421265,1.1512778997421265,1.1512778997421265,1.1512778997421265
1785798900.0,1.1512778997421265,1.151410460472107,1.1512778997421265,1.1512778997421265
1785799200.0,1.1512778997421265,1.1512778997421265,1.1512778997421265,1.1512778997421265
1785799500.0,1.1512778997421265,1.1512778997421265,1.1512778997421265,1.1512778997421265
1785799800.0,1.1512778997421265,1.1512778997421265,1.1512778997421265,1.1512778997421265
1785800100.0,1.151145339012146,1.151145339012146,1.151145339012146,1.151145339012146
1785800400.0,1.151145339012146,1.151145339012146,1.151012897491455,1.151145339012146
1785800700.0,1.151145339012146,1.151145339012146,1.151012897491455,1.151145339012146
1785801000.0,1.151012897491455,1.151012897491455,1.151012897491455,1.151012897491455
1785801300.0,1.151012897491455,1.151145339012146,1.151012897491455,1.151012897491455
1785801600.0,1.151145339012146,1.151410460472107,1.151145339012146,1.151410460472107
1785801900.0,1.1512778997421265,1.1516757011413574,1.1512778997421265,1.1516757011413574
1785802200.0,1.151410460472107,1.151410460472107,1.1512778997421265,1.1512778997421265
1785802500.0,1.1512778997421265,1.151410460472107,1.1512778997421265,1.151410460472107
1785802800.0,1.151543140411377,1.151543140411377,1.151410460472107,1.151543140411377
1785803100.0,1.151543140411377,1.151543140411377,1.151543140411377,1.151543140411377
1785803400.0,1.151410460472107,1.1516757011413574,1.151410460472107,1.1516757011413574
1785803700.0,1.1516757011413574,1.1518083810806274,1.1516757011413574,1.1518083810806274
1785804000.0,1.1516757011413574,1.1516757011413574,1.151543140411377,1.151543140411377
1785804300.0,1.151543140411377,1.151543140411377,1.1512778997421265,1.1512778997421265
1785804600.0,1.1512778997421265,1.151410460472107,1.1512778997421265,1.1512778997421265
1785804900.0,1.151145339012146,1.151145339012146,1.1508804559707642,1.1508804559707642
1785805200.0,1.1507480144500732,1.1508804559707642,1.1506155729293823,1.1508804559707642
1785805500.0,1.1507480144500732,1.1507480144500732,1.1506155729293823,1.1507480144500732
1785805800.0,1.1508804559707642,1.1508804559707642,1.1508804559707642,1.1508804559707642
1785806100.0,1.1508804559707642,1.151145339012146,1.1508804559707642,1.151145339012146
1785806400.0,1.1512778997421265,1.1512778997421265,1.151145339012146,1.151145339012146
1785806700.0,1.1512778997421265,1.1512778997421265,1.151145339012146,1.151145339012146
1785807000.0,1.151410460472107,1.151543140411377,1.151410460472107,1.151543140411377
1785807300.0,1.151410460472107,1.151543140411377,1.151410460472107,1.151543140411377
1785807600.0,1.151543140411377,1.1518083810806274,1.151543140411377,1.1518083810806274
1785807900.0,1.1516757011413574,1.1518083810806274,1.1516757011413574,1.1516757011413574
1785808200.0,1.151543140411377,1.1516757011413574,1.151543140411377,1.1516757011413574
1785808500.0,1.1516757011413574,1.1516757011413574,1.151543140411377,1.151543140411377
1785808800.0,1.1516757011413574,1.1516757011413574,1.151410460472107,1.151410460472107
1785809100.0,1.1512778997421265,1.151543140411377,1.1512778997421265,1.151543140411377
1785809400.0,1.151410460472107,1.1516757011413574,1.151410460472107,1.151543140411377
1785809700.0,1.1516757011413574,1.1516757011413574,1.151543140411377,1.151543140411377
1785810000.0,1.151543140411377,1.151543140411377,1.1512778997421265,1.1512778997421265
1785810300.0,1.1512778997421265,1.1512778997421265,1.1512778997421265,1.1512778997421265
1785810600.0,1.151410460472107,1.151410460472107,1.1512778997421265,1.1512778997421265
1785810900.0,1.1512778997421265,1.151543140411377,1.1512778997421265,1.151410460472107
1785811200.0,1.151543140411377,1.151543140411377,1.151410460472107,1.151543140411377
1785811500.0,1.151410460472107,1.151543140411377,1.151410460472107,1.151543140411377
1785811800.0,1.151543140411377,1.151543140411377,1.151410460472107,1.151410460472107
1785812100.0,1.151410460472107,1.151410460472107,1.151145339012146,1.151145339012146
1785812400.0,1.151410460472107,1.151410460472107,1.151145339012146,1.151145339012146
1785812700.0,1.151145339012146,1.1512778997421265,1.151145339012146,1.1512778997421265
1785813000.0,1.1512778997421265,1.1512778997421265,1.1512778997421265,1.1512778997421265
1785813300.0,1.151410460472107,1.151410460472107,1.151410460472107,1.151410460472107
1785813600.0,1.151410460472107,1.151543140411377,1.151410460472107,1.151543140411377
1785813900.0,1.151543140411377,1.151543140411377,1.151543140411377,1.151543140411377
1785814200.0,1.151543140411377,1.151543140411377,1.151543140411377,1.151543140411377
1785814500.0,1.151543140411377,1.151543140411377,1.1512778997421265,1.1512778997421265
1785814800.0,1.151145339012146,1.151145339012146,1.151145339012146,1.151145339012146
1785815100.0,1.151145339012146,1.151145339012146,1.151145339012146,1.151145339012146
1785815400.0,1.1512778997421265,1.1512778997421265,1.1512778997421265,1.1512778997421265
1785815700.0,1.151145339012146,1.151145339012146,1.151145339012146,1.151145339012146
1785816000.0,1.1512778997421265,1.1512778997421265,1.151012897491455,1.151145339012146
1785816300.0,1.151145339012146,1.151145339012146,1.151012897491455,1.151012897491455
1785816600.0,1.151012897491455,1.151012897491455,1.151012897491455,1.151012897491455
1785816900.0,1.151012897491455,1.151145339012146,1.151012897491455,1.151145339012146
1785817200.0,1.151145339012146,1.151145339012146,1.151145339012146,1.151145339012146
1785817500.0,1.151145339012146,1.151145339012146,1.151145339012146,1.151145339012146
1785817800.0,1.151145339012146,1.1512778997421265,1.151145339012146,1.1512778997421265
1785818100.0,1.151145339012146,1.1512778997421265,1.151145339012146,1.1512778997421265
1785818400.0,1.1512778997421265,1.1512778997421265,1.1512778997421265,1.1512778997421265
1785818700.0,1.1512778997421265,1.1512778997421265,1.1512778997421265,1.1512778997421265
1785819000.0,1.1512778997421265,1.151410460472107,1.151145339012146,1.151410460472107
1785819300.0,1.151410460472107,1.151410460472107,1.1512778997421265,1.1512778997421265
1785819600.0,1.1512778997421265,1.1512778997421265,1.1512778997421265,1.1512778997421265
1785819900.0,1.1512778997421265,1.151410460472107,1.1512778997421265,1.1512778997421265
1785820200.0,1.1512778997421265,1.1512778997421265,1.151012897491455,1.151012897491455
1785820500.0,1.151012897491455,1.151145339012146,1.151012897491455,1.151145339012146
1785820800.0,1.151012897491455,1.151145339012146,1.151012897491455,1.151145339012146
1785821100.0,1.1512778997421265,1.1512778997421265,1.1512778997421265,1.1512778997421265
1785821400.0,1.1512778997421265,1.1512778997421265,1.151145339012146,1.151145339012146
1785821700.0,1.151012897491455,1.151145339012146,1.151012897491455,1.151012897491455
1785822000.0,1.151012897491455,1.151012897491455,1.1508804559707642,1.1508804559707642
1785822300.0,1.1508804559707642,1.1508804559707642,1.1507480144500732,1.1508804559707642
1785822600.0,1.1507480144500732,1.1508804559707642,1.1507480144500732,1.1508804559707642
1785822900.0,1.1508804559707642,1.151012897491455,1.1508804559707642,1.151012897491455
1785823200.0,1.151012897491455,1.151012897491455,1.1508804559707642,1.1508804559707642
1785823500.0,1.151012897491455,1.151012897491455,1.1508804559707642,1.151012897491455
1785823800.0,1.151012897491455,1.151145339012146,1.1507480144500732,1.151145339012146
1785824100.0,1.151145339012146,1.151145339012146,1.151012897491455,1.151012897491455
1785824400.0,1.151145339012146,1.1512778997421265,1.151145339012146,1.1512778997421265
1785824700.0,1.1512778997421265,1.1512778997421265,1.151012897491455,1.151012897491455
1785825000.0,1.151012897491455,1.151145339012146,1.151012897491455,1.151145339012146
1785825300.0,1.151012897491455,1.151012897491455,1.1508804559707642,1.1508804559707642
1785825600.0,1.1508804559707642,1.1508804559707642,1.1507480144500732,1.1507480144500732
1785825900.0,1.1507480144500732,1.151012897491455,1.1507480144500732,1.151012897491455
1785826200.0,1.151012897491455,1.151012897491455,1.1507480144500732,1.1508804559707642
1785826500.0,1.151012897491455,1.151012897491455,1.1508804559707642,1.151012897491455
1785826800.0,1.151145339012146,1.1512778997421265,1.151145339012146,1.1512778997421265
1785827100.0,1.151145339012146,1.1512778997421265,1.151145339012146,1.1512778997421265
1785827400.0,1.1512778997421265,1.1512778997421265,1.1512778997421265,1.1512778997421265
1785827700.0,1.151410460472107,1.151543140411377,1.151410460472107,1.151543140411377
1785828000.0,1.1516757011413574,1.1519410610198975,1.1516757011413574,1.1519410610198975
1785828300.0,1.1519410610198975,1.1519410610198975,1.151543140411377,1.151543140411377
1785828600.0,1.151543140411377,1.1516757011413574,1.151410460472107,1.1516757011413574
1785828900.0,1.1516757011413574,1.1516757011413574,1.151543140411377,1.151543140411377
1785829200.0,1.151543140411377,1.1516757011413574,1.1512778997421265,1.1512778997421265
1785829500.0,1.151410460472107,1.151410460472107,1.1512778997421265,1.1512778997421265
1785829800.0,1.1512778997421265,1.151543140411377,1.1512778997421265,1.151543140411377
1785830100.0,1.151543140411377,1.151543140411377,1.151410460472107,1.151410460472107
1785830400.0,1.151543140411377,1.151543140411377,1.151543140411377,1.151543140411377
1785830700.0,1.151410460472107,1.1516757011413574,1.151410460472107,1.151543140411377
1785831000.0,1.151410460472107,1.151410460472107,1.1512778997421265,1.1512778997421265
1785831300.0,1.1512778997421265,1.151410460472107,1.1512778997421265,1.1512778997421265
1785831600.0,1.1512778997421265,1.151410460472107,1.1512778997421265,1.1512778997421265
1785831900.0,1.151145339012146,1.151543140411377,1.151145339012146,1.151543140411377
1785832200.0,1.151410460472107,1.151410460472107,1.151145339012146,1.151145339012146
1785832500.0,1.151145339012146,1.151145339012146,1.151012897491455,1.151145339012146
1785832800.0,1.151145339012146,1.151410460472107,1.151145339012146,1.1512778997421265
1785833100.0,1.151145339012146,1.1512778997421265,1.151145339012146,1.1512778997421265
1785833400.0,1.1512778997421265,1.1512778997421265,1.151145339012146,1.151145339012146
1785833700.0,1.151145339012146,1.151145339012146,1.151012897491455,1.151145339012146
1785834000.0,1.151145339012146,1.151145339012146,1.1508804559707642,1.1508804559707642
1785834300.0,1.1508804559707642,1.1508804559707642,1.1507480144500732,1.1508804559707642
1785834600.0,1.1507480144500732,1.151012897491455,1.1507480144500732,1.151012897491455
1785834900.0,1.151012897491455,1.151145339012146,1.151012897491455,1.151012897491455
1785835200.0,1.151145339012146,1.151145339012146,1.151012897491455,1.151145339012146
1785835500.0,1.1512778997421265,1.151410460472107,1.1512778997421265,1.151410460472107
1785835800.0,1.1512778997421265,1.151410460472107,1.1512778997421265,1.151410460472107
1785836100.0,1.151410460472107,1.151410460472107,1.151145339012146,1.151145339012146
1785836400.0,1.1512778997421265,1.1512778997421265,1.151145339012146,1.151145339012146
1785836700.0,1.151145339012146,1.1512778997421265,1.151145339012146,1.1512778997421265
1785837000.0,1.151145339012146,1.151145339012146,1.1508804559707642,1.151012897491455
1785837300.0,1.151012897491455,1.151145339012146,1.151012897491455,1.151145339012146
1785837600.0,1.151145339012146,1.1512778997421265,1.151145339012146,1.151145339012146
1785837900.0,1.1512778997421265,1.1512778997421265,1.1512778997421265,1.1512778997421265
1785838200.0,1.1512778997421265,1.151410460472107,1.1512778997421265,1.1512778997421265
1785838500.0,1.1512778997421265,1.1512778997421265,1.151145339012146,1.151145339012146
1785838800.0,1.151145339012146,1.1512778997421265,1.151145339012146,1.1512778997421265
1785839100.0,1.151145339012146,1.1512778997421265,1.151145339012146,1.1512778997421265
1785839400.0,1.151410460472107,1.151410460472107,1.1512778997421265,1.1512778997421265
1785839700.0,1.1512778997421265,1.151410460472107,1.1512778997421265,1.151410460472107
1785840000.0,1.1512778997421265,1.1516757011413574,1.1512778997421265,1.1516757011413574
1785840300.0,1.1519410610198975,1.1522064208984375,1.1519410610198975,1.1519410610198975
1785840600.0,1.1518083810806274,1.1518083810806274,1.1516757011413574,1.1518083810806274
1785840900.0,1.1516757011413574,1.1518083810806274,1.1516757011413574,1.1516757011413574
1785841200.0,1.1516757011413574,1.1516757011413574,1.151543140411377,1.151543140411377
1785841500.0,1.1516757011413574,1.1518083810806274,1.1516757011413574,1.1518083810806274
1785841800.0,1.1519410610198975,1.1519410610198975,1.1518083810806274,1.1519410610198975
1785842100.0,1.1519410610198975,1.1520737409591675,1.1519410610198975,1.1520737409591675
1785842400.0,1.1522064208984375,1.1522064208984375,1.1520737409591675,1.1520737409591675
1785842700.0,1.1522064208984375,1.152339220046997,1.1520737409591675,1.152339220046997
1785843000.0,1.1522064208984375,1.152339220046997,1.1522064208984375,1.1522064208984375
1785843300.0,1.152339220046997,1.1524720191955566,1.1522064208984375,1.1524720191955566
1785843600.0,1.152339220046997,1.1526048183441162,1.1522064208984375,1.1526048183441162
1785843900.0,1.1524720191955566,1.1524720191955566,1.1522064208984375,1.1522064208984375
1785844200.0,1.1520737409591675,1.1522064208984375,1.1519410610198975,1.1519410610198975
1785844500.0,1.1519410610198975,1.1522064208984375,1.1519410610198975,1.1519410610198975
1785844800.0,1.1520737409591675,1.1520737409591675,1.1519410610198975,1.1520737409591675
1785845100.0,1.1520737409591675,1.1520737409591675,1.1518083810806274,1.1518083810806274
1785845400.0,1.1518083810806274,1.1518083810806274,1.1518083810806274,1.1518083810806274
1785845700.0,1.1516757011413574,1.1518083810806274,1.1516757011413574,1.1518083810806274
1785846000.0,1.1518083810806274,1.1519410610198975,1.1516757011413574,1.1519410610198975
1785846300.0,1.1519410610198975,1.1520737409591675,1.1518083810806274,1.1518083810806274
1785846600.0,1.1519410610198975,1.152339220046997,1.1519410610198975,1.152339220046997
1785846900.0,1.152339220046997,1.1524720191955566,1.152339220046997,1.1524720191955566
1785847200.0,1.1524720191955566,1.1526048183441162,1.1524720191955566,1.1524720191955566
1785847500.0,1.152339220046997,1.152339220046997,1.1522064208984375,1.1522064208984375
1785847800.0,1.1522064208984375,1.1522064208984375,1.1519410610198975,1.1519410610198975
1785848100.0,1.1519410610198975,1.1520737409591675,1.1518083810806274,1.1518083810806274
1785848400.0,1.1518083810806274,1.1518083810806274,1.151543140411377,1.151543140411377
1785848700.0,1.151543140411377,1.151543140411377,1.151543140411377,1.151543140411377
1785849000.0,1.1518083810806274,1.1518083810806274,1.151543140411377,1.151543140411377
1785849300.0,1.1516757011413574,1.1516757011413574,1.151410460472107,1.151410460472107
1785849600.0,1.1518083810806274,1.1522064208984375,1.1516757011413574,1.1519410610198975
1785849900.0,1.1520737409591675,1.1522064208984375,1.1519410610198975,1.1519410610198975
1785850200.0,1.1519410610198975,1.1522064208984375,1.1519410610198975,1.1522064208984375
1785850500.0,1.152339220046997,1.1527377367019653,1.152339220046997,1.1527377367019653
1785850800.0,1.1527377367019653,1.1528706550598145,1.1524720191955566,1.1527377367019653
1785851100.0,1.1526048183441162,1.1528706550598145,1.1526048183441162,1.1527377367019653
1785851400.0,1.1527377367019653,1.1527377367019653,1.1526048183441162,1.1527377367019653
1785851700.0,1.1527377367019653,1.1527377367019653,1.1526048183441162,1.1527377367019653
1785852000.0,1.1527377367019653,1.1528706550598145,1.1526048183441162,1.1528706550598145
1785852300.0,1.1527377367019653,1.1531364917755127,1.1527377367019653,1.1531364917755127
1785852600.0,1.1531364917755127,1.15340256690979,1.1531364917755127,1.1532695293426514
1785852900.0,1.1532695293426514,1.1532695293426514,1.1531364917755127,1.1531364917755127
1785853200.0,1.1531364917755127,1.1531364917755127,1.1531364917755127,1.1531364917755127
1785853500.0,1.1530035734176636,1.1531364917755127,1.1530035734176636,1.1531364917755127
1785853800.0,1.1530035734176636,1.1531364917755127,1.1530035734176636,1.1530035734176636
1785854100.0,1.1528706550598145,1.1530035734176636,1.1527377367019653,1.1530035734176636
1785854400.0,1.1530035734176636,1.1531364917755127,1.1527377367019653,1.1527377367019653
1785854700.0,1.1526048183441162,1.1526048183441162,1.152339220046997,1.1524720191955566
1785855000.0,1.1524720191955566,1.1527377367019653,1.1524720191955566,1.1526048183441162
1785855300.0,1.1524720191955566,1.1527377367019653,1.152339220046997,1.1526048183441162
1785855600.0,1.1527377367019653,1.1528706550598145,1.1526048183441162,1.1528706550598145
1785855900.0,1.1527377367019653,1.1527377367019653,1.1524720191955566,1.1524720191955566
1785856200.0,1.1524720191955566,1.1524720191955566,1.1522064208984375,1.1522064208984375
1785856500.0,1.1520737409591675,1.1520737409591675,1.1518083810806274,1.1518083810806274
1785856800.0,1.1518083810806274,1.1520737409591675,1.1518083810806274,1.1520737409591675
1785857100.0,1.1520737409591675,1.1520737409591675,1.1520737409591675,1.1520737409591675
1785857400.0,1.1520737409591675,1.1520737409591675,1.1520737409591675,1.1520737409591675
1785857700.0,1.1519410610198975,1.1524720191955566,1.1519410610198975,1.1524720191955566
1785858000.0,1.152339220046997,1.1524720191955566,1.152339220046997,1.1524720191955566
1785858300.0,1.1524720191955566,1.1524720191955566,1.152339220046997,1.1524720191955566
1785858600.0,1.1526048183441162,1.1528706550598145,1.1526048183441162,1.1528706550598145
1785858900.0,1.1527377367019653,1.1530035734176636,1.1527377367019653,1.1528706550598145
1785859200.0,1.1528706550598145,1.1528706550598145,1.1526048183441162,1.1526048183441162
1785859500.0,1.1526048183441162,1.1526048183441162,1.1524720191955566,1.1526048183441162
1785859800.0,1.1526048183441162,1.1528706550598145,1.1524720191955566,1.1524720191955566
1785860100.0,1.1524720191955566,1.1524720191955566,1.152339220046997,1.1524720191955566
1785860400.0,1.1524720191955566,1.1524720191955566,1.1524720191955566,1.1524720191955566
1785860700.0,1.1524720191955566,1.1524720191955566,1.152339220046997,1.152339220046997
1785861000.0,1.152339220046997,1.152339220046997,1.1520737409591675,1.1520737409591675
1785861300.0,1.1520737409591675,1.1520737409591675,1.1520737409591675,1.1520737409591675
1785861600.0,1.1520737409591675,1.1522064208984375,1.1520737409591675,1.1522064208984375
1785861900.0,1.1522064208984375,1.1522064208984375,1.1520737409591675,1.1520737409591675
1785862200.0,1.1520737409591675,1.1522064208984375,1.1520737409591675,1.1520737409591675
1785862500.0,1.1520737409591675,1.1522064208984375,1.1520737409591675,1.1522064208984375
1785862800.0,1.152339220046997,1.1524720191955566,1.152339220046997,1.1524720191955566
1785863100.0,1.1524720191955566,1.1524720191955566,1.1524720191955566,1.1524720191955566
1785863400.0,1.1524720191955566,1.1526048183441162,1.1524720191955566,1.1526048183441162
1785863700.0,1.1524720191955566,1.1524720191955566,1.152339220046997,1.1524720191955566
1785864000.0,1.1526048183441162,1.1526048183441162,1.152339220046997,1.152339220046997
1785864300.0,1.1524720191955566,1.1526048183441162,1.1524720191955566,1.1524720191955566
1785864600.0,1.1524720191955566,1.1524720191955566,1.1524720191955566,1.1524720191955566
1785864900.0,1.1524720191955566,1.1526048183441162,1.1524720191955566,1.1526048183441162
1785865200.0,1.1527377367019653,1.1528706550598145,1.1527377367019653,1.1528706550598145
1785865500.0,1.1528706550598145,1.1528706550598145,1.1528706550598145,1.1528706550598145
1785865800.0,1.1528706550598145,1.1528706550598145,1.1527377367019653,1.1528706550598145
1785866100.0,1.1528706550598145,1.1528706550598145,1.1527377367019653,1.1527377367019653
1785866400.0,1.1527377367019653,1.1528706550598145,1.1527377367019653,1.1528706550598145
1785866700.0,1.1528706550598145,1.1530035734176636,1.1528706550598145,1.1528706550598145
1785867000.0,1.1527377367019653,1.1527377367019653,1.1526048183441162,1.1527377367019653
1785867300.0,1.1527377367019653,1.1527377367019653,1.1526048183441162,1.1526048183441162
1785867600.0,1.1527377367019653,1.1528706550598145,1.1527377367019653,1.1528706550598145
1785867900.0,1.1528706550598145,1.1528706550598145,1.1528706550598145,1.1528706550598145
1785868200.0,1.1528706550598145,1.1528706550598145,1.1528706550598145,1.1528706550598145
1785868500.0,1.1528706550598145,1.1530035734176636,1.1528706550598145,1.1530035734176636
1785868800.0,1.1528706550598145,1.1530035734176636,1.1528706550598145,1.1530035734176636
1785869100.0,1.1531364917755127,1.1531364917755127,1.1530035734176636,1.1531364917755127
1785869400.0,1.1531364917755127,1.1535356044769287,1.1531364917755127,1.1535356044769287
1785869700.0,1.1535356044769287,1.1536686420440674,1.1535356044769287,1.1535356044769287
1785870000.0,1.1535356044769287,1.1536686420440674,1.1535356044769287,1.1535356044769287
1785870300.0,1.1535356044769287,1.1536686420440674,1.1535356044769287,1.1536686420440674
1785870600.0,1.1536686420440674,1.1536686420440674,1.15340256690979,1.15340256690979
1785870900.0,1.1535356044769287,1.1535356044769287,1.15340256690979,1.15340256690979
1785871200.0,1.1532695293426514,1.15340256690979,1.1532695293426514,1.15340256690979
1785871500.0,1.15340256690979,1.1535356044769287,1.15340256690979,1.1535356044769287
1785871800.0,1.1535356044769287,1.1535356044769287,1.15340256690979,1.15340256690979
1785872100.0,1.15340256690979,1.1535356044769287,1.15340256690979,1.1535356044769287
1785872400.0,1.1535356044769287,1.1535356044769287,1.1535356044769287,1.1535356044769287
1785872700.0,1.1535356044769287,1.1535356044769287,1.15340256690979,1.15340256690979
1785873000.0,1.15340256690979,1.15340256690979,1.1532695293426514,1.1532695293426514
1785873300.0,1.15340256690979,1.15340256690979,1.1532695293426514,1.15340256690979
1785873600.0,1.15340256690979,1.1535356044769287,1.15340256690979,1.1535356044769287
1785873900.0,1.1535356044769287,1.1535356044769287,1.15340256690979,1.1535356044769287
1785874200.0,1.1535356044769287,1.1535356044769287,1.15340256690979,1.1535356044769287
1785874500.0,1.1535356044769287,1.1536686420440674,1.1535356044769287,1.1535356044769287
1785874800.0,1.1535356044769287,1.1536686420440674,1.1535356044769287,1.1536686420440674
1785875100.0,1.1536686420440674,1.1536686420440674,1.1535356044769287,1.1535356044769287
1785875400.0,1.1535356044769287,1.1536686420440674,1.1535356044769287,1.1535356044769287
1785875700.0,1.1535356044769287,1.1535356044769287,1.1535356044769287,1.1535356044769287
1785876000.0,1.15340256690979,1.15340256690979,1.15340256690979,1.15340256690979
1785876300.0,1.15340256690979,1.1535356044769287,1.15340256690979,1.1535356044769287
1785876600.0,1.1535356044769287,1.1535356044769287,1.1535356044769287,1.1535356044769287
1785876900.0,1.15340256690979,1.1536686420440674,1.15340256690979,1.1535356044769287
1785877200.0,1.1531364917755127,1.1531364917755127,1.1531364917755127,1.1531364917755127
1785877500.0,1.1530035734176636,1.1532695293426514,1.1530035734176636,1.1531364917755127
1785877800.0,1.1532695293426514,1.1532695293426514,1.1531364917755127,1.1531364917755127
1785878100.0,1.1531364917755127,1.15340256690979,1.1531364917755127,1.15340256690979
1785878400.0,1.1532695293426514,1.1532695293426514,1.1532695293426514,1.1532695293426514
1785878700.0,1.1532695293426514,1.1532695293426514,1.1531364917755127,1.1531364917755127
1785879000.0,1.1532695293426514,1.15340256690979,1.1532695293426514,1.15340256690979
1785879300.0,1.1532695293426514,1.15340256690979,1.1532695293426514,1.1532695293426514
1785879600.0,1.1532695293426514,1.15340256690979,1.1531364917755127,1.15340256690979
1785879900.0,1.1532695293426514,1.1532695293426514,1.1532695293426514,1.1532695293426514
1785880200.0,1.15340256690979,1.15340256690979,1.15340256690979,1.15340256690979
1785880500.0,1.15340256690979,1.15340256690979,1.1532695293426514,1.1532695293426514
1785880800.0,1.15340256690979,1.1535356044769287,1.15340256690979,1.15340256690979
1785881100.0,1.15340256690979,1.15340256690979,1.15340256690979,1.15340256690979
1785881400.0,1.15340256690979,1.1535356044769287,1.15340256690979,1.1535356044769287
1785881700.0,1.15340256690979,1.15340256690979,1.15340256690979,1.15340256690979
1785882000.0,1.15340256690979,1.15340256690979,1.15340256690979,1.15340256690979
1785882300.0,1.15340256690979,1.1535356044769287,1.15340256690979,1.15340256690979
1785882600.0,1.15340256690979,1.1535356044769287,1.15340256690979,1.1535356044769287
1785882900.0,1.1535356044769287,1.1535356044769287,1.1535356044769287,1.1535356044769287
1785883200.0,1.1535356044769287,1.1535356044769287,1.1535356044769287,1.1535356044769287
1785883500.0,1.1535356044769287,1.1535356044769287,1.15340256690979,1.1535356044769287
1785883800.0,1.1535356044769287,1.1535356044769287,1.1535356044769287,1.1535356044769287
1785884100.0,1.1535356044769287,1.1535356044769287,1.1535356044769287,1.1535356044769287
1785884400.0,1.1535356044769287,1.1535356044769287,1.15340256690979,1.1535356044769287
1785884700.0,1.1535356044769287,1.1536686420440674,1.1535356044769287,1.1536686420440674
1785885000.0,1.1535356044769287,1.1535356044769287,1.1535356044769287,1.1535356044769287
1785885300.0,1.1535356044769287,1.1535356044769287,1.15340256690979,1.15340256690979
1785885600.0,1.15340256690979,1.15340256690979,1.15340256690979,1.15340256690979
1785885900.0,1.15340256690979,1.15340256690979,1.15340256690979,1.15340256690979
1785886200.0,1.15340256690979,1.15340256690979,1.15340256690979,1.15340256690979
1785886500.0,1.15340256690979,1.15340256690979,1.1532695293426514,1.15340256690979
1785886800.0,1.15340256690979,1.15340256690979,1.1532695293426514,1.15340256690979
1785887100.0,1.15340256690979,1.15340256690979,1.15340256690979,1.15340256690979
1785887400.0,1.1535356044769287,1.1535356044769287,1.15340256690979,1.15340256690979
1785887700.0,1.1535356044769287,1.1535356044769287,1.1535356044769287,1.1535356044769287
1785888000.0,1.1535356044769287,1.1538017988204956,1.1535356044769287,1.1536686420440674
1785888300.0,1.1538017988204956,1.1538017988204956,1.1536686420440674,1.1538017988204956
1785888600.0,1.1536686420440674,1.1536686420440674,1.1535356044769287,1.1536686420440674
1785888900.0,1.1536686420440674,1.1536686420440674,1.1536686420440674,1.1536686420440674
1785889200.0,1.1536686420440674,1.1538017988204956,1.1536686420440674,1.1538017988204956
1785889500.0,1.1538017988204956,1.1538017988204956,1.1538017988204956,1.1538017988204956
1785889800.0,1.1538017988204956,1.1538017988204956,1.1536686420440674,1.1536686420440674
1785890100.0,1.1536686420440674,1.1538017988204956,1.1536686420440674,1.1538017988204956
1785890400.0,1.1538017988204956,1.1538017988204956,1.1536686420440674,1.1536686420440674
1785890700.0,1.1535356044769287,1.1535356044769287,1.15340256690979,1.15340256690979
1785891000.0,1.15340256690979,1.1536686420440674,1.15340256690979,1.1536686420440674
1785891300.0,1.1535356044769287,1.1536686420440674,1.15340256690979,1.15340256690979
1785891600.0,1.1532695293426514,1.1532695293426514,1.1532695293426514,1.1532695293426514
1785891900.0,1.15340256690979,1.1535356044769287,1.15340256690979,1.1535356044769287
1785892200.0,1.15340256690979,1.15340256690979,1.1532695293426514,1.15340256690979
1785892500.0,1.15340256690979,1.1535356044769287,1.15340256690979,1.1535356044769287
1785892800.0,1.15340256690979,1.15340256690979,1.1531364917755127,1.1531364917755127
1785893100.0,1.1531364917755127,1.1531364917755127,1.1531364917755127,1.1531364917755127
1785893400.0,1.1532695293426514,1.1532695293426514,1.1531364917755127,1.1531364917755127
1785893700.0,1.1531364917755127,1.1531364917755127,1.1531364917755127,1.1531364917755127
1785894000.0,1.1531364917755127,1.1531364917755127,1.1531364917755127,1.1531364917755127
1785894300.0,1.1531364917755127,1.1531364917755127,1.1530035734176636,1.1531364917755127
1785894600.0,1.1531364917755127,1.1531364917755127,1.1531364917755127,1.1531364917755127
1785894900.0,1.1531364917755127,1.1531364917755127,1.1530035734176636,1.1530035734176636
1785895200.0,1.1531364917755127,1.1532695293426514,1.1531364917755127,1.1532695293426514
1785895500.0,1.15340256690979,1.15340256690979,1.15340256690979,1.15340256690979
1785895800.0,1.1532695293426514,1.1532695293426514,1.1532695293426514,1.1532695293426514
1785896100.0,1.1532695293426514,1.15340256690979,1.1532695293426514,1.15340256690979
1785896400.0,1.1535356044769287,1.1536686420440674,1.1535356044769287,1.1536686420440674
1785896700.0,1.1538017988204956,1.1538017988204956,1.1536686420440674,1.1536686420440674
1785897000.0,1.1536686420440674,1.1538017988204956,1.1536686420440674,1.1538017988204956
1785897300.0,1.1538017988204956,1.1539349555969238,1.1538017988204956,1.1539349555969238
1785897600.0,1.154068112373352,1.154334545135498,1.154068112373352,1.154334545135498
1785897900.0,1.154334545135498,1.154334545135498,1.154068112373352,1.154068112373352
1785898200.0,1.154068112373352,1.154068112373352,1.1539349555969238,1.154068112373352
1785898500.0,1.154068112373352,1.154068112373352,1.1538017988204956,1.1538017988204956
1785898800.0,1.1538017988204956,1.154068112373352,1.1538017988204956,1.154068112373352
1785899100.0,1.1542012691497803,1.154334545135498,1.154068112373352,1.154334545135498
1785899400.0,1.154334545135498,1.1544678211212158,1.154334545135498,1.154334545135498
1785899700.0,1.154334545135498,1.154334545135498,1.154334545135498,1.154334545135498
1785900000.0,1.1542012691497803,1.1542012691497803,1.1542012691497803,1.1542012691497803
1785900300.0,1.1542012691497803,1.1542012691497803,1.154068112373352,1.154068112373352
1785900600.0,1.1539349555969238,1.154068112373352,1.1539349555969238,1.154068112373352
1785900900.0,1.1539349555969238,1.1539349555969238,1.1539349555969238,1.1539349555969238
1785901200.0,1.1539349555969238,1.1539349555969238,1.1539349555969238,1.1539349555969238
1785901500.0,1.1539349555969238,1.154068112373352,1.1539349555969238,1.154068112373352
1785901800.0,1.154068112373352,1.154068112373352,1.154068112373352,1.154068112373352
1785902100.0,1.1539349555969238,1.154068112373352,1.1539349555969238,1.154068112373352
1785902400.0,1.154068112373352,1.1542012691497803,1.154068112373352,1.1542012691497803
1785902700.0,1.1542012691497803,1.1542012691497803,1.1542012691497803,1.1542012691497803
1785903000.0,1.1542012691497803,1.1542012691497803,1.1542012691497803,1.1542012691497803
1785903300.0,1.1542012691497803,1.154334545135498,1.1542012691497803,1.1542012691497803
1785903600.0,1.154334545135498,1.154334545135498,1.154334545135498,1.154334545135498
1785903900.0,1.154334545135498,1.154334545135498,1.1542012691497803,1.1542012691497803
1785904200.0,1.1542012691497803,1.154334545135498,1.1542012691497803,1.1542012691497803
1785904500.0,1.1542012691497803,1.1542012691497803,1.1542012691497803,1.1542012691497803
1785904800.0,1.1542012691497803,1.1542012691497803,1.154068112373352,1.154068112373352
1785905100.0,1.154068112373352,1.154068112373352,1.154068112373352,1.154068112373352
1785905400.0,1.1539349555969238,1.1539349555969238,1.1539349555969238,1.1539349555969238
1785905700.0,1.1539349555969238,1.1539349555969238,1.1538017988204956,1.1539349555969238
1785906000.0,1.1538017988204956,1.1538017988204956,1.1535356044769287,1.1535356044769287
1785906300.0,1.1535356044769287,1.1536686420440674,1.1535356044769287,1.1535356044769287
1785906600.0,1.1536686420440674,1.1536686420440674,1.1535356044769287,1.1536686420440674
1785906900.0,1.1536686420440674,1.1538017988204956,1.1536686420440674,1.1536686420440674
1785907200.0,1.1536686420440674,1.1538017988204956,1.1536686420440674,1.1538017988204956
1785907500.0,1.1538017988204956,1.1538017988204956,1.1538017988204956,1.1538017988204956
1785907800.0,1.1538017988204956,1.154068112373352,1.1538017988204956,1.1538017988204956
1785908100.0,1.1538017988204956,1.154068112373352,1.1538017988204956,1.1539349555969238
1785908400.0,1.1539349555969238,1.1539349555969238,1.1539349555969238,1.1539349555969238
1785908700.0,1.1539349555969238,1.154068112373352,1.1539349555969238,1.1539349555969238
1785909000.0,1.154068112373352,1.154068112373352,1.1539349555969238,1.1539349555969238
1785909300.0,1.154068112373352,1.154068112373352,1.1539349555969238,1.1539349555969238
1785909600.0,1.1538017988204956,1.154068112373352,1.1538017988204956,1.154068112373352
1785909900.0,1.154068112373352,1.154068112373352,1.1539349555969238,1.1539349555969238
1785910200.0,1.154068112373352,1.154068112373352,1.1539349555969238,1.1539349555969238
1785910500.0,1.1539349555969238,1.1539349555969238,1.1535356044769287,1.1538017988204956
1785910800.0,1.1538017988204956,1.1538017988204956,1.1538017988204956,1.1538017988204956
1785911100.0,1.1538017988204956,1.1538017988204956,1.1538017988204956,1.1538017988204956
1785911400.0,1.1536686420440674,1.1538017988204956,1.1536686420440674,1.1538017988204956
1785911700.0,1.1539349555969238,1.154334545135498,1.1539349555969238,1.154334545135498
1785912000.0,1.154334545135498,1.1546010971069336,1.154334545135498,1.1546010971069336
1785912300.0,1.1546010971069336,1.1548677682876587,1.1546010971069336,1.1548677682876587
1785912600.0,1.1547343730926514,1.1548677682876587,1.1547343730926514,1.1547343730926514
1785912900.0,1.1547343730926514,1.1548677682876587,1.1547343730926514,1.1548677682876587
1785913200.0,1.1548677682876587,1.1548677682876587,1.1546010971069336,1.1546010971069336
1785913500.0,1.1547343730926514,1.1547343730926514,1.154334545135498,1.1544678211212158
1785913800.0,1.1544678211212158,1.1544678211212158,1.154068112373352,1.1542012691497803
1785914100.0,1.154334545135498,1.154334545135498,1.1542012691497803,1.1542012691497803
1785914400.0,1.154334545135498,1.1544678211212158,1.1542012691497803,1.1542012691497803
1785914700.0,1.154068112373352,1.154068112373352,1.1538017988204956,1.1538017988204956
1785915000.0,1.1539349555969238,1.1539349555969238,1.1539349555969238,1.1539349555969238
1785915300.0,1.1539349555969238,1.154068112373352,1.1539349555969238,1.1539349555969238
1785915600.0,1.154068112373352,1.154068112373352,1.1539349555969238,1.1539349555969238
1785915900.0,1.1538017988204956,1.1539349555969238,1.1538017988204956,1.1539349555969238
1785916200.0,1.1539349555969238,1.154068112373352,1.1539349555969238,1.1539349555969238
1785916500.0,1.154068112373352,1.1542012691497803,1.154068112373352,1.1542012691497803
1785916800.0,1.154334545135498,1.154334545135498,1.1542012691497803,1.1542012691497803
1785917100.0,1.1542012691497803,1.1542012691497803,1.1539349555969238,1.1539349555969238
1785917400.0,1.154068112373352,1.1542012691497803,1.154068112373352,1.154068112373352
1785917700.0,1.154068112373352,1.1544678211212158,1.154068112373352,1.154334545135498
1785918000.0,1.1544678211212158,1.1546010971069336,1.1544678211212158,1.1544678211212158
1785918300.0,1.1544678211212158,1.1546010971069336,1.1544678211212158,1.1546010971069336
1785918600.0,1.1547343730926514,1.1547343730926514,1.1544678211212158,1.1544678211212158
1785918900.0,1.1546010971069336,1.1546010971069336,1.154334545135498,1.154334545135498
1785919200.0,1.1539349555969238,1.1539349555969238,1.1536686420440674,1.1538017988204956
1785919500.0,1.1535356044769287,1.1536686420440674,1.1535356044769287,1.1536686420440674
1785919800.0,1.1536686420440674,1.1538017988204956,1.1536686420440674,1.1538017988204956
1785920100.0,1.1539349555969238,1.154068112373352,1.1539349555969238,1.1539349555969238
1785920400.0,1.154068112373352,1.154068112373352,1.1536686420440674,1.1538017988204956
1785920700.0,1.1539349555969238,1.154068112373352,1.1539349555969238,1.154068112373352
1785921000.0,1.154068112373352,1.154068112373352,1.154068112373352,1.154068112373352
1785921300.0,1.1539349555969238,1.1542012691497803,1.1539349555969238,1.1542012691497803
1785921600.0,1.154334545135498,1.154334545135498,1.1542012691497803,1.1542012691497803
1785921900.0,1.1544678211212158,1.1544678211212158,1.154334545135498,1.154334545135498
1785922200.0,1.154334545135498,1.1544678211212158,1.154334545135498,1.154334545135498
1785922500.0,1.1544678211212158,1.1546010971069336,1.1544678211212158,1.1546010971069336
1785922800.0,1.1544678211212158,1.1546010971069336,1.1544678211212158,1.1544678211212158
1785923100.0,1.1544678211212158,1.1544678211212158,1.1544678211212158,1.1544678211212158
1785923400.0,1.1544678211212158,1.1544678211212158,1.154334545135498,1.154334545135498
1785923700.0,1.1544678211212158,1.1544678211212158,1.154334545135498,1.154334545135498
1785924000.0,1.154334545135498,1.154334545135498,1.154068112373352,1.154334545135498
1785924300.0,1.154334545135498,1.154334545135498,1.1542012691497803,1.1542012691497803
1785924600.0,1.154068112373352,1.154068112373352,1.1538017988204956,1.1539349555969238
1785924900.0,1.1539349555969238,1.1544678211212158,1.1539349555969238,1.1544678211212158
1785925200.0,1.154334545135498,1.154334545135498,1.154068112373352,1.154068112373352
1785925500.0,1.154068112373352,1.154068112373352,1.1539349555969238,1.154068112373352
1785925800.0,1.1542012691497803,1.1542012691497803,1.154068112373352,1.154068112373352
1785926100.0,1.154068112373352,1.1542012691497803,1.154068112373352,1.1542012691497803
1785926400.0,1.154068112373352,1.1542012691497803,1.154068112373352,1.154068112373352
1785926700.0,1.154068112373352,1.154068112373352,1.154068112373352,1.154068112373352
1785927000.0,1.1539349555969238,1.154068112373352,1.1539349555969238,1.154068112373352
1785927300.0,1.154334545135498,1.1544678211212158,1.154334545135498,1.154334545135498
1785927600.0,1.1544678211212158,1.1546010971069336,1.1544678211212158,1.1546010971069336
1785927900.0,1.1546010971069336,1.1547343730926514,1.1544678211212158,1.1547343730926514
1785928200.0,1.1547343730926514,1.1548677682876587,1.1547343730926514,1.1548677682876587
1785928500.0,1.1548677682876587,1.1551345586776733,1.1546010971069336,1.1551345586776733
1785928800.0,1.1551345586776733,1.1552680730819702,1.155001163482666,1.1551345586776733
1785929100.0,1.1552680730819702,1.155401587486267,1.1551345586776733,1.1551345586776733
1785929400.0,1.1551345586776733,1.155401587486267,1.1551345586776733,1.155401587486267
1785929700.0,1.1555349826812744,1.1556684970855713,1.1555349826812744,1.1556684970855713
1785930000.0,1.1556684970855713,1.1558021306991577,1.1556684970855713,1.1556684970855713
1785930300.0,1.1555349826812744,1.1555349826812744,1.155401587486267,1.155401587486267
1785930600.0,1.1552680730819702,1.155401587486267,1.1552680730819702,1.155401587486267
1785930900.0,1.155401587486267,1.1556684970855713,1.155401587486267,1.1555349826812744
1785931200.0,1.1556684970855713,1.1556684970855713,1.1556684970855713,1.1556684970855713
1785931500.0,1.1556684970855713,1.1558021306991577,1.1556684970855713,1.1558021306991577
1785931800.0,1.1556684970855713,1.1556684970855713,1.1555349826812744,1.1555349826812744
1785932100.0,1.1558021306991577,1.1559356451034546,1.1556684970855713,1.1559356451034546
1785932400.0,1.1559356451034546,1.1559356451034546,1.1559356451034546,1.1559356451034546
1785932700.0,1.1559356451034546,1.1559356451034546,1.1556684970855713,1.1556684970855713
1785933000.0,1.1556684970855713,1.1556684970855713,1.155401587486267,1.155401587486267
1785933300.0,1.1555349826812744,1.1558021306991577,1.1555349826812744,1.1555349826812744
1785933600.0,1.1555349826812744,1.1555349826812744,1.1551345586776733,1.1551345586776733
1785933900.0,1.1551345586776733,1.1552680730819702,1.1551345586776733,1.1552680730819702
1785934200.0,1.1552680730819702,1.1552680730819702,1.155001163482666,1.155001163482666
1785934500.0,1.1548677682876587,1.155001163482666,1.1548677682876587,1.1548677682876587
1785934800.0,1.1547343730926514,1.1548677682876587,1.1546010971069336,1.1548677682876587
1785935100.0,1.155001163482666,1.1551345586776733,1.1548677682876587,1.1548677682876587
1785935400.0,1.1548677682876587,1.155001163482666,1.1548677682876587,1.1548677682876587
1785935700.0,1.155001163482666,1.1551345586776733,1.155001163482666,1.155001163482666
1785936000.0,1.155001163482666,1.1552680730819702,1.155001163482666,1.1552680730819702
1785936300.0,1.155401587486267,1.1556684970855713,1.155401587486267,1.1555349826812744
1785936600.0,1.1555349826812744,1.1556684970855713,1.1555349826812744,1.1555349826812744
1785936900.0,1.1552680730819702,1.1555349826812744,1.1548677682876587,1.1555349826812744
1785937200.0,1.1552680730819702,1.1552680730819702,1.155001163482666,1.155001163482666
1785937500.0,1.1547343730926514,1.1547343730926514,1.1544678211212158,1.1544678211212158
1785937800.0,1.1544678211212158,1.1547343730926514,1.1544678211212158,1.1547343730926514
1785938100.0,1.1548677682876587,1.1548677682876587,1.1546010971069336,1.1547343730926514
1785938400.0,1.1551345586776733,1.1551345586776733,1.1548677682876587,1.155001163482666
1785938700.0,1.155401587486267,1.1558021306991577,1.155401587486267,1.1555349826812744
1785939000.0,1.1556684970855713,1.1556684970855713,1.155401587486267,1.1556684970855713
1785939300.0,1.1558021306991577,1.1559356451034546,1.1558021306991577,1.1558021306991577
1785939600.0,1.1559356451034546,1.1559356451034546,1.1555349826812744,1.1556684970855713
1785939900.0,1.1556684970855713,1.1556684970855713,1.155401587486267,1.155401587486267
1785940200.0,1.1552680730819702,1.1552680730819702,1.1551345586776733,1.1551345586776733
1785940500.0,1.1551345586776733,1.1552680730819702,1.1551345586776733,1.1551345586776733
1785940800.0,1.1551345586776733,1.1555349826812744,1.1551345586776733,1.1555349826812744
1785941100.0,1.1552680730819702,1.155401587486267,1.1552680730819702,1.155401587486267
1785941400.0,1.1555349826812744,1.1555349826812744,1.155001163482666,1.1551345586776733
1785941700.0,1.1552680730819702,1.1556684970855713,1.1552680730819702,1.1556684970855713
1785942000.0,1.1558021306991577,1.1559356451034546,1.1555349826812744,1.1555349826812744
1785942300.0,1.1555349826812744,1.1555349826812744,1.155401587486267,1.1555349826812744
1785942600.0,1.155401587486267,1.155401587486267,1.1552680730819702,1.1552680730819702
1785942900.0,1.1551345586776733,1.1551345586776733,1.155001163482666,1.155001163482666
1785943200.0,1.155001163482666,1.1551345586776733,1.155001163482666,1.155001163482666
1785943500.0,1.155001163482666,1.1551345586776733,1.155001163482666,1.155001163482666
1785943800.0,1.1548677682876587,1.1548677682876587,1.1547343730926514,1.1547343730926514
1785944100.0,1.1548677682876587,1.155401587486267,1.1548677682876587,1.155401587486267
1785944400.0,1.155401587486267,1.155401587486267,1.1552680730819702,1.1552680730819702
1785944700.0,1.1551345586776733,1.1552680730819702,1.1547343730926514,1.1547343730926514
1785945000.0,1.1546010971069336,1.1548677682876587,1.1546010971069336,1.1548677682876587
1785945300.0,1.155001163482666,1.155001163482666,1.1548677682876587,1.155001163482666
1785945600.0,1.1551345586776733,1.1551345586776733,1.1547343730926514,1.1547343730926514
1785945900.0,1.1547343730926514,1.155001163482666,1.1547343730926514,1.155001163482666
1785946200.0,1.1551345586776733,1.1551345586776733,1.155001163482666,1.155001163482666
1785946500.0,1.155001163482666,1.1551345586776733,1.155001163482666,1.1551345586776733
1785946800.0,1.155001163482666,1.1551345586776733,1.155001163482666,1.155001163482666
1785947100.0,1.155001163482666,1.1551345586776733,1.155001163482666,1.1551345586776733
1785947400.0,1.1551345586776733,1.1551345586776733,1.155001163482666,1.155001163482666
1785947700.0,1.1548677682876587,1.1548677682876587,1.1547343730926514,1.1547343730926514
1785948000.0,1.1547343730926514,1.1548677682876587,1.1547343730926514,1.1548677682876587
1785948300.0,1.1548677682876587,1.1548677682876587,1.1547343730926514,1.1548677682876587
1785948600.0,1.1548677682876587,1.155001163482666,1.1548677682876587,1.155001163482666
1785948900.0,1.1548677682876587,1.1548677682876587,1.1548677682876587,1.1548677682876587
1785949200.0,1.155001163482666,1.155001163482666,1.1548677682876587,1.1548677682876587
1785949500.0,1.1548677682876587,1.1548677682876587,1.1547343730926514,1.1547343730926514
1785949800.0,1.1547343730926514,1.1547343730926514,1.1547343730926514,1.1547343730926514
1785950100.0,1.1548677682876587,1.1548677682876587,1.1548677682876587,1.1548677682876587
1785950400.0,1.1548677682876587,1.1548677682876587,1.1548677682876587,1.1548677682876587
1785950700.0,1.1548677682876587,1.1552680730819702,1.1548677682876587,1.1552680730819702
1785951000.0,1.1551345586776733,1.155401587486267,1.1551345586776733,1.155401587486267
1785951300.0,1.155401587486267,1.1555349826812744,1.155401587486267,1.1555349826812744
1785951600.0,1.1555349826812744,1.1556684970855713,1.1555349826812744,1.1556684970855713
1785951900.0,1.1558021306991577,1.1558021306991577,1.1558021306991577,1.1558021306991577
1785952200.0,1.1558021306991577,1.1558021306991577,1.1556684970855713,1.1558021306991577
1785952500.0,1.1558021306991577,1.1560693979263306,1.1558021306991577,1.1559356451034546
1785952800.0,1.1559356451034546,1.1560693979263306,1.1559356451034546,1.1560693979263306
1785953100.0,1.1560693979263306,1.156203031539917,1.1559356451034546,1.1559356451034546
1785953400.0,1.1560693979263306,1.1560693979263306,1.1559356451034546,1.1559356451034546
1785953700.0,1.1558021306991577,1.1559356451034546,1.1558021306991577,1.1559356451034546
1785954000.0,1.1560693979263306,1.1560693979263306,1.1559356451034546,1.1560693979263306
1785954300.0,1.1560693979263306,1.156203031539917,1.1560693979263306,1.156203031539917
1785954600.0,1.156203031539917,1.156203031539917,1.1559356451034546,1.1559356451034546
1785954900.0,1.1559356451034546,1.1559356451034546,1.1558021306991577,1.1559356451034546
1785955200.0,1.1559356451034546,1.1559356451034546,1.1558021306991577,1.1558021306991577
1785955500.0,1.1558021306991577,1.1558021306991577,1.1558021306991577,1.1558021306991577
1785955800.0,1.1558021306991577,1.1558021306991577,1.1558021306991577,1.1558021306991577
1785956100.0,1.1558021306991577,1.1558021306991577,1.1558021306991577,1.1558021306991577
1785956400.0,1.1558021306991577,1.1558021306991577,1.1556684970855713,1.1558021306991577
1785956700.0,1.1556684970855713,1.1556684970855713,1.1555349826812744,1.1555349826812744
1785957000.0,1.155401587486267,1.1555349826812744,1.155401587486267,1.1555349826812744
1785957300.0,1.155401587486267,1.155401587486267,1.1552680730819702,1.1552680730819702
1785957600.0,1.1552680730819702,1.1552680730819702,1.1552680730819702,1.1552680730819702
1785957900.0,1.1552680730819702,1.1552680730819702,1.1551345586776733,1.1551345586776733
1785958200.0,1.1552680730819702,1.1552680730819702,1.1552680730819702,1.1552680730819702
1785958500.0,1.1552680730819702,1.1552680730819702,1.1552680730819702,1.1552680730819702
1785958800.0,1.1552680730819702,1.155401587486267,1.1552680730819702,1.1552680730819702
1785959100.0,1.155401587486267,1.155401587486267,1.1552680730819702,1.1552680730819702
1785959400.0,1.1552680730819702,1.155401587486267,1.1552680730819702,1.155401587486267
1785959700.0,1.1555349826812744,1.1555349826812744,1.155401587486267,1.155401587486267
1785960000.0,1.1556684970855713,1.1556684970855713,1.1555349826812744,1.1555349826812744
1785960300.0,1.1555349826812744,1.1555349826812744,1.1555349826812744,1.1555349826812744
1785960600.0,1.1555349826812744,1.1555349826812744,1.155401587486267,1.155401587486267
1785960900.0,1.1552680730819702,1.155401587486267,1.1552680730819702,1.1552680730819702
1785961200.0,1.1552680730819702,1.155401587486267,1.1552680730819702,1.155401587486267
1785961500.0,1.155401587486267,1.1555349826812744,1.155401587486267,1.155401587486267
1785961800.0,1.1555349826812744,1.1556684970855713,1.1555349826812744,1.1556684970855713
1785962100.0,1.1556684970855713,1.1556684970855713,1.1556684970855713,1.1556684970855713
1785962400.0,1.1556684970855713,1.1556684970855713,1.1555349826812744,1.1555349826812744
1785962700.0,1.1555349826812744,1.1555349826812744,1.1555349826812744,1.1555349826812744
1785963000.0,1.1555349826812744,1.1556684970855713,1.1555349826812744,1.1556684970855713
1785963300.0,1.1556684970855713,1.1556684970855713,1.1556684970855713,1.1556684970855713
1785963600.0,1.156336784362793,1.156336784362793,1.1555349826812744,1.1555349826812744
1785963900.0,1.1559356451034546,1.1559356451034546,1.1556684970855713,1.1556684970855713
1785964200.0,1.1555349826812744,1.1558021306991577,1.155401587486267,1.155401587486267
1785964500.0,1.1555349826812744,1.1558021306991577,1.1555349826812744,1.1558021306991577
1785964800.0,1.1558021306991577,1.1558021306991577,1.1556684970855713,1.1558021306991577
1785965100.0,1.1558021306991577,1.1558021306991577,1.155401587486267,1.1556684970855713
1785965400.0,1.1555349826812744,1.1556684970855713,1.1555349826812744,1.1556684970855713
1785965700.0,1.1555349826812744,1.1556684970855713,1.155401587486267,1.1556684970855713
1785966000.0,1.1555349826812744,1.1558021306991577,1.1555349826812744,1.1558021306991577
1785966300.0,1.1555349826812744,1.1556684970855713,1.1555349826812744,1.1556684970855713
1785966600.0,1.1556684970855713,1.1556684970855713,1.1555349826812744,1.1555349826812744
1785966900.0,1.1555349826812744,1.1558021306991577,1.1555349826812744,1.1555349826812744
1785967200.0,1.1556684970855713,1.1558021306991577,1.1556684970855713,1.1556684970855713
1785967500.0,1.1556684970855713,1.1556684970855713,1.1555349826812744,1.1555349826812744
1785967800.0,1.1556684970855713,1.1556684970855713,1.1556684970855713,1.1556684970855713
1785968100.0,1.1556684970855713,1.1558021306991577,1.1556684970855713,1.1558021306991577
1785968400.0,1.1558021306991577,1.1559356451034546,1.1558021306991577,1.1558021306991577
1785968700.0,1.1558021306991577,1.1558021306991577,1.1558021306991577,1.1558021306991577
1785969000.0,1.1558021306991577,1.1558021306991577,1.1558021306991577,1.1558021306991577
1785969300.0,1.1558021306991577,1.1558021306991577,1.1556684970855713,1.1558021306991577
1785969600.0,1.1558021306991577,1.1558021306991577,1.1558021306991577,1.1558021306991577
1785969900.0,1.1558021306991577,1.1558021306991577,1.1558021306991577,1.1558021306991577
1785970200.0,1.1558021306991577,1.1558021306991577,1.1558021306991577,1.1558021306991577
1785970500.0,1.1558021306991577,1.1558021306991577,1.1558021306991577,1.1558021306991577
1785970800.0,1.1558021306991577,1.1558021306991577,1.1558021306991577,1.1558021306991577
1785971100.0,1.1558021306991577,1.1558021306991577,1.1558021306991577,1.1558021306991577
1785971400.0,1.1558021306991577,1.1559356451034546,1.1558021306991577,1.1559356451034546
1785971700.0,1.1559356451034546,1.1559356451034546,1.1559356451034546,1.1559356451034546
1785972000.0,1.1558021306991577,1.1559356451034546,1.1558021306991577,1.1559356451034546
1785972300.0,1.1558021306991577,1.1558021306991577,1.1558021306991577,1.1558021306991577
1785972600.0,1.1558021306991577,1.1558021306991577,1.1558021306991577,1.1558021306991577
1785972900.0,1.1558021306991577,1.1559356451034546,1.1558021306991577,1.1559356451034546
1785973200.0,1.1559356451034546,1.1559356451034546,1.1558021306991577,1.1559356451034546
1785973500.0,1.1560693979263306,1.1560693979263306,1.1560693979263306,1.1560693979263306
1785973800.0,1.1560693979263306,1.156203031539917,1.1560693979263306,1.1560693979263306
1785974100.0,1.1560693979263306,1.1560693979263306,1.1559356451034546,1.1560693979263306
1785974400.0,1.1559356451034546,1.1559356451034546,1.1559356451034546,1.1559356451034546
1785974700.0,1.1558021306991577,1.1559356451034546,1.1558021306991577,1.1558021306991577
1785975000.0,1.1558021306991577,1.1559356451034546,1.1558021306991577,1.1558021306991577
1785975300.0,1.1559356451034546,1.1559356451034546,1.1559356451034546,1.1559356451034546
1785975600.0,1.1559356451034546,1.1560693979263306,1.1559356451034546,1.1560693979263306
1785975900.0,1.1560693979263306,1.1560693979263306,1.1559356451034546,1.1559356451034546
1785976200.0,1.1559356451034546,1.1560693979263306,1.1559356451034546,1.1560693979263306
1785976500.0,1.156203031539917,1.156203031539917,1.1560693979263306,1.1560693979263306
1785976800.0,1.1560693979263306,1.1560693979263306,1.1559356451034546,1.1559356451034546
1785977100.0,1.1560693979263306,1.1560693979263306,1.1560693979263306,1.1560693979263306
1785977400.0,1.1560693979263306,1.156203031539917,1.1560693979263306,1.156203031539917
1785977700.0,1.156203031539917,1.156203031539917,1.1559356451034546,1.1559356451034546
1785978000.0,1.1559356451034546,1.1560693979263306,1.1559356451034546,1.1559356451034546
1785978300.0,1.1558021306991577,1.1559356451034546,1.1558021306991577,1.1559356451034546
1785978600.0,1.1559356451034546,1.1559356451034546,1.1556684970855713,1.1559356451034546
1785978900.0,1.1558021306991577,1.1559356451034546,1.1558021306991577,1.1559356451034546
1785979200.0,1.1558021306991577,1.1559356451034546,1.1558021306991577,1.1559356451034546
1785979500.0,1.1559356451034546,1.1560693979263306,1.1558021306991577,1.1558021306991577
1785979800.0,1.1558021306991577,1.1559356451034546,1.1558021306991577,1.1559356451034546
1785980100.0,1.1559356451034546,1.1560693979263306,1.1559356451034546,1.1560693979263306
1785980400.0,1.1559356451034546,1.1559356451034546,1.1559356451034546,1.1559356451034546
1785980700.0,1.1559356451034546,1.1559356451034546,1.1558021306991577,1.1558021306991577
1785981000.0,1.1559356451034546,1.1559356451034546,1.1558021306991577,1.1558021306991577
1785981300.0,1.1558021306991577,1.1559356451034546,1.1558021306991577,1.1558021306991577
1785981600.0,1.1559356451034546,1.1559356451034546,1.1558021306991577,1.1559356451034546
1785981900.0,1.1559356451034546,1.1560693979263306,1.1559356451034546,1.1560693979263306
1785982200.0,1.1559356451034546,1.1560693979263306,1.1559356451034546,1.1559356451034546
1785982500.0,1.1559356451034546,1.1560693979263306,1.1559356451034546,1.1559356451034546
1785982800.0,1.1559356451034546,1.1560693979263306,1.1559356451034546,1.1560693979263306
1785983100.0,1.1559356451034546,1.1559356451034546,1.1558021306991577,1.1559356451034546
1785983400.0,1.1558021306991577,1.1559356451034546,1.1558021306991577,1.1559356451034546
1785983700.0,1.1559356451034546,1.1560693979263306,1.1559356451034546,1.1560693979263306
1785984000.0,1.1559356451034546,1.1560693979263306,1.1559356451034546,1.1560693979263306
1785984300.0,1.1560693979263306,1.1560693979263306,1.1558021306991577,1.1559356451034546
1785984600.0,1.1559356451034546,1.1559356451034546,1.1559356451034546,1.1559356451034546
1785984900.0,1.1556684970855713,1.1558021306991577,1.1556684970855713,1.1556684970855713
1785985200.0,1.1556684970855713,1.1556684970855713,1.1556684970855713,1.1556684970855713
1785985500.0,1.1556684970855713,1.1556684970855713,1.1556684970855713,1.1556684970855713
1785985800.0,1.1555349826812744,1.1555349826812744,1.1555349826812744,1.1555349826812744
1785986100.0,1.1555349826812744,1.1555349826812744,1.1555349826812744,1.1555349826812744
1785986400.0,1.1555349826812744,1.1555349826812744,1.155401587486267,1.155401587486267
1785986700.0,1.155401587486267,1.155401587486267,1.1552680730819702,1.155401587486267
1785987000.0,1.155401587486267,1.155401587486267,1.155401587486267,1.155401587486267
1785987300.0,1.155401587486267,1.155401587486267,1.1552680730819702,1.1552680730819702
1785987600.0,1.1552680730819702,1.1552680730819702,1.1551345586776733,1.1551345586776733
1785987900.0,1.1551345586776733,1.1551345586776733,1.155001163482666,1.1551345586776733
1785988200.0,1.155401587486267,1.155401587486267,1.1551345586776733,1.1551345586776733
1785988500.0,1.1551345586776733,1.1552680730819702,1.1551345586776733,1.1552680730819702
1785988800.0,1.1551345586776733,1.1552680730819702,1.1551345586776733,1.1552680730819702
1785989100.0,1.1552680730819702,1.1552680730819702,1.1551345586776733,1.1551345586776733
1785989400.0,1.1552680730819702,1.1552680730819702,1.1552680730819702,1.1552680730819702
1785989700.0,1.1552680730819702,1.1552680730819702,1.1551345586776733,1.1551345586776733
1785990000.0,1.1551345586776733,1.1551345586776733,1.1551345586776733,1.1551345586776733
1785990300.0,1.1551345586776733,1.1551345586776733,1.1551345586776733,1.1551345586776733
1785990600.0,1.1552680730819702,1.1552680730819702,1.1551345586776733,1.1552680730819702
1785990900.0,1.1552680730819702,1.1552680730819702,1.1551345586776733,1.1551345586776733
1785991200.0,1.1551345586776733,1.1551345586776733,1.1551345586776733,1.1551345586776733
1785991500.0,1.1551345586776733,1.1551345586776733,1.155001163482666,1.1551345586776733
1785991800.0,1.1551345586776733,1.1552680730819702,1.1551345586776733,1.1551345586776733
1785992100.0,1.1551345586776733,1.1552680730819702,1.1551345586776733,1.1552680730819702
1785992400.0,1.1552680730819702,1.1552680730819702,1.155001163482666,1.155001163482666
1785992700.0,1.155001163482666,1.155001163482666,1.155001163482666,1.155001163482666
1785993000.0,1.155001163482666,1.155001163482666,1.1548677682876587,1.1548677682876587
1785993300.0,1.1548677682876587,1.1548677682876587,1.1548677682876587,1.1548677682876587
1785993600.0,1.1548677682876587,1.155001163482666,1.1548677682876587,1.1548677682876587
1785993900.0,1.1548677682876587,1.155001163482666,1.1548677682876587,1.1548677682876587
1785994200.0,1.1548677682876587,1.155001163482666,1.1548677682876587,1.155001163482666
1785994500.0,1.155001163482666,1.1551345586776733,1.155001163482666,1.1551345586776733
1785994800.0,1.1551345586776733,1.1552680730819702,1.1551345586776733,1.1552680730819702
1785995100.0,1.1551345586776733,1.1552680730819702,1.1551345586776733,1.1552680730819702
1785995400.0,1.1552680730819702,1.155401587486267,1.1552680730819702,1.155401587486267
1785995700.0,1.1552680730819702,1.1552680730819702,1.1552680730819702,1.1552680730819702
1785996000.0,1.1555349826812744,1.1555349826812744,1.155401587486267,1.155401587486267
1785996300.0,1.155401587486267,1.155401587486267,1.1551345586776733,1.1551345586776733
1785996600.0,1.155001163482666,1.155001163482666,1.155001163482666,1.155001163482666
1785996900.0,1.155001163482666,1.155001163482666,1.155001163482666,1.155001163482666
1785997200.0,1.155001163482666,1.1551345586776733,1.155001163482666,1.1551345586776733
1785997500.0,1.155001163482666,1.155001163482666,1.1548677682876587,1.155001163482666
1785997800.0,1.155001163482666,1.155001163482666,1.1548677682876587,1.1548677682876587
1785998100.0,1.1547343730926514,1.1548677682876587,1.1547343730926514,1.1547343730926514
1785998400.0,1.1547343730926514,1.1548677682876587,1.1547343730926514,1.1548677682876587
1785998700.0,1.155001163482666,1.155001163482666,1.1548677682876587,1.1548677682876587
1785999000.0,1.1547343730926514,1.1547343730926514,1.1547343730926514,1.1547343730926514
1785999300.0,1.1547343730926514,1.1548677682876587,1.1547343730926514,1.1548677682876587
1785999600.0,1.1548677682876587,1.1548677682876587,1.1547343730926514,1.1547343730926514
1785999900.0,1.1548677682876587,1.1548677682876587,1.1546010971069336,1.1546010971069336
1786000200.0,1.1547343730926514,1.1548677682876587,1.1547343730926514,1.1548677682876587
1786000500.0,1.1548677682876587,1.155001163482666,1.1547343730926514,1.1547343730926514
1786000800.0,1.1548677682876587,1.1548677682876587,1.1547343730926514,1.1547343730926514
1786001100.0,1.1547343730926514,1.1548677682876587,1.1547343730926514,1.1548677682876587
1786001400.0,1.1547343730926514,1.1548677682876587,1.1547343730926514,1.1548677682876587
1786001700.0,1.1547343730926514,1.1547343730926514,1.1546010971069336,1.1546010971069336
1786002000.0,1.1547343730926514,1.1548677682876587,1.1547343730926514,1.1548677682876587
1786002300.0,1.1546010971069336,1.1546010971069336,1.1544678211212158,1.1544678211212158
1786002600.0,1.1546010971069336,1.1547343730926514,1.1546010971069336,1.1547343730926514
1786002900.0,1.1547343730926514,1.1548677682876587,1.1547343730926514,1.1547343730926514
1786003200.0,1.1547343730926514,1.1547343730926514,1.154334545135498,1.1546010971069336
1786003500.0,1.1546010971069336,1.1547343730926514,1.1546010971069336,1.1547343730926514
1786003800.0,1.1548677682876587,1.1548677682876587,1.1546010971069336,1.1546010971069336
1786004100.0,1.1547343730926514,1.1547343730926514,1.1546010971069336,1.1547343730926514
1786004400.0,1.1547343730926514,1.1547343730926514,1.1546010971069336,1.1546010971069336
1786004700.0,1.1544678211212158,1.1546010971069336,1.1544678211212158,1.1544678211212158
1786005000.0,1.1544678211212158,1.1546010971069336,1.154334545135498,1.1546010971069336
1786005300.0,1.1546010971069336,1.1546010971069336,1.1544678211212158,1.1544678211212158
1786005600.0,1.1547343730926514,1.1547343730926514,1.1546010971069336,1.1546010971069336
1786005900.0,1.1546010971069336,1.1547343730926514,1.1544678211212158,1.1544678211212158
1786006200.0,1.1546010971069336,1.1546010971069336,1.1544678211212158,1.1546010971069336
1786006500.0,1.1546010971069336,1.1547343730926514,1.1546010971069336,1.1546010971069336
1786006800.0,1.1546010971069336,1.1546010971069336,1.1546010971069336,1.1546010971069336
1786007100.0,1.1547343730926514,1.1547343730926514,1.1544678211212158,1.1544678211212158
1786007400.0,1.1546010971069336,1.1547343730926514,1.1546010971069336,1.1547343730926514
1786007700.0,1.1546010971069336,1.1546010971069336,1.1544678211212158,1.1544678211212158
1786008000.0,1.1544678211212158,1.1546010971069336,1.1544678211212158,1.1546010971069336
1786008300.0,1.1544678211212158,1.1546010971069336,1.1544678211212158,1.1546010971069336
1786008600.0,1.1546010971069336,1.1546010971069336,1.1544678211212158,1.1544678211212158
1786008900.0,1.154334545135498,1.154334545135498,1.1542012691497803,1.154334545135498
1786009200.0,1.1542012691497803,1.1542012691497803,1.154068112373352,1.154068112373352
1786009500.0,1.154068112373352,1.1542012691497803,1.154068112373352,1.1542012691497803
1786009800.0,1.154334545135498,1.154334545135498,1.1542012691497803,1.154334545135498
1786010100.0,1.154334545135498,1.154334545135498,1.1542012691497803,1.1542012691497803
1786010400.0,1.1542012691497803,1.1542012691497803,1.154068112373352,1.1542012691497803
1786010700.0,1.1542012691497803,1.154334545135498,1.1542012691497803,1.154334545135498
1786011000.0,1.154334545135498,1.154334545135498,1.154068112373352,1.154068112373352
1786011300.0,1.1539349555969238,1.154068112373352,1.1539349555969238,1.154068112373352
1786011600.0,1.1542012691497803,1.154334545135498,1.1542012691497803,1.154334545135498
1786011900.0,1.154334545135498,1.1544678211212158,1.154334545135498,1.1544678211212158
1786012200.0,1.1546010971069336,1.1546010971069336,1.1544678211212158,1.1544678211212158
1786012500.0,1.1544678211212158,1.1544678211212158,1.1544678211212158,1.1544678211212158
1786012800.0,1.1544678211212158,1.1544678211212158,1.154334545135498,1.1544678211212158
1786013100.0,1.1544678211212158,1.1546010971069336,1.1544678211212158,1.1546010971069336
1786013400.0,1.1544678211212158,1.1544678211212158,1.154334545135498,1.154334545135498
1786013700.0,1.154334545135498,1.1544678211212158,1.154334545135498,1.1544678211212158
1786014000.0,1.1546010971069336,1.1547343730926514,1.1546010971069336,1.1546010971069336
1786014300.0,1.1546010971069336,1.1548677682876587,1.1546010971069336,1.1547343730926514
1786014600.0,1.1548677682876587,1.1548677682876587,1.1546010971069336,1.1546010971069336
1786014900.0,1.1547343730926514,1.1547343730926514,1.1547343730926514,1.1547343730926514
1786015200.0,1.1546010971069336,1.1548677682876587,1.1546010971069336,1.1548677682876587
1786015500.0,1.155001163482666,1.155001163482666,1.1548677682876587,1.1548677682876587
1786015800.0,1.1548677682876587,1.1548677682876587,1.1547343730926514,1.1547343730926514
1786016100.0,1.1547343730926514,1.1547343730926514,1.154334545135498,1.154334545135498
1786016400.0,1.154334545135498,1.154334545135498,1.1542012691497803,1.1542012691497803
1786016700.0,1.1542012691497803,1.154334545135498,1.1542012691497803,1.154334545135498
1786017000.0,1.154334545135498,1.1546010971069336,1.154334545135498,1.1544678211212158
1786017300.0,1.1544678211212158,1.1548677682876587,1.1544678211212158,1.1548677682876587
1786017600.0,1.1547343730926514,1.1548677682876587,1.1546010971069336,1.1546010971069336
1786017900.0,1.1546010971069336,1.1546010971069336,1.1544678211212158,1.1546010971069336
1786018200.0,1.1544678211212158,1.1544678211212158,1.1542012691497803,1.154334545135498
1786018500.0,1.1544678211212158,1.1546010971069336,1.1544678211212158,1.1546010971069336
1786018800.0,1.1546010971069336,1.1546010971069336,1.1544678211212158,1.1544678211212158
1786019100.0,1.1546010971069336,1.1547343730926514,1.1546010971069336,1.1546010971069336
1786019400.0,1.1546010971069336,1.1548677682876587,1.1546010971069336,1.1548677682876587
1786019700.0,1.1547343730926514,1.1547343730926514,1.1544678211212158,1.1546010971069336
1786020000.0,1.1544678211212158,1.1546010971069336,1.154334545135498,1.1544678211212158
1786020300.0,1.1546010971069336,1.1546010971069336,1.154068112373352,1.154068112373352
1786020600.0,1.154068112373352,1.154334545135498,1.154068112373352,1.1542012691497803
1786020900.0,1.1542012691497803,1.154334545135498,1.1542012691497803,1.1542012691497803
1786021200.0,1.154334545135498,1.1544678211212158,1.154334545135498,1.1544678211212158
1786021500.0,1.154334545135498,1.154334545135498,1.154068112373352,1.154068112373352
1786021800.0,1.154068112373352,1.1542012691497803,1.1539349555969238,1.1542012691497803
1786022100.0,1.1542012691497803,1.1542012691497803,1.154068112373352,1.1542012691497803
1786022400.0,1.154334545135498,1.154334545135498,1.154334545135498,1.154334545135498
1786022700.0,1.1542012691497803,1.154334545135498,1.1542012691497803,1.1542012691497803
1786023000.0,1.1542012691497803,1.154334545135498,1.1542012691497803,1.154334545135498
1786023300.0,1.154334545135498,1.1544678211212158,1.154334545135498,1.1544678211212158
1786023600.0,1.1547343730926514,1.1547343730926514,1.1546010971069336,1.1546010971069336
1786023900.0,1.1544678211212158,1.1544678211212158,1.1542012691497803,1.1542012691497803
1786024200.0,1.154334545135498,1.1547343730926514,1.154334545135498,1.1546010971069336
1786024500.0,1.1546010971069336,1.1547343730926514,1.1546010971069336,1.1547343730926514
1786024800.0,1.1547343730926514,1.1547343730926514,1.1544678211212158,1.1544678211212158
1786025100.0,1.154334545135498,1.154334545135498,1.1536686420440674,1.1536686420440674
1786025400.0,1.1538017988204956,1.1538017988204956,1.1536686420440674,1.1538017988204956
1786025700.0,1.1539349555969238,1.1542012691497803,1.1539349555969238,1.154068112373352
1786026000.0,1.1539349555969238,1.154068112373352,1.1539349555969238,1.154068112373352
1786026300.0,1.1539349555969238,1.1539349555969238,1.1538017988204956,1.1538017988204956
1786026600.0,1.1539349555969238,1.1539349555969238,1.1538017988204956,1.1539349555969238
1786026900.0,1.1539349555969238,1.154068112373352,1.1538017988204956,1.1538017988204956
1786027200.0,1.1536686420440674,1.1539349555969238,1.1536686420440674,1.1539349555969238
1786027500.0,1.1538017988204956,1.1538017988204956,1.1535356044769287,1.1535356044769287
1786027800.0,1.15340256690979,1.1536686420440674,1.15340256690979,1.1536686420440674
1786028100.0,1.1536686420440674,1.1538017988204956,1.1535356044769287,1.1538017988204956
1786028400.0,1.1538017988204956,1.1538017988204956,1.1536686420440674,1.1536686420440674
1786028700.0,1.1538017988204956,1.1538017988204956,1.1535356044769287,1.1535356044769287
1786029000.0,1.1535356044769287,1.1535356044769287,1.1532695293426514,1.1532695293426514
1786029300.0,1.1531364917755127,1.1531364917755127,1.1526048183441162,1.1526048183441162
1786029600.0,1.1524720191955566,1.1526048183441162,1.1524720191955566,1.1526048183441162
1786029900.0,1.1527377367019653,1.1528706550598145,1.1527377367019653,1.1527377367019653
1786030200.0,1.1526048183441162,1.1526048183441162,1.1526048183441162,1.1526048183441162
1786030500.0,1.1524720191955566,1.1524720191955566,1.152339220046997,1.1524720191955566
1786030800.0,1.152339220046997,1.1526048183441162,1.152339220046997,1.1526048183441162
1786031100.0,1.1527377367019653,1.1527377367019653,1.1526048183441162,1.1526048183441162
1786031400.0,1.1527377367019653,1.1527377367019653,1.1522064208984375,1.1522064208984375
1786031700.0,1.152339220046997,1.1526048183441162,1.152339220046997,1.1524720191955566
1786032000.0,1.152339220046997,1.1524720191955566,1.152339220046997,1.1524720191955566
1786032300.0,1.1524720191955566,1.1526048183441162,1.152339220046997,1.1524720191955566
1786032600.0,1.1524720191955566,1.1524720191955566,1.1522064208984375,1.152339220046997
1786032900.0,1.1522064208984375,1.1522064208984375,1.1519410610198975,1.1519410610198975
1786033200.0,1.1519410610198975,1.1519410610198975,1.1519410610198975,1.1519410610198975
1786033500.0,1.1520737409591675,1.152339220046997,1.1520737409591675,1.152339220046997
1786033800.0,1.1522064208984375,1.1522064208984375,1.1522064208984375,1.1522064208984375
1786034100.0,1.1522064208984375,1.152339220046997,1.1522064208984375,1.152339220046997
1786034400.0,1.1522064208984375,1.1522064208984375,1.1520737409591675,1.1520737409591675
1786034700.0,1.1522064208984375,1.1522064208984375,1.1522064208984375,1.1522064208984375
1786035000.0,1.1522064208984375,1.1524720191955566,1.1522064208984375,1.1524720191955566
1786035300.0,1.152339220046997,1.152339220046997,1.152339220046997,1.152339220046997
1786035600.0,1.1524720191955566,1.1524720191955566,1.1524720191955566,1.1524720191955566
1786035900.0,1.1524720191955566,1.1524720191955566,1.152339220046997,1.1524720191955566
1786036200.0,1.1524720191955566,1.1524720191955566,1.1522064208984375,1.152339220046997
1786036500.0,1.1522064208984375,1.152339220046997,1.1520737409591675,1.1522064208984375
1786036800.0,1.152339220046997,1.152339220046997,1.152339220046997,1.152339220046997
1786037100.0,1.152339220046997,1.152339220046997,1.152339220046997,1.152339220046997
1786037400.0,1.1522064208984375,1.152339220046997,1.1522064208984375,1.152339220046997
1786037700.0,1.152339220046997,1.152339220046997,1.1522064208984375,1.152339220046997
1786038000.0,1.1522064208984375,1.152339220046997,1.1522064208984375,1.1522064208984375
1786038300.0,1.1522064208984375,1.152339220046997,1.1522064208984375,1.152339220046997
1786038600.0,1.152339220046997,1.1526048183441162,1.152339220046997,1.1524720191955566
1786038900.0,1.1526048183441162,1.1526048183441162,1.1524720191955566,1.1526048183441162
1786039200.0,1.1526048183441162,1.1527377367019653,1.1526048183441162,1.1527377367019653
1786039500.0,1.1527377367019653,1.1527377367019653,1.1527377367019653,1.1527377367019653
1786039800.0,1.1527377367019653,1.1527377367019653,1.1527377367019653,1.1527377367019653
1786040100.0,1.1527377367019653,1.1527377367019653,1.1526048183441162,1.1526048183441162
1786040400.0,1.1526048183441162,1.1526048183441162,1.1526048183441162,1.1526048183441162
1786040700.0,1.1526048183441162,1.1526048183441162,1.1526048183441162,1.1526048183441162
1786041000.0,1.1526048183441162,1.1526048183441162,1.1526048183441162,1.1526048183441162
1786041300.0,1.1526048183441162,1.1526048183441162,1.1526048183441162,1.1526048183441162
1786041600.0,1.1526048183441162,1.1526048183441162,1.1524720191955566,1.1526048183441162
1786041900.0,1.1524720191955566,1.1527377367019653,1.1524720191955566,1.1527377367019653
1786042200.0,1.1526048183441162,1.1526048183441162,1.1526048183441162,1.1526048183441162
1786042500.0,1.1526048183441162,1.1527377367019653,1.1526048183441162,1.1527377367019653
1786042800.0,1.1527377367019653,1.1528706550598145,1.1527377367019653,1.1528706550598145
1786043100.0,1.1528706550598145,1.1528706550598145,1.1528706550598145,1.1528706550598145
1786043400.0,1.1528706550598145,1.1528706550598145,1.1526048183441162,1.1526048183441162
1786043700.0,1.1526048183441162,1.1526048183441162,1.1526048183441162,1.1526048183441162
1786044000.0,1.1526048183441162,1.1527377367019653,1.152339220046997,1.152339220046997
1786044300.0,1.152339220046997,1.152339220046997,1.1522064208984375,1.1522064208984375
1786044600.0,1.152339220046997,1.1524720191955566,1.152339220046997,1.152339220046997
1786044900.0,1.152339220046997,1.152339220046997,1.1522064208984375,1.1522064208984375
1786045200.0,1.1522064208984375,1.1522064208984375,1.1522064208984375,1.1522064208984375
1786045500.0,1.152339220046997,1.152339220046997,1.1522064208984375,1.152339220046997
1786045800.0,1.1524720191955566,1.1528706550598145,1.1524720191955566,1.1528706550598145
1786046100.0,1.1527377367019653,1.1527377367019653,1.1526048183441162,1.1526048183441162
1786046400.0,1.1526048183441162,1.1526048183441162,1.1526048183441162,1.1526048183441162
1786046700.0,1.1527377367019653,1.1527377367019653,1.1524720191955566,1.1524720191955566
1786047000.0,1.1524720191955566,1.1524720191955566,1.1524720191955566,1.1524720191955566
1786047300.0,1.1524720191955566,1.1524720191955566,1.152339220046997,1.152339220046997
1786047600.0,1.152339220046997,1.152339220046997,1.152339220046997,1.152339220046997
1786047900.0,1.152339220046997,1.152339220046997,1.1522064208984375,1.152339220046997
1786048200.0,1.1524720191955566,1.1524720191955566,1.152339220046997,1.1524720191955566
1786048500.0,1.1526048183441162,1.1526048183441162,1.1524720191955566,1.1524720191955566
1786048800.0,1.1524720191955566,1.1524720191955566,1.1524720191955566,1.1524720191955566
1786049100.0,1.1524720191955566,1.1526048183441162,1.1524720191955566,1.1526048183441162
1786049400.0,1.1526048183441162,1.1526048183441162,1.1526048183441162,1.1526048183441162
1786049700.0,1.1526048183441162,1.1527377367019653,1.1526048183441162,1.1527377367019653
1786050000.0,1.1530035734176636,1.1530035734176636,1.1526048183441162,1.1526048183441162
1786050300.0,1.1526048183441162,1.1527377367019653,1.1526048183441162,1.1527377367019653
1786050600.0,1.1528706550598145,1.1528706550598145,1.152339220046997,1.1524720191955566
1786050900.0,1.1524720191955566,1.1524720191955566,1.1522064208984375,1.1522064208984375
1786051200.0,1.1526048183441162,1.1527377367019653,1.152339220046997,1.152339220046997
1786051500.0,1.1524720191955566,1.1527377367019653,1.1524720191955566,1.1527377367019653
1786051800.0,1.1526048183441162,1.1526048183441162,1.152339220046997,1.1526048183441162
1786052100.0,1.1524720191955566,1.1526048183441162,1.152339220046997,1.152339220046997
1786052400.0,1.152339220046997,1.152339220046997,1.1522064208984375,1.1522064208984375
1786052700.0,1.152339220046997,1.1526048183441162,1.152339220046997,1.1526048183441162
1786053000.0,1.1524720191955566,1.1524720191955566,1.152339220046997,1.1524720191955566
1786053300.0,1.152339220046997,1.1524720191955566,1.152339220046997,1.1524720191955566
1786053600.0,1.1526048183441162,1.1526048183441162,1.1524720191955566,1.1524720191955566
1786053900.0,1.1524720191955566,1.1524720191955566,1.1524720191955566,1.1524720191955566
1786054200.0,1.1524720191955566,1.1524720191955566,1.1524720191955566,1.1524720191955566
1786054500.0,1.1526048183441162,1.1526048183441162,1.1524720191955566,1.1526048183441162
1786054800.0,1.1526048183441162,1.1526048183441162,1.1524720191955566,1.1526048183441162
1786055100.0,1.1526048183441162,1.1526048183441162,1.1526048183441162,1.1526048183441162
1786055400.0,1.1524720191955566,1.1526048183441162,1.1524720191955566,1.1524720191955566
1786055700.0,1.1526048183441162,1.1526048183441162,1.1526048183441162,1.1526048183441162
1786056000.0,1.1526048183441162,1.1526048183441162,1.1526048183441162,1.1526048183441162
1786056300.0,1.1526048183441162,1.1526048183441162,1.1526048183441162,1.1526048183441162
1786056600.0,1.1526048183441162,1.1526048183441162,1.1526048183441162,1.1526048183441162
1786056900.0,1.1524720191955566,1.1526048183441162,1.1524720191955566,1.1524720191955566
1786057200.0,1.1526048183441162,1.1526048183441162,1.1526048183441162,1.1526048183441162
1786057500.0,1.1526048183441162,1.1526048183441162,1.1526048183441162,1.1526048183441162
1786057800.0,1.1526048183441162,1.1526048183441162,1.1526048183441162,1.1526048183441162
1786058100.0,1.1527377367019653,1.1527377367019653,1.1526048183441162,1.1526048183441162
1786058400.0,1.1526048183441162,1.1527377367019653,1.1526048183441162,1.1526048183441162
1786058700.0,1.1526048183441162,1.1527377367019653,1.1526048183441162,1.1527377367019653
1786059000.0,1.1526048183441162,1.1527377367019653,1.1526048183441162,1.1526048183441162
1786059300.0,1.1526048183441162,1.1526048183441162,1.1526048183441162,1.1526048183441162
1786059600.0,1.1526048183441162,1.1527377367019653,1.1526048183441162,1.1527377367019653
1786059900.0,1.1527377367019653,1.1527377367019653,1.1527377367019653,1.1527377367019653
1786060200.0,1.1527377367019653,1.1527377367019653,1.1527377367019653,1.1527377367019653
1786060500.0,1.1527377367019653,1.1527377367019653,1.1527377367019653,1.1527377367019653
1786060800.0,1.1526048183441162,1.1527377367019653,1.1526048183441162,1.1526048183441162
1786061100.0,1.1526048183441162,1.1526048183441162,1.1526048183441162,1.1526048183441162
1786061400.0,1.1526048183441162,1.1526048183441162,1.1524720191955566,1.1524720191955566
1786061700.0,1.152339220046997,1.1524720191955566,1.152339220046997,1.1524720191955566
1786062000.0,1.1524720191955566,1.1524720191955566,1.1524720191955566,1.1524720191955566
1786062300.0,1.1524720191955566,1.1526048183441162,1.1524720191955566,1.1524720191955566
1786062600.0,1.1524720191955566,1.1526048183441162,1.1524720191955566,1.1524720191955566
1786062900.0,1.1524720191955566,1.1526048183441162,1.1524720191955566,1.1524720191955566
1786063200.0,1.1524720191955566,1.1524720191955566,1.152339220046997,1.1524720191955566
1786063500.0,1.1524720191955566,1.1524720191955566,1.152339220046997,1.152339220046997
1786063800.0,1.1524720191955566,1.1524720191955566,1.152339220046997,1.152339220046997
1786064100.0,1.152339220046997,1.152339220046997,1.1522064208984375,1.1522064208984375
1786064400.0,1.152339220046997,1.152339220046997,1.1522064208984375,1.1522064208984375
1786064700.0,1.1522064208984375,1.1524720191955566,1.1522064208984375,1.1524720191955566
1786065000.0,1.1524720191955566,1.1526048183441162,1.1524720191955566,1.1526048183441162
1786065300.0,1.1524720191955566,1.1524720191955566,1.1524720191955566,1.1524720191955566
1786065600.0,1.1524720191955566,1.1524720191955566,1.1524720191955566,1.1524720191955566
1786065900.0,1.1524720191955566,1.1526048183441162,1.1524720191955566,1.1524720191955566
1786066200.0,1.1524720191955566,1.1524720191955566,1.152339220046997,1.1524720191955566
1786066500.0,1.1524720191955566,1.1524720191955566,1.1524720191955566,1.1524720191955566
1786066800.0,1.1526048183441162,1.1528706550598145,1.1526048183441162,1.1528706550598145
1786067100.0,1.1528706550598145,1.1528706550598145,1.1526048183441162,1.1526048183441162
1786067400.0,1.1526048183441162,1.1526048183441162,1.1526048183441162,1.1526048183441162
1786067700.0,1.1526048183441162,1.1526048183441162,1.1524720191955566,1.1524720191955566
1786068000.0,1.1526048183441162,1.1526048183441162,1.1526048183441162,1.1526048183441162
1786068300.0,1.1526048183441162,1.1526048183441162,1.1524720191955566,1.1524720191955566
1786068600.0,1.1526048183441162,1.1526048183441162,1.1524720191955566,1.1524720191955566
1786068900.0,1.1524720191955566,1.1524720191955566,1.1524720191955566,1.1524720191955566
1786069200.0,1.1524720191955566,1.1526048183441162,1.1524720191955566,1.1526048183441162
1786069500.0,1.1526048183441162,1.1526048183441162,1.1526048183441162,1.1526048183441162
1786069800.0,1.1524720191955566,1.1524720191955566,1.1524720191955566,1.1524720191955566
1786070100.0,1.1524720191955566,1.1524720191955566,1.1524720191955566,1.1524720191955566
1786070400.0,1.1524720191955566,1.1526048183441162,1.1524720191955566,1.1524720191955566
1786070700.0,1.1524720191955566,1.1526048183441162,1.1524720191955566,1.1526048183441162
1786071000.0,1.1527377367019653,1.1527377367019653,1.1526048183441162,1.1526048183441162
1786071300.0,1.1526048183441162,1.1526048183441162,1.1524720191955566,1.1524720191955566
1786071600.0,1.1524720191955566,1.1526048183441162,1.1524720191955566,1.1524720191955566
1786071900.0,1.1524720191955566,1.1524720191955566,1.152339220046997,1.152339220046997
1786072200.0,1.152339220046997,1.1524720191955566,1.152339220046997,1.1524720191955566
1786072500.0,1.152339220046997,1.1524720191955566,1.152339220046997,1.1524720191955566
1786072800.0,1.1524720191955566,1.1524720191955566,1.1524720191955566,1.1524720191955566
1786073100.0,1.1524720191955566,1.1524720191955566,1.1524720191955566,1.1524720191955566
1786073400.0,1.1524720191955566,1.1526048183441162,1.1524720191955566,1.1524720191955566
1786073700.0,1.1524720191955566,1.1526048183441162,1.1524720191955566,1.1524720191955566
1786074000.0,1.1524720191955566,1.1524720191955566,1.1524720191955566,1.1524720191955566
1786074300.0,1.1524720191955566,1.1526048183441162,1.1524720191955566,1.1526048183441162
1786074600.0,1.1526048183441162,1.1526048183441162,1.1524720191955566,1.1526048183441162
1786074900.0,1.1526048183441162,1.1526048183441162,1.1526048183441162,1.1526048183441162
1786075200.0,1.1526048183441162,1.1526048183441162,1.1526048183441162,1.1526048183441162
1786075500.0,1.1526048183441162,1.1526048183441162,1.1526048183441162,1.1526048183441162
1786075800.0,1.1524720191955566,1.1526048183441162,1.1524720191955566,1.1526048183441162
1786076100.0,1.1526048183441162,1.1526048183441162,1.1524720191955566,1.1524720191955566
1786076400.0,1.1524720191955566,1.1526048183441162,1.1524720191955566,1.1526048183441162
1786076700.0,1.1526048183441162,1.1526048183441162,1.1526048183441162,1.1526048183441162
1786077000.0,1.1526048183441162,1.1527377367019653,1.1526048183441162,1.1527377367019653
1786077300.0,1.1526048183441162,1.1526048183441162,1.1526048183441162,1.1526048183441162
1786077600.0,1.1526048183441162,1.1527377367019653,1.1526048183441162,1.1527377367019653
1786077900.0,1.1527377367019653,1.1527377367019653,1.1526048183441162,1.1527377367019653
1786078200.0,1.1527377367019653,1.1527377367019653,1.1527377367019653,1.1527377367019653
1786078500.0,1.1527377367019653,1.1527377367019653,1.1527377367019653,1.1527377367019653
1786078800.0,1.1527377367019653,1.1527377367019653,1.1527377367019653,1.1527377367019653
1786079100.0,1.1527377367019653,1.1527377367019653,1.1527377367019653,1.1527377367019653
1786079400.0,1.1528706550598145,1.1528706550598145,1.1528706550598145,1.1528706550598145
1786079700.0,1.1528706550598145,1.1528706550598145,1.1527377367019653,1.1527377367019653
1786080000.0,1.1526048183441162,1.1526048183441162,1.1526048183441162,1.1526048183441162
1786080300.0,1.1526048183441162,1.1526048183441162,1.1524720191955566,1.1524720191955566
1786080600.0,1.1524720191955566,1.1526048183441162,1.1524720191955566,1.1526048183441162
1786080900.0,1.1526048183441162,1.1527377367019653,1.1526048183441162,1.1527377367019653
1786081200.0,1.1527377367019653,1.1527377367019653,1.1526048183441162,1.1526048183441162
1786081500.0,1.1527377367019653,1.1527377367019653,1.1526048183441162,1.1527377367019653
1786081800.0,1.1527377367019653,1.1527377367019653,1.1527377367019653,1.1527377367019653
1786082100.0,1.1526048183441162,1.1526048183441162,1.1526048183441162,1.1526048183441162
1786082400.0,1.1527377367019653,1.1527377367019653,1.1524720191955566,1.1524720191955566
1786082700.0,1.1524720191955566,1.1526048183441162,1.1524720191955566,1.1526048183441162
1786083000.0,1.1526048183441162,1.1526048183441162,1.1526048183441162,1.1526048183441162
1786083300.0,1.1527377367019653,1.1527377367019653,1.1526048183441162,1.1526048183441162
1786083600.0,1.1526048183441162,1.1528706550598145,1.1526048183441162,1.1528706550598145
1786083900.0,1.1527377367019653,1.1527377367019653,1.1527377367019653,1.1527377367019653
1786084200.0,1.1527377367019653,1.1527377367019653,1.1526048183441162,1.1526048183441162
1786084500.0,1.1526048183441162,1.1527377367019653,1.1526048183441162,1.1526048183441162
1786084800.0,1.1526048183441162,1.1526048183441162,1.1524720191955566,1.1526048183441162
1786085100.0,1.1526048183441162,1.1526048183441162,1.1524720191955566,1.1524720191955566
1786085400.0,1.1526048183441162,1.1527377367019653,1.1526048183441162,1.1527377367019653
1786085700.0,1.1527377367019653,1.1527377367019653,1.1526048183441162,1.1526048183441162
1786086000.0,1.1524720191955566,1.1524720191955566,1.152339220046997,1.1524720191955566
1786086300.0,1.1522064208984375,1.1524720191955566,1.1522064208984375,1.152339220046997
1786086600.0,1.1526048183441162,1.1527377367019653,1.1526048183441162,1.1526048183441162
1786086900.0,1.1527377367019653,1.1527377367019653,1.1526048183441162,1.1526048183441162
1786087200.0,1.1526048183441162,1.1526048183441162,1.1526048183441162,1.1526048183441162
1786087500.0,1.1527377367019653,1.1527377367019653,1.1526048183441162,1.1526048183441162
1786087800.0,1.1526048183441162,1.1526048183441162,1.1524720191955566,1.1524720191955566
1786088100.0,1.1524720191955566,1.1524720191955566,1.1524720191955566,1.1524720191955566
1786088400.0,1.1524720191955566,1.1524720191955566,1.152339220046997,1.152339220046997
1786088700.0,1.152339220046997,1.1524720191955566,1.152339220046997,1.1524720191955566
1786089000.0,1.1524720191955566,1.1526048183441162,1.1524720191955566,1.1526048183441162
1786089300.0,1.1526048183441162,1.1526048183441162,1.1526048183441162,1.1526048183441162
1786089600.0,1.1526048183441162,1.1526048183441162,1.1524720191955566,1.1524720191955566
1786089900.0,1.1524720191955566,1.1524720191955566,1.1524720191955566,1.1524720191955566
1786090200.0,1.152339220046997,1.152339220046997,1.1522064208984375,1.1522064208984375
1786090500.0,1.152339220046997,1.1524720191955566,1.152339220046997,1.1524720191955566
1786090800.0,1.152339220046997,1.1524720191955566,1.152339220046997,1.152339220046997
1786091100.0,1.152339220046997,1.152339220046997,1.152339220046997,1.152339220046997
1786091400.0,1.152339220046997,1.1526048183441162,1.152339220046997,1.1524720191955566
1786091700.0,1.1524720191955566,1.1526048183441162,1.152339220046997,1.1526048183441162
1786092000.0,1.1526048183441162,1.1527377367019653,1.1526048183441162,1.1527377367019653
1786092300.0,1.1527377367019653,1.1528706550598145,1.1526048183441162,1.1526048183441162
1786092600.0,1.1526048183441162,1.1527377367019653,1.1526048183441162,1.1527377367019653
1786092900.0,1.1527377367019653,1.1527377367019653,1.1526048183441162,1.1526048183441162
1786093200.0,1.1527377367019653,1.1528706550598145,1.1527377367019653,1.1527377367019653
1786093500.0,1.1527377367019653,1.1528706550598145,1.1527377367019653,1.1528706550598145
1786093800.0,1.1528706550598145,1.1531364917755127,1.1528706550598145,1.1531364917755127
1786094100.0,1.1532695293426514,1.1532695293426514,1.1531364917755127,1.1532695293426514
1786094400.0,1.1532695293426514,1.1532695293426514,1.1532695293426514,1.1532695293426514
1786094700.0,1.1532695293426514,1.1532695293426514,1.1530035734176636,1.1531364917755127
1786095000.0,1.1530035734176636,1.1530035734176636,1.1530035734176636,1.1530035734176636
1786095300.0,1.1530035734176636,1.1530035734176636,1.1530035734176636,1.1530035734176636
1786095600.0,1.1531364917755127,1.1531364917755127,1.1531364917755127,1.1531364917755127
1786095900.0,1.1531364917755127,1.1532695293426514,1.1531364917755127,1.1532695293426514
1786096200.0,1.1532695293426514,1.15340256690979,1.1532695293426514,1.15340256690979
1786096500.0,1.15340256690979,1.15340256690979,1.1531364917755127,1.1531364917755127
1786096800.0,1.1532695293426514,1.1532695293426514,1.1530035734176636,1.1530035734176636
1786097100.0,1.1531364917755127,1.1531364917755127,1.1531364917755127,1.1531364917755127
1786097400.0,1.1531364917755127,1.1531364917755127,1.1530035734176636,1.1530035734176636
1786097700.0,1.1531364917755127,1.1531364917755127,1.1530035734176636,1.1531364917755127
1786098000.0,1.1531364917755127,1.1531364917755127,1.1531364917755127,1.1531364917755127
1786098300.0,1.1530035734176636,1.1531364917755127,1.1530035734176636,1.1531364917755127
1786098600.0,1.1531364917755127,1.1531364917755127,1.1531364917755127,1.1531364917755127
1786098900.0,1.1530035734176636,1.1531364917755127,1.1530035734176636,1.1531364917755127
1786099200.0,1.1531364917755127,1.1531364917755127,1.1528706550598145,1.1528706550598145
1786099500.0,1.1530035734176636,1.1531364917755127,1.1530035734176636,1.1531364917755127
1786099800.0,1.1532695293426514,1.1532695293426514,1.1530035734176636,1.1531364917755127
1786100100.0,1.1531364917755127,1.1531364917755127,1.1530035734176636,1.1530035734176636
1786100400.0,1.1531364917755127,1.1532695293426514,1.1531364917755127,1.1532695293426514
1786100700.0,1.1532695293426514,1.1532695293426514,1.1531364917755127,1.1532695293426514
1786101000.0,1.1532695293426514,1.1532695293426514,1.1531364917755127,1.1531364917755127
1786101300.0,1.1531364917755127,1.1532695293426514,1.1531364917755127,1.1532695293426514
1786101600.0,1.1532695293426514,1.1532695293426514,1.1530035734176636,1.1530035734176636
1786101900.0,1.1531364917755127,1.1531364917755127,1.1530035734176636,1.1530035734176636
1786102200.0,1.1530035734176636,1.1532695293426514,1.1530035734176636,1.1532695293426514
1786102500.0,1.1532695293426514,1.15340256690979,1.1532695293426514,1.15340256690979
1786102800.0,1.15340256690979,1.1535356044769287,1.15340256690979,1.1535356044769287
1786103100.0,1.1535356044769287,1.1536686420440674,1.1535356044769287,1.1536686420440674
1786103400.0,1.1536686420440674,1.1536686420440674,1.1535356044769287,1.1535356044769287
1786103700.0,1.1535356044769287,1.1536686420440674,1.1535356044769287,1.1536686420440674
1786104000.0,1.1538017988204956,1.1539349555969238,1.1538017988204956,1.1539349555969238
1786104300.0,1.1539349555969238,1.1539349555969238,1.1538017988204956,1.1538017988204956
1786104600.0,1.154068112373352,1.154068112373352,1.1538017988204956,1.1538017988204956
1786104900.0,1.1538017988204956,1.1538017988204956,1.1536686420440674,1.1536686420440674
1786105200.0,1.1536686420440674,1.1536686420440674,1.15340256690979,1.15340256690979
1786105500.0,1.15340256690979,1.15340256690979,1.1532695293426514,1.15340256690979
1786105800.0,1.156738042831421,1.1575413942337036,1.156336784362793,1.1575413942337036
1786106100.0,1.1568717956542969,1.1576753854751587,1.1568717956542969,1.1576753854751587
1786106400.0,1.1578094959259033,1.1578094959259033,1.1576753854751587,1.1576753854751587
1786106700.0,1.1582117080688477,1.1582117080688477,1.1582117080688477,1.1582117080688477
1786107000.0,1.158077597618103,1.158077597618103,1.1578094959259033,1.1578094959259033
1786107300.0,1.1578094959259033,1.1578094959259033,1.1575413942337036,1.1576753854751587
1786107600.0,1.1576753854751587,1.1576753854751587,1.157139539718628,1.157139539718628
1786107900.0,1.157273530960083,1.1575413942337036,1.157273530960083,1.1574074029922485
1786108200.0,1.157273530960083,1.1578094959259033,1.157273530960083,1.1578094959259033
1786108500.0,1.1575413942337036,1.1575413942337036,1.157273530960083,1.157273530960083
1786108800.0,1.1570056676864624,1.1576753854751587,1.1570056676864624,1.1576753854751587
1786109100.0,1.1576753854751587,1.1576753854751587,1.1574074029922485,1.1574074029922485
1786109400.0,1.157273530960083,1.157273530960083,1.1566041707992554,1.156738042831421
1786109700.0,1.156738042831421,1.157273530960083,1.156738042831421,1.157273530960083
1786110000.0,1.1574074029922485,1.1576753854751587,1.1574074029922485,1.1575413942337036
1786110300.0,1.1575413942337036,1.1575413942337036,1.1568717956542969,1.1568717956542969
1786110600.0,1.1568717956542969,1.1568717956542969,1.156738042831421,1.1568717956542969
1786110900.0,1.1566041707992554,1.1566041707992554,1.1560693979263306,1.1560693979263306
1786111200.0,1.1560693979263306,1.156203031539917,1.1556684970855713,1.1556684970855713
1786111500.0,1.1556684970855713,1.1560693979263306,1.1556684970855713,1.1560693979263306
1786111800.0,1.156203031539917,1.156203031539917,1.1559356451034546,1.1560693979263306
1786112100.0,1.1560693979263306,1.1566041707992554,1.1560693979263306,1.1566041707992554
1786112400.0,1.156738042831421,1.156738042831421,1.1566041707992554,1.1566041707992554
1786112700.0,1.156336784362793,1.156336784362793,1.1560693979263306,1.1560693979263306
1786113000.0,1.1559356451034546,1.156336784362793,1.1559356451034546,1.156336784362793
1786113300.0,1.156203031539917,1.156203031539917,1.1560693979263306,1.156203031539917
1786113600.0,1.156336784362793,1.156336784362793,1.1555349826812744,1.1555349826812744
1786113900.0,1.1556684970855713,1.1556684970855713,1.155401587486267,1.1556684970855713
1786114200.0,1.1558021306991577,1.1558021306991577,1.1555349826812744,1.1558021306991577
1786114500.0,1.1558021306991577,1.1558021306991577,1.1555349826812744,1.1556684970855713
1786114800.0,1.1558021306991577,1.1558021306991577,1.155401587486267,1.155401587486267
1786115100.0,1.1555349826812744,1.1559356451034546,1.1555349826812744,1.1559356451034546
1786115400.0,1.156203031539917,1.1564704179763794,1.1560693979263306,1.1564704179763794
1786115700.0,1.156336784362793,1.1566041707992554,1.156336784362793,1.1566041707992554
1786116000.0,1.156738042831421,1.156738042831421,1.1564704179763794,1.1564704179763794
1786116300.0,1.1564704179763794,1.1564704179763794,1.1560693979263306,1.1560693979263306
1786116600.0,1.1559356451034546,1.1559356451034546,1.1558021306991577,1.1558021306991577
1786116900.0,1.1560693979263306,1.156336784362793,1.1560693979263306,1.156203031539917
1786117200.0,1.1564704179763794,1.1564704179763794,1.156336784362793,1.1564704179763794
1786117500.0,1.1564704179763794,1.1566041707992554,1.156203031539917,1.156203031539917
1786117800.0,1.156336784362793,1.156336784362793,1.1560693979263306,1.156203031539917
1786118100.0,1.156203031539917,1.156336784362793,1.156203031539917,1.156203031539917
1786118400.0,1.156203031539917,1.1564704179763794,1.156203031539917,1.1564704179763794
1786118700.0,1.1564704179763794,1.1566041707992554,1.1564704179763794,1.1564704179763794
1786119000.0,1.1564704179763794,1.1568717956542969,1.1564704179763794,1.1568717956542969
1786119300.0,1.156738042831421,1.156738042831421,1.156738042831421,1.156738042831421
1786119600.0,1.1564704179763794,1.1566041707992554,1.1564704179763794,1.1566041707992554
1786119900.0,1.156738042831421,1.156738042831421,1.1564704179763794,1.1566041707992554
1786120200.0,1.1566041707992554,1.156738042831421,1.1564704179763794,1.1564704179763794
1786120500.0,1.1564704179763794,1.1566041707992554,1.1564704179763794,1.1566041707992554
1786120800.0,1.1566041707992554,1.156738042831421,1.1566041707992554,1.1566041707992554
1786121100.0,1.156738042831421,1.1570056676864624,1.156738042831421,1.1570056676864624
1786121400.0,1.1570056676864624,1.1570056676864624,1.1564704179763794,1.1564704179763794
1786121700.0,1.156336784362793,1.156336784362793,1.156203031539917,1.156203031539917
1786122000.0,1.156203031539917,1.156336784362793,1.156203031539917,1.156336784362793
1786122300.0,1.156336784362793,1.156336784362793,1.156336784362793,1.156336784362793
1786122600.0,1.156336784362793,1.1564704179763794,1.156336784362793,1.1564704179763794
1786122900.0,1.1564704179763794,1.1564704179763794,1.156336784362793,1.156336784362793
1786123200.0,1.156336784362793,1.1564704179763794,1.156336784362793,1.1564704179763794
1786123500.0,1.1564704179763794,1.1566041707992554,1.1564704179763794,1.1564704179763794
1786123800.0,1.1564704179763794,1.1564704179763794,1.156336784362793,1.1564704179763794
1786124100.0,1.156336784362793,1.1566041707992554,1.156336784362793,1.1566041707992554
1786124400.0,1.1566041707992554,1.1566041707992554,1.1566041707992554,1.1566041707992554
1786124700.0,1.1566041707992554,1.1566041707992554,1.1566041707992554,1.1566041707992554
1786125000.0,1.1566041707992554,1.1566041707992554,1.1566041707992554,1.1566041707992554
1786125300.0,1.1566041707992554,1.1566041707992554,1.1564704179763794,1.1564704179763794
1786125600.0,1.156336784362793,1.156336784362793,1.156203031539917,1.156203031539917
1786125900.0,1.156336784362793,1.1566041707992554,1.156336784362793,1.1566041707992554
1786126200.0,1.1566041707992554,1.1566041707992554,1.1564704179763794,1.1564704179763794
1786126500.0,1.1564704179763794,1.1566041707992554,1.1564704179763794,1.1564704179763794
1786126800.0,1.156336784362793,1.1564704179763794,1.156336784362793,1.1564704179763794
1786127100.0,1.1564704179763794,1.1566041707992554,1.1564704179763794,1.1564704179763794
1786127400.0,1.1566041707992554,1.1566041707992554,1.1566041707992554,1.1566041707992554