time,open,high,low,close
1785711600.0,1.1552680730819702,1.1552680730819702,1.1552680730819702,1.1552680730819702
1785711660.0,1.1551345586776733,1.1551345586776733,1.1551345586776733,1.1551345586776733
1785711720.0,1.1551345586776733,1.1551345586776733,1.1551345586776733,1.1551345586776733
1785711780.0,1.1548677682876587,1.1548677682876587,1.1548677682876587,1.1548677682876587
1785711840.0,1.155001163482666,1.155001163482666,1.155001163482666,1.155001163482666
1785711900.0,1.1548677682876587,1.1548677682876587,1.1548677682876587,1.1548677682876587
1785711960.0,1.155001163482666,1.155001163482666,1.155001163482666,1.155001163482666
1785712020.0,1.1548677682876587,1.1548677682876587,1.1548677682876587,1.1548677682876587
1785712080.0,1.1548677682876587,1.1548677682876587,1.1548677682876587,1.1548677682876587
1785712140.0,1.1548677682876587,1.1548677682876587,1.1548677682876587,1.1548677682876587
1785712200.0,1.1548677682876587,1.1548677682876587,1.1548677682876587,1.1548677682876587
1785712260.0,1.1547343730926514,1.1547343730926514,1.1547343730926514,1.1547343730926514
1785712320.0,1.1547343730926514,1.1547343730926514,1.1547343730926514,1.1547343730926514
1785712380.0,1.1548677682876587,1.1548677682876587,1.1548677682876587,1.1548677682876587
1785712440.0,1.1548677682876587,1.1548677682876587,1.1548677682876587,1.1548677682876587
1785712500.0,1.1548677682876587,1.1548677682876587,1.1548677682876587,1.1548677682876587
1785712560.0,1.1547343730926514,1.1547343730926514,1.1547343730926514,1.1547343730926514
1785712620.0,1.1548677682876587,1.1548677682876587,1.1548677682876587,1.1548677682876587
1785712680.0,1.1548677682876587,1.1548677682876587,1.1548677682876587,1.1548677682876587
1785712740.0,1.1547343730926514,1.1547343730926514,1.1547343730926514,1.1547343730926514
1785712800.0,1.1547343730926514,1.1547343730926514,1.1547343730926514,1.1547343730926514
1785712860.0,1.1546010971069336,1.1546010971069336,1.1546010971069336,1.1546010971069336
1785712920.0,1.1547343730926514,1.1547343730926514,1.1547343730926514,1.1547343730926514
1785712980.0,1.1547343730926514,1.1547343730926514,1.1547343730926514,1.1547343730926514
1785713040.0,1.1547343730926514,1.1547343730926514,1.1547343730926514,1.1547343730926514
1785713100.0,1.1547343730926514,1.1547343730926514,1.1547343730926514,1.1547343730926514
1785713160.0,1.1547343730926514,1.1547343730926514,1.1547343730926514,1.1547343730926514
1785713220.0,1.1547343730926514,1.1547343730926514,1.1547343730926514,1.1547343730926514
1785713280.0,1.1547343730926514,1.1547343730926514,1.1547343730926514,1.1547343730926514
1785713340.0,1.1548677682876587,1.1548677682876587,1.1548677682876587,1.1548677682876587
1785713400.0,1.1548677682876587,1.1548677682876587,1.1548677682876587,1.1548677682876587
1785713460.0,1.1548677682876587,1.1548677682876587,1.1548677682876587,1.1548677682876587
1785713520.0,1.1547343730926514,1.1547343730926514,1.1547343730926514,1.1547343730926514
1785713580.0,1.1547343730926514,1.1547343730926514,1.1547343730926514,1.1547343730926514
1785713640.0,1.1547343730926514,1.1547343730926514,1.1547343730926514,1.1547343730926514
1785713700.0,1.1547343730926514,1.1547343730926514,1.1547343730926514,1.1547343730926514
1785713760.0,1.1548677682876587,1.1548677682876587,1.1548677682876587,1.1548677682876587
1785713820.0,1.1548677682876587,1.1548677682876587,1.1548677682876587,1.1548677682876587
1785713880.0,1.1548677682876587,1.1548677682876587,1.1548677682876587,1.1548677682876587
1785713940.0,1.1547343730926514,1.1547343730926514,1.1547343730926514,1.1547343730926514
1785714000.0,1.1547343730926514,1.1547343730926514,1.1547343730926514,1.1547343730926514
1785714060.0,1.1547343730926514,1.1547343730926514,1.1547343730926514,1.1547343730926514
1785714120.0,1.1546010971069336,1.1546010971069336,1.1546010971069336,1.1546010971069336
1785714180.0,1.1546010971069336,1.1546010971069336,1.1546010971069336,1.1546010971069336
1785714240.0,1.1547343730926514,1.1547343730926514,1.1547343730926514,1.1547343730926514
1785714300.0,1.1547343730926514,1.1547343730926514,1.1547343730926514,1.1547343730926514
1785714360.0,1.1547343730926514,1.1547343730926514,1.1547343730926514,1.1547343730926514
1785714420.0,1.1546010971069336,1.1546010971069336,1.1546010971069336,1.1546010971069336
1785714480.0,1.1546010971069336,1.1546010971069336,1.1546010971069336,1.1546010971069336
1785714540.0,1.1547343730926514,1.1547343730926514,1.1547343730926514,1.1547343730926514
1785714600.0,1.1547343730926514,1.1547343730926514,1.1547343730926514,1.1547343730926514
1785714660.0,1.1547343730926514,1.1547343730926514,1.1547343730926514,1.1547343730926514
1785714720.0,1.1547343730926514,1.1547343730926514,1.1547343730926514,1.1547343730926514
1785714780.0,1.1546010971069336,1.1546010971069336,1.1546010971069336,1.1546010971069336
1785714840.0,1.1546010971069336,1.1546010971069336,1.1546010971069336,1.1546010971069336
1785714900.0,1.1547343730926514,1.1547343730926514,1.1547343730926514,1.1547343730926514
1785714960.0,1.1547343730926514,1.1547343730926514,1.1547343730926514,1.1547343730926514
1785715020.0,1.1547343730926514,1.1547343730926514,1.1547343730926514,1.1547343730926514
1785715080.0,1.1546010971069336,1.1546010971069336,1.1546010971069336,1.1546010971069336
1785715140.0,1.1547343730926514,1.1547343730926514,1.1547343730926514,1.1547343730926514
1785715200.0,1.154334545135498,1.154334545135498,1.154334545135498,1.154334545135498
1785715260.0,1.1542012691497803,1.1542012691497803,1.1542012691497803,1.1542012691497803
1785715320.0,1.154068112373352,1.154068112373352,1.154068112373352,1.154068112373352
1785715380.0,1.1539349555969238,1.1539349555969238,1.1539349555969238,1.1539349555969238
1785715440.0,1.154068112373352,1.154068112373352,1.154068112373352,1.154068112373352
1785715500.0,1.154334545135498,1.154334545135498,1.154334545135498,1.154334545135498
1785715560.0,1.154068112373352,1.154068112373352,1.154068112373352,1.154068112373352
1785715620.0,1.1542012691497803,1.1542012691497803,1.1542012691497803,1.1542012691497803
1785715680.0,1.1542012691497803,1.1542012691497803,1.1542012691497803,1.1542012691497803
1785715740.0,1.154068112373352,1.154068112373352,1.154068112373352,1.154068112373352
1785715800.0,1.154068112373352,1.154068112373352,1.154068112373352,1.154068112373352
1785715860.0,1.1542012691497803,1.1542012691497803,1.1542012691497803,1.1542012691497803
1785715920.0,1.1539349555969238,1.1539349555969238,1.1539349555969238,1.1539349555969238
1785715980.0,1.154068112373352,1.154068112373352,1.154068112373352,1.154068112373352
1785716040.0,1.154068112373352,1.154068112373352,1.154068112373352,1.154068112373352
1785716100.0,1.154068112373352,1.154068112373352,1.154068112373352,1.154068112373352
1785716160.0,1.154068112373352,1.154068112373352,1.154068112373352,1.154068112373352
1785716220.0,1.154068112373352,1.154068112373352,1.154068112373352,1.154068112373352
1785716280.0,1.1542012691497803,1.1542012691497803,1.1542012691497803,1.1542012691497803
1785716340.0,1.1542012691497803,1.1542012691497803,1.1542012691497803,1.1542012691497803
1785716400.0,1.154068112373352,1.154068112373352,1.154068112373352,1.154068112373352
1785716460.0,1.1539349555969238,1.1539349555969238,1.1539349555969238,1.1539349555969238
1785716520.0,1.154068112373352,1.154068112373352,1.154068112373352,1.154068112373352
1785716580.0,1.1542012691497803,1.1542012691497803,1.1542012691497803,1.1542012691497803
1785716640.0,1.154334545135498,1.154334545135498,1.154334545135498,1.154334545135498
1785716700.0,1.154334545135498,1.154334545135498,1.154334545135498,1.154334545135498
1785716760.0,1.1542012691497803,1.1542012691497803,1.1542012691497803,1.1542012691497803
1785716820.0,1.1544678211212158,1.1544678211212158,1.1544678211212158,1.1544678211212158
1785716880.0,1.1546010971069336,1.1546010971069336,1.1546010971069336,1.1546010971069336
1785716940.0,1.1551345586776733,1.1551345586776733,1.1551345586776733,1.1551345586776733
1785717000.0,1.1552680730819702,1.1552680730819702,1.1552680730819702,1.1552680730819702
1785717060.0,1.155401587486267,1.155401587486267,1.155401587486267,1.155401587486267
1785717120.0,1.1552680730819702,1.1552680730819702,1.1552680730819702,1.1552680730819702
1785717180.0,1.1552680730819702,1.1552680730819702,1.1552680730819702,1.1552680730819702
1785717240.0,1.155401587486267,1.155401587486267,1.155401587486267,1.155401587486267
1785717300.0,1.1555349826812744,1.1555349826812744,1.1555349826812744,1.1555349826812744
1785717360.0,1.1556684970855713,1.1556684970855713,1.1556684970855713,1.1556684970855713
1785717420.0,1.1551345586776733,1.1551345586776733,1.1551345586776733,1.1551345586776733
1785717480.0,1.155401587486267,1.155401587486267,1.155401587486267,1.155401587486267
1785717540.0,1.1552680730819702,1.1552680730819702,1.1552680730819702,1.1552680730819702
1785717600.0,1.1555349826812744,1.1555349826812744,1.1555349826812744,1.1555349826812744
1785717660.0,1.1556684970855713,1.1556684970855713,1.1556684970855713,1.1556684970855713
1785717720.0,1.1555349826812744,1.1555349826812744,1.1555349826812744,1.1555349826812744
1785717780.0,1.1556684970855713,1.1556684970855713,1.1556684970855713,1.1556684970855713
1785717840.0,1.1558021306991577,1.1558021306991577,1.1558021306991577,1.1558021306991577
1785717900.0,1.1558021306991577,1.1558021306991577,1.1558021306991577,1.1558021306991577
1785717960.0,1.1555349826812744,1.1555349826812744,1.1555349826812744,1.1555349826812744
1785718020.0,1.155401587486267,1.155401587486267,1.155401587486267,1.155401587486267
1785718080.0,1.155001163482666,1.155001163482666,1.155001163482666,1.155001163482666
1785718140.0,1.1551345586776733,1.1551345586776733,1.1551345586776733,1.1551345586776733
1785718200.0,1.1552680730819702,1.1552680730819702,1.1552680730819702,1.1552680730819702
1785718260.0,1.155001163482666,1.155001163482666,1.155001163482666,1.155001163482666
1785718320.0,1.1551345586776733,1.1551345586776733,1.1551345586776733,1.1551345586776733
1785718380.0,1.1551345586776733,1.1551345586776733,1.1551345586776733,1.1551345586776733
1785718440.0,1.1547343730926514,1.1547343730926514,1.1547343730926514,1.1547343730926514
1785718500.0,1.1546010971069336,1.1546010971069336,1.1546010971069336,1.1546010971069336
1785718560.0,1.1546010971069336,1.1546010971069336,1.1546010971069336,1.1546010971069336
1785718620.0,1.1546010971069336,1.1546010971069336,1.1546010971069336,1.1546010971069336
1785718680.0,1.1546010971069336,1.1546010971069336,1.1546010971069336,1.1546010971069336
1785718740.0,1.1546010971069336,1.1546010971069336,1.1546010971069336,1.1546010971069336
1785718800.0,1.154334545135498,1.154334545135498,1.154334545135498,1.154334545135498
1785718860.0,1.1546010971069336,1.1546010971069336,1.1546010971069336,1.1546010971069336
1785718920.0,1.1544678211212158,1.1544678211212158,1.1544678211212158,1.1544678211212158
1785718980.0,1.1547343730926514,1.1547343730926514,1.1547343730926514,1.1547343730926514
1785719040.0,1.1546010971069336,1.1546010971069336,1.1546010971069336,1.1546010971069336
1785719100.0,1.1544678211212158,1.1544678211212158,1.1544678211212158,1.1544678211212158
1785719160.0,1.1544678211212158,1.1544678211212158,1.1544678211212158,1.1544678211212158
1785719220.0,1.1542012691497803,1.1542012691497803,1.1542012691497803,1.1542012691497803
1785719280.0,1.1542012691497803,1.1542012691497803,1.1542012691497803,1.1542012691497803
1785719340.0,1.154068112373352,1.154068112373352,1.154068112373352,1.154068112373352
1785719400.0,1.1542012691497803,1.1542012691497803,1.1542012691497803,1.1542012691497803
1785719460.0,1.1542012691497803,1.1542012691497803,1.1542012691497803,1.1542012691497803
1785719520.0,1.154068112373352,1.154068112373352,1.154068112373352,1.154068112373352
1785719580.0,1.154068112373352,1.154068112373352,1.154068112373352,1.154068112373352
1785719640.0,1.1539349555969238,1.1539349555969238,1.1539349555969238,1.1539349555969238
1785719700.0,1.1539349555969238,1.1539349555969238,1.1539349555969238,1.1539349555969238
1785719760.0,1.1538017988204956,1.1538017988204956,1.1538017988204956,1.1538017988204956
1785719820.0,1.1538017988204956,1.1538017988204956,1.1538017988204956,1.1538017988204956
1785719880.0,1.1538017988204956,1.1538017988204956,1.1538017988204956,1.1538017988204956
1785719940.0,1.1538017988204956,1.1538017988204956,1.1538017988204956,1.1538017988204956
1785720000.0,1.1538017988204956,1.1538017988204956,1.1538017988204956,1.1538017988204956
1785720060.0,1.1536686420440674,1.1536686420440674,1.1536686420440674,1.1536686420440674
1785720120.0,1.1536686420440674,1.1536686420440674,1.1536686420440674,1.1536686420440674
1785720180.0,1.1538017988204956,1.1538017988204956,1.1538017988204956,1.1538017988204956
1785720240.0,1.1536686420440674,1.1536686420440674,1.1536686420440674,1.1536686420440674
1785720300.0,1.1538017988204956,1.1538017988204956,1.1538017988204956,1.1538017988204956
1785720360.0,1.1538017988204956,1.1538017988204956,1.1538017988204956,1.1538017988204956
1785720420.0,1.1538017988204956,1.1538017988204956,1.1538017988204956,1.1538017988204956
1785720480.0,1.1538017988204956,1.1538017988204956,1.1538017988204956,1.1538017988204956
1785720540.0,1.1535356044769287,1.1535356044769287,1.1535356044769287,1.1535356044769287
1785720600.0,1.1535356044769287,1.1535356044769287,1.1535356044769287,1.1535356044769287
1785720660.0,1.1535356044769287,1.1535356044769287,1.1535356044769287,1.1535356044769287
1785720720.0,1.1536686420440674,1.1536686420440674,1.1536686420440674,1.1536686420440674
1785720780.0,1.15340256690979,1.15340256690979,1.15340256690979,1.15340256690979
1785720840.0,1.15340256690979,1.15340256690979,1.15340256690979,1.15340256690979
1785720900.0,1.1535356044769287,1.1535356044769287,1.1535356044769287,1.1535356044769287
1785720960.0,1.1535356044769287,1.1535356044769287,1.1535356044769287,1.1535356044769287
1785721020.0,1.1535356044769287,1.1535356044769287,1.1535356044769287,1.1535356044769287
1785721080.0,1.1535356044769287,1.1535356044769287,1.1535356044769287,1.1535356044769287
1785721140.0,1.15340256690979,1.15340256690979,1.15340256690979,1.15340256690979
1785721200.0,1.1535356044769287,1.1535356044769287,1.1535356044769287,1.1535356044769287
1785721260.0,1.1536686420440674,1.1536686420440674,1.1536686420440674,1.1536686420440674
1785721320.0,1.1536686420440674,1.1536686420440674,1.1536686420440674,1.1536686420440674
1785721380.0,1.1535356044769287,1.1535356044769287,1.1535356044769287,1.1535356044769287
1785721440.0,1.1535356044769287,1.1535356044769287,1.1535356044769287,1.1535356044769287
1785721500.0,1.1535356044769287,1.1535356044769287,1.1535356044769287,1.1535356044769287
1785721560.0,1.1535356044769287,1.1535356044769287,1.1535356044769287,1.1535356044769287
1785721620.0,1.1535356044769287,1.1535356044769287,1.1535356044769287,1.1535356044769287
1785721680.0,1.1535356044769287,1.1535356044769287,1.1535356044769287,1.1535356044769287
1785721740.0,1.1535356044769287,1.1535356044769287,1.1535356044769287,1.1535356044769287
1785721800.0,1.1535356044769287,1.1535356044769287,1.1535356044769287,1.1535356044769287
1785721860.0,1.1535356044769287,1.1535356044769287,1.1535356044769287,1.1535356044769287
1785721920.0,1.1535356044769287,1.1535356044769287,1.1535356044769287,1.1535356044769287
1785721980.0,1.15340256690979,1.15340256690979,1.15340256690979,1.15340256690979
1785722040.0,1.15340256690979,1.15340256690979,1.15340256690979,1.15340256690979
1785722100.0,1.15340256690979,1.15340256690979,1.15340256690979,1.15340256690979
1785722160.0,1.1535356044769287,1.1535356044769287,1.1535356044769287,1.1535356044769287
1785722220.0,1.1535356044769287,1.1535356044769287,1.1535356044769287,1.1535356044769287
1785722280.0,1.1535356044769287,1.1535356044769287,1.1535356044769287,1.1535356044769287
1785722340.0,1.1535356044769287,1.1535356044769287,1.1535356044769287,1.1535356044769287
1785722400.0,1.1535356044769287,1.1535356044769287,1.1535356044769287,1.1535356044769287
1785722460.0,1.1535356044769287,1.1535356044769287,1.1535356044769287,1.1535356044769287
1785722520.0,1.1536686420440674,1.1536686420440674,1.1536686420440674,1.1536686420440674
1785722580.0,1.1536686420440674,1.1536686420440674,1.1536686420440674,1.1536686420440674
1785722640.0,1.1536686420440674,1.1536686420440674,1.1536686420440674,1.1536686420440674
1785722700.0,1.1536686420440674,1.1536686420440674,1.1536686420440674,1.1536686420440674
1785722760.0,1.1536686420440674,1.1536686420440674,1.1536686420440674,1.1536686420440674
1785722820.0,1.1536686420440674,1.1536686420440674,1.1536686420440674,1.1536686420440674
1785722880.0,1.1535356044769287,1.1535356044769287,1.1535356044769287,1.1535356044769287
1785722940.0,1.1535356044769287,1.1535356044769287,1.1535356044769287,1.1535356044769287
1785723000.0,1.15340256690979,1.15340256690979,1.15340256690979,1.15340256690979
1785723060.0,1.15340256690979,1.15340256690979,1.15340256690979,1.15340256690979
1785723120.0,1.15340256690979,1.15340256690979,1.15340256690979,1.15340256690979
1785723180.0,1.15340256690979,1.15340256690979,1.15340256690979,1.15340256690979
1785723240.0,1.15340256690979,1.15340256690979,1.15340256690979,1.15340256690979
1785723300.0,1.1532695293426514,1.1532695293426514,1.1532695293426514,1.1532695293426514
1785723360.0,1.1532695293426514,1.1532695293426514,1.1532695293426514,1.1532695293426514
1785723420.0,1.1532695293426514,1.1532695293426514,1.1532695293426514,1.1532695293426514
1785723480.0,1.1532695293426514,1.1532695293426514,1.1532695293426514,1.1532695293426514
1785723540.0,1.1535356044769287,1.1535356044769287,1.1535356044769287,1.1535356044769287
1785723600.0,1.1535356044769287,1.1535356044769287,1.1535356044769287,1.1535356044769287
1785723660.0,1.1535356044769287,1.1535356044769287,1.1535356044769287,1.1535356044769287
1785723720.0,1.15340256690979,1.15340256690979,1.15340256690979,1.15340256690979
1785723780.0,1.15340256690979,1.15340256690979,1.15340256690979,1.15340256690979
1785723840.0,1.15340256690979,1.15340256690979,1.15340256690979,1.15340256690979
1785723900.0,1.1535356044769287,1.1535356044769287,1.1535356044769287,1.1535356044769287
1785723960.0,1.1535356044769287,1.1535356044769287,1.1535356044769287,1.1535356044769287
1785724020.0,1.1535356044769287,1.1535356044769287,1.1535356044769287,1.1535356044769287
1785724080.0,1.1536686420440674,1.1536686420440674,1.1536686420440674,1.1536686420440674
1785724140.0,1.1536686420440674,1.1536686420440674,1.1536686420440674,1.1536686420440674
1785724200.0,1.1536686420440674,1.1536686420440674,1.1536686420440674,1.1536686420440674
1785724260.0,1.1536686420440674,1.1536686420440674,1.1536686420440674,1.1536686420440674
1785724320.0,1.1535356044769287,1.1535356044769287,1.1535356044769287,1.1535356044769287
1785724380.0,1.1535356044769287,1.1535356044769287,1.1535356044769287,1.1535356044769287
1785724440.0,1.1535356044769287,1.1535356044769287,1.1535356044769287,1.1535356044769287
1785724500.0,1.1538017988204956,1.1538017988204956,1.1538017988204956,1.1538017988204956
1785724560.0,1.1538017988204956,1.1538017988204956,1.1538017988204956,1.1538017988204956
1785724620.0,1.1538017988204956,1.1538017988204956,1.1538017988204956,1.1538017988204956
1785724680.0,1.1538017988204956,1.1538017988204956,1.1538017988204956,1.1538017988204956
1785724740.0,1.1538017988204956,1.1538017988204956,1.1538017988204956,1.1538017988204956
1785724800.0,1.1538017988204956,1.1538017988204956,1.1538017988204956,1.1538017988204956
1785724860.0,1.1536686420440674,1.1536686420440674,1.1536686420440674,1.1536686420440674
1785724920.0,1.1536686420440674,1.1536686420440674,1.1536686420440674,1.1536686420440674
1785724980.0,1.1536686420440674,1.1536686420440674,1.1536686420440674,1.1536686420440674
1785725040.0,1.1535356044769287,1.1535356044769287,1.1535356044769287,1.1535356044769287
1785725100.0,1.1535356044769287,1.1535356044769287,1.1535356044769287,1.1535356044769287
1785725160.0,1.1535356044769287,1.1535356044769287,1.1535356044769287,1.1535356044769287
1785725220.0,1.1535356044769287,1.1535356044769287,1.1535356044769287,1.1535356044769287
1785725280.0,1.1535356044769287,1.1535356044769287,1.1535356044769287,1.1535356044769287
1785725340.0,1.1535356044769287,1.1535356044769287,1.1535356044769287,1.1535356044769287
1785725400.0,1.1536686420440674,1.1536686420440674,1.1536686420440674,1.1536686420440674
1785725460.0,1.1535356044769287,1.1535356044769287,1.1535356044769287,1.1535356044769287
1785725520.0,1.1535356044769287,1.1535356044769287,1.1535356044769287,1.1535356044769287
1785725580.0,1.1535356044769287,1.1535356044769287,1.1535356044769287,1.1535356044769287
1785725640.0,1.1535356044769287,1.1535356044769287,1.1535356044769287,1.1535356044769287
1785725700.0,1.15340256690979,1.15340256690979,1.15340256690979,1.15340256690979
1785725760.0,1.15340256690979,1.15340256690979,1.15340256690979,1.15340256690979
1785725820.0,1.1535356044769287,1.1535356044769287,1.1535356044769287,1.1535356044769287
1785725880.0,1.15340256690979,1.15340256690979,1.15340256690979,1.15340256690979
1785725940.0,1.15340256690979,1.15340256690979,1.15340256690979,1.15340256690979
1785726000.0,1.15340256690979,1.15340256690979,1.15340256690979,1.15340256690979
1785726060.0,1.1532695293426514,1.1532695293426514,1.1532695293426514,1.1532695293426514
1785726120.0,1.15340256690979,1.15340256690979,1.15340256690979,1.15340256690979
1785726180.0,1.1532695293426514,1.1532695293426514,1.1532695293426514,1.1532695293426514
1785726240.0,1.1532695293426514,1.1532695293426514,1.1532695293426514,1.1532695293426514
1785726300.0,1.1532695293426514,1.1532695293426514,1.1532695293426514,1.1532695293426514
1785726360.0,1.15340256690979,1.15340256690979,1.15340256690979,1.15340256690979
1785726420.0,1.1532695293426514,1.1532695293426514,1.1532695293426514,1.1532695293426514
1785726480.0,1.1532695293426514,1.1532695293426514,1.1532695293426514,1.1532695293426514
1785726540.0,1.1532695293426514,1.1532695293426514,1.1532695293426514,1.1532695293426514
1785726600.0,1.1531364917755127,1.1531364917755127,1.1531364917755127,1.1531364917755127
1785726660.0,1.1531364917755127,1.1531364917755127,1.1531364917755127,1.1531364917755127
1785726720.0,1.1531364917755127,1.1531364917755127,1.1531364917755127,1.1531364917755127
1785726780.0,1.1531364917755127,1.1531364917755127,1.1531364917755127,1.1531364917755127
1785726840.0,1.1531364917755127,1.1531364917755127,1.1531364917755127,1.1531364917755127
1785726900.0,1.1530035734176636,1.1530035734176636,1.1530035734176636,1.1530035734176636
1785726960.0,1.1531364917755127,1.1531364917755127,1.1531364917755127,1.1531364917755127
1785727020.0,1.1531364917755127,1.1531364917755127,1.1531364917755127,1.1531364917755127
1785727080.0,1.1531364917755127,1.1531364917755127,1.1531364917755127,1.1531364917755127
1785727140.0,1.1531364917755127,1.1531364917755127,1.1531364917755127,1.1531364917755127
1785727200.0,1.1531364917755127,1.1531364917755127,1.1531364917755127,1.1531364917755127
1785727260.0,1.1531364917755127,1.1531364917755127,1.1531364917755127,1.1531364917755127
1785727320.0,1.1531364917755127,1.1531364917755127,1.1531364917755127,1.1531364917755127
1785727380.0,1.1531364917755127,1.1531364917755127,1.1531364917755127,1.1531364917755127
1785727440.0,1.1532695293426514,1.1532695293426514,1.1532695293426514,1.1532695293426514
1785727500.0,1.1532695293426514,1.1532695293426514,1.1532695293426514,1.1532695293426514
1785727560.0,1.1532695293426514,1.1532695293426514,1.1532695293426514,1.1532695293426514
1785727620.0,1.1532695293426514,1.1532695293426514,1.1532695293426514,1.1532695293426514
1785727680.0,1.1532695293426514,1.1532695293426514,1.1532695293426514,1.1532695293426514
1785727740.0,1.1532695293426514,1.1532695293426514,1.1532695293426514,1.1532695293426514
1785727800.0,1.1531364917755127,1.1531364917755127,1.1531364917755127,1.1531364917755127
1785727860.0,1.1531364917755127,1.1531364917755127,1.1531364917755127,1.1531364917755127
1785727920.0,1.1531364917755127,1.1531364917755127,1.1531364917755127,1.1531364917755127
1785727980.0,1.1531364917755127,1.1531364917755127,1.1531364917755127,1.1531364917755127
1785728040.0,1.1531364917755127,1.1531364917755127,1.1531364917755127,1.1531364917755127
1785728100.0,1.1531364917755127,1.1531364917755127,1.1531364917755127,1.1531364917755127
1785728160.0,1.1531364917755127,1.1531364917755127,1.1531364917755127,1.1531364917755127
1785728220.0,1.1531364917755127,1.1531364917755127,1.1531364917755127,1.1531364917755127
1785728280.0,1.1531364917755127,1.1531364917755127,1.1531364917755127,1.1531364917755127
1785728340.0,1.1531364917755127,1.1531364917755127,1.1531364917755127,1.1531364917755127
1785728400.0,1.1531364917755127,1.1531364917755127,1.1531364917755127,1.1531364917755127
1785728460.0,1.1530035734176636,1.1530035734176636,1.1530035734176636,1.1530035734176636
1785728520.0,1.1530035734176636,1.1530035734176636,1.1530035734176636,1.1530035734176636
1785728580.0,1.1530035734176636,1.1530035734176636,1.1530035734176636,1.1530035734176636
1785728640.0,1.1531364917755127,1.1531364917755127,1.1531364917755127,1.1531364917755127
1785728700.0,1.1531364917755127,1.1531364917755127,1.1531364917755127,1.1531364917755127
1785728760.0,1.1531364917755127,1.1531364917755127,1.1531364917755127,1.1531364917755127
1785728820.0,1.1531364917755127,1.1531364917755127,1.1531364917755127,1.1531364917755127
1785728880.0,1.1531364917755127,1.1531364917755127,1.1531364917755127,1.1531364917755127
1785728940.0,1.1531364917755127,1.1531364917755127,1.1531364917755127,1.1531364917755127
1785729000.0,1.1531364917755127,1.1531364917755127,1.1531364917755127,1.1531364917755127
1785729060.0,1.1531364917755127,1.1531364917755127,1.1531364917755127,1.1531364917755127
1785729120.0,1.1531364917755127,1.1531364917755127,1.1531364917755127,1.1531364917755127
1785729180.0,1.1531364917755127,1.1531364917755127,1.1531364917755127,1.1531364917755127
1785729240.0,1.1531364917755127,1.1531364917755127,1.1531364917755127,1.1531364917755127
1785729300.0,1.1531364917755127,1.1531364917755127,1.1531364917755127,1.1531364917755127
1785729360.0,1.1531364917755127,1.1531364917755127,1.1531364917755127,1.1531364917755127
1785729420.0,1.1531364917755127,1.1531364917755127,1.1531364917755127,1.1531364917755127
1785729480.0,1.1532695293426514,1.1532695293426514,1.1532695293426514,1.1532695293426514
1785729540.0,1.15340256690979,1.15340256690979,1.15340256690979,1.15340256690979
1785729600.0,1.15340256690979,1.15340256690979,1.15340256690979,1.15340256690979
1785729660.0,1.15340256690979,1.15340256690979,1.15340256690979,1.15340256690979
1785729720.0,1.15340256690979,1.15340256690979,1.15340256690979,1.15340256690979
1785729780.0,1.15340256690979,1.15340256690979,1.15340256690979,1.15340256690979
1785729840.0,1.15340256690979,1.15340256690979,1.15340256690979,1.15340256690979
1785729900.0,1.1532695293426514,1.1532695293426514,1.1532695293426514,1.1532695293426514
1785729960.0,1.1532695293426514,1.1532695293426514,1.1532695293426514,1.1532695293426514
1785730020.0,1.15340256690979,1.15340256690979,1.15340256690979,1.15340256690979
1785730080.0,1.1532695293426514,1.1532695293426514,1.1532695293426514,1.1532695293426514
1785730140.0,1.1532695293426514,1.1532695293426514,1.1532695293426514,1.1532695293426514
1785730200.0,1.1532695293426514,1.1532695293426514,1.1532695293426514,1.1532695293426514
1785730260.0,1.1532695293426514,1.1532695293426514,1.1532695293426514,1.1532695293426514
1785730320.0,1.1532695293426514,1.1532695293426514,1.1532695293426514,1.1532695293426514
1785730380.0,1.1535356044769287,1.1535356044769287,1.1535356044769287,1.1535356044769287
1785730440.0,1.1535356044769287,1.1535356044769287,1.1535356044769287,1.1535356044769287
1785730500.0,1.1535356044769287,1.1535356044769287,1.1535356044769287,1.1535356044769287
1785730560.0,1.15340256690979,1.15340256690979,1.15340256690979,1.15340256690979
1785730620.0,1.1535356044769287,1.1535356044769287,1.1535356044769287,1.1535356044769287
1785730680.0,1.1535356044769287,1.1535356044769287,1.1535356044769287,1.1535356044769287
1785730740.0,1.1535356044769287,1.1535356044769287,1.1535356044769287,1.1535356044769287
1785730800.0,1.1536686420440674,1.1536686420440674,1.1536686420440674,1.1536686420440674
1785730860.0,1.1535356044769287,1.1535356044769287,1.1535356044769287,1.1535356044769287
1785730920.0,1.1535356044769287,1.1535356044769287,1.1535356044769287,1.1535356044769287
1785730980.0,1.1535356044769287,1.1535356044769287,1.1535356044769287,1.1535356044769287
1785731040.0,1.1535356044769287,1.1535356044769287,1.1535356044769287,1.1535356044769287
1785731100.0,1.1535356044769287,1.1535356044769287,1.1535356044769287,1.1535356044769287
1785731160.0,1.1535356044769287,1.1535356044769287,1.1535356044769287,1.1535356044769287
1785731220.0,1.1535356044769287,1.1535356044769287,1.1535356044769287,1.1535356044769287
1785731280.0,1.1535356044769287,1.1535356044769287,1.1535356044769287,1.1535356044769287
1785731340.0,1.1536686420440674,1.1536686420440674,1.1536686420440674,1.1536686420440674
1785731400.0,1.1536686420440674,1.1536686420440674,1.1536686420440674,1.1536686420440674
1785731460.0,1.1535356044769287,1.1535356044769287,1.1535356044769287,1.1535356044769287
1785731520.0,1.1535356044769287,1.1535356044769287,1.1535356044769287,1.1535356044769287
1785731580.0,1.1536686420440674,1.1536686420440674,1.1536686420440674,1.1536686420440674
1785731640.0,1.1536686420440674,1.1536686420440674,1.1536686420440674,1.1536686420440674
1785731700.0,1.1538017988204956,1.1538017988204956,1.1538017988204956,1.1538017988204956
1785731760.0,1.1536686420440674,1.1536686420440674,1.1536686420440674,1.1536686420440674
1785731820.0,1.1536686420440674,1.1536686420440674,1.1536686420440674,1.1536686420440674
1785731880.0,1.1536686420440674,1.1536686420440674,1.1536686420440674,1.1536686420440674
1785731940.0,1.1538017988204956,1.1538017988204956,1.1538017988204956,1.1538017988204956
1785732000.0,1.1538017988204956,1.1538017988204956,1.1538017988204956,1.1538017988204956
1785732060.0,1.1538017988204956,1.1538017988204956,1.1538017988204956,1.1538017988204956
1785732120.0,1.1538017988204956,1.1538017988204956,1.1538017988204956,1.1538017988204956
1785732180.0,1.1536686420440674,1.1536686420440674,1.1536686420440674,1.1536686420440674
1785732240.0,1.1539349555969238,1.1539349555969238,1.1539349555969238,1.1539349555969238
1785732300.0,1.1538017988204956,1.1538017988204956,1.1538017988204956,1.1538017988204956
1785732360.0,1.1538017988204956,1.1538017988204956,1.1538017988204956,1.1538017988204956
1785732420.0,1.1538017988204956,1.1538017988204956,1.1538017988204956,1.1538017988204956
1785732480.0,1.1538017988204956,1.1538017988204956,1.1538017988204956,1.1538017988204956
1785732540.0,1.1538017988204956,1.1538017988204956,1.1538017988204956,1.1538017988204956
1785732600.0,1.1538017988204956,1.1538017988204956,1.1538017988204956,1.1538017988204956
1785732660.0,1.1536686420440674,1.1536686420440674,1.1536686420440674,1.1536686420440674
1785732720.0,1.1536686420440674,1.1536686420440674,1.1536686420440674,1.1536686420440674
1785732780.0,1.1536686420440674,1.1536686420440674,1.1536686420440674,1.1536686420440674
1785732840.0,1.1536686420440674,1.1536686420440674,1.1536686420440674,1.1536686420440674
1785732900.0,1.1536686420440674,1.1536686420440674,1.1536686420440674,1.1536686420440674
1785732960.0,1.1538017988204956,1.1538017988204956,1.1538017988204956,1.1538017988204956
1785733020.0,1.1538017988204956,1.1538017988204956,1.1538017988204956,1.1538017988204956
1785733080.0,1.1538017988204956,1.1538017988204956,1.1538017988204956,1.1538017988204956
1785733140.0,1.1538017988204956,1.1538017988204956,1.1538017988204956,1.1538017988204956
1785733200.0,1.1538017988204956,1.1538017988204956,1.1538017988204956,1.1538017988204956
1785733260.0,1.1538017988204956,1.1538017988204956,1.1538017988204956,1.1538017988204956
1785733320.0,1.1539349555969238,1.1539349555969238,1.1539349555969238,1.1539349555969238
1785733380.0,1.1538017988204956,1.1538017988204956,1.1538017988204956,1.1538017988204956
1785733440.0,1.1538017988204956,1.1538017988204956,1.1538017988204956,1.1538017988204956
1785733500.0,1.1536686420440674,1.1536686420440674,1.1536686420440674,1.1536686420440674
1785733560.0,1.1538017988204956,1.1538017988204956,1.1538017988204956,1.1538017988204956
1785733620.0,1.1536686420440674,1.1536686420440674,1.1536686420440674,1.1536686420440674
1785733680.0,1.1535356044769287,1.1535356044769287,1.1535356044769287,1.1535356044769287
1785733740.0,1.1535356044769287,1.1535356044769287,1.1535356044769287,1.1535356044769287
1785733800.0,1.1535356044769287,1.1535356044769287,1.1535356044769287,1.1535356044769287
1785733860.0,1.1535356044769287,1.1535356044769287,1.1535356044769287,1.1535356044769287
1785733920.0,1.1535356044769287,1.1535356044769287,1.1535356044769287,1.1535356044769287
1785733980.0,1.1535356044769287,1.1535356044769287,1.1535356044769287,1.1535356044769287
1785734040.0,1.1536686420440674,1.1536686420440674,1.1536686420440674,1.1536686420440674
1785734100.0,1.1536686420440674,1.1536686420440674,1.1536686420440674,1.1536686420440674
1785734160.0,1.1536686420440674,1.1536686420440674,1.1536686420440674,1.1536686420440674
1785734220.0,1.1536686420440674,1.1536686420440674,1.1536686420440674,1.1536686420440674
1785734280.0,1.1536686420440674,1.1536686420440674,1.1536686420440674,1.1536686420440674
1785734340.0,1.1536686420440674,1.1536686420440674,1.1536686420440674,1.1536686420440674
1785734400.0,1.1536686420440674,1.1536686420440674,1.1536686420440674,1.1536686420440674
1785734460.0,1.1536686420440674,1.1536686420440674,1.1536686420440674,1.1536686420440674
1785734520.0,1.1538017988204956,1.1538017988204956,1.1538017988204956,1.1538017988204956
1785734580.0,1.1536686420440674,1.1536686420440674,1.1536686420440674,1.1536686420440674
1785734640.0,1.1536686420440674,1.1536686420440674,1.1536686420440674,1.1536686420440674
1785734700.0,1.1535356044769287,1.1535356044769287,1.1535356044769287,1.1535356044769287
1785734760.0,1.1536686420440674,1.1536686420440674,1.1536686420440674,1.1536686420440674
1785734820.0,1.1536686420440674,1.1536686420440674,1.1536686420440674,1.1536686420440674
1785734880.0,1.1536686420440674,1.1536686420440674,1.1536686420440674,1.1536686420440674
1785734940.0,1.1536686420440674,1.1536686420440674,1.1536686420440674,1.1536686420440674
1785735000.0,1.1538017988204956,1.1538017988204956,1.1538017988204956,1.1538017988204956
1785735060.0,1.1538017988204956,1.1538017988204956,1.1538017988204956,1.1538017988204956
1785735120.0,1.1538017988204956,1.1538017988204956,1.1538017988204956,1.1538017988204956
1785735180.0,1.1539349555969238,1.1539349555969238,1.1539349555969238,1.1539349555969238
1785735240.0,1.1539349555969238,1.1539349555969238,1.1539349555969238,1.1539349555969238
1785735300.0,1.1539349555969238,1.1539349555969238,1.1539349555969238,1.1539349555969238
1785735360.0,1.1539349555969238,1.1539349555969238,1.1539349555969238,1.1539349555969238
1785735420.0,1.1539349555969238,1.1539349555969238,1.1539349555969238,1.1539349555969238
1785735480.0,1.1539349555969238,1.1539349555969238,1.1539349555969238,1.1539349555969238
1785735540.0,1.1538017988204956,1.1538017988204956,1.1538017988204956,1.1538017988204956
1785735600.0,1.1538017988204956,1.1538017988204956,1.1538017988204956,1.1538017988204956
1785735660.0,1.1536686420440674,1.1536686420440674,1.1536686420440674,1.1536686420440674
1785735720.0,1.1538017988204956,1.1538017988204956,1.1538017988204956,1.1538017988204956
1785735780.0,1.1538017988204956,1.1538017988204956,1.1538017988204956,1.1538017988204956
1785735840.0,1.1539349555969238,1.1539349555969238,1.1539349555969238,1.1539349555969238
1785735900.0,1.1539349555969238,1.1539349555969238,1.1539349555969238,1.1539349555969238
1785735960.0,1.1539349555969238,1.1539349555969238,1.1539349555969238,1.1539349555969238
1785736020.0,1.154068112373352,1.154068112373352,1.154068112373352,1.154068112373352
1785736080.0,1.1539349555969238,1.1539349555969238,1.1539349555969238,1.1539349555969238
1785736140.0,1.1539349555969238,1.1539349555969238,1.1539349555969238,1.1539349555969238
1785736200.0,1.1539349555969238,1.1539349555969238,1.1539349555969238,1.1539349555969238
1785736260.0,1.1538017988204956,1.1538017988204956,1.1538017988204956,1.1538017988204956
1785736320.0,1.1539349555969238,1.1539349555969238,1.1539349555969238,1.1539349555969238
1785736380.0,1.1538017988204956,1.1538017988204956,1.1538017988204956,1.1538017988204956
1785736440.0,1.1539349555969238,1.1539349555969238,1.1539349555969238,1.1539349555969238
1785736500.0,1.154068112373352,1.154068112373352,1.154068112373352,1.154068112373352
1785736560.0,1.154068112373352,1.154068112373352,1.154068112373352,1.154068112373352
1785736620.0,1.154068112373352,1.154068112373352,1.154068112373352,1.154068112373352
1785736680.0,1.154068112373352,1.154068112373352,1.154068112373352,1.154068112373352
1785736740.0,1.154068112373352,1.154068112373352,1.154068112373352,1.154068112373352
1785736800.0,1.1542012691497803,1.1542012691497803,1.1542012691497803,1.1542012691497803
1785736860.0,1.1542012691497803,1.1542012691497803,1.1542012691497803,1.1542012691497803
1785736920.0,1.154068112373352,1.154068112373352,1.154068112373352,1.154068112373352
1785736980.0,1.154068112373352,1.154068112373352,1.154068112373352,1.154068112373352
1785737040.0,1.154068112373352,1.154068112373352,1.154068112373352,1.154068112373352
1785737100.0,1.1542012691497803,1.1542012691497803,1.1542012691497803,1.1542012691497803
1785737160.0,1.154068112373352,1.154068112373352,1.154068112373352,1.154068112373352
1785737220.0,1.1539349555969238,1.1539349555969238,1.1539349555969238,1.1539349555969238
1785737280.0,1.1538017988204956,1.1538017988204956,1.1538017988204956,1.1538017988204956
1785737340.0,1.1538017988204956,1.1538017988204956,1.1538017988204956,1.1538017988204956
1785737400.0,1.1538017988204956,1.1538017988204956,1.1538017988204956,1.1538017988204956
1785737460.0,1.1539349555969238,1.1539349555969238,1.1539349555969238,1.1539349555969238
1785737520.0,1.1539349555969238,1.1539349555969238,1.1539349555969238,1.1539349555969238
1785737580.0,1.1538017988204956,1.1538017988204956,1.1538017988204956,1.1538017988204956
1785737640.0,1.1536686420440674,1.1536686420440674,1.1536686420440674,1.1536686420440674
1785737700.0,1.1536686420440674,1.1536686420440674,1.1536686420440674,1.1536686420440674
1785737760.0,1.1536686420440674,1.1536686420440674,1.1536686420440674,1.1536686420440674
1785737820.0,1.1536686420440674,1.1536686420440674,1.1536686420440674,1.1536686420440674
1785737880.0,1.1536686420440674,1.1536686420440674,1.1536686420440674,1.1536686420440674
1785737940.0,1.1538017988204956,1.1538017988204956,1.1538017988204956,1.1538017988204956
1785738000.0,1.1538017988204956,1.1538017988204956,1.1538017988204956,1.1538017988204956
1785738060.0,1.1535356044769287,1.1535356044769287,1.1535356044769287,1.1535356044769287
1785738120.0,1.1536686420440674,1.1536686420440674,1.1536686420440674,1.1536686420440674
1785738180.0,1.1536686420440674,1.1536686420440674,1.1536686420440674,1.1536686420440674
1785738240.0,1.1536686420440674,1.1536686420440674,1.1536686420440674,1.1536686420440674
1785738300.0,1.1536686420440674,1.1536686420440674,1.1536686420440674,1.1536686420440674
1785738360.0,1.1535356044769287,1.1535356044769287,1.1535356044769287,1.1535356044769287
1785738420.0,1.1535356044769287,1.1535356044769287,1.1535356044769287,1.1535356044769287
1785738480.0,1.1535356044769287,1.1535356044769287,1.1535356044769287,1.1535356044769287
1785738540.0,1.1536686420440674,1.1536686420440674,1.1536686420440674,1.1536686420440674
1785738600.0,1.1536686420440674,1.1536686420440674,1.1536686420440674,1.1536686420440674
1785738660.0,1.1535356044769287,1.1535356044769287,1.1535356044769287,1.1535356044769287
1785738720.0,1.1535356044769287,1.1535356044769287,1.1535356044769287,1.1535356044769287
1785738780.0,1.1535356044769287,1.1535356044769287,1.1535356044769287,1.1535356044769287
1785738840.0,1.15340256690979,1.15340256690979,1.15340256690979,1.15340256690979
1785738900.0,1.1532695293426514,1.1532695293426514,1.1532695293426514,1.1532695293426514
1785738960.0,1.1532695293426514,1.1532695293426514,1.1532695293426514,1.1532695293426514
1785739020.0,1.1531364917755127,1.1531364917755127,1.1531364917755127,1.1531364917755127
1785739080.0,1.1530035734176636,1.1530035734176636,1.1530035734176636,1.1530035734176636
1785739140.0,1.1528706550598145,1.1528706550598145,1.1528706550598145,1.1528706550598145
1785739200.0,1.1528706550598145,1.1528706550598145,1.1528706550598145,1.1528706550598145
1785739260.0,1.1528706550598145,1.1528706550598145,1.1528706550598145,1.1528706550598145
1785739320.0,1.1528706550598145,1.1528706550598145,1.1528706550598145,1.1528706550598145
1785739380.0,1.1528706550598145,1.1528706550598145,1.1528706550598145,1.1528706550598145
1785739440.0,1.1528706550598145,1.1528706550598145,1.1528706550598145,1.1528706550598145
1785739500.0,1.1527377367019653,1.1527377367019653,1.1527377367019653,1.1527377367019653
1785739560.0,1.1528706550598145,1.1528706550598145,1.1528706550598145,1.1528706550598145
1785739620.0,1.1528706550598145,1.1528706550598145,1.1528706550598145,1.1528706550598145
1785739680.0,1.1528706550598145,1.1528706550598145,1.1528706550598145,1.1528706550598145
1785739740.0,1.1528706550598145,1.1528706550598145,1.1528706550598145,1.1528706550598145
1785739800.0,1.1528706550598145,1.1528706550598145,1.1528706550598145,1.1528706550598145
1785739860.0,1.1528706550598145,1.1528706550598145,1.1528706550598145,1.1528706550598145
1785739920.0,1.1528706550598145,1.1528706550598145,1.1528706550598145,1.1528706550598145
1785739980.0,1.1528706550598145,1.1528706550598145,1.1528706550598145,1.1528706550598145
1785740040.0,1.1530035734176636,1.1530035734176636,1.1530035734176636,1.1530035734176636
1785740100.0,1.1530035734176636,1.1530035734176636,1.1530035734176636,1.1530035734176636
1785740160.0,1.1531364917755127,1.1531364917755127,1.1531364917755127,1.1531364917755127
1785740220.0,1.1530035734176636,1.1530035734176636,1.1530035734176636,1.1530035734176636
1785740280.0,1.1530035734176636,1.1530035734176636,1.1530035734176636,1.1530035734176636
1785740340.0,1.1530035734176636,1.1530035734176636,1.1530035734176636,1.1530035734176636
1785740400.0,1.1531364917755127,1.1531364917755127,1.1531364917755127,1.1531364917755127
1785740460.0,1.1531364917755127,1.1531364917755127,1.1531364917755127,1.1531364917755127
1785740520.0,1.1530035734176636,1.1530035734176636,1.1530035734176636,1.1530035734176636
1785740580.0,1.1528706550598145,1.1528706550598145,1.1528706550598145,1.1528706550598145
1785740640.0,1.1528706550598145,1.1528706550598145,1.1528706550598145,1.1528706550598145
1785740700.0,1.1527377367019653,1.1527377367019653,1.1527377367019653,1.1527377367019653
1785740760.0,1.1526048183441162,1.1526048183441162,1.1526048183441162,1.1526048183441162
1785740820.0,1.1527377367019653,1.1527377367019653,1.1527377367019653,1.1527377367019653
1785740880.0,1.1528706550598145,1.1528706550598145,1.1528706550598145,1.1528706550598145
1785740940.0,1.1528706550598145,1.1528706550598145,1.1528706550598145,1.1528706550598145
1785741000.0,1.1530035734176636,1.1530035734176636,1.1530035734176636,1.1530035734176636
1785741060.0,1.1530035734176636,1.1530035734176636,1.1530035734176636,1.1530035734176636
1785741120.0,1.1532695293426514,1.1532695293426514,1.1532695293426514,1.1532695293426514
1785741180.0,1.1531364917755127,1.1531364917755127,1.1531364917755127,1.1531364917755127
1785741240.0,1.1532695293426514,1.1532695293426514,1.1532695293426514,1.1532695293426514
1785741300.0,1.1532695293426514,1.1532695293426514,1.1532695293426514,1.1532695293426514
1785741360.0,1.1530035734176636,1.1530035734176636,1.1530035734176636,1.1530035734176636
1785741420.0,1.1524720191955566,1.1524720191955566,1.1524720191955566,1.1524720191955566
1785741480.0,1.1526048183441162,1.1526048183441162,1.1526048183441162,1.1526048183441162
1785741540.0,1.1527377367019653,1.1527377367019653,1.1527377367019653,1.1527377367019653
1785741600.0,1.1528706550598145,1.1528706550598145,1.1528706550598145,1.1528706550598145
1785741660.0,1.1530035734176636,1.1530035734176636,1.1530035734176636,1.1530035734176636
1785741720.0,1.1528706550598145,1.1528706550598145,1.1528706550598145,1.1528706550598145
1785741780.0,1.1528706550598145,1.1528706550598145,1.1528706550598145,1.1528706550598145
1785741840.0,1.1528706550598145,1.1528706550598145,1.1528706550598145,1.1528706550598145
1785741900.0,1.1530035734176636,1.1530035734176636,1.1530035734176636,1.1530035734176636
1785741960.0,1.1531364917755127,1.1531364917755127,1.1531364917755127,1.1531364917755127
1785742020.0,1.1531364917755127,1.1531364917755127,1.1531364917755127,1.1531364917755127
1785742080.0,1.1531364917755127,1.1531364917755127,1.1531364917755127,1.1531364917755127
1785742140.0,1.1532695293426514,1.1532695293426514,1.1532695293426514,1.1532695293426514
1785742200.0,1.15340256690979,1.15340256690979,1.15340256690979,1.15340256690979
1785742260.0,1.15340256690979,1.15340256690979,1.15340256690979,1.15340256690979
1785742320.0,1.15340256690979,1.15340256690979,1.15340256690979,1.15340256690979
1785742380.0,1.1535356044769287,1.1535356044769287,1.1535356044769287,1.1535356044769287
1785742440.0,1.1535356044769287,1.1535356044769287,1.1535356044769287,1.1535356044769287
1785742500.0,1.15340256690979,1.15340256690979,1.15340256690979,1.15340256690979
1785742560.0,1.1531364917755127,1.1531364917755127,1.1531364917755127,1.1531364917755127
1785742620.0,1.1530035734176636,1.1530035734176636,1.1530035734176636,1.1530035734176636
1785742680.0,1.1530035734176636,1.1530035734176636,1.1530035734176636,1.1530035734176636
1785742740.0,1.1530035734176636,1.1530035734176636,1.1530035734176636,1.1530035734176636
1785742800.0,1.1530035734176636,1.1530035734176636,1.1530035734176636,1.1530035734176636
1785742860.0,1.1527377367019653,1.1527377367019653,1.1527377367019653,1.1527377367019653
1785742920.0,1.1527377367019653,1.1527377367019653,1.1527377367019653,1.1527377367019653
1785742980.0,1.1528706550598145,1.1528706550598145,1.1528706550598145,1.1528706550598145
1785743040.0,1.1530035734176636,1.1530035734176636,1.1530035734176636,1.1530035734176636
1785743100.0,1.1530035734176636,1.1530035734176636,1.1530035734176636,1.1530035734176636
1785743160.0,1.1528706550598145,1.1528706550598145,1.1528706550598145,1.1528706550598145
1785743220.0,1.1530035734176636,1.1530035734176636,1.1530035734176636,1.1530035734176636
1785743280.0,1.1528706550598145,1.1528706550598145,1.1528706550598145,1.1528706550598145
1785743340.0,1.1528706550598145,1.1528706550598145,1.1528706550598145,1.1528706550598145
1785743400.0,1.1528706550598145,1.1528706550598145,1.1528706550598145,1.1528706550598145
1785743460.0,1.1528706550598145,1.1528706550598145,1.1528706550598145,1.1528706550598145
1785743520.0,1.1528706550598145,1.1528706550598145,1.1528706550598145,1.1528706550598145
1785743580.0,1.1528706550598145,1.1528706550598145,1.1528706550598145,1.1528706550598145
1785743640.0,1.1530035734176636,1.1530035734176636,1.1530035734176636,1.1530035734176636
1785743700.0,1.1528706550598145,1.1528706550598145,1.1528706550598145,1.1528706550598145
1785743760.0,1.1527377367019653,1.1527377367019653,1.1527377367019653,1.1527377367019653
1785743820.0,1.1528706550598145,1.1528706550598145,1.1528706550598145,1.1528706550598145
1785743880.0,1.1530035734176636,1.1530035734176636,1.1530035734176636,1.1530035734176636
1785743940.0,1.1530035734176636,1.1530035734176636,1.1530035734176636,1.1530035734176636
1785744000.0,1.1527377367019653,1.1527377367019653,1.1527377367019653,1.1527377367019653
1785744060.0,1.1528706550598145,1.1528706550598145,1.1528706550598145,1.1528706550598145
1785744120.0,1.1528706550598145,1.1528706550598145,1.1528706550598145,1.1528706550598145
1785744180.0,1.1527377367019653,1.1527377367019653,1.1527377367019653,1.1527377367019653
1785744240.0,1.1527377367019653,1.1527377367019653,1.1527377367019653,1.1527377367019653
1785744300.0,1.1528706550598145,1.1528706550598145,1.1528706550598145,1.1528706550598145
1785744360.0,1.1528706550598145,1.1528706550598145,1.1528706550598145,1.1528706550598145
1785744420.0,1.1528706550598145,1.1528706550598145,1.1528706550598145,1.1528706550598145
1785744480.0,1.1528706550598145,1.1528706550598145,1.1528706550598145,1.1528706550598145
1785744540.0,1.1527377367019653,1.1527377367019653,1.1527377367019653,1.1527377367019653
1785744600.0,1.1527377367019653,1.1527377367019653,1.1527377367019653,1.1527377367019653
1785744660.0,1.1530035734176636,1.1530035734176636,1.1530035734176636,1.1530035734176636
1785744720.0,1.1530035734176636,1.1530035734176636,1.1530035734176636,1.1530035734176636
1785744780.0,1.1530035734176636,1.1530035734176636,1.1530035734176636,1.1530035734176636
1785744840.0,1.1530035734176636,1.1530035734176636,1.1530035734176636,1.1530035734176636
1785744900.0,1.1528706550598145,1.1528706550598145,1.1528706550598145,1.1528706550598145
1785744960.0,1.1528706550598145,1.1528706550598145,1.1528706550598145,1.1528706550598145
1785745020.0,1.1528706550598145,1.1528706550598145,1.1528706550598145,1.1528706550598145
1785745080.0,1.1527377367019653,1.1527377367019653,1.1527377367019653,1.1527377367019653
1785745140.0,1.1526048183441162,1.1526048183441162,1.1526048183441162,1.1526048183441162
1785745200.0,1.1526048183441162,1.1526048183441162,1.1526048183441162,1.1526048183441162
1785745260.0,1.1526048183441162,1.1526048183441162,1.1526048183441162,1.1526048183441162
1785745320.0,1.1526048183441162,1.1526048183441162,1.1526048183441162,1.1526048183441162
1785745380.0,1.1530035734176636,1.1530035734176636,1.1530035734176636,1.1530035734176636
1785745440.0,1.1530035734176636,1.1530035734176636,1.1530035734176636,1.1530035734176636
1785745500.0,1.1528706550598145,1.1528706550598145,1.1528706550598145,1.1528706550598145
1785745560.0,1.1527377367019653,1.1527377367019653,1.1527377367019653,1.1527377367019653
1785745620.0,1.1528706550598145,1.1528706550598145,1.1528706550598145,1.1528706550598145
1785745680.0,1.1527377367019653,1.1527377367019653,1.1527377367019653,1.1527377367019653
1785745740.0,1.1527377367019653,1.1527377367019653,1.1527377367019653,1.1527377367019653
1785745800.0,1.1527377367019653,1.1527377367019653,1.1527377367019653,1.1527377367019653
1785745860.0,1.1527377367019653,1.1527377367019653,1.1527377367019653,1.1527377367019653
1785745920.0,1.1527377367019653,1.1527377367019653,1.1527377367019653,1.1527377367019653
1785745980.0,1.1527377367019653,1.1527377367019653,1.1527377367019653,1.1527377367019653
1785746040.0,1.1528706550598145,1.1528706550598145,1.1528706550598145,1.1528706550598145
1785746100.0,1.1528706550598145,1.1528706550598145,1.1528706550598145,1.1528706550598145
1785746160.0,1.1528706550598145,1.1528706550598145,1.1528706550598145,1.1528706550598145
1785746220.0,1.1527377367019653,1.1527377367019653,1.1527377367019653,1.1527377367019653
1785746280.0,1.1527377367019653,1.1527377367019653,1.1527377367019653,1.1527377367019653
1785746340.0,1.1528706550598145,1.1528706550598145,1.1528706550598145,1.1528706550598145
1785746400.0,1.1527377367019653,1.1527377367019653,1.1527377367019653,1.1527377367019653
1785746460.0,1.1527377367019653,1.1527377367019653,1.1527377367019653,1.1527377367019653
1785746520.0,1.1527377367019653,1.1527377367019653,1.1527377367019653,1.1527377367019653
1785746580.0,1.1528706550598145,1.1528706550598145,1.1528706550598145,1.1528706550598145
1785746640.0,1.1528706550598145,1.1528706550598145,1.1528706550598145,1.1528706550598145
1785746700.0,1.1527377367019653,1.1527377367019653,1.1527377367019653,1.1527377367019653
1785746760.0,1.1528706550598145,1.1528706550598145,1.1528706550598145,1.1528706550598145
1785746820.0,1.1528706550598145,1.1528706550598145,1.1528706550598145,1.1528706550598145
1785746880.0,1.1528706550598145,1.1528706550598145,1.1528706550598145,1.1528706550598145
1785746940.0,1.1527377367019653,1.1527377367019653,1.1527377367019653,1.1527377367019653
1785747000.0,1.1527377367019653,1.1527377367019653,1.1527377367019653,1.1527377367019653
1785747060.0,1.1526048183441162,1.1526048183441162,1.1526048183441162,1.1526048183441162
1785747120.0,1.1524720191955566,1.1524720191955566,1.1524720191955566,1.1524720191955566
1785747180.0,1.1524720191955566,1.1524720191955566,1.1524720191955566,1.1524720191955566
1785747240.0,1.1526048183441162,1.1526048183441162,1.1526048183441162,1.1526048183441162
1785747300.0,1.1526048183441162,1.1526048183441162,1.1526048183441162,1.1526048183441162
1785747360.0,1.1527377367019653,1.1527377367019653,1.1527377367019653,1.1527377367019653
1785747420.0,1.1526048183441162,1.1526048183441162,1.1526048183441162,1.1526048183441162
1785747480.0,1.1526048183441162,1.1526048183441162,1.1526048183441162,1.1526048183441162
1785747540.0,1.1526048183441162,1.1526048183441162,1.1526048183441162,1.1526048183441162
1785747600.0,1.1527377367019653,1.1527377367019653,1.1527377367019653,1.1527377367019653
1785747660.0,1.1527377367019653,1.1527377367019653,1.1527377367019653,1.1527377367019653
1785747720.0,1.1527377367019653,1.1527377367019653,1.1527377367019653,1.1527377367019653
1785747780.0,1.1526048183441162,1.1526048183441162,1.1526048183441162,1.1526048183441162
1785747840.0,1.1524720191955566,1.1524720191955566,1.1524720191955566,1.1524720191955566
1785747900.0,1.1526048183441162,1.1526048183441162,1.1526048183441162,1.1526048183441162
1785747960.0,1.1526048183441162,1.1526048183441162,1.1526048183441162,1.1526048183441162
1785748020.0,1.1524720191955566,1.1524720191955566,1.1524720191955566,1.1524720191955566
1785748080.0,1.152339220046997,1.152339220046997,1.152339220046997,1.152339220046997
1785748140.0,1.1526048183441162,1.1526048183441162,1.1526048183441162,1.1526048183441162
1785748200.0,1.1527377367019653,1.1527377367019653,1.1527377367019653,1.1527377367019653
1785748260.0,1.1528706550598145,1.1528706550598145,1.1528706550598145,1.1528706550598145
1785748320.0,1.1528706550598145,1.1528706550598145,1.1528706550598145,1.1528706550598145
1785748380.0,1.1528706550598145,1.1528706550598145,1.1528706550598145,1.1528706550598145
1785748440.0,1.1528706550598145,1.1528706550598145,1.1528706550598145,1.1528706550598145
1785748500.0,1.1527377367019653,1.1527377367019653,1.1527377367019653,1.1527377367019653
1785748560.0,1.1527377367019653,1.1527377367019653,1.1527377367019653,1.1527377367019653
1785748620.0,1.1524720191955566,1.1524720191955566,1.1524720191955566,1.1524720191955566
1785748680.0,1.1526048183441162,1.1526048183441162,1.1526048183441162,1.1526048183441162
1785748740.0,1.1526048183441162,1.1526048183441162,1.1526048183441162,1.1526048183441162
1785748800.0,1.1526048183441162,1.1526048183441162,1.1526048183441162,1.1526048183441162
1785748860.0,1.1526048183441162,1.1526048183441162,1.1526048183441162,1.1526048183441162
1785748920.0,1.1526048183441162,1.1526048183441162,1.1526048183441162,1.1526048183441162
1785748980.0,1.1527377367019653,1.1527377367019653,1.1527377367019653,1.1527377367019653
1785749040.0,1.1526048183441162,1.1526048183441162,1.1526048183441162,1.1526048183441162
1785749100.0,1.1526048183441162,1.1526048183441162,1.1526048183441162,1.1526048183441162
1785749160.0,1.1524720191955566,1.1524720191955566,1.1524720191955566,1.1524720191955566
1785749220.0,1.1524720191955566,1.1524720191955566,1.1524720191955566,1.1524720191955566
1785749280.0,1.1526048183441162,1.1526048183441162,1.1526048183441162,1.1526048183441162
1785749340.0,1.1527377367019653,1.1527377367019653,1.1527377367019653,1.1527377367019653
1785749400.0,1.1527377367019653,1.1527377367019653,1.1527377367019653,1.1527377367019653
1785749460.0,1.1528706550598145,1.1528706550598145,1.1528706550598145,1.1528706550598145
1785749520.0,1.1528706550598145,1.1528706550598145,1.1528706550598145,1.1528706550598145
1785749580.0,1.1528706550598145,1.1528706550598145,1.1528706550598145,1.1528706550598145
1785749640.0,1.1527377367019653,1.1527377367019653,1.1527377367019653,1.1527377367019653
1785749700.0,1.1527377367019653,1.1527377367019653,1.1527377367019653,1.1527377367019653
1785749760.0,1.1527377367019653,1.1527377367019653,1.1527377367019653,1.1527377367019653
1785749820.0,1.1527377367019653,1.1527377367019653,1.1527377367019653,1.1527377367019653
1785749880.0,1.1528706550598145,1.1528706550598145,1.1528706550598145,1.1528706550598145
1785749940.0,1.1528706550598145,1.1528706550598145,1.1528706550598145,1.1528706550598145
1785750000.0,1.1530035734176636,1.1530035734176636,1.1530035734176636,1.1530035734176636
1785750060.0,1.1530035734176636,1.1530035734176636,1.1530035734176636,1.1530035734176636
1785750120.0,1.1531364917755127,1.1531364917755127,1.1531364917755127,1.1531364917755127
1785750180.0,1.1531364917755127,1.1531364917755127,1.1531364917755127,1.1531364917755127
1785750240.0,1.1531364917755127,1.1531364917755127,1.1531364917755127,1.1531364917755127
1785750300.0,1.1531364917755127,1.1531364917755127,1.1531364917755127,1.1531364917755127
1785750360.0,1.1531364917755127,1.1531364917755127,1.1531364917755127,1.1531364917755127
1785750420.0,1.1531364917755127,1.1531364917755127,1.1531364917755127,1.1531364917755127
1785750480.0,1.1532695293426514,1.1532695293426514,1.1532695293426514,1.1532695293426514
1785750540.0,1.1531364917755127,1.1531364917755127,1.1531364917755127,1.1531364917755127
1785750600.0,1.1532695293426514,1.1532695293426514,1.1532695293426514,1.1532695293426514
1785750660.0,1.1531364917755127,1.1531364917755127,1.1531364917755127,1.1531364917755127
1785750720.0,1.1531364917755127,1.1531364917755127,1.1531364917755127,1.1531364917755127
1785750780.0,1.1531364917755127,1.1531364917755127,1.1531364917755127,1.1531364917755127
1785750840.0,1.1531364917755127,1.1531364917755127,1.1531364917755127,1.1531364917755127
1785750900.0,1.1531364917755127,1.1531364917755127,1.1531364917755127,1.1531364917755127
1785750960.0,1.1530035734176636,1.1530035734176636,1.1530035734176636,1.1530035734176636
1785751020.0,1.1528706550598145,1.1528706550598145,1.1528706550598145,1.1528706550598145
1785751080.0,1.1526048183441162,1.1526048183441162,1.1526048183441162,1.1526048183441162
1785751140.0,1.1526048183441162,1.1526048183441162,1.1526048183441162,1.1526048183441162
1785751200.0,1.1524720191955566,1.1524720191955566,1.1524720191955566,1.1524720191955566
1785751260.0,1.1526048183441162,1.1526048183441162,1.1526048183441162,1.1526048183441162
1785751320.0,1.1526048183441162,1.1526048183441162,1.1526048183441162,1.1526048183441162
1785751380.0,1.1527377367019653,1.1527377367019653,1.1527377367019653,1.1527377367019653
1785751440.0,1.1527377367019653,1.1527377367019653,1.1527377367019653,1.1527377367019653
1785751500.0,1.1527377367019653,1.1527377367019653,1.1527377367019653,1.1527377367019653
1785751560.0,1.1526048183441162,1.1526048183441162,1.1526048183441162,1.1526048183441162
1785751620.0,1.1526048183441162,1.1526048183441162,1.1526048183441162,1.1526048183441162
1785751680.0,1.1526048183441162,1.1526048183441162,1.1526048183441162,1.1526048183441162
1785751740.0,1.1526048183441162,1.1526048183441162,1.1526048183441162,1.1526048183441162
1785751800.0,1.1526048183441162,1.1526048183441162,1.1526048183441162,1.1526048183441162
1785751860.0,1.1524720191955566,1.1524720191955566,1.1524720191955566,1.1524720191955566
1785751920.0,1.1526048183441162,1.1526048183441162,1.1526048183441162,1.1526048183441162
1785751980.0,1.1527377367019653,1.1527377367019653,1.1527377367019653,1.1527377367019653
1785752040.0,1.1527377367019653,1.1527377367019653,1.1527377367019653,1.1527377367019653
1785752100.0,1.1526048183441162,1.1526048183441162,1.1526048183441162,1.1526048183441162
1785752160.0,1.1527377367019653,1.1527377367019653,1.1527377367019653,1.1527377367019653
1785752220.0,1.1520737409591675,1.1520737409591675,1.1520737409591675,1.1520737409591675
1785752280.0,1.152339220046997,1.152339220046997,1.152339220046997,1.152339220046997
1785752340.0,1.1522064208984375,1.1522064208984375,1.1522064208984375,1.1522064208984375
1785752400.0,1.152339220046997,1.152339220046997,1.152339220046997,1.152339220046997
1785752460.0,1.1522064208984375,1.1522064208984375,1.1522064208984375,1.1522064208984375
1785752520.0,1.152339220046997,1.152339220046997,1.152339220046997,1.152339220046997
1785752580.0,1.152339220046997,1.152339220046997,1.152339220046997,1.152339220046997
1785752640.0,1.1524720191955566,1.1524720191955566,1.1524720191955566,1.1524720191955566
1785752700.0,1.1524720191955566,1.1524720191955566,1.1524720191955566,1.1524720191955566
1785752760.0,1.1526048183441162,1.1526048183441162,1.1526048183441162,1.1526048183441162
1785752820.0,1.1526048183441162,1.1526048183441162,1.1526048183441162,1.1526048183441162
1785752880.0,1.1527377367019653,1.1527377367019653,1.1527377367019653,1.1527377367019653
1785752940.0,1.1526048183441162,1.1526048183441162,1.1526048183441162,1.1526048183441162
1785753000.0,1.1526048183441162,1.1526048183441162,1.1526048183441162,1.1526048183441162
1785753060.0,1.1524720191955566,1.1524720191955566,1.1524720191955566,1.1524720191955566
1785753120.0,1.1524720191955566,1.1524720191955566,1.1524720191955566,1.1524720191955566
1785753180.0,1.1524720191955566,1.1524720191955566,1.1524720191955566,1.1524720191955566
1785753240.0,1.1526048183441162,1.1526048183441162,1.1526048183441162,1.1526048183441162
1785753300.0,1.1526048183441162,1.1526048183441162,1.1526048183441162,1.1526048183441162
1785753360.0,1.1526048183441162,1.1526048183441162,1.1526048183441162,1.1526048183441162
1785753420.0,1.1526048183441162,1.1526048183441162,1.1526048183441162,1.1526048183441162
1785753480.0,1.1524720191955566,1.1524720191955566,1.1524720191955566,1.1524720191955566
1785753540.0,1.1526048183441162,1.1526048183441162,1.1526048183441162,1.1526048183441162
1785753600.0,1.1526048183441162,1.1526048183441162,1.1526048183441162,1.1526048183441162
1785753660.0,1.1524720191955566,1.1524720191955566,1.1524720191955566,1.1524720191955566
1785753720.0,1.1524720191955566,1.1524720191955566,1.1524720191955566,1.1524720191955566
1785753780.0,1.1524720191955566,1.1524720191955566,1.1524720191955566,1.1524720191955566
1785753840.0,1.1524720191955566,1.1524720191955566,1.1524720191955566,1.1524720191955566
1785753900.0,1.152339220046997,1.152339220046997,1.152339220046997,1.152339220046997
1785753960.0,1.152339220046997,1.152339220046997,1.152339220046997,1.152339220046997
1785754020.0,1.152339220046997,1.152339220046997,1.152339220046997,1.152339220046997
1785754080.0,1.152339220046997,1.152339220046997,1.152339220046997,1.152339220046997
1785754140.0,1.1524720191955566,1.1524720191955566,1.1524720191955566,1.1524720191955566
1785754200.0,1.1524720191955566,1.1524720191955566,1.1524720191955566,1.1524720191955566
1785754260.0,1.1524720191955566,1.1524720191955566,1.1524720191955566,1.1524720191955566
1785754320.0,1.1524720191955566,1.1524720191955566,1.1524720191955566,1.1524720191955566
1785754380.0,1.1527377367019653,1.1527377367019653,1.1527377367019653,1.1527377367019653
1785754440.0,1.1526048183441162,1.1526048183441162,1.1526048183441162,1.1526048183441162
1785754500.0,1.1527377367019653,1.1527377367019653,1.1527377367019653,1.1527377367019653
1785754560.0,1.1526048183441162,1.1526048183441162,1.1526048183441162,1.1526048183441162
1785754620.0,1.1526048183441162,1.1526048183441162,1.1526048183441162,1.1526048183441162
1785754680.0,1.1526048183441162,1.1526048183441162,1.1526048183441162,1.1526048183441162
1785754740.0,1.1526048183441162,1.1526048183441162,1.1526048183441162,1.1526048183441162
1785754800.0,1.1527377367019653,1.1527377367019653,1.1527377367019653,1.1527377367019653
1785754860.0,1.1528706550598145,1.1528706550598145,1.1528706550598145,1.1528706550598145
1785754920.0,1.1528706550598145,1.1528706550598145,1.1528706550598145,1.1528706550598145
1785754980.0,1.1528706550598145,1.1528706550598145,1.1528706550598145,1.1528706550598145
1785755040.0,1.1528706550598145,1.1528706550598145,1.1528706550598145,1.1528706550598145
1785755100.0,1.1530035734176636,1.1530035734176636,1.1530035734176636,1.1530035734176636
1785755160.0,1.1528706550598145,1.1528706550598145,1.1528706550598145,1.1528706550598145
1785755220.0,1.1528706550598145,1.1528706550598145,1.1528706550598145,1.1528706550598145
1785755280.0,1.1528706550598145,1.1528706550598145,1.1528706550598145,1.1528706550598145
1785755340.0,1.1528706550598145,1.1528706550598145,1.1528706550598145,1.1528706550598145
1785755400.0,1.1530035734176636,1.1530035734176636,1.1530035734176636,1.1530035734176636
1785755460.0,1.1530035734176636,1.1530035734176636,1.1530035734176636,1.1530035734176636
1785755520.0,1.1530035734176636,1.1530035734176636,1.1530035734176636,1.1530035734176636
1785755580.0,1.1528706550598145,1.1528706550598145,1.1528706550598145,1.1528706550598145
1785755640.0,1.1528706550598145,1.1528706550598145,1.1528706550598145,1.1528706550598145
1785755700.0,1.1528706550598145,1.1528706550598145,1.1528706550598145,1.1528706550598145
1785755760.0,1.1528706550598145,1.1528706550598145,1.1528706550598145,1.1528706550598145
1785755820.0,1.1528706550598145,1.1528706550598145,1.1528706550598145,1.1528706550598145
1785755880.0,1.1527377367019653,1.1527377367019653,1.1527377367019653,1.1527377367019653
1785755940.0,1.1527377367019653,1.1527377367019653,1.1527377367019653,1.1527377367019653
1785756000.0,1.1527377367019653,1.1527377367019653,1.1527377367019653,1.1527377367019653
1785756060.0,1.1526048183441162,1.1526048183441162,1.1526048183441162,1.1526048183441162
1785756120.0,1.1524720191955566,1.1524720191955566,1.1524720191955566,1.1524720191955566
1785756180.0,1.1524720191955566,1.1524720191955566,1.1524720191955566,1.1524720191955566
1785756240.0,1.1524720191955566,1.1524720191955566,1.1524720191955566,1.1524720191955566
1785756300.0,1.1524720191955566,1.1524720191955566,1.1524720191955566,1.1524720191955566
1785756360.0,1.1524720191955566,1.1524720191955566,1.1524720191955566,1.1524720191955566
1785756420.0,1.1526048183441162,1.1526048183441162,1.1526048183441162,1.1526048183441162
1785756480.0,1.1524720191955566,1.1524720191955566,1.1524720191955566,1.1524720191955566
1785756540.0,1.1524720191955566,1.1524720191955566,1.1524720191955566,1.1524720191955566
1785756600.0,1.1526048183441162,1.1526048183441162,1.1526048183441162,1.1526048183441162
1785756660.0,1.1526048183441162,1.1526048183441162,1.1526048183441162,1.1526048183441162
1785756720.0,1.1527377367019653,1.1527377367019653,1.1527377367019653,1.1527377367019653
1785756780.0,1.1527377367019653,1.1527377367019653,1.1527377367019653,1.1527377367019653
1785756840.0,1.1528706550598145,1.1528706550598145,1.1528706550598145,1.1528706550598145
1785756900.0,1.1527377367019653,1.1527377367019653,1.1527377367019653,1.1527377367019653
1785756960.0,1.1527377367019653,1.1527377367019653,1.1527377367019653,1.1527377367019653
1785757020.0,1.1528706550598145,1.1528706550598145,1.1528706550598145,1.1528706550598145
1785757080.0,1.1528706550598145,1.1528706550598145,1.1528706550598145,1.1528706550598145
1785757140.0,1.1527377367019653,1.1527377367019653,1.1527377367019653,1.1527377367019653
1785757200.0,1.1528706550598145,1.1528706550598145,1.1528706550598145,1.1528706550598145
1785757260.0,1.1527377367019653,1.1527377367019653,1.1527377367019653,1.1527377367019653
1785757320.0,1.1528706550598145,1.1528706550598145,1.1528706550598145,1.1528706550598145
1785757380.0,1.1528706550598145,1.1528706550598145,1.1528706550598145,1.1528706550598145
1785757440.0,1.1528706550598145,1.1528706550598145,1.1528706550598145,1.1528706550598145
1785757500.0,1.1530035734176636,1.1530035734176636,1.1530035734176636,1.1530035734176636
1785757560.0,1.1530035734176636,1.1530035734176636,1.1530035734176636,1.1530035734176636
1785757620.0,1.1530035734176636,1.1530035734176636,1.1530035734176636,1.1530035734176636
1785757680.0,1.1530035734176636,1.1530035734176636,1.1530035734176636,1.1530035734176636
1785757740.0,1.1530035734176636,1.1530035734176636,1.1530035734176636,1.1530035734176636
1785757800.0,1.1531364917755127,1.1531364917755127,1.1531364917755127,1.1531364917755127
1785757860.0,1.1532695293426514,1.1532695293426514,1.1532695293426514,1.1532695293426514
1785757920.0,1.1532695293426514,1.1532695293426514,1.1532695293426514,1.1532695293426514
1785757980.0,1.1531364917755127,1.1531364917755127,1.1531364917755127,1.1531364917755127
1785758040.0,1.1532695293426514,1.1532695293426514,1.1532695293426514,1.1532695293426514
1785758100.0,1.1532695293426514,1.1532695293426514,1.1532695293426514,1.1532695293426514
1785758160.0,1.1532695293426514,1.1532695293426514,1.1532695293426514,1.1532695293426514
1785758220.0,1.15340256690979,1.15340256690979,1.15340256690979,1.15340256690979
1785758280.0,1.1535356044769287,1.1535356044769287,1.1535356044769287,1.1535356044769287
1785758340.0,1.1535356044769287,1.1535356044769287,1.1535356044769287,1.1535356044769287
1785758400.0,1.1536686420440674,1.1536686420440674,1.1536686420440674,1.1536686420440674
1785758460.0,1.1535356044769287,1.1535356044769287,1.1535356044769287,1.1535356044769287
1785758520.0,1.1536686420440674,1.1536686420440674,1.1536686420440674,1.1536686420440674
1785758580.0,1.1535356044769287,1.1535356044769287,1.1535356044769287,1.1535356044769287
1785758640.0,1.1536686420440674,1.1536686420440674,1.1536686420440674,1.1536686420440674
1785758700.0,1.1536686420440674,1.1536686420440674,1.1536686420440674,1.1536686420440674
1785758760.0,1.1536686420440674,1.1536686420440674,1.1536686420440674,1.1536686420440674
1785758820.0,1.1538017988204956,1.1538017988204956,1.1538017988204956,1.1538017988204956
1785758880.0,1.1538017988204956,1.1538017988204956,1.1538017988204956,1.1538017988204956
1785758940.0,1.1538017988204956,1.1538017988204956,1.1538017988204956,1.1538017988204956
1785759000.0,1.1536686420440674,1.1536686420440674,1.1536686420440674,1.1536686420440674
1785759060.0,1.1535356044769287,1.1535356044769287,1.1535356044769287,1.1535356044769287
1785759120.0,1.1535356044769287,1.1535356044769287,1.1535356044769287,1.1535356044769287
1785759180.0,1.1535356044769287,1.1535356044769287,1.1535356044769287,1.1535356044769287
1785759240.0,1.15340256690979,1.15340256690979,1.15340256690979,1.15340256690979
1785759300.0,1.1535356044769287,1.1535356044769287,1.1535356044769287,1.1535356044769287
1785759360.0,1.1536686420440674,1.1536686420440674,1.1536686420440674,1.1536686420440674
1785759420.0,1.15340256690979,1.15340256690979,1.15340256690979,1.15340256690979
1785759480.0,1.15340256690979,1.15340256690979,1.15340256690979,1.15340256690979
1785759540.0,1.15340256690979,1.15340256690979,1.15340256690979,1.15340256690979
1785759600.0,1.15340256690979,1.15340256690979,1.15340256690979,1.15340256690979
1785759660.0,1.15340256690979,1.15340256690979,1.15340256690979,1.15340256690979
1785759720.0,1.1532695293426514,1.1532695293426514,1.1532695293426514,1.1532695293426514
1785759780.0,1.1532695293426514,1.1532695293426514,1.1532695293426514,1.1532695293426514
1785759840.0,1.15340256690979,1.15340256690979,1.15340256690979,1.15340256690979
1785759900.0,1.1535356044769287,1.1535356044769287,1.1535356044769287,1.1535356044769287
1785759960.0,1.15340256690979,1.15340256690979,1.15340256690979,1.15340256690979
1785760020.0,1.15340256690979,1.15340256690979,1.15340256690979,1.15340256690979
1785760080.0,1.1532695293426514,1.1532695293426514,1.1532695293426514,1.1532695293426514
1785760140.0,1.15340256690979,1.15340256690979,1.15340256690979,1.15340256690979
1785760200.0,1.15340256690979,1.15340256690979,1.15340256690979,1.15340256690979
1785760260.0,1.15340256690979,1.15340256690979,1.15340256690979,1.15340256690979
1785760320.0,1.1532695293426514,1.1532695293426514,1.1532695293426514,1.1532695293426514
1785760380.0,1.15340256690979,1.15340256690979,1.15340256690979,1.15340256690979
1785760440.0,1.1536686420440674,1.1536686420440674,1.1536686420440674,1.1536686420440674
1785760500.0,1.1535356044769287,1.1535356044769287,1.1535356044769287,1.1535356044769287
1785760560.0,1.1535356044769287,1.1535356044769287,1.1535356044769287,1.1535356044769287
1785760620.0,1.1532695293426514,1.1532695293426514,1.1532695293426514,1.1532695293426514
1785760680.0,1.1530035734176636,1.1530035734176636,1.1530035734176636,1.1530035734176636
1785760740.0,1.1531364917755127,1.1531364917755127,1.1531364917755127,1.1531364917755127
1785760800.0,1.1531364917755127,1.1531364917755127,1.1531364917755127,1.1531364917755127
1785760860.0,1.1530035734176636,1.1530035734176636,1.1530035734176636,1.1530035734176636
1785760920.0,1.1530035734176636,1.1530035734176636,1.1530035734176636,1.1530035734176636
1785760980.0,1.1528706550598145,1.1528706550598145,1.1528706550598145,1.1528706550598145
1785761040.0,1.1528706550598145,1.1528706550598145,1.1528706550598145,1.1528706550598145
1785761100.0,1.1528706550598145,1.1528706550598145,1.1528706550598145,1.1528706550598145
1785761160.0,1.1527377367019653,1.1527377367019653,1.1527377367019653,1.1527377367019653
1785761220.0,1.1527377367019653,1.1527377367019653,1.1527377367019653,1.1527377367019653
1785761280.0,1.1528706550598145,1.1528706550598145,1.1528706550598145,1.1528706550598145
1785761340.0,1.1527377367019653,1.1527377367019653,1.1527377367019653,1.1527377367019653
1785761400.0,1.1528706550598145,1.1528706550598145,1.1528706550598145,1.1528706550598145
1785761460.0,1.1528706550598145,1.1528706550598145,1.1528706550598145,1.1528706550598145
1785761520.0,1.1526048183441162,1.1526048183441162,1.1526048183441162,1.1526048183441162
1785761580.0,1.1528706550598145,1.1528706550598145,1.1528706550598145,1.1528706550598145
1785761640.0,1.1530035734176636,1.1530035734176636,1.1530035734176636,1.1530035734176636
1785761700.0,1.1530035734176636,1.1530035734176636,1.1530035734176636,1.1530035734176636
1785761760.0,1.1530035734176636,1.1530035734176636,1.1530035734176636,1.1530035734176636
1785761820.0,1.1530035734176636,1.1530035734176636,1.1530035734176636,1.1530035734176636
1785761880.0,1.1531364917755127,1.1531364917755127,1.1531364917755127,1.1531364917755127
1785761940.0,1.1531364917755127,1.1531364917755127,1.1531364917755127,1.1531364917755127
1785762000.0,1.1532695293426514,1.1532695293426514,1.1532695293426514,1.1532695293426514
1785762060.0,1.1532695293426514,1.1532695293426514,1.1532695293426514,1.1532695293426514
1785762120.0,1.1532695293426514,1.1532695293426514,1.1532695293426514,1.1532695293426514
1785762180.0,1.1532695293426514,1.1532695293426514,1.1532695293426514,1.1532695293426514
1785762240.0,1.15340256690979,1.15340256690979,1.15340256690979,1.15340256690979
1785762300.0,1.15340256690979,1.15340256690979,1.15340256690979,1.15340256690979
1785762360.0,1.15340256690979,1.15340256690979,1.15340256690979,1.15340256690979
1785762420.0,1.1531364917755127,1.1531364917755127,1.1531364917755127,1.1531364917755127
1785762480.0,1.15340256690979,1.15340256690979,1.15340256690979,1.15340256690979
1785762540.0,1.15340256690979,1.15340256690979,1.15340256690979,1.15340256690979
1785762600.0,1.1535356044769287,1.1535356044769287,1.1535356044769287,1.1535356044769287
1785762660.0,1.1536686420440674,1.1536686420440674,1.1536686420440674,1.1536686420440674
1785762720.0,1.15340256690979,1.15340256690979,1.15340256690979,1.15340256690979
1785762780.0,1.1532695293426514,1.1532695293426514,1.1532695293426514,1.1532695293426514
1785762840.0,1.1532695293426514,1.1532695293426514,1.1532695293426514,1.1532695293426514
1785762900.0,1.1532695293426514,1.1532695293426514,1.1532695293426514,1.1532695293426514
1785762960.0,1.1532695293426514,1.1532695293426514,1.1532695293426514,1.1532695293426514
1785763020.0,1.1530035734176636,1.1530035734176636,1.1530035734176636,1.1530035734176636
1785763080.0,1.1531364917755127,1.1531364917755127,1.1531364917755127,1.1531364917755127
1785763140.0,1.1531364917755127,1.1531364917755127,1.1531364917755127,1.1531364917755127
1785763200.0,1.1532695293426514,1.1532695293426514,1.1532695293426514,1.1532695293426514
1785763260.0,1.1531364917755127,1.1531364917755127,1.1531364917755127,1.1531364917755127
1785763320.0,1.1530035734176636,1.1530035734176636,1.1530035734176636,1.1530035734176636
1785763380.0,1.1528706550598145,1.1528706550598145,1.1528706550598145,1.1528706550598145
1785763440.0,1.1528706550598145,1.1528706550598145,1.1528706550598145,1.1528706550598145
1785763500.0,1.1528706550598145,1.1528706550598145,1.1528706550598145,1.1528706550598145
1785763560.0,1.1528706550598145,1.1528706550598145,1.1528706550598145,1.1528706550598145
1785763620.0,1.1530035734176636,1.1530035734176636,1.1530035734176636,1.1530035734176636
1785763680.0,1.1532695293426514,1.1532695293426514,1.1532695293426514,1.1532695293426514
1785763740.0,1.1535356044769287,1.1535356044769287,1.1535356044769287,1.1535356044769287
1785763800.0,1.1535356044769287,1.1535356044769287,1.1535356044769287,1.1535356044769287
1785763860.0,1.1538017988204956,1.1538017988204956,1.1538017988204956,1.1538017988204956
1785763920.0,1.1536686420440674,1.1536686420440674,1.1536686420440674,1.1536686420440674
1785763980.0,1.1535356044769287,1.1535356044769287,1.1535356044769287,1.1535356044769287
1785764040.0,1.1532695293426514,1.1532695293426514,1.1532695293426514,1.1532695293426514
1785764100.0,1.1532695293426514,1.1532695293426514,1.1532695293426514,1.1532695293426514
1785764160.0,1.1531364917755127,1.1531364917755127,1.1531364917755127,1.1531364917755127
1785764220.0,1.1531364917755127,1.1531364917755127,1.1531364917755127,1.1531364917755127
1785764280.0,1.1530035734176636,1.1530035734176636,1.1530035734176636,1.1530035734176636
1785764340.0,1.1530035734176636,1.1530035734176636,1.1530035734176636,1.1530035734176636
1785764400.0,1.1530035734176636,1.1530035734176636,1.1530035734176636,1.1530035734176636
1785764460.0,1.1531364917755127,1.1531364917755127,1.1531364917755127,1.1531364917755127
1785764520.0,1.1531364917755127,1.1531364917755127,1.1531364917755127,1.1531364917755127
1785764580.0,1.1532695293426514,1.1532695293426514,1.1532695293426514,1.1532695293426514
1785764640.0,1.1530035734176636,1.1530035734176636,1.1530035734176636,1.1530035734176636
1785764700.0,1.1532695293426514,1.1532695293426514,1.1532695293426514,1.1532695293426514
1785764760.0,1.1532695293426514,1.1532695293426514,1.1532695293426514,1.1532695293426514
1785764820.0,1.1531364917755127,1.1531364917755127,1.1531364917755127,1.1531364917755127
1785764880.0,1.1530035734176636,1.1530035734176636,1.1530035734176636,1.1530035734176636
1785764940.0,1.1530035734176636,1.1530035734176636,1.1530035734176636,1.1530035734176636
1785765000.0,1.1530035734176636,1.1530035734176636,1.1530035734176636,1.1530035734176636
1785765060.0,1.1530035734176636,1.1530035734176636,1.1530035734176636,1.1530035734176636
1785765120.0,1.1531364917755127,1.1531364917755127,1.1531364917755127,1.1531364917755127
1785765180.0,1.1528706550598145,1.1528706550598145,1.1528706550598145,1.1528706550598145
1785765240.0,1.1528706550598145,1.1528706550598145,1.1528706550598145,1.1528706550598145
1785765300.0,1.1527377367019653,1.1527377367019653,1.1527377367019653,1.1527377367019653
1785765360.0,1.1526048183441162,1.1526048183441162,1.1526048183441162,1.1526048183441162
1785765420.0,1.1527377367019653,1.1527377367019653,1.1527377367019653,1.1527377367019653
1785765480.0,1.1528706550598145,1.1528706550598145,1.1528706550598145,1.1528706550598145
1785765540.0,1.1530035734176636,1.1530035734176636,1.1530035734176636,1.1530035734176636
1785765600.0,1.1526048183441162,1.1526048183441162,1.1526048183441162,1.1526048183441162
1785765660.0,1.1527377367019653,1.1527377367019653,1.1527377367019653,1.1527377367019653
1785765720.0,1.1530035734176636,1.1530035734176636,1.1530035734176636,1.1530035734176636
1785765780.0,1.1526048183441162,1.1526048183441162,1.1526048183441162,1.1526048183441162
1785765840.0,1.1524720191955566,1.1524720191955566,1.1524720191955566,1.1524720191955566
1785765900.0,1.1526048183441162,1.1526048183441162,1.1526048183441162,1.1526048183441162
1785765960.0,1.1526048183441162,1.1526048183441162,1.1526048183441162,1.1526048183441162
1785766020.0,1.1527377367019653,1.1527377367019653,1.1527377367019653,1.1527377367019653
1785766080.0,1.1526048183441162,1.1526048183441162,1.1526048183441162,1.1526048183441162
1785766140.0,1.1522064208984375,1.1522064208984375,1.1522064208984375,1.1522064208984375
1785766200.0,1.152339220046997,1.152339220046997,1.152339220046997,1.152339220046997
1785766260.0,1.1522064208984375,1.1522064208984375,1.1522064208984375,1.1522064208984375
1785766320.0,1.1520737409591675,1.1520737409591675,1.1520737409591675,1.1520737409591675
1785766380.0,1.1520737409591675,1.1520737409591675,1.1520737409591675,1.1520737409591675
1785766440.0,1.1519410610198975,1.1519410610198975,1.1519410610198975,1.1519410610198975
1785766500.0,1.1520737409591675,1.1520737409591675,1.1520737409591675,1.1520737409591675
1785766560.0,1.1522064208984375,1.1522064208984375,1.1522064208984375,1.1522064208984375
1785766620.0,1.1520737409591675,1.1520737409591675,1.1520737409591675,1.1520737409591675
1785766680.0,1.1522064208984375,1.1522064208984375,1.1522064208984375,1.1522064208984375
1785766740.0,1.1519410610198975,1.1519410610198975,1.1519410610198975,1.1519410610198975
1785766800.0,1.1522064208984375,1.1522064208984375,1.1522064208984375,1.1522064208984375
1785766860.0,1.1522064208984375,1.1522064208984375,1.1522064208984375,1.1522064208984375
1785766920.0,1.1520737409591675,1.1520737409591675,1.1520737409591675,1.1520737409591675
1785766980.0,1.1520737409591675,1.1520737409591675,1.1520737409591675,1.1520737409591675
1785767040.0,1.152339220046997,1.152339220046997,1.152339220046997,1.152339220046997
1785767100.0,1.1520737409591675,1.1520737409591675,1.1520737409591675,1.1520737409591675
1785767160.0,1.1522064208984375,1.1522064208984375,1.1522064208984375,1.1522064208984375
1785767220.0,1.152339220046997,1.152339220046997,1.152339220046997,1.152339220046997
1785767280.0,1.1522064208984375,1.1522064208984375,1.1522064208984375,1.1522064208984375
1785767340.0,1.1519410610198975,1.1519410610198975,1.1519410610198975,1.1519410610198975
1785767400.0,1.1518083810806274,1.1518083810806274,1.1518083810806274,1.1518083810806274
1785767460.0,1.1518083810806274,1.1518083810806274,1.1518083810806274,1.1518083810806274
1785767520.0,1.1519410610198975,1.1519410610198975,1.1519410610198975,1.1519410610198975
1785767580.0,1.1519410610198975,1.1519410610198975,1.1519410610198975,1.1519410610198975
1785767640.0,1.1520737409591675,1.1520737409591675,1.1520737409591675,1.1520737409591675
1785767700.0,1.1520737409591675,1.1520737409591675,1.1520737409591675,1.1520737409591675
1785767760.0,1.1519410610198975,1.1519410610198975,1.1519410610198975,1.1519410610198975
1785767820.0,1.1520737409591675,1.1520737409591675,1.1520737409591675,1.1520737409591675
1785767880.0,1.1519410610198975,1.1519410610198975,1.1519410610198975,1.1519410610198975
1785767940.0,1.1518083810806274,1.1518083810806274,1.1518083810806274,1.1518083810806274
1785768000.0,1.1518083810806274,1.1518083810806274,1.1518083810806274,1.1518083810806274
1785768060.0,1.1516757011413574,1.1516757011413574,1.1516757011413574,1.1516757011413574
1785768120.0,1.151543140411377,1.151543140411377,1.151543140411377,1.151543140411377
1785768180.0,1.151410460472107,1.151410460472107,1.151410460472107,1.151410460472107
1785768240.0,1.1516757011413574,1.1516757011413574,1.1516757011413574,1.1516757011413574
1785768300.0,1.1516757011413574,1.1516757011413574,1.1516757011413574,1.1516757011413574
1785768360.0,1.1516757011413574,1.1516757011413574,1.1516757011413574,1.1516757011413574
1785768420.0,1.151543140411377,1.151543140411377,1.151543140411377,1.151543140411377
1785768480.0,1.1518083810806274,1.1518083810806274,1.1518083810806274,1.1518083810806274
1785768540.0,1.1516757011413574,1.1516757011413574,1.1516757011413574,1.1516757011413574
1785768600.0,1.1518083810806274,1.1518083810806274,1.1518083810806274,1.1518083810806274
1785768660.0,1.151543140411377,1.151543140411377,1.151543140411377,1.151543140411377
1785768720.0,1.151543140411377,1.151543140411377,1.151543140411377,1.151543140411377
1785768780.0,1.151543140411377,1.151543140411377,1.151543140411377,1.151543140411377
1785768840.0,1.1516757011413574,1.1516757011413574,1.1516757011413574,1.1516757011413574
1785768900.0,1.1516757011413574,1.1516757011413574,1.1516757011413574,1.1516757011413574
1785768960.0,1.1516757011413574,1.1516757011413574,1.1516757011413574,1.1516757011413574
1785769020.0,1.1516757011413574,1.1516757011413574,1.1516757011413574,1.1516757011413574
1785769080.0,1.1519410610198975,1.1519410610198975,1.1519410610198975,1.1519410610198975
1785769140.0,1.1518083810806274,1.1518083810806274,1.1518083810806274,1.1518083810806274
1785769200.0,1.151543140411377,1.151543140411377,1.151543140411377,1.151543140411377
1785769260.0,1.151410460472107,1.151410460472107,1.151410460472107,1.151410460472107
1785769320.0,1.151543140411377,1.151543140411377,1.151543140411377,1.151543140411377
1785769380.0,1.151145339012146,1.151145339012146,1.151145339012146,1.151145339012146
1785769440.0,1.151145339012146,1.151145339012146,1.151145339012146,1.151145339012146
1785769500.0,1.1512778997421265,1.1512778997421265,1.1512778997421265,1.1512778997421265
1785769560.0,1.1512778997421265,1.1512778997421265,1.1512778997421265,1.1512778997421265
1785769620.0,1.151410460472107,1.151410460472107,1.151410460472107,1.151410460472107
1785769680.0,1.1512778997421265,1.1512778997421265,1.1512778997421265,1.1512778997421265
1785769740.0,1.1508804559707642,1.1508804559707642,1.1508804559707642,1.1508804559707642
1785769800.0,1.1507480144500732,1.1507480144500732,1.1507480144500732,1.1507480144500732
1785769860.0,1.1507480144500732,1.1507480144500732,1.1507480144500732,1.1507480144500732
1785769920.0,1.1507480144500732,1.1507480144500732,1.1507480144500732,1.1507480144500732
1785769980.0,1.1506155729293823,1.1506155729293823,1.1506155729293823,1.1506155729293823
1785770040.0,1.1506155729293823,1.1506155729293823,1.1506155729293823,1.1506155729293823
1785770100.0,1.1507480144500732,1.1507480144500732,1.1507480144500732,1.1507480144500732
1785770160.0,1.1508804559707642,1.1508804559707642,1.1508804559707642,1.1508804559707642
1785770220.0,1.1506155729293823,1.1506155729293823,1.1506155729293823,1.1506155729293823
1785770280.0,1.1507480144500732,1.1507480144500732,1.1507480144500732,1.1507480144500732
1785770340.0,1.1508804559707642,1.1508804559707642,1.1508804559707642,1.1508804559707642
1785770400.0,1.1508804559707642,1.1508804559707642,1.1508804559707642,1.1508804559707642
1785770460.0,1.1507480144500732,1.1507480144500732,1.1507480144500732,1.1507480144500732
1785770520.0,1.1507480144500732,1.1507480144500732,1.1507480144500732,1.1507480144500732
1785770580.0,1.151012897491455,1.151012897491455,1.151012897491455,1.151012897491455
1785770640.0,1.1508804559707642,1.1508804559707642,1.1508804559707642,1.1508804559707642
1785770700.0,1.151012897491455,1.151012897491455,1.151012897491455,1.151012897491455
1785770760.0,1.1508804559707642,1.1508804559707642,1.1508804559707642,1.1508804559707642
1785770820.0,1.1508804559707642,1.1508804559707642,1.1508804559707642,1.1508804559707642
1785770880.0,1.1508804559707642,1.1508804559707642,1.1508804559707642,1.1508804559707642
1785770940.0,1.1507480144500732,1.1507480144500732,1.1507480144500732,1.1507480144500732
1785771000.0,1.1507480144500732,1.1507480144500732,1.1507480144500732,1.1507480144500732
1785771060.0,1.1506155729293823,1.1506155729293823,1.1506155729293823,1.1506155729293823
1785771120.0,1.1506155729293823,1.1506155729293823,1.1506155729293823,1.1506155729293823
1785771180.0,1.1506155729293823,1.1506155729293823,1.1506155729293823,1.1506155729293823
1785771240.0,1.1508804559707642,1.1508804559707642,1.1508804559707642,1.1508804559707642
1785771300.0,1.1507480144500732,1.1507480144500732,1.1507480144500732,1.1507480144500732
1785771360.0,1.1506155729293823,1.1506155729293823,1.1506155729293823,1.1506155729293823
1785771420.0,1.1506155729293823,1.1506155729293823,1.1506155729293823,1.1506155729293823
1785771480.0,1.1508804559707642,1.1508804559707642,1.1508804559707642,1.1508804559707642
1785771540.0,1.1507480144500732,1.1507480144500732,1.1507480144500732,1.1507480144500732
1785771600.0,1.1507480144500732,1.1507480144500732,1.1507480144500732,1.1507480144500732
1785771660.0,1.1507480144500732,1.1507480144500732,1.1507480144500732,1.1507480144500732
1785771720.0,1.1507480144500732,1.1507480144500732,1.1507480144500732,1.1507480144500732
1785771780.0,1.1507480144500732,1.1507480144500732,1.1507480144500732,1.1507480144500732
1785771840.0,1.1507480144500732,1.1507480144500732,1.1507480144500732,1.1507480144500732
1785771900.0,1.1507480144500732,1.1507480144500732,1.1507480144500732,1.1507480144500732
1785771960.0,1.1508804559707642,1.1508804559707642,1.1508804559707642,1.1508804559707642
1785772020.0,1.1507480144500732,1.1507480144500732,1.1507480144500732,1.1507480144500732
1785772080.0,1.1508804559707642,1.1508804559707642,1.1508804559707642,1.1508804559707642
1785772140.0,1.1508804559707642,1.1508804559707642,1.1508804559707642,1.1508804559707642
1785772200.0,1.1508804559707642,1.1508804559707642,1.1508804559707642,1.1508804559707642
1785772260.0,1.151012897491455,1.151012897491455,1.151012897491455,1.151012897491455
1785772320.0,1.1508804559707642,1.1508804559707642,1.1508804559707642,1.1508804559707642
1785772380.0,1.151012897491455,1.151012897491455,1.151012897491455,1.151012897491455
1785772440.0,1.151145339012146,1.151145339012146,1.151145339012146,1.151145339012146
1785772500.0,1.151145339012146,1.151145339012146,1.151145339012146,1.151145339012146
1785772560.0,1.151145339012146,1.151145339012146,1.151145339012146,1.151145339012146
1785772620.0,1.1512778997421265,1.1512778997421265,1.1512778997421265,1.1512778997421265
1785772680.0,1.1512778997421265,1.1512778997421265,1.1512778997421265,1.1512778997421265
1785772740.0,1.1512778997421265,1.1512778997421265,1.1512778997421265,1.1512778997421265
1785772800.0,1.1512778997421265,1.1512778997421265,1.1512778997421265,1.1512778997421265
1785772860.0,1.1512778997421265,1.1512778997421265,1.1512778997421265,1.1512778997421265
1785772920.0,1.151410460472107,1.151410460472107,1.151410460472107,1.151410460472107
1785772980.0,1.1512778997421265,1.1512778997421265,1.1512778997421265,1.1512778997421265
1785773040.0,1.1512778997421265,1.1512778997421265,1.1512778997421265,1.1512778997421265
1785773100.0,1.1512778997421265,1.1512778997421265,1.1512778997421265,1.1512778997421265
1785773160.0,1.1512778997421265,1.1512778997421265,1.1512778997421265,1.1512778997421265
1785773220.0,1.151012897491455,1.151012897491455,1.151012897491455,1.151012897491455
1785773280.0,1.151012897491455,1.151012897491455,1.151012897491455,1.151012897491455
1785773340.0,1.1512778997421265,1.1512778997421265,1.1512778997421265,1.1512778997421265
1785773400.0,1.151410460472107,1.151410460472107,1.151410460472107,1.151410460472107
1785773460.0,1.1512778997421265,1.1512778997421265,1.1512778997421265,1.1512778997421265
1785773520.0,1.151145339012146,1.151145339012146,1.151145339012146,1.151145339012146
1785773580.0,1.151145339012146,1.151145339012146,1.151145339012146,1.151145339012146
1785773640.0,1.151145339012146,1.151145339012146,1.151145339012146,1.151145339012146
1785773700.0,1.151012897491455,1.151012897491455,1.151012897491455,1.151012897491455
1785773760.0,1.1508804559707642,1.1508804559707642,1.1508804559707642,1.1508804559707642
1785773820.0,1.151012897491455,1.151012897491455,1.151012897491455,1.151012897491455
1785773880.0,1.1508804559707642,1.1508804559707642,1.1508804559707642,1.1508804559707642
1785773940.0,1.1508804559707642,1.1508804559707642,1.1508804559707642,1.1508804559707642
1785774000.0,1.151012897491455,1.151012897491455,1.151012897491455,1.151012897491455
1785774060.0,1.151012897491455,1.151012897491455,1.151012897491455,1.151012897491455
1785774120.0,1.151012897491455,1.151012897491455,1.151012897491455,1.151012897491455
1785774180.0,1.1508804559707642,1.1508804559707642,1.1508804559707642,1.1508804559707642
1785774240.0,1.151012897491455,1.151012897491455,1.151012897491455,1.151012897491455
1785774300.0,1.151145339012146,1.151145339012146,1.151145339012146,1.151145339012146
1785774360.0,1.151012897491455,1.151012897491455,1.151012897491455,1.151012897491455
1785774420.0,1.151012897491455,1.151012897491455,1.151012897491455,1.151012897491455
1785774480.0,1.151012897491455,1.151012897491455,1.151012897491455,1.151012897491455
1785774540.0,1.1508804559707642,1.1508804559707642,1.1508804559707642,1.1508804559707642
1785774600.0,1.1508804559707642,1.1508804559707642,1.1508804559707642,1.1508804559707642
1785774660.0,1.151012897491455,1.151012897491455,1.151012897491455,1.151012897491455
1785774720.0,1.1508804559707642,1.1508804559707642,1.1508804559707642,1.1508804559707642
1785774780.0,1.151012897491455,1.151012897491455,1.151012897491455,1.151012897491455
1785774840.0,1.151012897491455,1.151012897491455,1.151012897491455,1.151012897491455
1785774900.0,1.1508804559707642,1.1508804559707642,1.1508804559707642,1.1508804559707642
1785774960.0,1.1508804559707642,1.1508804559707642,1.1508804559707642,1.1508804559707642
1785775020.0,1.1508804559707642,1.1508804559707642,1.1508804559707642,1.1508804559707642
1785775080.0,1.151012897491455,1.151012897491455,1.151012897491455,1.151012897491455
1785775140.0,1.151012897491455,1.151012897491455,1.151012897491455,1.151012897491455
1785775200.0,1.151145339012146,1.151145339012146,1.151145339012146,1.151145339012146
1785775260.0,1.151145339012146,1.151145339012146,1.151145339012146,1.151145339012146
1785775320.0,1.151145339012146,1.151145339012146,1.151145339012146,1.151145339012146
1785775380.0,1.151012897491455,1.151012897491455,1.151012897491455,1.151012897491455
1785775440.0,1.151012897491455,1.151012897491455,1.151012897491455,1.151012897491455
1785775500.0,1.151012897491455,1.151012897491455,1.151012897491455,1.151012897491455
1785775560.0,1.151012897491455,1.151012897491455,1.151012897491455,1.151012897491455
1785775620.0,1.1508804559707642,1.1508804559707642,1.1508804559707642,1.1508804559707642
1785775680.0,1.1508804559707642,1.1508804559707642,1.1508804559707642,1.1508804559707642
1785775740.0,1.1508804559707642,1.1508804559707642,1.1508804559707642,1.1508804559707642
1785775800.0,1.151012897491455,1.151012897491455,1.151012897491455,1.151012897491455
1785775860.0,1.151145339012146,1.151145339012146,1.151145339012146,1.151145339012146
1785775920.0,1.151012897491455,1.151012897491455,1.151012897491455,1.151012897491455
1785775980.0,1.151145339012146,1.151145339012146,1.151145339012146,1.151145339012146
1785776040.0,1.151012897491455,1.151012897491455,1.151012897491455,1.151012897491455
1785776100.0,1.151145339012146,1.151145339012146,1.151145339012146,1.151145339012146
1785776160.0,1.151145339012146,1.151145339012146,1.151145339012146,1.151145339012146
1785776220.0,1.151145339012146,1.151145339012146,1.151145339012146,1.151145339012146
1785776280.0,1.151145339012146,1.151145339012146,1.151145339012146,1.151145339012146
1785776340.0,1.151012897491455,1.151012897491455,1.151012897491455,1.151012897491455
1785776400.0,1.1508804559707642,1.1508804559707642,1.1508804559707642,1.1508804559707642
1785776460.0,1.1507480144500732,1.1507480144500732,1.1507480144500732,1.1507480144500732
1785776520.0,1.1507480144500732,1.1507480144500732,1.1507480144500732,1.1507480144500732
1785776580.0,1.1507480144500732,1.1507480144500732,1.1507480144500732,1.1507480144500732
1785776640.0,1.1507480144500732,1.1507480144500732,1.1507480144500732,1.1507480144500732
1785776700.0,1.1507480144500732,1.1507480144500732,1.1507480144500732,1.1507480144500732
1785776760.0,1.1508804559707642,1.1508804559707642,1.1508804559707642,1.1508804559707642
1785776820.0,1.1507480144500732,1.1507480144500732,1.1507480144500732,1.1507480144500732
1785776880.0,1.1507480144500732,1.1507480144500732,1.1507480144500732,1.1507480144500732
1785776940.0,1.1507480144500732,1.1507480144500732,1.1507480144500732,1.1507480144500732
1785777000.0,1.1507480144500732,1.1507480144500732,1.1507480144500732,1.1507480144500732
1785777060.0,1.1507480144500732,1.1507480144500732,1.1507480144500732,1.1507480144500732
1785777120.0,1.1507480144500732,1.1507480144500732,1.1507480144500732,1.1507480144500732
1785777180.0,1.1507480144500732,1.1507480144500732,1.1507480144500732,1.1507480144500732
1785777240.0,1.1507480144500732,1.1507480144500732,1.1507480144500732,1.1507480144500732
1785777300.0,1.1506155729293823,1.1506155729293823,1.1506155729293823,1.1506155729293823
1785777360.0,1.1506155729293823,1.1506155729293823,1.1506155729293823,1.1506155729293823
1785777420.0,1.1506155729293823,1.1506155729293823,1.1506155729293823,1.1506155729293823
1785777480.0,1.1506155729293823,1.1506155729293823,1.1506155729293823,1.1506155729293823
1785777540.0,1.1506155729293823,1.1506155729293823,1.1506155729293823,1.1506155729293823
1785777600.0,1.1506155729293823,1.1506155729293823,1.1506155729293823,1.1506155729293823
1785777660.0,1.1506155729293823,1.1506155729293823,1.1506155729293823,1.1506155729293823
1785777720.0,1.1506155729293823,1.1506155729293823,1.1506155729293823,1.1506155729293823
1785777780.0,1.1506155729293823,1.1506155729293823,1.1506155729293823,1.1506155729293823
1785777840.0,1.1506155729293823,1.1506155729293823,1.1506155729293823,1.1506155729293823
1785777900.0,1.1506155729293823,1.1506155729293823,1.1506155729293823,1.1506155729293823
1785777960.0,1.1506155729293823,1.1506155729293823,1.1506155729293823,1.1506155729293823
1785778020.0,1.1506155729293823,1.1506155729293823,1.1506155729293823,1.1506155729293823
1785778080.0,1.1506155729293823,1.1506155729293823,1.1506155729293823,1.1506155729293823
1785778140.0,1.1507480144500732,1.1507480144500732,1.1507480144500732,1.1507480144500732
1785778200.0,1.1507480144500732,1.1507480144500732,1.1507480144500732,1.1507480144500732
1785778260.0,1.1507480144500732,1.1507480144500732,1.1507480144500732,1.1507480144500732
1785778320.0,1.1507480144500732,1.1507480144500732,1.1507480144500732,1.1507480144500732
1785778380.0,1.1507480144500732,1.1507480144500732,1.1507480144500732,1.1507480144500732
1785778440.0,1.1507480144500732,1.1507480144500732,1.1507480144500732,1.1507480144500732
1785778500.0,1.1507480144500732,1.1507480144500732,1.1507480144500732,1.1507480144500732
1785778560.0,1.1506155729293823,1.1506155729293823,1.1506155729293823,1.1506155729293823
1785778620.0,1.1506155729293823,1.1506155729293823,1.1506155729293823,1.1506155729293823
1785778680.0,1.1506155729293823,1.1506155729293823,1.1506155729293823,1.1506155729293823
1785778740.0,1.1506155729293823,1.1506155729293823,1.1506155729293823,1.1506155729293823
1785778800.0,1.1507480144500732,1.1507480144500732,1.1507480144500732,1.1507480144500732
1785778860.0,1.1507480144500732,1.1507480144500732,1.1507480144500732,1.1507480144500732
1785778920.0,1.1506155729293823,1.1506155729293823,1.1506155729293823,1.1506155729293823
1785778980.0,1.1507480144500732,1.1507480144500732,1.1507480144500732,1.1507480144500732
1785779040.0,1.1507480144500732,1.1507480144500732,1.1507480144500732,1.1507480144500732
1785779100.0,1.1507480144500732,1.1507480144500732,1.1507480144500732,1.1507480144500732
1785779160.0,1.1507480144500732,1.1507480144500732,1.1507480144500732,1.1507480144500732
1785779220.0,1.1508804559707642,1.1508804559707642,1.1508804559707642,1.1508804559707642
1785779280.0,1.1508804559707642,1.1508804559707642,1.1508804559707642,1.1508804559707642
1785779340.0,1.1508804559707642,1.1508804559707642,1.1508804559707642,1.1508804559707642
1785779400.0,1.1507480144500732,1.1507480144500732,1.1507480144500732,1.1507480144500732
1785779460.0,1.1506155729293823,1.1506155729293823,1.1506155729293823,1.1506155729293823
1785779520.0,1.1506155729293823,1.1506155729293823,1.1506155729293823,1.1506155729293823
1785779580.0,1.1506155729293823,1.1506155729293823,1.1506155729293823,1.1506155729293823
1785779640.0,1.1506155729293823,1.1506155729293823,1.1506155729293823,1.1506155729293823
1785779700.0,1.1506155729293823,1.1506155729293823,1.1506155729293823,1.1506155729293823
1785779760.0,1.1506155729293823,1.1506155729293823,1.1506155729293823,1.1506155729293823
1785779820.0,1.150483250617981,1.150483250617981,1.150483250617981,1.150483250617981
1785779880.0,1.150483250617981,1.150483250617981,1.150483250617981,1.150483250617981
1785779940.0,1.150483250617981,1.150483250617981,1.150483250617981,1.150483250617981
1785780000.0,1.150483250617981,1.150483250617981,1.150483250617981,1.150483250617981
1785780060.0,1.1506155729293823,1.1506155729293823,1.1506155729293823,1.1506155729293823
1785780120.0,1.1506155729293823,1.1506155729293823,1.1506155729293823,1.1506155729293823
1785780180.0,1.1506155729293823,1.1506155729293823,1.1506155729293823,1.1506155729293823
1785780240.0,1.1506155729293823,1.1506155729293823,1.1506155729293823,1.1506155729293823
1785780300.0,1.1506155729293823,1.1506155729293823,1.1506155729293823,1.1506155729293823
1785780360.0,1.1506155729293823,1.1506155729293823,1.1506155729293823,1.1506155729293823
1785780420.0,1.1506155729293823,1.1506155729293823,1.1506155729293823,1.1506155729293823
1785780480.0,1.1507480144500732,1.1507480144500732,1.1507480144500732,1.1507480144500732
1785780540.0,1.1508804559707642,1.1508804559707642,1.1508804559707642,1.1508804559707642
1785780600.0,1.1508804559707642,1.1508804559707642,1.1508804559707642,1.1508804559707642
1785780660.0,1.1508804559707642,1.1508804559707642,1.1508804559707642,1.1508804559707642
1785780720.0,1.1508804559707642,1.1508804559707642,1.1508804559707642,1.1508804559707642
1785780780.0,1.1508804559707642,1.1508804559707642,1.1508804559707642,1.1508804559707642
1785780840.0,1.1508804559707642,1.1508804559707642,1.1508804559707642,1.1508804559707642
1785780900.0,1.151012897491455,1.151012897491455,1.151012897491455,1.151012897491455
1785780960.0,1.151145339012146,1.151145339012146,1.151145339012146,1.151145339012146
1785781020.0,1.151145339012146,1.151145339012146,1.151145339012146,1.151145339012146
1785781080.0,1.1512778997421265,1.1512778997421265,1.1512778997421265,1.1512778997421265
1785781140.0,1.1512778997421265,1.1512778997421265,1.1512778997421265,1.1512778997421265
1785781200.0,1.1512778997421265,1.1512778997421265,1.1512778997421265,1.1512778997421265
1785781260.0,1.1512778997421265,1.1512778997421265,1.1512778997421265,1.1512778997421265
1785781320.0,1.1512778997421265,1.1512778997421265,1.1512778997421265,1.1512778997421265
1785781380.0,1.1512778997421265,1.1512778997421265,1.1512778997421265,1.1512778997421265
1785781440.0,1.151145339012146,1.151145339012146,1.151145339012146,1.151145339012146
1785781500.0,1.1512778997421265,1.1512778997421265,1.1512778997421265,1.1512778997421265
1785781560.0,1.1512778997421265,1.1512778997421265,1.1512778997421265,1.1512778997421265
1785781620.0,1.1512778997421265,1.1512778997421265,1.1512778997421265,1.1512778997421265
1785781680.0,1.1512778997421265,1.1512778997421265,1.1512778997421265,1.1512778997421265
1785781740.0,1.1512778997421265,1.1512778997421265,1.1512778997421265,1.1512778997421265
1785781800.0,1.1512778997421265,1.1512778997421265,1.1512778997421265,1.1512778997421265
1785781860.0,1.151410460472107,1.151410460472107,1.151410460472107,1.151410460472107
1785781920.0,1.1512778997421265,1.1512778997421265,1.1512778997421265,1.1512778997421265
1785781980.0,1.1512778997421265,1.1512778997421265,1.1512778997421265,1.1512778997421265
1785782040.0,1.1512778997421265,1.1512778997421265,1.1512778997421265,1.1512778997421265
1785782100.0,1.1512778997421265,1.1512778997421265,1.1512778997421265,1.1512778997421265
1785782160.0,1.1512778997421265,1.1512778997421265,1.1512778997421265,1.1512778997421265
1785782220.0,1.1512778997421265,1.1512778997421265,1.1512778997421265,1.1512778997421265
1785782280.0,1.1512778997421265,1.1512778997421265,1.1512778997421265,1.1512778997421265
1785782340.0,1.1512778997421265,1.1512778997421265,1.1512778997421265,1.1512778997421265
1785782400.0,1.1512778997421265,1.1512778997421265,1.1512778997421265,1.1512778997421265
1785782460.0,1.1512778997421265,1.1512778997421265,1.1512778997421265,1.1512778997421265
1785782520.0,1.151410460472107,1.151410460472107,1.151410460472107,1.151410460472107
1785782580.0,1.151543140411377,1.151543140411377,1.151543140411377,1.151543140411377
1785782640.0,1.151543140411377,1.151543140411377,1.151543140411377,1.151543140411377
1785782700.0,1.151543140411377,1.151543140411377,1.151543140411377,1.151543140411377
1785782760.0,1.151410460472107,1.151410460472107,1.151410460472107,1.151410460472107
1785782820.0,1.151543140411377,1.151543140411377,1.151543140411377,1.151543140411377
1785782880.0,1.151543140411377,1.151543140411377,1.151543140411377,1.151543140411377
1785782940.0,1.151543140411377,1.151543140411377,1.151543140411377,1.151543140411377
1785783000.0,1.1516757011413574,1.1516757011413574,1.1516757011413574,1.1516757011413574
1785783060.0,1.1516757011413574,1.1516757011413574,1.1516757011413574,1.1516757011413574
1785783120.0,1.1516757011413574,1.1516757011413574,1.1516757011413574,1.1516757011413574
1785783180.0,1.1516757011413574,1.1516757011413574,1.1516757011413574,1.1516757011413574
1785783240.0,1.1518083810806274,1.1518083810806274,1.1518083810806274,1.1518083810806274
1785783300.0,1.1516757011413574,1.1516757011413574,1.1516757011413574,1.1516757011413574
1785783360.0,1.1516757011413574,1.1516757011413574,1.1516757011413574,1.1516757011413574
1785783420.0,1.1518083810806274,1.1518083810806274,1.1518083810806274,1.1518083810806274
1785783480.0,1.1516757011413574,1.1516757011413574,1.1516757011413574,1.1516757011413574
1785783540.0,1.1516757011413574,1.1516757011413574,1.1516757011413574,1.1516757011413574
1785783600.0,1.1516757011413574,1.1516757011413574,1.1516757011413574,1.1516757011413574
1785783660.0,1.1516757011413574,1.1516757011413574,1.1516757011413574,1.1516757011413574
1785783720.0,1.1516757011413574,1.1516757011413574,1.1516757011413574,1.1516757011413574
1785783780.0,1.1516757011413574,1.1516757011413574,1.1516757011413574,1.1516757011413574
1785783840.0,1.1518083810806274,1.1518083810806274,1.1518083810806274,1.1518083810806274
1785783900.0,1.1518083810806274,1.1518083810806274,1.1518083810806274,1.1518083810806274
1785783960.0,1.1518083810806274,1.1518083810806274,1.1518083810806274,1.1518083810806274
1785784020.0,1.1518083810806274,1.1518083810806274,1.1518083810806274,1.1518083810806274
1785784080.0,1.1518083810806274,1.1518083810806274,1.1518083810806274,1.1518083810806274
1785784140.0,1.1516757011413574,1.1516757011413574,1.1516757011413574,1.1516757011413574
1785784200.0,1.1516757011413574,1.1516757011413574,1.1516757011413574,1.1516757011413574
1785784260.0,1.1516757011413574,1.1516757011413574,1.1516757011413574,1.1516757011413574
1785784320.0,1.1516757011413574,1.1516757011413574,1.1516757011413574,1.1516757011413574
1785784380.0,1.1516757011413574,1.1516757011413574,1.1516757011413574,1.1516757011413574
1785784440.0,1.1516757011413574,1.1516757011413574,1.1516757011413574,1.1516757011413574
1785784500.0,1.1516757011413574,1.1516757011413574,1.1516757011413574,1.1516757011413574
1785784560.0,1.1516757011413574,1.1516757011413574,1.1516757011413574,1.1516757011413574
1785784620.0,1.1516757011413574,1.1516757011413574,1.1516757011413574,1.1516757011413574
1785784680.0,1.151543140411377,1.151543140411377,1.151543140411377,1.151543140411377
1785784740.0,1.151543140411377,1.151543140411377,1.151543140411377,1.151543140411377
1785784800.0,1.1516757011413574,1.1516757011413574,1.1516757011413574,1.1516757011413574
1785784860.0,1.1516757011413574,1.1516757011413574,1.1516757011413574,1.1516757011413574
1785784920.0,1.151543140411377,1.151543140411377,1.151543140411377,1.151543140411377
1785784980.0,1.1516757011413574,1.1516757011413574,1.1516757011413574,1.1516757011413574
1785785040.0,1.1516757011413574,1.1516757011413574,1.1516757011413574,1.1516757011413574
1785785100.0,1.1516757011413574,1.1516757011413574,1.1516757011413574,1.1516757011413574
1785785160.0,1.1516757011413574,1.1516757011413574,1.1516757011413574,1.1516757011413574
1785785220.0,1.1516757011413574,1.1516757011413574,1.1516757011413574,1.1516757011413574
1785785280.0,1.1516757011413574,1.1516757011413574,1.1516757011413574,1.1516757011413574
1785785340.0,1.1516757011413574,1.1516757011413574,1.1516757011413574,1.1516757011413574
1785785400.0,1.151543140411377,1.151543140411377,1.151543140411377,1.151543140411377
1785785460.0,1.151543140411377,1.151543140411377,1.151543140411377,1.151543140411377
1785785520.0,1.151543140411377,1.151543140411377,1.151543140411377,1.151543140411377
1785785580.0,1.151543140411377,1.151543140411377,1.151543140411377,1.151543140411377
1785785640.0,1.151543140411377,1.151543140411377,1.151543140411377,1.151543140411377
1785785700.0,1.1516757011413574,1.1516757011413574,1.1516757011413574,1.1516757011413574
1785785760.0,1.151543140411377,1.151543140411377,1.151543140411377,1.151543140411377
1785785820.0,1.151543140411377,1.151543140411377,1.151543140411377,1.151543140411377
1785785880.0,1.151543140411377,1.151543140411377,1.151543140411377,1.151543140411377
1785785940.0,1.151543140411377,1.151543140411377,1.151543140411377,1.151543140411377
1785786000.0,1.1516757011413574,1.1516757011413574,1.1516757011413574,1.1516757011413574
1785786060.0,1.151543140411377,1.151543140411377,1.151543140411377,1.151543140411377
1785786120.0,1.151543140411377,1.151543140411377,1.151543140411377,1.151543140411377
1785786180.0,1.151543140411377,1.151543140411377,1.151543140411377,1.151543140411377
1785786240.0,1.151543140411377,1.151543140411377,1.151543140411377,1.151543140411377
1785786300.0,1.151543140411377,1.151543140411377,1.151543140411377,1.151543140411377
1785786360.0,1.151543140411377,1.151543140411377,1.151543140411377,1.151543140411377
1785786420.0,1.151543140411377,1.151543140411377,1.151543140411377,1.151543140411377
1785786480.0,1.151543140411377,1.151543140411377,1.151543140411377,1.151543140411377
1785786540.0,1.1516757011413574,1.1516757011413574,1.1516757011413574,1.1516757011413574
1785786600.0,1.151543140411377,1.151543140411377,1.151543140411377,1.151543140411377
1785786660.0,1.151543140411377,1.151543140411377,1.151543140411377,1.151543140411377
1785786720.0,1.151543140411377,1.151543140411377,1.151543140411377,1.151543140411377
1785786780.0,1.151543140411377,1.151543140411377,1.151543140411377,1.151543140411377
1785786840.0,1.151543140411377,1.151543140411377,1.151543140411377,1.151543140411377
1785786900.0,1.151410460472107,1.151410460472107,1.151410460472107,1.151410460472107
1785786960.0,1.151410460472107,1.151410460472107,1.151410460472107,1.151410460472107
1785787020.0,1.151410460472107,1.151410460472107,1.151410460472107,1.151410460472107
1785787080.0,1.1512778997421265,1.1512778997421265,1.1512778997421265,1.1512778997421265
1785787140.0,1.151410460472107,1.151410460472107,1.151410460472107,1.151410460472107
1785787200.0,1.151410460472107,1.151410460472107,1.151410460472107,1.151410460472107
1785787260.0,1.1512778997421265,1.1512778997421265,1.1512778997421265,1.1512778997421265
1785787320.0,1.151410460472107,1.151410460472107,1.151410460472107,1.151410460472107
1785787380.0,1.151410460472107,1.151410460472107,1.151410460472107,1.151410460472107
1785787440.0,1.151410460472107,1.151410460472107,1.151410460472107,1.151410460472107
1785787500.0,1.151410460472107,1.151410460472107,1.151410460472107,1.151410460472107
1785787560.0,1.1512778997421265,1.1512778997421265,1.1512778997421265,1.1512778997421265
1785787620.0,1.1512778997421265,1.1512778997421265,1.1512778997421265,1.1512778997421265
1785787680.0,1.1512778997421265,1.1512778997421265,1.1512778997421265,1.1512778997421265
1785787740.0,1.1512778997421265,1.1512778997421265,1.1512778997421265,1.1512778997421265
1785787800.0,1.1512778997421265,1.1512778997421265,1.1512778997421265,1.1512778997421265
1785787860.0,1.151145339012146,1.151145339012146,1.151145339012146,1.151145339012146
1785787920.0,1.1512778997421265,1.1512778997421265,1.1512778997421265,1.1512778997421265
1785787980.0,1.1512778997421265,1.1512778997421265,1.1512778997421265,1.1512778997421265
1785788040.0,1.151145339012146,1.151145339012146,1.151145339012146,1.151145339012146
1785788100.0,1.151012897491455,1.151012897491455,1.151012897491455,1.151012897491455
1785788160.0,1.151012897491455,1.151012897491455,1.151012897491455,1.151012897491455
1785788220.0,1.151012897491455,1.151012897491455,1.151012897491455,1.151012897491455
1785788280.0,1.151012897491455,1.151012897491455,1.151012897491455,1.151012897491455
1785788340.0,1.151012897491455,1.151012897491455,1.151012897491455,1.151012897491455
1785788400.0,1.151012897491455,1.151012897491455,1.151012897491455,1.151012897491455
1785788460.0,1.151145339012146,1.151145339012146,1.151145339012146,1.151145339012146
1785788520.0,1.151145339012146,1.151145339012146,1.151145339012146,1.151145339012146
1785788580.0,1.151145339012146,1.151145339012146,1.151145339012146,1.151145339012146
1785788640.0,1.151145339012146,1.151145339012146,1.151145339012146,1.151145339012146
1785788700.0,1.151012897491455,1.151012897491455,1.151012897491455,1.151012897491455
1785788760.0,1.151145339012146,1.151145339012146,1.151145339012146,1.151145339012146
1785788820.0,1.151145339012146,1.151145339012146,1.151145339012146,1.151145339012146
1785788880.0,1.151145339012146,1.151145339012146,1.151145339012146,1.151145339012146
1785788940.0,1.151012897491455,1.151012897491455,1.151012897491455,1.151012897491455
1785789000.0,1.151145339012146,1.151145339012146,1.151145339012146,1.151145339012146
1785789060.0,1.1512778997421265,1.1512778997421265,1.1512778997421265,1.1512778997421265
1785789120.0,1.1512778997421265,1.1512778997421265,1.1512778997421265,1.1512778997421265
1785789180.0,1.1512778997421265,1.1512778997421265,1.1512778997421265,1.1512778997421265
1785789240.0,1.1512778997421265,1.1512778997421265,1.1512778997421265,1.1512778997421265
1785789300.0,1.1512778997421265,1.1512778997421265,1.1512778997421265,1.1512778997421265
1785789360.0,1.1512778997421265,1.1512778997421265,1.1512778997421265,1.1512778997421265
1785789420.0,1.1512778997421265,1.1512778997421265,1.1512778997421265,1.1512778997421265
1785789480.0,1.1512778997421265,1.1512778997421265,1.1512778997421265,1.1512778997421265
1785789540.0,1.151145339012146,1.151145339012146,1.151145339012146,1.151145339012146
1785789600.0,1.151145339012146,1.151145339012146,1.151145339012146,1.151145339012146
1785789660.0,1.1512778997421265,1.1512778997421265,1.1512778997421265,1.1512778997421265
1785789720.0,1.1512778997421265,1.1512778997421265,1.1512778997421265,1.1512778997421265
1785789780.0,1.1512778997421265,1.1512778997421265,1.1512778997421265,1.1512778997421265
1785789840.0,1.1512778997421265,1.1512778997421265,1.1512778997421265,1.1512778997421265
1785789900.0,1.1512778997421265,1.1512778997421265,1.1512778997421265,1.1512778997421265
1785789960.0,1.1512778997421265,1.1512778997421265,1.1512778997421265,1.1512778997421265
1785790020.0,1.1512778997421265,1.1512778997421265,1.1512778997421265,1.1512778997421265
1785790080.0,1.1512778997421265,1.1512778997421265,1.1512778997421265,1.1512778997421265
1785790140.0,1.1512778997421265,1.1512778997421265,1.1512778997421265,1.1512778997421265
1785790200.0,1.1512778997421265,1.1512778997421265,1.1512778997421265,1.1512778997421265
1785790260.0,1.151145339012146,1.151145339012146,1.151145339012146,1.151145339012146
1785790320.0,1.151145339012146,1.151145339012146,1.151145339012146,1.151145339012146
1785790380.0,1.151145339012146,1.151145339012146,1.151145339012146,1.151145339012146
1785790440.0,1.151145339012146,1.151145339012146,1.151145339012146,1.151145339012146
1785790500.0,1.1512778997421265,1.1512778997421265,1.1512778997421265,1.1512778997421265
1785790560.0,1.1512778997421265,1.1512778997421265,1.1512778997421265,1.1512778997421265
1785790620.0,1.1512778997421265,1.1512778997421265,1.1512778997421265,1.1512778997421265
1785790680.0,1.1512778997421265,1.1512778997421265,1.1512778997421265,1.1512778997421265
1785790740.0,1.151145339012146,1.151145339012146,1.151145339012146,1.151145339012146
1785790800.0,1.1516757011413574,1.1516757011413574,1.1516757011413574,1.1516757011413574
1785790860.0,1.1518083810806274,1.1518083810806274,1.1518083810806274,1.1518083810806274
1785790920.0,1.1512778997421265,1.1512778997421265,1.1512778997421265,1.1512778997421265
1785790980.0,1.1512778997421265,1.1512778997421265,1.1512778997421265,1.1512778997421265
1785791040.0,1.1512778997421265,1.1512778997421265,1.1512778997421265,1.1512778997421265
1785791100.0,1.151410460472107,1.151410460472107,1.151410460472107,1.151410460472107
1785791160.0,1.151543140411377,1.151543140411377,1.151543140411377,1.151543140411377
1785791220.0,1.151543140411377,1.151543140411377,1.151543140411377,1.151543140411377
1785791280.0,1.151543140411377,1.151543140411377,1.151543140411377,1.151543140411377
1785791340.0,1.151543140411377,1.151543140411377,1.151543140411377,1.151543140411377
1785791400.0,1.151410460472107,1.151410460472107,1.151410460472107,1.151410460472107
1785791460.0,1.151410460472107,1.151410460472107,1.151410460472107,1.151410460472107
1785791520.0,1.151410460472107,1.151410460472107,1.151410460472107,1.151410460472107
1785791580.0,1.151410460472107,1.151410460472107,1.151410460472107,1.151410460472107
1785791640.0,1.151410460472107,1.151410460472107,1.151410460472107,1.151410460472107
1785791700.0,1.151012897491455,1.151012897491455,1.151012897491455,1.151012897491455
1785791760.0,1.151410460472107,1.151410460472107,1.151410460472107,1.151410460472107
1785791820.0,1.1512778997421265,1.1512778997421265,1.1512778997421265,1.1512778997421265
1785791880.0,1.151145339012146,1.151145339012146,1.151145339012146,1.151145339012146
1785791940.0,1.151410460472107,1.151410460472107,1.151410460472107,1.151410460472107
1785792000.0,1.151145339012146,1.151145339012146,1.151145339012146,1.151145339012146
1785792060.0,1.1512778997421265,1.1512778997421265,1.1512778997421265,1.1512778997421265
1785792120.0,1.151145339012146,1.151145339012146,1.151145339012146,1.151145339012146
1785792180.0,1.151410460472107,1.151410460472107,1.151410460472107,1.151410460472107
1785792240.0,1.1512778997421265,1.1512778997421265,1.1512778997421265,1.1512778997421265
1785792300.0,1.151410460472107,1.151410460472107,1.151410460472107,1.151410460472107
1785792360.0,1.151543140411377,1.151543140411377,1.151543140411377,1.151543140411377
1785792420.0,1.151410460472107,1.151410460472107,1.151410460472107,1.151410460472107
1785792480.0,1.151145339012146,1.151145339012146,1.151145339012146,1.151145339012146
1785792540.0,1.1512778997421265,1.1512778997421265,1.1512778997421265,1.1512778997421265
1785792600.0,1.151410460472107,1.151410460472107,1.151410460472107,1.151410460472107
1785792660.0,1.1512778997421265,1.1512778997421265,1.1512778997421265,1.1512778997421265
1785792720.0,1.151410460472107,1.151410460472107,1.151410460472107,1.151410460472107
1785792780.0,1.1512778997421265,1.1512778997421265,1.1512778997421265,1.1512778997421265
1785792840.0,1.151543140411377,1.151543140411377,1.151543140411377,1.151543140411377
1785792900.0,1.1512778997421265,1.1512778997421265,1.1512778997421265,1.1512778997421265
1785792960.0,1.151410460472107,1.151410460472107,1.151410460472107,1.151410460472107
1785793020.0,1.151410460472107,1.151410460472107,1.151410460472107,1.151410460472107
1785793080.0,1.1512778997421265,1.1512778997421265,1.1512778997421265,1.1512778997421265
1785793140.0,1.151410460472107,1.151410460472107,1.151410460472107,1.151410460472107
1785793200.0,1.1512778997421265,1.1512778997421265,1.1512778997421265,1.1512778997421265
1785793260.0,1.151410460472107,1.151410460472107,1.151410460472107,1.151410460472107
1785793320.0,1.151410460472107,1.151410460472107,1.151410460472107,1.151410460472107
1785793380.0,1.151543140411377,1.151543140411377,1.151543140411377,1.151543140411377
1785793440.0,1.151410460472107,1.151410460472107,1.151410460472107,1.151410460472107
1785793500.0,1.151410460472107,1.151410460472107,1.151410460472107,1.151410460472107
1785793560.0,1.151410460472107,1.151410460472107,1.151410460472107,1.151410460472107
1785793620.0,1.1512778997421265,1.1512778997421265,1.1512778997421265,1.1512778997421265
1785793680.0,1.1516757011413574,1.1516757011413574,1.1516757011413574,1.1516757011413574
1785793740.0,1.1512778997421265,1.1512778997421265,1.1512778997421265,1.1512778997421265
1785793800.0,1.151410460472107,1.151410460472107,1.151410460472107,1.151410460472107
1785793860.0,1.151410460472107,1.151410460472107,1.151410460472107,1.151410460472107
1785793920.0,1.1516757011413574,1.1516757011413574,1.1516757011413574,1.1516757011413574
1785793980.0,1.151410460472107,1.151410460472107,1.151410460472107,1.151410460472107
1785794040.0,1.151410460472107,1.151410460472107,1.151410460472107,1.151410460472107
1785794100.0,1.151410460472107,1.151410460472107,1.151410460472107,1.151410460472107
1785794160.0,1.1512778997421265,1.1512778997421265,1.1512778997421265,1.1512778997421265
1785794220.0,1.1512778997421265,1.1512778997421265,1.1512778997421265,1.1512778997421265
1785794280.0,1.151410460472107,1.151410460472107,1.151410460472107,1.151410460472107
1785794340.0,1.151410460472107,1.151410460472107,1.151410460472107,1.151410460472107
1785794400.0,1.151543140411377,1.151543140411377,1.151543140411377,1.151543140411377
1785794460.0,1.1512778997421265,1.1512778997421265,1.1512778997421265,1.1512778997421265
1785794520.0,1.151145339012146,1.151145339012146,1.151145339012146,1.151145339012146
1785794580.0,1.151012897491455,1.151012897491455,1.151012897491455,1.151012897491455
1785794640.0,1.151145339012146,1.151145339012146,1.151145339012146,1.151145339012146
1785794700.0,1.151145339012146,1.151145339012146,1.151145339012146,1.151145339012146
1785794760.0,1.151145339012146,1.151145339012146,1.151145339012146,1.151145339012146
1785794820.0,1.151145339012146,1.151145339012146,1.151145339012146,1.151145339012146
1785794880.0,1.151145339012146,1.151145339012146,1.151145339012146,1.151145339012146
1785794940.0,1.151145339012146,1.151145339012146,1.151145339012146,1.151145339012146
1785795000.0,1.151012897491455,1.151012897491455,1.151012897491455,1.151012897491455
1785795060.0,1.151145339012146,1.151145339012146,1.151145339012146,1.151145339012146
1785795120.0,1.151145339012146,1.151145339012146,1.151145339012146,1.151145339012146
1785795180.0,1.151012897491455,1.151012897491455,1.151012897491455,1.151012897491455
1785795240.0,1.151012897491455,1.151012897491455,1.151012897491455,1.151012897491455
1785795300.0,1.151145339012146,1.151145339012146,1.151145339012146,1.151145339012146
1785795360.0,1.151145339012146,1.151145339012146,1.151145339012146,1.151145339012146
1785795420.0,1.151145339012146,1.151145339012146,1.151145339012146,1.151145339012146
1785795480.0,1.151145339012146,1.151145339012146,1.151145339012146,1.151145339012146
1785795540.0,1.151145339012146,1.151145339012146,1.151145339012146,1.151145339012146
1785795600.0,1.151145339012146,1.151145339012146,1.151145339012146,1.151145339012146
1785795660.0,1.151145339012146,1.151145339012146,1.151145339012146,1.151145339012146
1785795720.0,1.151145339012146,1.151145339012146,1.151145339012146,1.151145339012146
1785795780.0,1.151145339012146,1.151145339012146,1.151145339012146,1.151145339012146
1785795840.0,1.151145339012146,1.151145339012146,1.151145339012146,1.151145339012146
1785795900.0,1.151145339012146,1.151145339012146,1.151145339012146,1.151145339012146
1785795960.0,1.151145339012146,1.151145339012146,1.151145339012146,1.151145339012146
1785796020.0,1.151145339012146,1.151145339012146,1.151145339012146,1.151145339012146
1785796080.0,1.151145339012146,1.151145339012146,1.151145339012146,1.151145339012146
1785796140.0,1.151012897491455,1.151012897491455,1.151012897491455,1.151012897491455
1785796200.0,1.151145339012146,1.151145339012146,1.151145339012146,1.151145339012146
1785796260.0,1.151145339012146,1.151145339012146,1.151145339012146,1.151145339012146
1785796320.0,1.151145339012146,1.151145339012146,1.151145339012146,1.151145339012146
1785796380.0,1.151145339012146,1.151145339012146,1.151145339012146,1.151145339012146
1785796440.0,1.151145339012146,1.151145339012146,1.151145339012146,1.151145339012146
1785796500.0,1.151145339012146,1.151145339012146,1.151145339012146,1.151145339012146
1785796560.0,1.151145339012146,1.151145339012146,1.151145339012146,1.151145339012146
1785796620.0,1.151012897491455,1.151012897491455,1.151012897491455,1.151012897491455
1785796680.0,1.151145339012146,1.151145339012146,1.151145339012146,1.151145339012146
1785796740.0,1.151145339012146,1.151145339012146,1.151145339012146,1.151145339012146
1785796800.0,1.151145339012146,1.151145339012146,1.151145339012146,1.151145339012146
1785796860.0,1.151145339012146,1.151145339012146,1.151145339012146,1.151145339012146
1785796920.0,1.151145339012146,1.151145339012146,1.151145339012146,1.151145339012146
1785796980.0,1.151145339012146,1.151145339012146,1.151145339012146,1.151145339012146
1785797040.0,1.151145339012146,1.151145339012146,1.151145339012146,1.151145339012146
1785797100.0,1.151145339012146,1.151145339012146,1.151145339012146,1.151145339012146
1785797160.0,1.151145339012146,1.151145339012146,1.151145339012146,1.151145339012146
1785797220.0,1.151145339012146,1.151145339012146,1.151145339012146,1.151145339012146
1785797280.0,1.151145339012146,1.151145339012146,1.151145339012146,1.151145339012146
1785797340.0,1.1512778997421265,1.1512778997421265,1.1512778997421265,1.1512778997421265
1785797400.0,1.151145339012146,1.151145339012146,1.151145339012146,1.151145339012146
1785797460.0,1.1512778997421265,1.1512778997421265,1.1512778997421265,1.1512778997421265
1785797520.0,1.1512778997421265,1.1512778997421265,1.1512778997421265,1.1512778997421265
1785797580.0,1.1512778997421265,1.1512778997421265,1.1512778997421265,1.1512778997421265
1785797640.0,1.1512778997421265,1.1512778997421265,1.1512778997421265,1.1512778997421265
1785797700.0,1.1512778997421265,1.1512778997421265,1.1512778997421265,1.1512778997421265
1785797760.0,1.151145339012146,1.151145339012146,1.151145339012146,1.151145339012146
1785797820.0,1.1512778997421265,1.1512778997421265,1.1512778997421265,1.1512778997421265
1785797880.0,1.151145339012146,1.151145339012146,1.151145339012146,1.151145339012146
1785798000.0,1.1512778997421265,1.1512778997421265,1.1512778997421265,1.1512778997421265
1785798060.0,1.151145339012146,1.151145339012146,1.151145339012146,1.151145339012146
1785798120.0,1.151145339012146,1.151145339012146,1.151145339012146,1.151145339012146
1785798180.0,1.151145339012146,1.151145339012146,1.151145339012146,1.151145339012146
1785798240.0,1.151145339012146,1.151145339012146,1.151145339012146,1.151145339012146
1785798300.0,1.1512778997421265,1.1512778997421265,1.1512778997421265,1.1512778997421265
1785798360.0,1.1512778997421265,1.1512778997421265,1.1512778997421265,1.1512778997421265
1785798420.0,1.1512778997421265,1.1512778997421265,1.1512778997421265,1.1512778997421265
1785798480.0,1.151145339012146,1.151145339012146,1.151145339012146,1.151145339012146
1785798540.0,1.1512778997421265,1.1512778997421265,1.1512778997421265,1.1512778997421265
1785798600.0,1.1512778997421265,1.1512778997421265,1.1512778997421265,1.1512778997421265
1785798660.0,1.1512778997421265,1.1512778997421265,1.1512778997421265,1.1512778997421265
1785798720.0,1.1512778997421265,1.1512778997421265,1.1512778997421265,1.1512778997421265
1785798780.0,1.1512778997421265,1.1512778997421265,1.1512778997421265,1.1512778997421265
1785798840.0,1.1512778997421265,1.1512778997421265,1.1512778997421265,1.1512778997421265
1785798900.0,1.1512778997421265,1.1512778997421265,1.1512778997421265,1.1512778997421265
1785798960.0,1.151410460472107,1.151410460472107,1.151410460472107,1.151410460472107
1785799020.0,1.151410460472107,1.151410460472107,1.151410460472107,1.151410460472107
1785799080.0,1.1512778997421265,1.1512778997421265,1.1512778997421265,1.1512778997421265
1785799140.0,1.1512778997421265,1.1512778997421265,1.1512778997421265,1.1512778997421265
1785799200.0,1.1512778997421265,1.1512778997421265,1.1512778997421265,1.1512778997421265
1785799260.0,1.1512778997421265,1.1512778997421265,1.1512778997421265,1.1512778997421265
1785799320.0,1.1512778997421265,1.1512778997421265,1.1512778997421265,1.1512778997421265
1785799380.0,1.1512778997421265,1.1512778997421265,1.1512778997421265,1.1512778997421265
1785799440.0,1.1512778997421265,1.1512778997421265,1.1512778997421265,1.1512778997421265
1785799500.0,1.1512778997421265,1.1512778997421265,1.1512778997421265,1.1512778997421265
1785799560.0,1.1512778997421265,1.1512778997421265,1.1512778997421265,1.1512778997421265
1785799620.0,1.1512778997421265,1.1512778997421265,1.1512778997421265,1.1512778997421265
1785799680.0,1.1512778997421265,1.1512778997421265,1.1512778997421265,1.1512778997421265
1785799740.0,1.1512778997421265,1.1512778997421265,1.1512778997421265,1.1512778997421265
1785799800.0,1.1512778997421265,1.1512778997421265,1.1512778997421265,1.1512778997421265
1785799860.0,1.1512778997421265,1.1512778997421265,1.1512778997421265,1.1512778997421265
1785799920.0,1.1512778997421265,1.1512778997421265,1.1512778997421265,1.1512778997421265
1785799980.0,1.1512778997421265,1.1512778997421265,1.1512778997421265,1.1512778997421265
1785800040.0,1.1512778997421265,1.1512778997421265,1.1512778997421265,1.1512778997421265
1785800100.0,1.151145339012146,1.151145339012146,1.151145339012146,1.151145339012146
1785800160.0,1.151145339012146,1.151145339012146,1.151145339012146,1.151145339012146
1785800220.0,1.151145339012146,1.151145339012146,1.151145339012146,1.151145339012146
1785800280.0,1.151145339012146,1.151145339012146,1.151145339012146,1.151145339012146
1785800340.0,1.151145339012146,1.151145339012146,1.151145339012146,1.151145339012146
1785800400.0,1.151145339012146,1.151145339012146,1.151145339012146,1.151145339012146
1785800460.0,1.151145339012146,1.151145339012146,1.151145339012146,1.151145339012146
1785800520.0,1.151012897491455,1.151012897491455,1.151012897491455,1.151012897491455
1785800580.0,1.151145339012146,1.151145339012146,1.151145339012146,1.151145339012146
1785800640.0,1.151145339012146,1.151145339012146,1.151145339012146,1.151145339012146
1785800700.0,1.151145339012146,1.151145339012146,1.151145339012146,1.151145339012146
1785800760.0,1.151012897491455,1.151012897491455,1.151012897491455,1.151012897491455
1785800820.0,1.151145339012146,1.151145339012146,1.151145339012146,1.151145339012146
1785800880.0,1.151012897491455,1.151012897491455,1.151012897491455,1.151012897491455
1785800940.0,1.151145339012146,1.151145339012146,1.151145339012146,1.151145339012146
1785801000.0,1.151012897491455,1.151012897491455,1.151012897491455,1.151012897491455
1785801060.0,1.151012897491455,1.151012897491455,1.151012897491455,1.151012897491455
1785801120.0,1.151012897491455,1.151012897491455,1.151012897491455,1.151012897491455
1785801180.0,1.151012897491455,1.151012897491455,1.151012897491455,1.151012897491455
1785801240.0,1.151012897491455,1.151012897491455,1.151012897491455,1.151012897491455
1785801300.0,1.151012897491455,1.151012897491455,1.151012897491455,1.151012897491455
1785801360.0,1.151145339012146,1.151145339012146,1.151145339012146,1.151145339012146
1785801420.0,1.151012897491455,1.151012897491455,1.151012897491455,1.151012897491455
1785801480.0,1.151012897491455,1.151012897491455,1.151012897491455,1.151012897491455
1785801540.0,1.151012897491455,1.151012897491455,1.151012897491455,1.151012897491455
1785801600.0,1.151145339012146,1.151145339012146,1.151145339012146,1.151145339012146
1785801660.0,1.1512778997421265,1.1512778997421265,1.1512778997421265,1.1512778997421265
1785801720.0,1.1512778997421265,1.1512778997421265,1.1512778997421265,1.1512778997421265
1785801780.0,1.1512778997421265,1.1512778997421265,1.1512778997421265,1.1512778997421265
1785801840.0,1.151410460472107,1.151410460472107,1.151410460472107,1.151410460472107
1785801900.0,1.1512778997421265,1.1512778997421265,1.1512778997421265,1.1512778997421265
1785801960.0,1.1512778997421265,1.1512778997421265,1.1512778997421265,1.1512778997421265
1785802020.0,1.151410460472107,1.151410460472107,1.151410460472107,1.151410460472107
1785802080.0,1.151543140411377,1.151543140411377,1.151543140411377,1.151543140411377
1785802140.0,1.1516757011413574,1.1516757011413574,1.1516757011413574,1.1516757011413574
1785802200.0,1.151410460472107,1.151410460472107,1.151410460472107,1.151410460472107
1785802260.0,1.151410460472107,1.151410460472107,1.151410460472107,1.151410460472107
1785802320.0,1.151410460472107,1.151410460472107,1.151410460472107,1.151410460472107
1785802380.0,1.151410460472107,1.151410460472107,1.151410460472107,1.151410460472107
1785802440.0,1.1512778997421265,1.1512778997421265,1.1512778997421265,1.1512778997421265
1785802500.0,1.1512778997421265,1.1512778997421265,1.1512778997421265,1.1512778997421265
1785802560.0,1.151410460472107,1.151410460472107,1.151410460472107,1.151410460472107
1785802620.0,1.1512778997421265,1.1512778997421265,1.1512778997421265,1.1512778997421265
1785802680.0,1.151410460472107,1.151410460472107,1.151410460472107,1.151410460472107
1785802740.0,1.151410460472107,1.151410460472107,1.151410460472107,1.151410460472107
1785802800.0,1.151543140411377,1.151543140411377,1.151543140411377,1.151543140411377
1785802860.0,1.151543140411377,1.151543140411377,1.151543140411377,1.151543140411377
1785802920.0,1.151410460472107,1.151410460472107,1.151410460472107,1.151410460472107
1785802980.0,1.151543140411377,1.151543140411377,1.151543140411377,1.151543140411377
1785803040.0,1.151543140411377,1.151543140411377,1.151543140411377,1.151543140411377
1785803100.0,1.151543140411377,1.151543140411377,1.151543140411377,1.151543140411377
1785803160.0,1.151543140411377,1.151543140411377,1.151543140411377,1.151543140411377
1785803220.0,1.151543140411377,1.151543140411377,1.151543140411377,1.151543140411377
1785803280.0,1.151543140411377,1.151543140411377,1.151543140411377,1.151543140411377
1785803340.0,1.151543140411377,1.151543140411377,1.151543140411377,1.151543140411377
1785803400.0,1.151410460472107,1.151410460472107,1.151410460472107,1.151410460472107
1785803460.0,1.151410460472107,1.151410460472107,1.151410460472107,1.151410460472107
1785803520.0,1.151543140411377,1.151543140411377,1.151543140411377,1.151543140411377
1785803580.0,1.1516757011413574,1.1516757011413574,1.1516757011413574,1.1516757011413574
1785803640.0,1.1516757011413574,1.1516757011413574,1.1516757011413574,1.1516757011413574
1785803700.0,1.1516757011413574,1.1516757011413574,1.1516757011413574,1.1516757011413574
1785803760.0,1.1516757011413574,1.1516757011413574,1.1516757011413574,1.1516757011413574
1785803820.0,1.1516757011413574,1.1516757011413574,1.1516757011413574,1.1516757011413574
1785803880.0,1.1516757011413574,1.1516757011413574,1.1516757011413574,1.1516757011413574
1785803940.0,1.1518083810806274,1.1518083810806274,1.1518083810806274,1.1518083810806274
1785804000.0,1.1516757011413574,1.1516757011413574,1.1516757011413574,1.1516757011413574
1785804060.0,1.1516757011413574,1.1516757011413574,1.1516757011413574,1.1516757011413574
1785804120.0,1.1516757011413574,1.1516757011413574,1.1516757011413574,1.1516757011413574
1785804180.0,1.151543140411377,1.151543140411377,1.151543140411377,1.151543140411377
1785804240.0,1.151543140411377,1.151543140411377,1.151543140411377,1.151543140411377
1785804300.0,1.151543140411377,1.151543140411377,1.151543140411377,1.151543140411377
1785804360.0,1.151543140411377,1.151543140411377,1.151543140411377,1.151543140411377
1785804420.0,1.151410460472107,1.151410460472107,1.151410460472107,1.151410460472107
1785804480.0,1.1512778997421265,1.1512778997421265,1.1512778997421265,1.1512778997421265
1785804540.0,1.1512778997421265,1.1512778997421265,1.1512778997421265,1.1512778997421265
1785804600.0,1.1512778997421265,1.1512778997421265,1.1512778997421265,1.1512778997421265
1785804660.0,1.1512778997421265,1.1512778997421265,1.1512778997421265,1.1512778997421265
1785804720.0,1.1512778997421265,1.1512778997421265,1.1512778997421265,1.1512778997421265
1785804780.0,1.151410460472107,1.151410460472107,1.151410460472107,1.151410460472107
1785804840.0,1.1512778997421265,1.1512778997421265,1.1512778997421265,1.1512778997421265
1785804900.0,1.151145339012146,1.151145339012146,1.151145339012146,1.151145339012146
1785804960.0,1.151012897491455,1.151012897491455,1.151012897491455,1.151012897491455
1785805020.0,1.1508804559707642,1.1508804559707642,1.1508804559707642,1.1508804559707642
1785805080.0,1.151012897491455,1.151012897491455,1.151012897491455,1.151012897491455
1785805140.0,1.1508804559707642,1.1508804559707642,1.1508804559707642,1.1508804559707642
1785805200.0,1.1507480144500732,1.1507480144500732,1.1507480144500732,1.1507480144500732
1785805260.0,1.1506155729293823,1.1506155729293823,1.1506155729293823,1.1506155729293823
1785805320.0,1.1506155729293823,1.1506155729293823,1.1506155729293823,1.1506155729293823
1785805380.0,1.1506155729293823,1.1506155729293823,1.1506155729293823,1.1506155729293823
1785805440.0,1.1508804559707642,1.1508804559707642,1.1508804559707642,1.1508804559707642
1785805500.0,1.1507480144500732,1.1507480144500732,1.1507480144500732,1.1507480144500732
1785805560.0,1.1506155729293823,1.1506155729293823,1.1506155729293823,1.1506155729293823
1785805620.0,1.1507480144500732,1.1507480144500732,1.1507480144500732,1.1507480144500732
1785805680.0,1.1507480144500732,1.1507480144500732,1.1507480144500732,1.1507480144500732
1785805740.0,1.1507480144500732,1.1507480144500732,1.1507480144500732,1.1507480144500732
1785805800.0,1.1508804559707642,1.1508804559707642,1.1508804559707642,1.1508804559707642
1785805860.0,1.1508804559707642,1.1508804559707642,1.1508804559707642,1.1508804559707642
1785805920.0,1.1508804559707642,1.1508804559707642,1.1508804559707642,1.1508804559707642
1785805980.0,1.1508804559707642,1.1508804559707642,1.1508804559707642,1.1508804559707642
1785806040.0,1.1508804559707642,1.1508804559707642,1.1508804559707642,1.1508804559707642
1785806100.0,1.1508804559707642,1.1508804559707642,1.1508804559707642,1.1508804559707642
1785806160.0,1.1508804559707642,1.1508804559707642,1.1508804559707642,1.1508804559707642
1785806220.0,1.151012897491455,1.151012897491455,1.151012897491455,1.151012897491455
1785806280.0,1.151145339012146,1.151145339012146,1.151145339012146,1.151145339012146
1785806340.0,1.151145339012146,1.151145339012146,1.151145339012146,1.151145339012146
1785806400.0,1.1512778997421265,1.1512778997421265,1.1512778997421265,1.1512778997421265
1785806460.0,1.151145339012146,1.151145339012146,1.151145339012146,1.151145339012146
1785806520.0,1.151145339012146,1.151145339012146,1.151145339012146,1.151145339012146
1785806580.0,1.151145339012146,1.151145339012146,1.151145339012146,1.151145339012146
1785806640.0,1.151145339012146,1.151145339012146,1.151145339012146,1.151145339012146
1785806700.0,1.1512778997421265,1.1512778997421265,1.1512778997421265,1.1512778997421265
1785806760.0,1.1512778997421265,1.1512778997421265,1.1512778997421265,1.1512778997421265
1785806820.0,1.1512778997421265,1.1512778997421265,1.1512778997421265,1.1512778997421265
1785806880.0,1.1512778997421265,1.1512778997421265,1.1512778997421265,1.1512778997421265
1785806940.0,1.151145339012146,1.151145339012146,1.151145339012146,1.151145339012146
1785807000.0,1.151410460472107,1.151410460472107,1.151410460472107,1.151410460472107
1785807060.0,1.151410460472107,1.151410460472107,1.151410460472107,1.151410460472107
1785807120.0,1.151410460472107,1.151410460472107,1.151410460472107,1.151410460472107
1785807180.0,1.151543140411377,1.151543140411377,1.151543140411377,1.151543140411377
1785807240.0,1.151543140411377,1.151543140411377,1.151543140411377,1.151543140411377
1785807300.0,1.151410460472107,1.151410460472107,1.151410460472107,1.151410460472107
1785807360.0,1.151410460472107,1.151410460472107,1.151410460472107,1.151410460472107
1785807420.0,1.151410460472107,1.151410460472107,1.151410460472107,1.151410460472107
1785807480.0,1.151410460472107,1.151410460472107,1.151410460472107,1.151410460472107
1785807540.0,1.151543140411377,1.151543140411377,1.151543140411377,1.151543140411377
1785807600.0,1.151543140411377,1.151543140411377,1.151543140411377,1.151543140411377
1785807660.0,1.151543140411377,1.151543140411377,1.151543140411377,1.151543140411377
1785807720.0,1.1516757011413574,1.1516757011413574,1.1516757011413574,1.1516757011413574
1785807780.0,1.1516757011413574,1.1516757011413574,1.1516757011413574,1.1516757011413574
1785807840.0,1.1518083810806274,1.1518083810806274,1.1518083810806274,1.1518083810806274
1785807900.0,1.1516757011413574,1.1516757011413574,1.1516757011413574,1.1516757011413574
1785807960.0,1.1516757011413574,1.1516757011413574,1.1516757011413574,1.1516757011413574
1785808020.0,1.1518083810806274,1.1518083810806274,1.1518083810806274,1.1518083810806274
1785808080.0,1.1516757011413574,1.1516757011413574,1.1516757011413574,1.1516757011413574
1785808140.0,1.1516757011413574,1.1516757011413574,1.1516757011413574,1.1516757011413574
1785808200.0,1.151543140411377,1.151543140411377,1.151543140411377,1.151543140411377
1785808260.0,1.1516757011413574,1.1516757011413574,1.1516757011413574,1.1516757011413574
1785808320.0,1.1516757011413574,1.1516757011413574,1.1516757011413574,1.1516757011413574
1785808380.0,1.1516757011413574,1.1516757011413574,1.1516757011413574,1.1516757011413574
1785808440.0,1.1516757011413574,1.1516757011413574,1.1516757011413574,1.1516757011413574
1785808500.0,1.1516757011413574,1.1516757011413574,1.1516757011413574,1.1516757011413574
1785808560.0,1.1516757011413574,1.1516757011413574,1.1516757011413574,1.1516757011413574
1785808620.0,1.1516757011413574,1.1516757011413574,1.1516757011413574,1.1516757011413574
1785808680.0,1.151543140411377,1.151543140411377,1.151543140411377,1.151543140411377
1785808740.0,1.151543140411377,1.151543140411377,1.151543140411377,1.151543140411377
1785808800.0,1.1516757011413574,1.1516757011413574,1.1516757011413574,1.1516757011413574
1785808860.0,1.1516757011413574,1.1516757011413574,1.1516757011413574,1.1516757011413574
1785808920.0,1.151543140411377,1.151543140411377,1.151543140411377,1.151543140411377
1785808980.0,1.151410460472107,1.151410460472107,1.151410460472107,1.151410460472107
1785809040.0,1.151410460472107,1.151410460472107,1.151410460472107,1.151410460472107
1785809100.0,1.1512778997421265,1.1512778997421265,1.1512778997421265,1.1512778997421265
1785809160.0,1.151410460472107,1.151410460472107,1.151410460472107,1.151410460472107
1785809220.0,1.151410460472107,1.151410460472107,1.151410460472107,1.151410460472107
1785809280.0,1.151543140411377,1.151543140411377,1.151543140411377,1.151543140411377
1785809340.0,1.151543140411377,1.151543140411377,1.151543140411377,1.151543140411377
1785809400.0,1.151410460472107,1.151410460472107,1.151410460472107,1.151410460472107
1785809460.0,1.151543140411377,1.151543140411377,1.151543140411377,1.151543140411377
1785809520.0,1.1516757011413574,1.1516757011413574,1.1516757011413574,1.1516757011413574
1785809580.0,1.1516757011413574,1.1516757011413574,1.1516757011413574,1.1516757011413574
1785809640.0,1.151543140411377,1.151543140411377,1.151543140411377,1.151543140411377
1785809700.0,1.1516757011413574,1.1516757011413574,1.1516757011413574,1.1516757011413574
1785809760.0,1.1516757011413574,1.1516757011413574,1.1516757011413574,1.1516757011413574
1785809820.0,1.1516757011413574,1.1516757011413574,1.1516757011413574,1.1516757011413574
1785809880.0,1.151543140411377,1.151543140411377,1.151543140411377,1.151543140411377
1785809940.0,1.151543140411377,1.151543140411377,1.151543140411377,1.151543140411377
1785810000.0,1.151543140411377,1.151543140411377,1.151543140411377,1.151543140411377
1785810060.0,1.151543140411377,1.151543140411377,1.151543140411377,1.151543140411377
1785810120.0,1.151410460472107,1.151410460472107,1.151410460472107,1.151410460472107
1785810180.0,1.151410460472107,1.151410460472107,1.151410460472107,1.151410460472107
1785810240.0,1.1512778997421265,1.1512778997421265,1.1512778997421265,1.1512778997421265
1785810300.0,1.1512778997421265,1.1512778997421265,1.1512778997421265,1.1512778997421265
1785810360.0,1.1512778997421265,1.1512778997421265,1.1512778997421265,1.1512778997421265
1785810420.0,1.1512778997421265,1.1512778997421265,1.1512778997421265,1.1512778997421265
1785810480.0,1.1512778997421265,1.1512778997421265,1.1512778997421265,1.1512778997421265
1785810540.0,1.1512778997421265,1.1512778997421265,1.1512778997421265,1.1512778997421265
1785810600.0,1.151410460472107,1.151410460472107,1.151410460472107,1.151410460472107
1785810660.0,1.1512778997421265,1.1512778997421265,1.1512778997421265,1.1512778997421265
1785810720.0,1.1512778997421265,1.1512778997421265,1.1512778997421265,1.1512778997421265
1785810780.0,1.1512778997421265,1.1512778997421265,1.1512778997421265,1.1512778997421265
1785810840.0,1.1512778997421265,1.1512778997421265,1.1512778997421265,1.1512778997421265
1785810900.0,1.1512778997421265,1.1512778997421265,1.1512778997421265,1.1512778997421265
1785810960.0,1.1512778997421265,1.1512778997421265,1.1512778997421265,1.1512778997421265
1785811020.0,1.151410460472107,1.151410460472107,1.151410460472107,1.151410460472107
1785811080.0,1.151543140411377,1.151543140411377,1.151543140411377,1.151543140411377
1785811140.0,1.151410460472107,1.151410460472107,1.151410460472107,1.151410460472107
1785811200.0,1.151543140411377,1.151543140411377,1.151543140411377,1.151543140411377
1785811260.0,1.151410460472107,1.151410460472107,1.151410460472107,1.151410460472107
1785811320.0,1.151410460472107,1.151410460472107,1.151410460472107,1.151410460472107
1785811380.0,1.151410460472107,1.151410460472107,1.151410460472107,1.151410460472107
1785811440.0,1.151543140411377,1.151543140411377,1.151543140411377,1.151543140411377
1785811500.0,1.151410460472107,1.151410460472107,1.151410460472107,1.151410460472107
1785811560.0,1.151543140411377,1.151543140411377,1.151543140411377,1.151543140411377
1785811620.0,1.151543140411377,1.151543140411377,1.151543140411377,1.151543140411377
1785811680.0,1.151543140411377,1.151543140411377,1.151543140411377,1.151543140411377
1785811740.0,1.151543140411377,1.151543140411377,1.151543140411377,1.151543140411377
1785811800.0,1.151543140411377,1.151543140411377,1.151543140411377,1.151543140411377
1785811860.0,1.151410460472107,1.151410460472107,1.151410460472107,1.151410460472107
1785811920.0,1.151410460472107,1.151410460472107,1.151410460472107,1.151410460472107
1785811980.0,1.151543140411377,1.151543140411377,1.151543140411377,1.151543140411377
1785812040.0,1.151410460472107,1.151410460472107,1.151410460472107,1.151410460472107
1785812100.0,1.151410460472107,1.151410460472107,1.151410460472107,1.151410460472107
1785812160.0,1.1512778997421265,1.1512778997421265,1.1512778997421265,1.1512778997421265
1785812220.0,1.1512778997421265,1.1512778997421265,1.1512778997421265,1.1512778997421265
1785812280.0,1.151145339012146,1.151145339012146,1.151145339012146,1.151145339012146
1785812340.0,1.151145339012146,1.151145339012146,1.151145339012146,1.151145339012146
1785812400.0,1.151410460472107,1.151410460472107,1.151410460472107,1.151410460472107
1785812460.0,1.151410460472107,1.151410460472107,1.151410460472107,1.151410460472107
1785812520.0,1.151410460472107,1.151410460472107,1.151410460472107,1.151410460472107
1785812580.0,1.1512778997421265,1.1512778997421265,1.1512778997421265,1.1512778997421265
1785812640.0,1.151145339012146,1.151145339012146,1.151145339012146,1.151145339012146
1785812700.0,1.151145339012146,1.151145339012146,1.151145339012146,1.151145339012146
1785812760.0,1.151145339012146,1.151145339012146,1.151145339012146,1.151145339012146
1785812820.0,1.1512778997421265,1.1512778997421265,1.1512778997421265,1.1512778997421265
1785812880.0,1.151145339012146,1.151145339012146,1.151145339012146,1.151145339012146
1785812940.0,1.1512778997421265,1.1512778997421265,1.1512778997421265,1.1512778997421265
1785813000.0,1.1512778997421265,1.1512778997421265,1.1512778997421265,1.1512778997421265
1785813060.0,1.1512778997421265,1.1512778997421265,1.1512778997421265,1.1512778997421265
1785813120.0,1.1512778997421265,1.1512778997421265,1.1512778997421265,1.1512778997421265
1785813180.0,1.1512778997421265,1.1512778997421265,1.1512778997421265,1.1512778997421265
1785813240.0,1.1512778997421265,1.1512778997421265,1.1512778997421265,1.1512778997421265
1785813300.0,1.151410460472107,1.151410460472107,1.151410460472107,1.151410460472107
1785813360.0,1.151410460472107,1.151410460472107,1.151410460472107,1.151410460472107
1785813420.0,1.151410460472107,1.151410460472107,1.151410460472107,1.151410460472107
1785813480.0,1.151410460472107,1.151410460472107,1.151410460472107,1.151410460472107
1785813540.0,1.151410460472107,1.151410460472107,1.151410460472107,1.151410460472107
1785813600.0,1.151410460472107,1.151410460472107,1.151410460472107,1.151410460472107
1785813660.0,1.151543140411377,1.151543140411377,1.151543140411377,1.151543140411377
1785813720.0,1.151543140411377,1.151543140411377,1.151543140411377,1.151543140411377
1785813780.0,1.151543140411377,1.151543140411377,1.151543140411377,1.151543140411377
1785813840.0,1.151543140411377,1.151543140411377,1.151543140411377,1.151543140411377
1785813900.0,1.151543140411377,1.151543140411377,1.151543140411377,1.151543140411377
1785813960.0,1.151543140411377,1.151543140411377,1.151543140411377,1.151543140411377
1785814020.0,1.151543140411377,1.151543140411377,1.151543140411377,1.151543140411377
1785814080.0,1.151543140411377,1.151543140411377,1.151543140411377,1.151543140411377
1785814140.0,1.151543140411377,1.151543140411377,1.151543140411377,1.151543140411377
1785814200.0,1.151543140411377,1.151543140411377,1.151543140411377,1.151543140411377
1785814260.0,1.151543140411377,1.151543140411377,1.151543140411377,1.151543140411377
1785814320.0,1.151543140411377,1.151543140411377,1.151543140411377,1.151543140411377
1785814380.0,1.151543140411377,1.151543140411377,1.151543140411377,1.151543140411377
1785814440.0,1.151543140411377,1.151543140411377,1.151543140411377,1.151543140411377
1785814500.0,1.151543140411377,1.151543140411377,1.151543140411377,1.151543140411377
1785814560.0,1.151543140411377,1.151543140411377,1.151543140411377,1.151543140411377
1785814620.0,1.151543140411377,1.151543140411377,1.151543140411377,1.151543140411377
1785814680.0,1.151410460472107,1.151410460472107,1.151410460472107,1.151410460472107
1785814740.0,1.1512778997421265,1.1512778997421265,1.1512778997421265,1.1512778997421265
1785814800.0,1.151145339012146,1.151145339012146,1.151145339012146,1.151145339012146
1785814860.0,1.151145339012146,1.151145339012146,1.151145339012146,1.151145339012146
1785814920.0,1.151145339012146,1.151145339012146,1.151145339012146,1.151145339012146
1785814980.0,1.151145339012146,1.151145339012146,1.151145339012146,1.151145339012146
1785815040.0,1.151145339012146,1.151145339012146,1.151145339012146,1.151145339012146
1785815100.0,1.151145339012146,1.151145339012146,1.151145339012146,1.151145339012146
1785815160.0,1.151145339012146,1.151145339012146,1.151145339012146,1.151145339012146
1785815220.0,1.151145339012146,1.151145339012146,1.151145339012146,1.151145339012146
1785815280.0,1.151145339012146,1.151145339012146,1.151145339012146,1.151145339012146
1785815340.0,1.151145339012146,1.151145339012146,1.151145339012146,1.151145339012146
1785815400.0,1.1512778997421265,1.1512778997421265,1.1512778997421265,1.1512778997421265
1785815460.0,1.1512778997421265,1.1512778997421265,1.1512778997421265,1.1512778997421265
1785815520.0,1.1512778997421265,1.1512778997421265,1.1512778997421265,1.1512778997421265
1785815580.0,1.1512778997421265,1.1512778997421265,1.1512778997421265,1.1512778997421265
1785815640.0,1.1512778997421265,1.1512778997421265,1.1512778997421265,1.1512778997421265
1785815700.0,1.151145339012146,1.151145339012146,1.151145339012146,1.151145339012146
1785815760.0,1.151145339012146,1.151145339012146,1.151145339012146,1.151145339012146
1785815820.0,1.151145339012146,1.151145339012146,1.151145339012146,1.151145339012146
1785815880.0,1.151145339012146,1.151145339012146,1.151145339012146,1.151145339012146
1785815940.0,1.151145339012146,1.151145339012146,1.151145339012146,1.151145339012146
1785816000.0,1.1512778997421265,1.1512778997421265,1.1512778997421265,1.1512778997421265
1785816060.0,1.151145339012146,1.151145339012146,1.151145339012146,1.151145339012146
1785816120.0,1.151145339012146,1.151145339012146,1.151145339012146,1.151145339012146
1785816180.0,1.151012897491455,1.151012897491455,1.151012897491455,1.151012897491455
1785816240.0,1.151145339012146,1.151145339012146,1.151145339012146,1.151145339012146
1785816300.0,1.151145339012146,1.151145339012146,1.151145339012146,1.151145339012146
1785816360.0,1.151012897491455,1.151012897491455,1.151012897491455,1.151012897491455
1785816420.0,1.151012897491455,1.151012897491455,1.151012897491455,1.151012897491455
1785816480.0,1.151012897491455,1.151012897491455,1.151012897491455,1.151012897491455
1785816540.0,1.151012897491455,1.151012897491455,1.151012897491455,1.151012897491455
1785816600.0,1.151012897491455,1.151012897491455,1.151012897491455,1.151012897491455
1785816660.0,1.151012897491455,1.151012897491455,1.151012897491455,1.151012897491455
1785816720.0,1.151012897491455,1.151012897491455,1.151012897491455,1.151012897491455
1785816780.0,1.151012897491455,1.151012897491455,1.151012897491455,1.151012897491455
1785816840.0,1.151012897491455,1.151012897491455,1.151012897491455,1.151012897491455
1785816900.0,1.151012897491455,1.151012897491455,1.151012897491455,1.151012897491455
1785816960.0,1.151012897491455,1.151012897491455,1.151012897491455,1.151012897491455
1785817020.0,1.151012897491455,1.151012897491455,1.151012897491455,1.151012897491455
1785817080.0,1.151012897491455,1.151012897491455,1.151012897491455,1.151012897491455
1785817140.0,1.151145339012146,1.151145339012146,1.151145339012146,1.151145339012146
1785817200.0,1.151145339012146,1.151145339012146,1.151145339012146,1.151145339012146
1785817260.0,1.151145339012146,1.151145339012146,1.151145339012146,1.151145339012146
1785817320.0,1.151145339012146,1.151145339012146,1.151145339012146,1.151145339012146
1785817380.0,1.151145339012146,1.151145339012146,1.151145339012146,1.151145339012146
1785817440.0,1.151145339012146,1.151145339012146,1.151145339012146,1.151145339012146
1785817500.0,1.151145339012146,1.151145339012146,1.151145339012146,1.151145339012146
1785817560.0,1.151145339012146,1.151145339012146,1.151145339012146,1.151145339012146
1785817620.0,1.151145339012146,1.151145339012146,1.151145339012146,1.151145339012146
1785817680.0,1.151145339012146,1.151145339012146,1.151145339012146,1.151145339012146
1785817740.0,1.151145339012146,1.151145339012146,1.151145339012146,1.151145339012146
1785817800.0,1.151145339012146,1.151145339012146,1.151145339012146,1.151145339012146
1785817860.0,1.151145339012146,1.151145339012146,1.151145339012146,1.151145339012146
1785817920.0,1.1512778997421265,1.1512778997421265,1.1512778997421265,1.1512778997421265
1785817980.0,1.1512778997421265,1.1512778997421265,1.1512778997421265,1.1512778997421265
1785818040.0,1.1512778997421265,1.1512778997421265,1.1512778997421265,1.1512778997421265
1785818100.0,1.151145339012146,1.151145339012146,1.151145339012146,1.151145339012146
1785818160.0,1.151145339012146,1.151145339012146,1.151145339012146,1.151145339012146
1785818220.0,1.151145339012146,1.151145339012146,1.151145339012146,1.151145339012146
1785818280.0,1.1512778997421265,1.1512778997421265,1.1512778997421265,1.1512778997421265
1785818340.0,1.1512778997421265,1.1512778997421265,1.1512778997421265,1.1512778997421265
1785818400.0,1.1512778997421265,1.1512778997421265,1.1512778997421265,1.1512778997421265
1785818460.0,1.1512778997421265,1.1512778997421265,1.1512778997421265,1.1512778997421265
1785818520.0,1.1512778997421265,1.1512778997421265,1.1512778997421265,1.1512778997421265
1785818580.0,1.1512778997421265,1.1512778997421265,1.1512778997421265,1.1512778997421265
1785818640.0,1.1512778997421265,1.1512778997421265,1.1512778997421265,1.1512778997421265
1785818700.0,1.1512778997421265,1.1512778997421265,1.1512778997421265,1.1512778997421265
1785818760.0,1.1512778997421265,1.1512778997421265,1.1512778997421265,1.1512778997421265
1785818820.0,1.1512778997421265,1.1512778997421265,1.1512778997421265,1.1512778997421265
1785818880.0,1.1512778997421265,1.1512778997421265,1.1512778997421265,1.1512778997421265
1785818940.0,1.1512778997421265,1.1512778997421265,1.1512778997421265,1.1512778997421265
1785819000.0,1.1512778997421265,1.1512778997421265,1.1512778997421265,1.1512778997421265
1785819060.0,1.1512778997421265,1.1512778997421265,1.1512778997421265,1.1512778997421265
1785819120.0,1.151145339012146,1.151145339012146,1.151145339012146,1.151145339012146
1785819180.0,1.1512778997421265,1.1512778997421265,1.1512778997421265,1.1512778997421265
1785819240.0,1.151410460472107,1.151410460472107,1.151410460472107,1.151410460472107
1785819300.0,1.151410460472107,1.151410460472107,1.151410460472107,1.151410460472107
1785819360.0,1.151410460472107,1.151410460472107,1.151410460472107,1.151410460472107
1785819420.0,1.151410460472107,1.151410460472107,1.151410460472107,1.151410460472107
1785819480.0,1.1512778997421265,1.1512778997421265,1.1512778997421265,1.1512778997421265
1785819540.0,1.1512778997421265,1.1512778997421265,1.1512778997421265,1.1512778997421265
1785819600.0,1.1512778997421265,1.1512778997421265,1.1512778997421265,1.1512778997421265
1785819660.0,1.1512778997421265,1.1512778997421265,1.1512778997421265,1.1512778997421265
1785819720.0,1.1512778997421265,1.1512778997421265,1.1512778997421265,1.1512778997421265
1785819780.0,1.1512778997421265,1.1512778997421265,1.1512778997421265,1.1512778997421265
1785819840.0,1.1512778997421265,1.1512778997421265,1.1512778997421265,1.1512778997421265
1785819900.0,1.1512778997421265,1.1512778997421265,1.1512778997421265,1.1512778997421265
1785819960.0,1.151410460472107,1.151410460472107,1.151410460472107,1.151410460472107
1785820020.0,1.1512778997421265,1.1512778997421265,1.1512778997421265,1.1512778997421265
1785820080.0,1.1512778997421265,1.1512778997421265,1.1512778997421265,1.1512778997421265
1785820140.0,1.1512778997421265,1.1512778997421265,1.1512778997421265,1.1512778997421265
1785820200.0,1.1512778997421265,1.1512778997421265,1.1512778997421265,1.1512778997421265
1785820260.0,1.151145339012146,1.151145339012146,1.151145339012146,1.151145339012146
1785820320.0,1.151145339012146,1.151145339012146,1.151145339012146,1.151145339012146
1785820380.0,1.151145339012146,1.151145339012146,1.151145339012146,1.151145339012146
1785820440.0,1.151012897491455,1.151012897491455,1.151012897491455,1.151012897491455
1785820500.0,1.151012897491455,1.151012897491455,1.151012897491455,1.151012897491455
1785820560.0,1.151012897491455,1.151012897491455,1.151012897491455,1.151012897491455
1785820620.0,1.151012897491455,1.151012897491455,1.151012897491455,1.151012897491455
1785820680.0,1.151012897491455,1.151012897491455,1.151012897491455,1.151012897491455
1785820740.0,1.151145339012146,1.151145339012146,1.151145339012146,1.151145339012146
1785820800.0,1.151012897491455,1.151012897491455,1.151012897491455,1.151012897491455
1785820860.0,1.151012897491455,1.151012897491455,1.151012897491455,1.151012897491455
1785820920.0,1.151145339012146,1.151145339012146,1.151145339012146,1.151145339012146
1785820980.0,1.151145339012146,1.151145339012146,1.151145339012146,1.151145339012146
1785821040.0,1.151145339012146,1.151145339012146,1.151145339012146,1.151145339012146
1785821100.0,1.1512778997421265,1.1512778997421265,1.1512778997421265,1.1512778997421265
1785821160.0,1.1512778997421265,1.1512778997421265,1.1512778997421265,1.1512778997421265
1785821220.0,1.1512778997421265,1.1512778997421265,1.1512778997421265,1.1512778997421265
1785821280.0,1.1512778997421265,1.1512778997421265,1.1512778997421265,1.1512778997421265
1785821340.0,1.1512778997421265,1.1512778997421265,1.1512778997421265,1.1512778997421265
1785821400.0,1.1512778997421265,1.1512778997421265,1.1512778997421265,1.1512778997421265
1785821460.0,1.1512778997421265,1.1512778997421265,1.1512778997421265,1.1512778997421265
1785821520.0,1.1512778997421265,1.1512778997421265,1.1512778997421265,1.1512778997421265
1785821580.0,1.151145339012146,1.151145339012146,1.151145339012146,1.151145339012146
1785821640.0,1.151145339012146,1.151145339012146,1.151145339012146,1.151145339012146
1785821700.0,1.151012897491455,1.151012897491455,1.151012897491455,1.151012897491455
1785821760.0,1.151145339012146,1.151145339012146,1.151145339012146,1.151145339012146
1785821820.0,1.151145339012146,1.151145339012146,1.151145339012146,1.151145339012146
1785821880.0,1.151012897491455,1.151012897491455,1.151012897491455,1.151012897491455
1785821940.0,1.151012897491455,1.151012897491455,1.151012897491455,1.151012897491455
1785822000.0,1.151012897491455,1.151012897491455,1.151012897491455,1.151012897491455
1785822060.0,1.1508804559707642,1.1508804559707642,1.1508804559707642,1.1508804559707642
1785822120.0,1.1508804559707642,1.1508804559707642,1.1508804559707642,1.1508804559707642
1785822180.0,1.151012897491455,1.151012897491455,1.151012897491455,1.151012897491455
1785822240.0,1.1508804559707642,1.1508804559707642,1.1508804559707642,1.1508804559707642
1785822300.0,1.1508804559707642,1.1508804559707642,1.1508804559707642,1.1508804559707642
1785822360.0,1.1507480144500732,1.1507480144500732,1.1507480144500732,1.1507480144500732
1785822420.0,1.1507480144500732,1.1507480144500732,1.1507480144500732,1.1507480144500732
1785822480.0,1.1507480144500732,1.1507480144500732,1.1507480144500732,1.1507480144500732
1785822540.0,1.1508804559707642,1.1508804559707642,1.1508804559707642,1.1508804559707642
1785822600.0,1.1507480144500732,1.1507480144500732,1.1507480144500732,1.1507480144500732
1785822660.0,1.1508804559707642,1.1508804559707642,1.1508804559707642,1.1508804559707642
1785822720.0,1.1508804559707642,1.1508804559707642,1.1508804559707642,1.1508804559707642
1785822780.0,1.1508804559707642,1.1508804559707642,1.1508804559707642,1.1508804559707642
1785822840.0,1.1508804559707642,1.1508804559707642,1.1508804559707642,1.1508804559707642
1785822900.0,1.1508804559707642,1.1508804559707642,1.1508804559707642,1.1508804559707642
1785822960.0,1.151012897491455,1.151012897491455,1.151012897491455,1.151012897491455
1785823020.0,1.151012897491455,1.151012897491455,1.151012897491455,1.151012897491455
1785823080.0,1.151012897491455,1.151012897491455,1.151012897491455,1.151012897491455
1785823140.0,1.151012897491455,1.151012897491455,1.151012897491455,1.151012897491455
1785823200.0,1.151012897491455,1.151012897491455,1.151012897491455,1.151012897491455
1785823260.0,1.1508804559707642,1.1508804559707642,1.1508804559707642,1.1508804559707642
1785823320.0,1.151012897491455,1.151012897491455,1.151012897491455,1.151012897491455
1785823380.0,1.1508804559707642,1.1508804559707642,1.1508804559707642,1.1508804559707642
1785823440.0,1.1508804559707642,1.1508804559707642,1.1508804559707642,1.1508804559707642
1785823500.0,1.151012897491455,1.151012897491455,1.151012897491455,1.151012897491455
1785823560.0,1.1508804559707642,1.1508804559707642,1.1508804559707642,1.1508804559707642
1785823620.0,1.1508804559707642,1.1508804559707642,1.1508804559707642,1.1508804559707642
1785823680.0,1.1508804559707642,1.1508804559707642,1.1508804559707642,1.1508804559707642
1785823740.0,1.151012897491455,1.151012897491455,1.151012897491455,1.151012897491455
1785823800.0,1.151012897491455,1.151012897491455,1.151012897491455,1.151012897491455
1785823860.0,1.1507480144500732,1.1507480144500732,1.1507480144500732,1.1507480144500732
1785823920.0,1.1508804559707642,1.1508804559707642,1.1508804559707642,1.1508804559707642
1785823980.0,1.1508804559707642,1.1508804559707642,1.1508804559707642,1.1508804559707642
1785824040.0,1.151145339012146,1.151145339012146,1.151145339012146,1.151145339012146
1785824100.0,1.151145339012146,1.151145339012146,1.151145339012146,1.151145339012146
1785824160.0,1.151012897491455,1.151012897491455,1.151012897491455,1.151012897491455
1785824220.0,1.151012897491455,1.151012897491455,1.151012897491455,1.151012897491455
1785824280.0,1.151012897491455,1.151012897491455,1.151012897491455,1.151012897491455
1785824340.0,1.151012897491455,1.151012897491455,1.151012897491455,1.151012897491455
1785824400.0,1.151145339012146,1.151145339012146,1.151145339012146,1.151145339012146
1785824460.0,1.1512778997421265,1.1512778997421265,1.1512778997421265,1.1512778997421265
1785824520.0,1.1512778997421265,1.1512778997421265,1.1512778997421265,1.1512778997421265
1785824580.0,1.1512778997421265,1.1512778997421265,1.1512778997421265,1.1512778997421265
1785824640.0,1.1512778997421265,1.1512778997421265,1.1512778997421265,1.1512778997421265
1785824700.0,1.1512778997421265,1.1512778997421265,1.1512778997421265,1.1512778997421265
1785824760.0,1.151145339012146,1.151145339012146,1.151145339012146,1.151145339012146
1785824820.0,1.151145339012146,1.151145339012146,1.151145339012146,1.151145339012146
1785824880.0,1.151145339012146,1.151145339012146,1.151145339012146,1.151145339012146
1785824940.0,1.151012897491455,1.151012897491455,1.151012897491455,1.151012897491455
1785825000.0,1.151012897491455,1.151012897491455,1.151012897491455,1.151012897491455
1785825060.0,1.151012897491455,1.151012897491455,1.151012897491455,1.151012897491455
1785825120.0,1.151012897491455,1.151012897491455,1.151012897491455,1.151012897491455
1785825180.0,1.151145339012146,1.151145339012146,1.151145339012146,1.151145339012146
1785825240.0,1.151145339012146,1.151145339012146,1.151145339012146,1.151145339012146
1785825300.0,1.151012897491455,1.151012897491455,1.151012897491455,1.151012897491455
1785825360.0,1.151012897491455,1.151012897491455,1.151012897491455,1.151012897491455
1785825420.0,1.151012897491455,1.151012897491455,1.151012897491455,1.151012897491455
1785825480.0,1.151012897491455,1.151012897491455,1.151012897491455,1.151012897491455
1785825540.0,1.1508804559707642,1.1508804559707642,1.1508804559707642,1.1508804559707642
1785825600.0,1.1508804559707642,1.1508804559707642,1.1508804559707642,1.1508804559707642
1785825660.0,1.1508804559707642,1.1508804559707642,1.1508804559707642,1.1508804559707642
1785825720.0,1.1508804559707642,1.1508804559707642,1.1508804559707642,1.1508804559707642
1785825780.0,1.1507480144500732,1.1507480144500732,1.1507480144500732,1.1507480144500732
1785825840.0,1.1507480144500732,1.1507480144500732,1.1507480144500732,1.1507480144500732
1785825900.0,1.1507480144500732,1.1507480144500732,1.1507480144500732,1.1507480144500732
1785825960.0,1.151012897491455,1.151012897491455,1.151012897491455,1.151012897491455
1785826020.0,1.1508804559707642,1.1508804559707642,1.1508804559707642,1.1508804559707642
1785826080.0,1.1508804559707642,1.1508804559707642,1.1508804559707642,1.1508804559707642
1785826140.0,1.151012897491455,1.151012897491455,1.151012897491455,1.151012897491455
1785826200.0,1.151012897491455,1.151012897491455,1.151012897491455,1.151012897491455
1785826260.0,1.1508804559707642,1.1508804559707642,1.1508804559707642,1.1508804559707642
1785826320.0,1.1507480144500732,1.1507480144500732,1.1507480144500732,1.1507480144500732
1785826380.0,1.1508804559707642,1.1508804559707642,1.1508804559707642,1.1508804559707642
1785826440.0,1.1508804559707642,1.1508804559707642,1.1508804559707642,1.1508804559707642
1785826500.0,1.151012897491455,1.151012897491455,1.151012897491455,1.151012897491455
1785826560.0,1.1508804559707642,1.1508804559707642,1.1508804559707642,1.1508804559707642
1785826620.0,1.151012897491455,1.151012897491455,1.151012897491455,1.151012897491455
1785826680.0,1.151012897491455,1.151012897491455,1.151012897491455,1.151012897491455
1785826740.0,1.151012897491455,1.151012897491455,1.151012897491455,1.151012897491455
1785826800.0,1.151145339012146,1.151145339012146,1.151145339012146,1.151145339012146
1785826860.0,1.1512778997421265,1.1512778997421265,1.1512778997421265,1.1512778997421265
1785826920.0,1.1512778997421265,1.1512778997421265,1.1512778997421265,1.1512778997421265
1785826980.0,1.1512778997421265,1.1512778997421265,1.1512778997421265,1.1512778997421265
1785827040.0,1.1512778997421265,1.1512778997421265,1.1512778997421265,1.1512778997421265
1785827100.0,1.151145339012146,1.151145339012146,1.151145339012146,1.151145339012146
1785827160.0,1.151145339012146,1.151145339012146,1.151145339012146,1.151145339012146
1785827220.0,1.151145339012146,1.151145339012146,1.151145339012146,1.151145339012146
1785827280.0,1.151145339012146,1.151145339012146,1.151145339012146,1.151145339012146
1785827340.0,1.1512778997421265,1.1512778997421265,1.1512778997421265,1.1512778997421265
1785827400.0,1.1512778997421265,1.1512778997421265,1.1512778997421265,1.1512778997421265
1785827460.0,1.1512778997421265,1.1512778997421265,1.1512778997421265,1.1512778997421265
1785827520.0,1.1512778997421265,1.1512778997421265,1.1512778997421265,1.1512778997421265
1785827580.0,1.1512778997421265,1.1512778997421265,1.1512778997421265,1.1512778997421265
1785827640.0,1.1512778997421265,1.1512778997421265,1.1512778997421265,1.1512778997421265
1785827700.0,1.151410460472107,1.151410460472107,1.151410460472107,1.151410460472107
1785827760.0,1.151543140411377,1.151543140411377,1.151543140411377,1.151543140411377
1785827820.0,1.151543140411377,1.151543140411377,1.151543140411377,1.151543140411377
1785827880.0,1.151543140411377,1.151543140411377,1.151543140411377,1.151543140411377
1785827940.0,1.151543140411377,1.151543140411377,1.151543140411377,1.151543140411377
1785828000.0,1.1516757011413574,1.1516757011413574,1.1516757011413574,1.1516757011413574
1785828060.0,1.1516757011413574,1.1516757011413574,1.1516757011413574,1.1516757011413574
1785828120.0,1.1516757011413574,1.1516757011413574,1.1516757011413574,1.1516757011413574
1785828180.0,1.1518083810806274,1.1518083810806274,1.1518083810806274,1.1518083810806274
1785828240.0,1.1519410610198975,1.1519410610198975,1.1519410610198975,1.1519410610198975
1785828300.0,1.1519410610198975,1.1519410610198975,1.1519410610198975,1.1519410610198975
1785828360.0,1.1518083810806274,1.1518083810806274,1.1518083810806274,1.1518083810806274
1785828420.0,1.1516757011413574,1.1516757011413574,1.1516757011413574,1.1516757011413574
1785828480.0,1.1518083810806274,1.1518083810806274,1.1518083810806274,1.1518083810806274
1785828540.0,1.151543140411377,1.151543140411377,1.151543140411377,1.151543140411377
1785828600.0,1.151543140411377,1.151543140411377,1.151543140411377,1.151543140411377
1785828660.0,1.151410460472107,1.151410460472107,1.151410460472107,1.151410460472107
1785828720.0,1.151543140411377,1.151543140411377,1.151543140411377,1.151543140411377
1785828780.0,1.1516757011413574,1.1516757011413574,1.1516757011413574,1.1516757011413574
1785828840.0,1.1516757011413574,1.1516757011413574,1.1516757011413574,1.1516757011413574
1785828900.0,1.1516757011413574,1.1516757011413574,1.1516757011413574,1.1516757011413574
1785828960.0,1.1516757011413574,1.1516757011413574,1.1516757011413574,1.1516757011413574
1785829020.0,1.151543140411377,1.151543140411377,1.151543140411377,1.151543140411377
1785829080.0,1.151543140411377,1.151543140411377,1.151543140411377,1.151543140411377
1785829140.0,1.151543140411377,1.151543140411377,1.151543140411377,1.151543140411377
1785829200.0,1.151543140411377,1.151543140411377,1.151543140411377,1.151543140411377
1785829260.0,1.1516757011413574,1.1516757011413574,1.1516757011413574,1.1516757011413574
1785829320.0,1.151543140411377,1.151543140411377,1.151543140411377,1.151543140411377
1785829380.0,1.1512778997421265,1.1512778997421265,1.1512778997421265,1.1512778997421265
1785829440.0,1.1512778997421265,1.1512778997421265,1.1512778997421265,1.1512778997421265
1785829500.0,1.151410460472107,1.151410460472107,1.151410460472107,1.151410460472107
1785829560.0,1.1512778997421265,1.1512778997421265,1.1512778997421265,1.1512778997421265
1785829620.0,1.1512778997421265,1.1512778997421265,1.1512778997421265,1.1512778997421265
1785829680.0,1.1512778997421265,1.1512778997421265,1.1512778997421265,1.1512778997421265
1785829740.0,1.1512778997421265,1.1512778997421265,1.1512778997421265,1.1512778997421265
1785829800.0,1.1512778997421265,1.1512778997421265,1.1512778997421265,1.1512778997421265
1785829860.0,1.151410460472107,1.151410460472107,1.151410460472107,1.151410460472107
1785829920.0,1.151543140411377,1.151543140411377,1.151543140411377,1.151543140411377
1785829980.0,1.151543140411377,1.151543140411377,1.151543140411377,1.151543140411377
1785830040.0,1.151543140411377,1.151543140411377,1.151543140411377,1.151543140411377
1785830100.0,1.151543140411377,1.151543140411377,1.151543140411377,1.151543140411377
1785830160.0,1.151543140411377,1.151543140411377,1.151543140411377,1.151543140411377
1785830220.0,1.151543140411377,1.151543140411377,1.151543140411377,1.151543140411377
1785830280.0,1.151410460472107,1.151410460472107,1.151410460472107,1.151410460472107
1785830340.0,1.151410460472107,1.151410460472107,1.151410460472107,1.151410460472107
1785830400.0,1.151543140411377,1.151543140411377,1.151543140411377,1.151543140411377
1785830460.0,1.151543140411377,1.151543140411377,1.151543140411377,1.151543140411377
1785830520.0,1.151543140411377,1.151543140411377,1.151543140411377,1.151543140411377
1785830580.0,1.151543140411377,1.151543140411377,1.151543140411377,1.151543140411377
1785830640.0,1.151543140411377,1.151543140411377,1.151543140411377,1.151543140411377
1785830700.0,1.151410460472107,1.151410460472107,1.151410460472107,1.151410460472107
1785830760.0,1.1516757011413574,1.1516757011413574,1.1516757011413574,1.1516757011413574
1785830820.0,1.1516757011413574,1.1516757011413574,1.1516757011413574,1.1516757011413574
1785830880.0,1.1516757011413574,1.1516757011413574,1.1516757011413574,1.1516757011413574
1785830940.0,1.151543140411377,1.151543140411377,1.151543140411377,1.151543140411377
1785831000.0,1.151410460472107,1.151410460472107,1.151410460472107,1.151410460472107
1785831060.0,1.151410460472107,1.151410460472107,1.151410460472107,1.151410460472107
1785831120.0,1.1512778997421265,1.1512778997421265,1.1512778997421265,1.1512778997421265
1785831180.0,1.1512778997421265,1.1512778997421265,1.1512778997421265,1.1512778997421265
1785831240.0,1.1512778997421265,1.1512778997421265,1.1512778997421265,1.1512778997421265
1785831300.0,1.1512778997421265,1.1512778997421265,1.1512778997421265,1.1512778997421265
1785831360.0,1.151410460472107,1.151410460472107,1.151410460472107,1.151410460472107
1785831420.0,1.151410460472107,1.151410460472107,1.151410460472107,1.151410460472107
1785831480.0,1.1512778997421265,1.1512778997421265,1.1512778997421265,1.1512778997421265
1785831540.0,1.1512778997421265,1.1512778997421265,1.1512778997421265,1.1512778997421265
1785831600.0,1.1512778997421265,1.1512778997421265,1.1512778997421265,1.1512778997421265
1785831660.0,1.151410460472107,1.151410460472107,1.151410460472107,1.151410460472107
1785831720.0,1.151410460472107,1.151410460472107,1.151410460472107,1.151410460472107
1785831780.0,1.1512778997421265,1.1512778997421265,1.1512778997421265,1.1512778997421265
1785831840.0,1.1512778997421265,1.1512778997421265,1.1512778997421265,1.1512778997421265
1785831900.0,1.151145339012146,1.151145339012146,1.151145339012146,1.151145339012146
1785831960.0,1.1512778997421265,1.1512778997421265,1.1512778997421265,1.1512778997421265
1785832020.0,1.1512778997421265,1.1512778997421265,1.1512778997421265,1.1512778997421265
1785832080.0,1.151410460472107,1.151410460472107,1.151410460472107,1.151410460472107
1785832140.0,1.151543140411377,1.151543140411377,1.151543140411377,1.151543140411377
1785832200.0,1.151410460472107,1.151410460472107,1.151410460472107,1.151410460472107
1785832260.0,1.151410460472107,1.151410460472107,1.151410460472107,1.151410460472107
1785832320.0,1.151145339012146,1.151145339012146,1.151145339012146,1.151145339012146
1785832380.0,1.151145339012146,1.151145339012146,1.151145339012146,1.151145339012146
1785832440.0,1.151145339012146,1.151145339012146,1.151145339012146,1.151145339012146
1785832500.0,1.151145339012146,1.151145339012146,1.151145339012146,1.151145339012146
1785832560.0,1.151012897491455,1.151012897491455,1.151012897491455,1.151012897491455
1785832620.0,1.151145339012146,1.151145339012146,1.151145339012146,1.151145339012146
1785832680.0,1.151145339012146,1.151145339012146,1.151145339012146,1.151145339012146
1785832740.0,1.151145339012146,1.151145339012146,1.151145339012146,1.151145339012146
1785832800.0,1.151145339012146,1.151145339012146,1.151145339012146,1.151145339012146
1785832860.0,1.1512778997421265,1.1512778997421265,1.1512778997421265,1.1512778997421265
1785832920.0,1.151410460472107,1.151410460472107,1.151410460472107,1.151410460472107
1785832980.0,1.1512778997421265,1.1512778997421265,1.1512778997421265,1.1512778997421265
1785833040.0,1.1512778997421265,1.1512778997421265,1.1512778997421265,1.1512778997421265
1785833100.0,1.151145339012146,1.151145339012146,1.151145339012146,1.151145339012146
1785833160.0,1.151145339012146,1.151145339012146,1.151145339012146,1.151145339012146
1785833220.0,1.151145339012146,1.151145339012146,1.151145339012146,1.151145339012146
1785833280.0,1.1512778997421265,1.1512778997421265,1.1512778997421265,1.1512778997421265
1785833340.0,1.1512778997421265,1.1512778997421265,1.1512778997421265,1.1512778997421265
1785833400.0,1.1512778997421265,1.1512778997421265,1.1512778997421265,1.1512778997421265
1785833460.0,1.151145339012146,1.151145339012146,1.151145339012146,1.151145339012146
1785833520.0,1.151145339012146,1.151145339012146,1.151145339012146,1.151145339012146
1785833580.0,1.151145339012146,1.151145339012146,1.151145339012146,1.151145339012146
1785833640.0,1.151145339012146,1.151145339012146,1.151145339012146,1.151145339012146
1785833700.0,1.151145339012146,1.151145339012146,1.151145339012146,1.151145339012146
1785833760.0,1.151145339012146,1.151145339012146,1.151145339012146,1.151145339012146
1785833820.0,1.151012897491455,1.151012897491455,1.151012897491455,1.151012897491455
1785833880.0,1.151145339012146,1.151145339012146,1.151145339012146,1.151145339012146
1785833940.0,1.151145339012146,1.151145339012146,1.151145339012146,1.151145339012146
1785834000.0,1.151145339012146,1.151145339012146,1.151145339012146,1.151145339012146
1785834060.0,1.151012897491455,1.151012897491455,1.151012897491455,1.151012897491455
1785834120.0,1.151012897491455,1.151012897491455,1.151012897491455,1.151012897491455
1785834180.0,1.151012897491455,1.151012897491455,1.151012897491455,1.151012897491455
1785834240.0,1.1508804559707642,1.1508804559707642,1.1508804559707642,1.1508804559707642
1785834300.0,1.1508804559707642,1.1508804559707642,1.1508804559707642,1.1508804559707642
1785834360.0,1.1507480144500732,1.1507480144500732,1.1507480144500732,1.1507480144500732
1785834420.0,1.1507480144500732,1.1507480144500732,1.1507480144500732,1.1507480144500732
1785834480.0,1.1507480144500732,1.1507480144500732,1.1507480144500732,1.1507480144500732
1785834540.0,1.1508804559707642,1.1508804559707642,1.1508804559707642,1.1508804559707642
1785834600.0,1.1507480144500732,1.1507480144500732,1.1507480144500732,1.1507480144500732
1785834660.0,1.1508804559707642,1.1508804559707642,1.1508804559707642,1.1508804559707642
1785834720.0,1.151012897491455,1.151012897491455,1.151012897491455,1.151012897491455
1785834780.0,1.151012897491455,1.151012897491455,1.151012897491455,1.151012897491455
1785834840.0,1.151012897491455,1.151012897491455,1.151012897491455,1.151012897491455
1785834900.0,1.151012897491455,1.151012897491455,1.151012897491455,1.151012897491455
1785834960.0,1.151145339012146,1.151145339012146,1.151145339012146,1.151145339012146
1785835020.0,1.151012897491455,1.151012897491455,1.151012897491455,1.151012897491455
1785835080.0,1.151012897491455,1.151012897491455,1.151012897491455,1.151012897491455
1785835140.0,1.151012897491455,1.151012897491455,1.151012897491455,1.151012897491455
1785835200.0,1.151145339012146,1.151145339012146,1.151145339012146,1.151145339012146
1785835260.0,1.151145339012146,1.151145339012146,1.151145339012146,1.151145339012146
1785835320.0,1.151012897491455,1.151012897491455,1.151012897491455,1.151012897491455
1785835380.0,1.151145339012146,1.151145339012146,1.151145339012146,1.151145339012146
1785835440.0,1.151145339012146,1.151145339012146,1.151145339012146,1.151145339012146
1785835500.0,1.1512778997421265,1.1512778997421265,1.1512778997421265,1.1512778997421265
1785835560.0,1.1512778997421265,1.1512778997421265,1.1512778997421265,1.1512778997421265
1785835620.0,1.1512778997421265,1.1512778997421265,1.1512778997421265,1.1512778997421265
1785835680.0,1.151410460472107,1.151410460472107,1.151410460472107,1.151410460472107
1785835740.0,1.151410460472107,1.151410460472107,1.151410460472107,1.151410460472107
1785835800.0,1.1512778997421265,1.1512778997421265,1.1512778997421265,1.1512778997421265
1785835860.0,1.1512778997421265,1.1512778997421265,1.1512778997421265,1.1512778997421265
1785835920.0,1.1512778997421265,1.1512778997421265,1.1512778997421265,1.1512778997421265
1785835980.0,1.151410460472107,1.151410460472107,1.151410460472107,1.151410460472107
1785836040.0,1.151410460472107,1.151410460472107,1.151410460472107,1.151410460472107
1785836100.0,1.151410460472107,1.151410460472107,1.151410460472107,1.151410460472107
1785836160.0,1.1512778997421265,1.1512778997421265,1.1512778997421265,1.1512778997421265
1785836220.0,1.1512778997421265,1.1512778997421265,1.1512778997421265,1.1512778997421265
1785836280.0,1.151145339012146,1.151145339012146,1.151145339012146,1.151145339012146
1785836340.0,1.151145339012146,1.151145339012146,1.151145339012146,1.151145339012146
1785836400.0,1.1512778997421265,1.1512778997421265,1.1512778997421265,1.1512778997421265
1785836460.0,1.1512778997421265,1.1512778997421265,1.1512778997421265,1.1512778997421265
1785836520.0,1.151145339012146,1.151145339012146,1.151145339012146,1.151145339012146
1785836580.0,1.151145339012146,1.151145339012146,1.151145339012146,1.151145339012146
1785836640.0,1.151145339012146,1.151145339012146,1.151145339012146,1.151145339012146
1785836700.0,1.151145339012146,1.151145339012146,1.151145339012146,1.151145339012146
1785836760.0,1.151145339012146,1.151145339012146,1.151145339012146,1.151145339012146
1785836820.0,1.151145339012146,1.151145339012146,1.151145339012146,1.151145339012146
1785836880.0,1.151145339012146,1.151145339012146,1.151145339012146,1.151145339012146
1785836940.0,1.1512778997421265,1.1512778997421265,1.1512778997421265,1.1512778997421265
1785837000.0,1.151145339012146,1.151145339012146,1.151145339012146,1.151145339012146
1785837060.0,1.151012897491455,1.151012897491455,1.151012897491455,1.151012897491455
1785837120.0,1.151145339012146,1.151145339012146,1.151145339012146,1.151145339012146
1785837180.0,1.1508804559707642,1.1508804559707642,1.1508804559707642,1.1508804559707642
1785837240.0,1.151012897491455,1.151012897491455,1.151012897491455,1.151012897491455
1785837300.0,1.151012897491455,1.151012897491455,1.151012897491455,1.151012897491455
1785837360.0,1.151012897491455,1.151012897491455,1.151012897491455,1.151012897491455
1785837420.0,1.151012897491455,1.151012897491455,1.151012897491455,1.151012897491455
1785837480.0,1.151012897491455,1.151012897491455,1.151012897491455,1.151012897491455
1785837540.0,1.151145339012146,1.151145339012146,1.151145339012146,1.151145339012146
1785837600.0,1.151145339012146,1.151145339012146,1.151145339012146,1.151145339012146
1785837660.0,1.151145339012146,1.151145339012146,1.151145339012146,1.151145339012146
1785837720.0,1.1512778997421265,1.1512778997421265,1.1512778997421265,1.1512778997421265
1785837780.0,1.1512778997421265,1.1512778997421265,1.1512778997421265,1.1512778997421265
1785837840.0,1.151145339012146,1.151145339012146,1.151145339012146,1.151145339012146
1785837900.0,1.1512778997421265,1.1512778997421265,1.1512778997421265,1.1512778997421265
1785837960.0,1.1512778997421265,1.1512778997421265,1.1512778997421265,1.1512778997421265
1785838020.0,1.1512778997421265,1.1512778997421265,1.1512778997421265,1.1512778997421265
1785838080.0,1.1512778997421265,1.1512778997421265,1.1512778997421265,1.1512778997421265
1785838140.0,1.1512778997421265,1.1512778997421265,1.1512778997421265,1.1512778997421265
1785838200.0,1.1512778997421265,1.1512778997421265,1.1512778997421265,1.1512778997421265
1785838260.0,1.151410460472107,1.151410460472107,1.151410460472107,1.151410460472107
1785838320.0,1.151410460472107,1.151410460472107,1.151410460472107,1.151410460472107
1785838380.0,1.1512778997421265,1.1512778997421265,1.1512778997421265,1.1512778997421265
1785838440.0,1.1512778997421265,1.1512778997421265,1.1512778997421265,1.1512778997421265
1785838500.0,1.1512778997421265,1.1512778997421265,1.1512778997421265,1.1512778997421265
1785838560.0,1.151145339012146,1.151145339012146,1.151145339012146,1.151145339012146
1785838620.0,1.151145339012146,1.151145339012146,1.151145339012146,1.151145339012146
1785838680.0,1.151145339012146,1.151145339012146,1.151145339012146,1.151145339012146
1785838740.0,1.151145339012146,1.151145339012146,1.151145339012146,1.151145339012146
1785838800.0,1.151145339012146,1.151145339012146,1.151145339012146,1.151145339012146
1785838860.0,1.1512778997421265,1.1512778997421265,1.1512778997421265,1.1512778997421265
1785838920.0,1.1512778997421265,1.1512778997421265,1.1512778997421265,1.1512778997421265
1785838980.0,1.151145339012146,1.151145339012146,1.151145339012146,1.151145339012146
1785839040.0,1.1512778997421265,1.1512778997421265,1.1512778997421265,1.1512778997421265
1785839100.0,1.151145339012146,1.151145339012146,1.151145339012146,1.151145339012146
1785839160.0,1.1512778997421265,1.1512778997421265,1.1512778997421265,1.1512778997421265
1785839220.0,1.1512778997421265,1.1512778997421265,1.1512778997421265,1.1512778997421265
1785839280.0,1.1512778997421265,1.1512778997421265,1.1512778997421265,1.1512778997421265
1785839340.0,1.1512778997421265,1.1512778997421265,1.1512778997421265,1.1512778997421265
1785839400.0,1.151410460472107,1.151410460472107,1.151410460472107,1.151410460472107
1785839460.0,1.151410460472107,1.151410460472107,1.151410460472107,1.151410460472107
1785839520.0,1.1512778997421265,1.1512778997421265,1.1512778997421265,1.1512778997421265
1785839580.0,1.1512778997421265,1.1512778997421265,1.1512778997421265,1.1512778997421265
1785839640.0,1.1512778997421265,1.1512778997421265,1.1512778997421265,1.1512778997421265
1785839700.0,1.1512778997421265,1.1512778997421265,1.1512778997421265,1.1512778997421265
1785839760.0,1.151410460472107,1.151410460472107,1.151410460472107,1.151410460472107
1785839820.0,1.151410460472107,1.151410460472107,1.151410460472107,1.151410460472107
1785839880.0,1.1512778997421265,1.1512778997421265,1.1512778997421265,1.1512778997421265
1785839940.0,1.151410460472107,1.151410460472107,1.151410460472107,1.151410460472107
1785840000.0,1.1512778997421265,1.1512778997421265,1.1512778997421265,1.1512778997421265
1785840060.0,1.1512778997421265,1.1512778997421265,1.1512778997421265,1.1512778997421265
1785840120.0,1.151410460472107,1.151410460472107,1.151410460472107,1.151410460472107
1785840180.0,1.151410460472107,1.151410460472107,1.151410460472107,1.151410460472107
1785840240.0,1.1516757011413574,1.1516757011413574,1.1516757011413574,1.1516757011413574
1785840300.0,1.1519410610198975,1.1519410610198975,1.1519410610198975,1.1519410610198975
1785840360.0,1.1520737409591675,1.1520737409591675,1.1520737409591675,1.1520737409591675
1785840420.0,1.1522064208984375,1.1522064208984375,1.1522064208984375,1.1522064208984375
1785840480.0,1.1520737409591675,1.1520737409591675,1.1520737409591675,1.1520737409591675
1785840540.0,1.1519410610198975,1.1519410610198975,1.1519410610198975,1.1519410610198975
1785840600.0,1.1518083810806274,1.1518083810806274,1.1518083810806274,1.1518083810806274
1785840660.0,1.1516757011413574,1.1516757011413574,1.1516757011413574,1.1516757011413574
1785840720.0,1.1518083810806274,1.1518083810806274,1.1518083810806274,1.1518083810806274
1785840780.0,1.1516757011413574,1.1516757011413574,1.1516757011413574,1.1516757011413574
1785840840.0,1.1518083810806274,1.1518083810806274,1.1518083810806274,1.1518083810806274
1785840900.0,1.1516757011413574,1.1516757011413574,1.1516757011413574,1.1516757011413574
1785840960.0,1.1516757011413574,1.1516757011413574,1.1516757011413574,1.1516757011413574
1785841020.0,1.1516757011413574,1.1516757011413574,1.1516757011413574,1.1516757011413574
1785841080.0,1.1518083810806274,1.1518083810806274,1.1518083810806274,1.1518083810806274
1785841140.0,1.1516757011413574,1.1516757011413574,1.1516757011413574,1.1516757011413574
1785841200.0,1.1516757011413574,1.1516757011413574,1.1516757011413574,1.1516757011413574
1785841260.0,1.151543140411377,1.151543140411377,1.151543140411377,1.151543140411377
1785841320.0,1.151543140411377,1.151543140411377,1.151543140411377,1.151543140411377
1785841380.0,1.151543140411377,1.151543140411377,1.151543140411377,1.151543140411377
1785841440.0,1.151543140411377,1.151543140411377,1.151543140411377,1.151543140411377
1785841500.0,1.1516757011413574,1.1516757011413574,1.1516757011413574,1.1516757011413574
1785841560.0,1.1518083810806274,1.1518083810806274,1.1518083810806274,1.1518083810806274
1785841620.0,1.1518083810806274,1.1518083810806274,1.1518083810806274,1.1518083810806274
1785841680.0,1.1516757011413574,1.1516757011413574,1.1516757011413574,1.1516757011413574
1785841740.0,1.1518083810806274,1.1518083810806274,1.1518083810806274,1.1518083810806274
1785841800.0,1.1519410610198975,1.1519410610198975,1.1519410610198975,1.1519410610198975
1785841860.0,1.1519410610198975,1.1519410610198975,1.1519410610198975,1.1519410610198975
1785841920.0,1.1518083810806274,1.1518083810806274,1.1518083810806274,1.1518083810806274
1785841980.0,1.1519410610198975,1.1519410610198975,1.1519410610198975,1.1519410610198975
1785842040.0,1.1519410610198975,1.1519410610198975,1.1519410610198975,1.1519410610198975
1785842100.0,1.1519410610198975,1.1519410610198975,1.1519410610198975,1.1519410610198975
1785842160.0,1.1520737409591675,1.1520737409591675,1.1520737409591675,1.1520737409591675
1785842220.0,1.1520737409591675,1.1520737409591675,1.1520737409591675,1.1520737409591675
1785842280.0,1.1520737409591675,1.1520737409591675,1.1520737409591675,1.1520737409591675
1785842340.0,1.1520737409591675,1.1520737409591675,1.1520737409591675,1.1520737409591675
1785842400.0,1.1522064208984375,1.1522064208984375,1.1522064208984375,1.1522064208984375
1785842460.0,1.1522064208984375,1.1522064208984375,1.1522064208984375,1.1522064208984375
1785842520.0,1.1522064208984375,1.1522064208984375,1.1522064208984375,1.1522064208984375
1785842580.0,1.1522064208984375,1.1522064208984375,1.1522064208984375,1.1522064208984375
1785842640.0,1.1520737409591675,1.1520737409591675,1.1520737409591675,1.1520737409591675
1785842700.0,1.1522064208984375,1.1522064208984375,1.1522064208984375,1.1522064208984375
1785842760.0,1.1522064208984375,1.1522064208984375,1.1522064208984375,1.1522064208984375
1785842820.0,1.1520737409591675,1.1520737409591675,1.1520737409591675,1.1520737409591675
1785842880.0,1.1522064208984375,1.1522064208984375,1.1522064208984375,1.1522064208984375
1785842940.0,1.152339220046997,1.152339220046997,1.152339220046997,1.152339220046997
1785843000.0,1.1522064208984375,1.1522064208984375,1.1522064208984375,1.1522064208984375
1785843060.0,1.152339220046997,1.152339220046997,1.152339220046997,1.152339220046997
1785843120.0,1.152339220046997,1.152339220046997,1.152339220046997,1.152339220046997
1785843180.0,1.152339220046997,1.152339220046997,1.152339220046997,1.152339220046997
1785843240.0,1.1522064208984375,1.1522064208984375,1.1522064208984375,1.1522064208984375
1785843300.0,1.152339220046997,1.152339220046997,1.152339220046997,1.152339220046997
1785843360.0,1.1522064208984375,1.1522064208984375,1.1522064208984375,1.1522064208984375
1785843420.0,1.152339220046997,1.152339220046997,1.152339220046997,1.152339220046997
1785843480.0,1.152339220046997,1.152339220046997,1.152339220046997,1.152339220046997
1785843540.0,1.1524720191955566,1.1524720191955566,1.1524720191955566,1.1524720191955566
1785843600.0,1.152339220046997,1.152339220046997,1.152339220046997,1.152339220046997
1785843660.0,1.152339220046997,1.152339220046997,1.152339220046997,1.152339220046997
1785843720.0,1.1522064208984375,1.1522064208984375,1.1522064208984375,1.1522064208984375
1785843780.0,1.1524720191955566,1.1524720191955566,1.1524720191955566,1.1524720191955566
1785843840.0,1.1526048183441162,1.1526048183441162,1.1526048183441162,1.1526048183441162
1785843900.0,1.1524720191955566,1.1524720191955566,1.1524720191955566,1.1524720191955566
1785843960.0,1.152339220046997,1.152339220046997,1.152339220046997,1.152339220046997
1785844020.0,1.1522064208984375,1.1522064208984375,1.1522064208984375,1.1522064208984375
1785844080.0,1.1522064208984375,1.1522064208984375,1.1522064208984375,1.1522064208984375
1785844140.0,1.1522064208984375,1.1522064208984375,1.1522064208984375,1.1522064208984375
1785844200.0,1.1520737409591675,1.1520737409591675,1.1520737409591675,1.1520737409591675
1785844260.0,1.1522064208984375,1.1522064208984375,1.1522064208984375,1.1522064208984375
1785844320.0,1.1520737409591675,1.1520737409591675,1.1520737409591675,1.1520737409591675
1785844380.0,1.1519410610198975,1.1519410610198975,1.1519410610198975,1.1519410610198975
1785844440.0,1.1519410610198975,1.1519410610198975,1.1519410610198975,1.1519410610198975
1785844500.0,1.1519410610198975,1.1519410610198975,1.1519410610198975,1.1519410610198975
1785844560.0,1.1520737409591675,1.1520737409591675,1.1520737409591675,1.1520737409591675
1785844620.0,1.1522064208984375,1.1522064208984375,1.1522064208984375,1.1522064208984375
1785844680.0,1.1522064208984375,1.1522064208984375,1.1522064208984375,1.1522064208984375
1785844740.0,1.1519410610198975,1.1519410610198975,1.1519410610198975,1.1519410610198975
1785844800.0,1.1520737409591675,1.1520737409591675,1.1520737409591675,1.1520737409591675
1785844860.0,1.1519410610198975,1.1519410610198975,1.1519410610198975,1.1519410610198975
1785844920.0,1.1520737409591675,1.1520737409591675,1.1520737409591675,1.1520737409591675
1785844980.0,1.1520737409591675,1.1520737409591675,1.1520737409591675,1.1520737409591675
1785845040.0,1.1520737409591675,1.1520737409591675,1.1520737409591675,1.1520737409591675
1785845100.0,1.1520737409591675,1.1520737409591675,1.1520737409591675,1.1520737409591675
1785845160.0,1.1520737409591675,1.1520737409591675,1.1520737409591675,1.1520737409591675
1785845220.0,1.1520737409591675,1.1520737409591675,1.1520737409591675,1.1520737409591675
1785845280.0,1.1518083810806274,1.1518083810806274,1.1518083810806274,1.1518083810806274
1785845340.0,1.1518083810806274,1.1518083810806274,1.1518083810806274,1.1518083810806274
1785845400.0,1.1518083810806274,1.1518083810806274,1.1518083810806274,1.1518083810806274
1785845460.0,1.1518083810806274,1.1518083810806274,1.1518083810806274,1.1518083810806274
1785845520.0,1.1518083810806274,1.1518083810806274,1.1518083810806274,1.1518083810806274
1785845580.0,1.1518083810806274,1.1518083810806274,1.1518083810806274,1.1518083810806274
1785845640.0,1.1518083810806274,1.1518083810806274,1.1518083810806274,1.1518083810806274
1785845700.0,1.1516757011413574,1.1516757011413574,1.1516757011413574,1.1516757011413574
1785845760.0,1.1518083810806274,1.1518083810806274,1.1518083810806274,1.1518083810806274
1785845820.0,1.1516757011413574,1.1516757011413574,1.1516757011413574,1.1516757011413574
1785845880.0,1.1518083810806274,1.1518083810806274,1.1518083810806274,1.1518083810806274
1785845940.0,1.1518083810806274,1.1518083810806274,1.1518083810806274,1.1518083810806274
1785846000.0,1.1518083810806274,1.1518083810806274,1.1518083810806274,1.1518083810806274
1785846060.0,1.1516757011413574,1.1516757011413574,1.1516757011413574,1.1516757011413574
1785846120.0,1.1518083810806274,1.1518083810806274,1.1518083810806274,1.1518083810806274
1785846180.0,1.1519410610198975,1.1519410610198975,1.1519410610198975,1.1519410610198975
1785846240.0,1.1519410610198975,1.1519410610198975,1.1519410610198975,1.1519410610198975
1785846300.0,1.1519410610198975,1.1519410610198975,1.1519410610198975,1.1519410610198975
1785846360.0,1.1520737409591675,1.1520737409591675,1.1520737409591675,1.1520737409591675
1785846420.0,1.1519410610198975,1.1519410610198975,1.1519410610198975,1.1519410610198975
1785846480.0,1.1518083810806274,1.1518083810806274,1.1518083810806274,1.1518083810806274
1785846540.0,1.1518083810806274,1.1518083810806274,1.1518083810806274,1.1518083810806274
1785846600.0,1.1519410610198975,1.1519410610198975,1.1519410610198975,1.1519410610198975
1785846660.0,1.1519410610198975,1.1519410610198975,1.1519410610198975,1.1519410610198975
1785846720.0,1.1519410610198975,1.1519410610198975,1.1519410610198975,1.1519410610198975
1785846780.0,1.1520737409591675,1.1520737409591675,1.1520737409591675,1.1520737409591675
1785846840.0,1.152339220046997,1.152339220046997,1.152339220046997,1.152339220046997
1785846900.0,1.152339220046997,1.152339220046997,1.152339220046997,1.152339220046997
1785846960.0,1.152339220046997,1.152339220046997,1.152339220046997,1.152339220046997
1785847020.0,1.152339220046997,1.152339220046997,1.152339220046997,1.152339220046997
1785847080.0,1.1524720191955566,1.1524720191955566,1.1524720191955566,1.1524720191955566
1785847140.0,1.1524720191955566,1.1524720191955566,1.1524720191955566,1.1524720191955566
1785847200.0,1.1524720191955566,1.1524720191955566,1.1524720191955566,1.1524720191955566
1785847260.0,1.1526048183441162,1.1526048183441162,1.1526048183441162,1.1526048183441162
1785847320.0,1.1526048183441162,1.1526048183441162,1.1526048183441162,1.1526048183441162
1785847380.0,1.1524720191955566,1.1524720191955566,1.1524720191955566,1.1524720191955566
1785847440.0,1.1524720191955566,1.1524720191955566,1.1524720191955566,1.1524720191955566
1785847500.0,1.152339220046997,1.152339220046997,1.152339220046997,1.152339220046997
1785847560.0,1.152339220046997,1.152339220046997,1.152339220046997,1.152339220046997
1785847620.0,1.152339220046997,1.152339220046997,1.152339220046997,1.152339220046997
1785847680.0,1.152339220046997,1.152339220046997,1.152339220046997,1.152339220046997
1785847740.0,1.1522064208984375,1.1522064208984375,1.1522064208984375,1.1522064208984375
1785847800.0,1.1522064208984375,1.1522064208984375,1.1522064208984375,1.1522064208984375
1785847860.0,1.1520737409591675,1.1520737409591675,1.1520737409591675,1.1520737409591675
1785847920.0,1.1520737409591675,1.1520737409591675,1.1520737409591675,1.1520737409591675
1785847980.0,1.1520737409591675,1.1520737409591675,1.1520737409591675,1.1520737409591675
1785848040.0,1.1519410610198975,1.1519410610198975,1.1519410610198975,1.1519410610198975
1785848100.0,1.1519410610198975,1.1519410610198975,1.1519410610198975,1.1519410610198975
1785848160.0,1.1520737409591675,1.1520737409591675,1.1520737409591675,1.1520737409591675
1785848220.0,1.1519410610198975,1.1519410610198975,1.1519410610198975,1.1519410610198975
1785848280.0,1.1518083810806274,1.1518083810806274,1.1518083810806274,1.1518083810806274
1785848340.0,1.1518083810806274,1.1518083810806274,1.1518083810806274,1.1518083810806274
1785848400.0,1.1518083810806274,1.1518083810806274,1.1518083810806274,1.1518083810806274
1785848460.0,1.1516757011413574,1.1516757011413574,1.1516757011413574,1.1516757011413574
1785848520.0,1.151543140411377,1.151543140411377,1.151543140411377,1.151543140411377
1785848580.0,1.151543140411377,1.151543140411377,1.151543140411377,1.151543140411377
1785848640.0,1.151543140411377,1.151543140411377,1.151543140411377,1.151543140411377
1785848700.0,1.151543140411377,1.151543140411377,1.151543140411377,1.151543140411377
1785848760.0,1.151543140411377,1.151543140411377,1.151543140411377,1.151543140411377
1785848820.0,1.151543140411377,1.151543140411377,1.151543140411377,1.151543140411377
1785848880.0,1.151543140411377,1.151543140411377,1.151543140411377,1.151543140411377
1785848940.0,1.151543140411377,1.151543140411377,1.151543140411377,1.151543140411377
1785849000.0,1.1518083810806274,1.1518083810806274,1.1518083810806274,1.1518083810806274
1785849060.0,1.1516757011413574,1.1516757011413574,1.1516757011413574,1.1516757011413574
1785849120.0,1.1516757011413574,1.1516757011413574,1.1516757011413574,1.1516757011413574
1785849180.0,1.1516757011413574,1.1516757011413574,1.1516757011413574,1.1516757011413574
1785849240.0,1.151543140411377,1.151543140411377,1.151543140411377,1.151543140411377
1785849300.0,1.1516757011413574,1.1516757011413574,1.1516757011413574,1.1516757011413574
1785849360.0,1.151543140411377,1.151543140411377,1.151543140411377,1.151543140411377
1785849420.0,1.151410460472107,1.151410460472107,1.151410460472107,1.151410460472107
1785849480.0,1.151410460472107,1.151410460472107,1.151410460472107,1.151410460472107
1785849540.0,1.151410460472107,1.151410460472107,1.151410460472107,1.151410460472107
1785849600.0,1.1518083810806274,1.1518083810806274,1.1518083810806274,1.1518083810806274
1785849660.0,1.1516757011413574,1.1516757011413574,1.1516757011413574,1.1516757011413574
1785849720.0,1.1520737409591675,1.1520737409591675,1.1520737409591675,1.1520737409591675
1785849780.0,1.1522064208984375,1.1522064208984375,1.1522064208984375,1.1522064208984375
1785849840.0,1.1519410610198975,1.1519410610198975,1.1519410610198975,1.1519410610198975
1785849900.0,1.1520737409591675,1.1520737409591675,1.1520737409591675,1.1520737409591675
1785849960.0,1.1520737409591675,1.1520737409591675,1.1520737409591675,1.1520737409591675
1785850020.0,1.1522064208984375,1.1522064208984375,1.1522064208984375,1.1522064208984375
1785850080.0,1.1519410610198975,1.1519410610198975,1.1519410610198975,1.1519410610198975
1785850140.0,1.1519410610198975,1.1519410610198975,1.1519410610198975,1.1519410610198975
1785850200.0,1.1519410610198975,1.1519410610198975,1.1519410610198975,1.1519410610198975
1785850260.0,1.1519410610198975,1.1519410610198975,1.1519410610198975,1.1519410610198975
1785850320.0,1.1520737409591675,1.1520737409591675,1.1520737409591675,1.1520737409591675
1785850380.0,1.1520737409591675,1.1520737409591675,1.1520737409591675,1.1520737409591675
1785850440.0,1.1522064208984375,1.1522064208984375,1.1522064208984375,1.1522064208984375
1785850500.0,1.152339220046997,1.152339220046997,1.152339220046997,1.152339220046997
1785850560.0,1.1524720191955566,1.1524720191955566,1.1524720191955566,1.1524720191955566
1785850620.0,1.1526048183441162,1.1526048183441162,1.1526048183441162,1.1526048183441162
1785850680.0,1.1524720191955566,1.1524720191955566,1.1524720191955566,1.1524720191955566
1785850740.0,1.1527377367019653,1.1527377367019653,1.1527377367019653,1.1527377367019653
1785850800.0,1.1527377367019653,1.1527377367019653,1.1527377367019653,1.1527377367019653
1785850860.0,1.1528706550598145,1.1528706550598145,1.1528706550598145,1.1528706550598145
1785850920.0,1.1527377367019653,1.1527377367019653,1.1527377367019653,1.1527377367019653
1785850980.0,1.1524720191955566,1.1524720191955566,1.1524720191955566,1.1524720191955566
1785851040.0,1.1527377367019653,1.1527377367019653,1.1527377367019653,1.1527377367019653
1785851100.0,1.1526048183441162,1.1526048183441162,1.1526048183441162,1.1526048183441162
1785851160.0,1.1526048183441162,1.1526048183441162,1.1526048183441162,1.1526048183441162
1785851220.0,1.1527377367019653,1.1527377367019653,1.1527377367019653,1.1527377367019653
1785851280.0,1.1528706550598145,1.1528706550598145,1.1528706550598145,1.1528706550598145
1785851340.0,1.1527377367019653,1.1527377367019653,1.1527377367019653,1.1527377367019653
1785851400.0,1.1527377367019653,1.1527377367019653,1.1527377367019653,1.1527377367019653
1785851460.0,1.1526048183441162,1.1526048183441162,1.1526048183441162,1.1526048183441162
1785851520.0,1.1527377367019653,1.1527377367019653,1.1527377367019653,1.1527377367019653
1785851580.0,1.1527377367019653,1.1527377367019653,1.1527377367019653,1.1527377367019653
1785851640.0,1.1527377367019653,1.1527377367019653,1.1527377367019653,1.1527377367019653
1785851700.0,1.1527377367019653,1.1527377367019653,1.1527377367019653,1.1527377367019653
1785851760.0,1.1526048183441162,1.1526048183441162,1.1526048183441162,1.1526048183441162
1785851820.0,1.1527377367019653,1.1527377367019653,1.1527377367019653,1.1527377367019653
1785851880.0,1.1526048183441162,1.1526048183441162,1.1526048183441162,1.1526048183441162
1785851940.0,1.1527377367019653,1.1527377367019653,1.1527377367019653,1.1527377367019653
1785852000.0,1.1527377367019653,1.1527377367019653,1.1527377367019653,1.1527377367019653
1785852060.0,1.1526048183441162,1.1526048183441162,1.1526048183441162,1.1526048183441162
1785852120.0,1.1528706550598145,1.1528706550598145,1.1528706550598145,1.1528706550598145
1785852180.0,1.1528706550598145,1.1528706550598145,1.1528706550598145,1.1528706550598145
1785852240.0,1.1528706550598145,1.1528706550598145,1.1528706550598145,1.1528706550598145
1785852300.0,1.1527377367019653,1.1527377367019653,1.1527377367019653,1.1527377367019653
1785852360.0,1.1528706550598145,1.1528706550598145,1.1528706550598145,1.1528706550598145
1785852420.0,1.1528706550598145,1.1528706550598145,1.1528706550598145,1.1528706550598145
1785852480.0,1.1531364917755127,1.1531364917755127,1.1531364917755127,1.1531364917755127
1785852540.0,1.1531364917755127,1.1531364917755127,1.1531364917755127,1.1531364917755127
1785852600.0,1.1531364917755127,1.1531364917755127,1.1531364917755127,1.1531364917755127
1785852660.0,1.1531364917755127,1.1531364917755127,1.1531364917755127,1.1531364917755127
1785852720.0,1.15340256690979,1.15340256690979,1.15340256690979,1.15340256690979
1785852780.0,1.1532695293426514,1.1532695293426514,1.1532695293426514,1.1532695293426514
1785852840.0,1.1532695293426514,1.1532695293426514,1.1532695293426514,1.1532695293426514
1785852900.0,1.1532695293426514,1.1532695293426514,1.1532695293426514,1.1532695293426514
1785852960.0,1.1532695293426514,1.1532695293426514,1.1532695293426514,1.1532695293426514
1785853020.0,1.1532695293426514,1.1532695293426514,1.1532695293426514,1.1532695293426514
1785853080.0,1.1532695293426514,1.1532695293426514,1.1532695293426514,1.1532695293426514
1785853140.0,1.1531364917755127,1.1531364917755127,1.1531364917755127,1.1531364917755127
1785853200.0,1.1531364917755127,1.1531364917755127,1.1531364917755127,1.1531364917755127
1785853260.0,1.1531364917755127,1.1531364917755127,1.1531364917755127,1.1531364917755127
1785853320.0,1.1531364917755127,1.1531364917755127,1.1531364917755127,1.1531364917755127
1785853380.0,1.1531364917755127,1.1531364917755127,1.1531364917755127,1.1531364917755127
1785853440.0,1.1531364917755127,1.1531364917755127,1.1531364917755127,1.1531364917755127
1785853500.0,1.1530035734176636,1.1530035734176636,1.1530035734176636,1.1530035734176636
1785853560.0,1.1530035734176636,1.1530035734176636,1.1530035734176636,1.1530035734176636
1785853620.0,1.1531364917755127,1.1531364917755127,1.1531364917755127,1.1531364917755127
1785853680.0,1.1531364917755127,1.1531364917755127,1.1531364917755127,1.1531364917755127
1785853740.0,1.1531364917755127,1.1531364917755127,1.1531364917755127,1.1531364917755127
1785853800.0,1.1530035734176636,1.1530035734176636,1.1530035734176636,1.1530035734176636
1785853860.0,1.1531364917755127,1.1531364917755127,1.1531364917755127,1.1531364917755127
1785853920.0,1.1531364917755127,1.1531364917755127,1.1531364917755127,1.1531364917755127
1785853980.0,1.1530035734176636,1.1530035734176636,1.1530035734176636,1.1530035734176636
1785854040.0,1.1530035734176636,1.1530035734176636,1.1530035734176636,1.1530035734176636
1785854100.0,1.1528706550598145,1.1528706550598145,1.1528706550598145,1.1528706550598145
1785854160.0,1.1527377367019653,1.1527377367019653,1.1527377367019653,1.1527377367019653
1785854220.0,1.1527377367019653,1.1527377367019653,1.1527377367019653,1.1527377367019653
1785854280.0,1.1528706550598145,1.1528706550598145,1.1528706550598145,1.1528706550598145
1785854340.0,1.1530035734176636,1.1530035734176636,1.1530035734176636,1.1530035734176636
1785854400.0,1.1530035734176636,1.1530035734176636,1.1530035734176636,1.1530035734176636
1785854460.0,1.1531364917755127,1.1531364917755127,1.1531364917755127,1.1531364917755127
1785854520.0,1.1528706550598145,1.1528706550598145,1.1528706550598145,1.1528706550598145
1785854580.0,1.1527377367019653,1.1527377367019653,1.1527377367019653,1.1527377367019653
1785854640.0,1.1527377367019653,1.1527377367019653,1.1527377367019653,1.1527377367019653
1785854700.0,1.1526048183441162,1.1526048183441162,1.1526048183441162,1.1526048183441162
1785854760.0,1.1524720191955566,1.1524720191955566,1.1524720191955566,1.1524720191955566
1785854820.0,1.152339220046997,1.152339220046997,1.152339220046997,1.152339220046997
1785854880.0,1.152339220046997,1.152339220046997,1.152339220046997,1.152339220046997
1785854940.0,1.1524720191955566,1.1524720191955566,1.1524720191955566,1.1524720191955566
1785855000.0,1.1524720191955566,1.1524720191955566,1.1524720191955566,1.1524720191955566
1785855060.0,1.1526048183441162,1.1526048183441162,1.1526048183441162,1.1526048183441162
1785855120.0,1.1527377367019653,1.1527377367019653,1.1527377367019653,1.1527377367019653
1785855180.0,1.1526048183441162,1.1526048183441162,1.1526048183441162,1.1526048183441162
1785855240.0,1.1526048183441162,1.1526048183441162,1.1526048183441162,1.1526048183441162
1785855300.0,1.1524720191955566,1.1524720191955566,1.1524720191955566,1.1524720191955566
1785855360.0,1.152339220046997,1.152339220046997,1.152339220046997,1.152339220046997
1785855420.0,1.1524720191955566,1.1524720191955566,1.1524720191955566,1.1524720191955566
1785855480.0,1.1527377367019653,1.1527377367019653,1.1527377367019653,1.1527377367019653
1785855540.0,1.1526048183441162,1.1526048183441162,1.1526048183441162,1.1526048183441162
1785855600.0,1.1527377367019653,1.1527377367019653,1.1527377367019653,1.1527377367019653
1785855660.0,1.1527377367019653,1.1527377367019653,1.1527377367019653,1.1527377367019653
1785855720.0,1.1526048183441162,1.1526048183441162,1.1526048183441162,1.1526048183441162
1785855780.0,1.1527377367019653,1.1527377367019653,1.1527377367019653,1.1527377367019653
1785855840.0,1.1528706550598145,1.1528706550598145,1.1528706550598145,1.1528706550598145
1785855900.0,1.1527377367019653,1.1527377367019653,1.1527377367019653,1.1527377367019653
1785855960.0,1.1527377367019653,1.1527377367019653,1.1527377367019653,1.1527377367019653
1785856020.0,1.1527377367019653,1.1527377367019653,1.1527377367019653,1.1527377367019653
1785856080.0,1.1527377367019653,1.1527377367019653,1.1527377367019653,1.1527377367019653
1785856140.0,1.1524720191955566,1.1524720191955566,1.1524720191955566,1.1524720191955566
1785856200.0,1.1524720191955566,1.1524720191955566,1.1524720191955566,1.1524720191955566
1785856260.0,1.1524720191955566,1.1524720191955566,1.1524720191955566,1.1524720191955566
1785856320.0,1.152339220046997,1.152339220046997,1.152339220046997,1.152339220046997
1785856380.0,1.152339220046997,1.152339220046997,1.152339220046997,1.152339220046997
1785856440.0,1.1522064208984375,1.1522064208984375,1.1522064208984375,1.1522064208984375
1785856500.0,1.1520737409591675,1.1520737409591675,1.1520737409591675,1.1520737409591675
1785856560.0,1.1519410610198975,1.1519410610198975,1.1519410610198975,1.1519410610198975
1785856620.0,1.1519410610198975,1.1519410610198975,1.1519410610198975,1.1519410610198975
1785856680.0,1.1519410610198975,1.1519410610198975,1.1519410610198975,1.1519410610198975
1785856740.0,1.1518083810806274,1.1518083810806274,1.1518083810806274,1.1518083810806274
1785856800.0,1.1518083810806274,1.1518083810806274,1.1518083810806274,1.1518083810806274
1785856860.0,1.1519410610198975,1.1519410610198975,1.1519410610198975,1.1519410610198975
1785856920.0,1.1518083810806274,1.1518083810806274,1.1518083810806274,1.1518083810806274
1785856980.0,1.1519410610198975,1.1519410610198975,1.1519410610198975,1.1519410610198975
1785857040.0,1.1520737409591675,1.1520737409591675,1.1520737409591675,1.1520737409591675
1785857100.0,1.1520737409591675,1.1520737409591675,1.1520737409591675,1.1520737409591675
1785857160.0,1.1520737409591675,1.1520737409591675,1.1520737409591675,1.1520737409591675
1785857220.0,1.1520737409591675,1.1520737409591675,1.1520737409591675,1.1520737409591675
1785857280.0,1.1520737409591675,1.1520737409591675,1.1520737409591675,1.1520737409591675
1785857340.0,1.1520737409591675,1.1520737409591675,1.1520737409591675,1.1520737409591675
1785857400.0,1.1520737409591675,1.1520737409591675,1.1520737409591675,1.1520737409591675
1785857460.0,1.1520737409591675,1.1520737409591675,1.1520737409591675,1.1520737409591675
1785857520.0,1.1520737409591675,1.1520737409591675,1.1520737409591675,1.1520737409591675
1785857580.0,1.1520737409591675,1.1520737409591675,1.1520737409591675,1.1520737409591675
1785857640.0,1.1520737409591675,1.1520737409591675,1.1520737409591675,1.1520737409591675
1785857700.0,1.1519410610198975,1.1519410610198975,1.1519410610198975,1.1519410610198975
1785857760.0,1.1519410610198975,1.1519410610198975,1.1519410610198975,1.1519410610198975
1785857820.0,1.1520737409591675,1.1520737409591675,1.1520737409591675,1.1520737409591675
1785857880.0,1.1524720191955566,1.1524720191955566,1.1524720191955566,1.1524720191955566
1785857940.0,1.1524720191955566,1.1524720191955566,1.1524720191955566,1.1524720191955566
1785858000.0,1.152339220046997,1.152339220046997,1.152339220046997,1.152339220046997
1785858060.0,1.152339220046997,1.152339220046997,1.152339220046997,1.152339220046997
1785858120.0,1.152339220046997,1.152339220046997,1.152339220046997,1.152339220046997
1785858180.0,1.152339220046997,1.152339220046997,1.152339220046997,1.152339220046997
1785858240.0,1.1524720191955566,1.1524720191955566,1.1524720191955566,1.1524720191955566
1785858300.0,1.1524720191955566,1.1524720191955566,1.1524720191955566,1.1524720191955566
1785858360.0,1.1524720191955566,1.1524720191955566,1.1524720191955566,1.1524720191955566
1785858420.0,1.152339220046997,1.152339220046997,1.152339220046997,1.152339220046997
1785858480.0,1.1524720191955566,1.1524720191955566,1.1524720191955566,1.1524720191955566
1785858540.0,1.1524720191955566,1.1524720191955566,1.1524720191955566,1.1524720191955566
1785858600.0,1.1526048183441162,1.1526048183441162,1.1526048183441162,1.1526048183441162
1785858660.0,1.1527377367019653,1.1527377367019653,1.1527377367019653,1.1527377367019653
1785858720.0,1.1527377367019653,1.1527377367019653,1.1527377367019653,1.1527377367019653
1785858780.0,1.1527377367019653,1.1527377367019653,1.1527377367019653,1.1527377367019653
1785858840.0,1.1528706550598145,1.1528706550598145,1.1528706550598145,1.1528706550598145
1785858900.0,1.1527377367019653,1.1527377367019653,1.1527377367019653,1.1527377367019653
1785858960.0,1.1527377367019653,1.1527377367019653,1.1527377367019653,1.1527377367019653
1785859020.0,1.1528706550598145,1.1528706550598145,1.1528706550598145,1.1528706550598145
1785859080.0,1.1530035734176636,1.1530035734176636,1.1530035734176636,1.1530035734176636
1785859140.0,1.1528706550598145,1.1528706550598145,1.1528706550598145,1.1528706550598145
1785859200.0,1.1528706550598145,1.1528706550598145,1.1528706550598145,1.1528706550598145
1785859260.0,1.1528706550598145,1.1528706550598145,1.1528706550598145,1.1528706550598145
1785859320.0,1.1528706550598145,1.1528706550598145,1.1528706550598145,1.1528706550598145
1785859380.0,1.1527377367019653,1.1527377367019653,1.1527377367019653,1.1527377367019653
1785859440.0,1.1526048183441162,1.1526048183441162,1.1526048183441162,1.1526048183441162
1785859500.0,1.1526048183441162,1.1526048183441162,1.1526048183441162,1.1526048183441162
1785859560.0,1.1524720191955566,1.1524720191955566,1.1524720191955566,1.1524720191955566
1785859620.0,1.1524720191955566,1.1524720191955566,1.1524720191955566,1.1524720191955566
1785859680.0,1.1524720191955566,1.1524720191955566,1.1524720191955566,1.1524720191955566
1785859740.0,1.1526048183441162,1.1526048183441162,1.1526048183441162,1.1526048183441162
1785859800.0,1.1526048183441162,1.1526048183441162,1.1526048183441162,1.1526048183441162
1785859860.0,1.1526048183441162,1.1526048183441162,1.1526048183441162,1.1526048183441162
1785859920.0,1.1527377367019653,1.1527377367019653,1.1527377367019653,1.1527377367019653
1785859980.0,1.1528706550598145,1.1528706550598145,1.1528706550598145,1.1528706550598145
1785860040.0,1.1524720191955566,1.1524720191955566,1.1524720191955566,1.1524720191955566
1785860100.0,1.1524720191955566,1.1524720191955566,1.1524720191955566,1.1524720191955566
1785860160.0,1.152339220046997,1.152339220046997,1.152339220046997,1.152339220046997
1785860220.0,1.1524720191955566,1.1524720191955566,1.1524720191955566,1.1524720191955566
1785860280.0,1.152339220046997,1.152339220046997,1.152339220046997,1.152339220046997
1785860340.0,1.1524720191955566,1.1524720191955566,1.1524720191955566,1.1524720191955566
1785860400.0,1.1524720191955566,1.1524720191955566,1.1524720191955566,1.1524720191955566
1785860460.0,1.1524720191955566,1.1524720191955566,1.1524720191955566,1.1524720191955566
1785860520.0,1.1524720191955566,1.1524720191955566,1.1524720191955566,1.1524720191955566
1785860580.0,1.1524720191955566,1.1524720191955566,1.1524720191955566,1.1524720191955566
1785860640.0,1.1524720191955566,1.1524720191955566,1.1524720191955566,1.1524720191955566
1785860700.0,1.1524720191955566,1.1524720191955566,1.1524720191955566,1.1524720191955566
1785860760.0,1.1524720191955566,1.1524720191955566,1.1524720191955566,1.1524720191955566
1785860820.0,1.1524720191955566,1.1524720191955566,1.1524720191955566,1.1524720191955566
1785860880.0,1.152339220046997,1.152339220046997,1.152339220046997,1.152339220046997
1785860940.0,1.152339220046997,1.152339220046997,1.152339220046997,1.152339220046997
1785861000.0,1.152339220046997,1.152339220046997,1.152339220046997,1.152339220046997
1785861060.0,1.152339220046997,1.152339220046997,1.152339220046997,1.152339220046997
1785861120.0,1.1522064208984375,1.1522064208984375,1.1522064208984375,1.1522064208984375
1785861180.0,1.1522064208984375,1.1522064208984375,1.1522064208984375,1.1522064208984375
1785861240.0,1.1520737409591675,1.1520737409591675,1.1520737409591675,1.1520737409591675
1785861300.0,1.1520737409591675,1.1520737409591675,1.1520737409591675,1.1520737409591675
1785861360.0,1.1520737409591675,1.1520737409591675,1.1520737409591675,1.1520737409591675
1785861420.0,1.1520737409591675,1.1520737409591675,1.1520737409591675,1.1520737409591675
1785861480.0,1.1520737409591675,1.1520737409591675,1.1520737409591675,1.1520737409591675
1785861540.0,1.1520737409591675,1.1520737409591675,1.1520737409591675,1.1520737409591675
1785861600.0,1.1520737409591675,1.1520737409591675,1.1520737409591675,1.1520737409591675
1785861660.0,1.1520737409591675,1.1520737409591675,1.1520737409591675,1.1520737409591675
1785861720.0,1.1520737409591675,1.1520737409591675,1.1520737409591675,1.1520737409591675
1785861780.0,1.1522064208984375,1.1522064208984375,1.1522064208984375,1.1522064208984375
1785861840.0,1.1522064208984375,1.1522064208984375,1.1522064208984375,1.1522064208984375
1785861900.0,1.1522064208984375,1.1522064208984375,1.1522064208984375,1.1522064208984375
1785861960.0,1.1522064208984375,1.1522064208984375,1.1522064208984375,1.1522064208984375
1785862020.0,1.1522064208984375,1.1522064208984375,1.1522064208984375,1.1522064208984375
1785862080.0,1.1520737409591675,1.1520737409591675,1.1520737409591675,1.1520737409591675
1785862140.0,1.1520737409591675,1.1520737409591675,1.1520737409591675,1.1520737409591675
1785862200.0,1.1520737409591675,1.1520737409591675,1.1520737409591675,1.1520737409591675
1785862260.0,1.1522064208984375,1.1522064208984375,1.1522064208984375,1.1522064208984375
1785862320.0,1.1520737409591675,1.1520737409591675,1.1520737409591675,1.1520737409591675
1785862380.0,1.1520737409591675,1.1520737409591675,1.1520737409591675,1.1520737409591675
1785862440.0,1.1520737409591675,1.1520737409591675,1.1520737409591675,1.1520737409591675
1785862500.0,1.1520737409591675,1.1520737409591675,1.1520737409591675,1.1520737409591675
1785862560.0,1.1520737409591675,1.1520737409591675,1.1520737409591675,1.1520737409591675
1785862620.0,1.1522064208984375,1.1522064208984375,1.1522064208984375,1.1522064208984375
1785862680.0,1.1522064208984375,1.1522064208984375,1.1522064208984375,1.1522064208984375
1785862740.0,1.1522064208984375,1.1522064208984375,1.1522064208984375,1.1522064208984375
1785862800.0,1.152339220046997,1.152339220046997,1.152339220046997,1.152339220046997
1785862860.0,1.1524720191955566,1.1524720191955566,1.1524720191955566,1.1524720191955566
1785862920.0,1.1524720191955566,1.1524720191955566,1.1524720191955566,1.1524720191955566
1785862980.0,1.1524720191955566,1.1524720191955566,1.1524720191955566,1.1524720191955566
1785863040.0,1.1524720191955566,1.1524720191955566,1.1524720191955566,1.1524720191955566
1785863100.0,1.1524720191955566,1.1524720191955566,1.1524720191955566,1.1524720191955566
1785863160.0,1.1524720191955566,1.1524720191955566,1.1524720191955566,1.1524720191955566
1785863220.0,1.1524720191955566,1.1524720191955566,1.1524720191955566,1.1524720191955566
1785863280.0,1.1524720191955566,1.1524720191955566,1.1524720191955566,1.1524720191955566
1785863340.0,1.1524720191955566,1.1524720191955566,1.1524720191955566,1.1524720191955566
1785863400.0,1.1524720191955566,1.1524720191955566,1.1524720191955566,1.1524720191955566
1785863460.0,1.1524720191955566,1.1524720191955566,1.1524720191955566,1.1524720191955566
1785863520.0,1.1524720191955566,1.1524720191955566,1.1524720191955566,1.1524720191955566
1785863580.0,1.1524720191955566,1.1524720191955566,1.1524720191955566,1.1524720191955566
1785863640.0,1.1526048183441162,1.1526048183441162,1.1526048183441162,1.1526048183441162
1785863700.0,1.1524720191955566,1.1524720191955566,1.1524720191955566,1.1524720191955566
1785863760.0,1.152339220046997,1.152339220046997,1.152339220046997,1.152339220046997
1785863820.0,1.152339220046997,1.152339220046997,1.152339220046997,1.152339220046997
1785863880.0,1.152339220046997,1.152339220046997,1.152339220046997,1.152339220046997
1785863940.0,1.1524720191955566,1.1524720191955566,1.1524720191955566,1.1524720191955566
1785864000.0,1.1526048183441162,1.1526048183441162,1.1526048183441162,1.1526048183441162
1785864060.0,1.1524720191955566,1.1524720191955566,1.1524720191955566,1.1524720191955566
1785864120.0,1.1524720191955566,1.1524720191955566,1.1524720191955566,1.1524720191955566
1785864180.0,1.152339220046997,1.152339220046997,1.152339220046997,1.152339220046997
1785864240.0,1.152339220046997,1.152339220046997,1.152339220046997,1.152339220046997
1785864300.0,1.1524720191955566,1.1524720191955566,1.1524720191955566,1.1524720191955566
1785864360.0,1.1524720191955566,1.1524720191955566,1.1524720191955566,1.1524720191955566
1785864420.0,1.1524720191955566,1.1524720191955566,1.1524720191955566,1.1524720191955566
1785864480.0,1.1526048183441162,1.1526048183441162,1.1526048183441162,1.1526048183441162
1785864540.0,1.1524720191955566,1.1524720191955566,1.1524720191955566,1.1524720191955566
1785864600.0,1.1524720191955566,1.1524720191955566,1.1524720191955566,1.1524720191955566
1785864660.0,1.1524720191955566,1.1524720191955566,1.1524720191955566,1.1524720191955566
1785864720.0,1.1524720191955566,1.1524720191955566,1.1524720191955566,1.1524720191955566
1785864780.0,1.1524720191955566,1.1524720191955566,1.1524720191955566,1.1524720191955566
1785864840.0,1.1524720191955566,1.1524720191955566,1.1524720191955566,1.1524720191955566
1785864900.0,1.1524720191955566,1.1524720191955566,1.1524720191955566,1.1524720191955566
1785864960.0,1.1524720191955566,1.1524720191955566,1.1524720191955566,1.1524720191955566
1785865020.0,1.1526048183441162,1.1526048183441162,1.1526048183441162,1.1526048183441162
1785865080.0,1.1526048183441162,1.1526048183441162,1.1526048183441162,1.1526048183441162
1785865140.0,1.1526048183441162,1.1526048183441162,1.1526048183441162,1.1526048183441162
1785865200.0,1.1527377367019653,1.1527377367019653,1.1527377367019653,1.1527377367019653
1785865260.0,1.1527377367019653,1.1527377367019653,1.1527377367019653,1.1527377367019653
1785865320.0,1.1528706550598145,1.1528706550598145,1.1528706550598145,1.1528706550598145
1785865380.0,1.1528706550598145,1.1528706550598145,1.1528706550598145,1.1528706550598145
1785865440.0,1.1528706550598145,1.1528706550598145,1.1528706550598145,1.1528706550598145
1785865500.0,1.1528706550598145,1.1528706550598145,1.1528706550598145,1.1528706550598145
1785865560.0,1.1528706550598145,1.1528706550598145,1.1528706550598145,1.1528706550598145
1785865620.0,1.1528706550598145,1.1528706550598145,1.1528706550598145,1.1528706550598145
1785865680.0,1.1528706550598145,1.1528706550598145,1.1528706550598145,1.1528706550598145
1785865740.0,1.1528706550598145,1.1528706550598145,1.1528706550598145,1.1528706550598145
1785865800.0,1.1528706550598145,1.1528706550598145,1.1528706550598145,1.1528706550598145
1785865860.0,1.1528706550598145,1.1528706550598145,1.1528706550598145,1.1528706550598145
1785865920.0,1.1528706550598145,1.1528706550598145,1.1528706550598145,1.1528706550598145
1785865980.0,1.1527377367019653,1.1527377367019653,1.1527377367019653,1.1527377367019653
1785866040.0,1.1528706550598145,1.1528706550598145,1.1528706550598145,1.1528706550598145
1785866100.0,1.1528706550598145,1.1528706550598145,1.1528706550598145,1.1528706550598145
1785866160.0,1.1528706550598145,1.1528706550598145,1.1528706550598145,1.1528706550598145
1785866220.0,1.1528706550598145,1.1528706550598145,1.1528706550598145,1.1528706550598145
1785866280.0,1.1528706550598145,1.1528706550598145,1.1528706550598145,1.1528706550598145
1785866340.0,1.1527377367019653,1.1527377367019653,1.1527377367019653,1.1527377367019653
1785866400.0,1.1527377367019653,1.1527377367019653,1.1527377367019653,1.1527377367019653
1785866460.0,1.1527377367019653,1.1527377367019653,1.1527377367019653,1.1527377367019653
1785866520.0,1.1527377367019653,1.1527377367019653,1.1527377367019653,1.1527377367019653
1785866580.0,1.1527377367019653,1.1527377367019653,1.1527377367019653,1.1527377367019653
1785866640.0,1.1528706550598145,1.1528706550598145,1.1528706550598145,1.1528706550598145
1785866700.0,1.1528706550598145,1.1528706550598145,1.1528706550598145,1.1528706550598145
1785866760.0,1.1528706550598145,1.1528706550598145,1.1528706550598145,1.1528706550598145
1785866820.0,1.1530035734176636,1.1530035734176636,1.1530035734176636,1.1530035734176636
1785866880.0,1.1528706550598145,1.1528706550598145,1.1528706550598145,1.1528706550598145
1785866940.0,1.1528706550598145,1.1528706550598145,1.1528706550598145,1.1528706550598145
1785867000.0,1.1527377367019653,1.1527377367019653,1.1527377367019653,1.1527377367019653
1785867060.0,1.1526048183441162,1.1526048183441162,1.1526048183441162,1.1526048183441162
1785867120.0,1.1527377367019653,1.1527377367019653,1.1527377367019653,1.1527377367019653
1785867180.0,1.1527377367019653,1.1527377367019653,1.1527377367019653,1.1527377367019653
1785867240.0,1.1527377367019653,1.1527377367019653,1.1527377367019653,1.1527377367019653
1785867300.0,1.1527377367019653,1.1527377367019653,1.1527377367019653,1.1527377367019653
1785867360.0,1.1526048183441162,1.1526048183441162,1.1526048183441162,1.1526048183441162
1785867420.0,1.1526048183441162,1.1526048183441162,1.1526048183441162,1.1526048183441162
1785867480.0,1.1527377367019653,1.1527377367019653,1.1527377367019653,1.1527377367019653
1785867540.0,1.1526048183441162,1.1526048183441162,1.1526048183441162,1.1526048183441162
1785867600.0,1.1527377367019653,1.1527377367019653,1.1527377367019653,1.1527377367019653
1785867660.0,1.1527377367019653,1.1527377367019653,1.1527377367019653,1.1527377367019653
1785867720.0,1.1528706550598145,1.1528706550598145,1.1528706550598145,1.1528706550598145
1785867780.0,1.1528706550598145,1.1528706550598145,1.1528706550598145,1.1528706550598145
1785867840.0,1.1528706550598145,1.1528706550598145,1.1528706550598145,1.1528706550598145
1785867900.0,1.1528706550598145,1.1528706550598145,1.1528706550598145,1.1528706550598145
1785867960.0,1.1528706550598145,1.1528706550598145,1.1528706550598145,1.1528706550598145
1785868020.0,1.1528706550598145,1.1528706550598145,1.1528706550598145,1.1528706550598145
1785868080.0,1.1528706550598145,1.1528706550598145,1.1528706550598145,1.1528706550598145
1785868140.0,1.1528706550598145,1.1528706550598145,1.1528706550598145,1.1528706550598145
1785868200.0,1.1528706550598145,1.1528706550598145,1.1528706550598145,1.1528706550598145
1785868260.0,1.1528706550598145,1.1528706550598145,1.1528706550598145,1.1528706550598145
1785868320.0,1.1528706550598145,1.1528706550598145,1.1528706550598145,1.1528706550598145
1785868380.0,1.1528706550598145,1.1528706550598145,1.1528706550598145,1.1528706550598145
1785868440.0,1.1528706550598145,1.1528706550598145,1.1528706550598145,1.1528706550598145
1785868500.0,1.1528706550598145,1.1528706550598145,1.1528706550598145,1.1528706550598145
1785868560.0,1.1528706550598145,1.1528706550598145,1.1528706550598145,1.1528706550598145
1785868620.0,1.1528706550598145,1.1528706550598145,1.1528706550598145,1.1528706550598145
1785868680.0,1.1528706550598145,1.1528706550598145,1.1528706550598145,1.1528706550598145
1785868740.0,1.1530035734176636,1.1530035734176636,1.1530035734176636,1.1530035734176636
1785868800.0,1.1528706550598145,1.1528706550598145,1.1528706550598145,1.1528706550598145
1785868860.0,1.1528706550598145,1.1528706550598145,1.1528706550598145,1.1528706550598145
1785868920.0,1.1530035734176636,1.1530035734176636,1.1530035734176636,1.1530035734176636
1785868980.0,1.1530035734176636,1.1530035734176636,1.1530035734176636,1.1530035734176636
1785869040.0,1.1530035734176636,1.1530035734176636,1.1530035734176636,1.1530035734176636
1785869100.0,1.1531364917755127,1.1531364917755127,1.1531364917755127,1.1531364917755127
1785869160.0,1.1531364917755127,1.1531364917755127,1.1531364917755127,1.1531364917755127
1785869220.0,1.1531364917755127,1.1531364917755127,1.1531364917755127,1.1531364917755127
1785869280.0,1.1530035734176636,1.1530035734176636,1.1530035734176636,1.1530035734176636
1785869340.0,1.1531364917755127,1.1531364917755127,1.1531364917755127,1.1531364917755127
1785869400.0,1.1531364917755127,1.1531364917755127,1.1531364917755127,1.1531364917755127
1785869460.0,1.1532695293426514,1.1532695293426514,1.1532695293426514,1.1532695293426514
1785869520.0,1.15340256690979,1.15340256690979,1.15340256690979,1.15340256690979
1785869580.0,1.1535356044769287,1.1535356044769287,1.1535356044769287,1.1535356044769287
1785869640.0,1.1535356044769287,1.1535356044769287,1.1535356044769287,1.1535356044769287
1785869700.0,1.1535356044769287,1.1535356044769287,1.1535356044769287,1.1535356044769287
1785869760.0,1.1536686420440674,1.1536686420440674,1.1536686420440674,1.1536686420440674
1785869820.0,1.1536686420440674,1.1536686420440674,1.1536686420440674,1.1536686420440674
1785869880.0,1.1535356044769287,1.1535356044769287,1.1535356044769287,1.1535356044769287
1785869940.0,1.1535356044769287,1.1535356044769287,1.1535356044769287,1.1535356044769287
1785870000.0,1.1535356044769287,1.1535356044769287,1.1535356044769287,1.1535356044769287
1785870060.0,1.1536686420440674,1.1536686420440674,1.1536686420440674,1.1536686420440674
1785870120.0,1.1536686420440674,1.1536686420440674,1.1536686420440674,1.1536686420440674
1785870180.0,1.1535356044769287,1.1535356044769287,1.1535356044769287,1.1535356044769287
1785870240.0,1.1535356044769287,1.1535356044769287,1.1535356044769287,1.1535356044769287
1785870300.0,1.1535356044769287,1.1535356044769287,1.1535356044769287,1.1535356044769287
1785870360.0,1.1536686420440674,1.1536686420440674,1.1536686420440674,1.1536686420440674
1785870420.0,1.1536686420440674,1.1536686420440674,1.1536686420440674,1.1536686420440674
1785870480.0,1.1536686420440674,1.1536686420440674,1.1536686420440674,1.1536686420440674
1785870540.0,1.1536686420440674,1.1536686420440674,1.1536686420440674,1.1536686420440674
1785870600.0,1.1536686420440674,1.1536686420440674,1.1536686420440674,1.1536686420440674
1785870660.0,1.1535356044769287,1.1535356044769287,1.1535356044769287,1.1535356044769287
1785870720.0,1.1535356044769287,1.1535356044769287,1.1535356044769287,1.1535356044769287
1785870780.0,1.1535356044769287,1.1535356044769287,1.1535356044769287,1.1535356044769287
1785870840.0,1.15340256690979,1.15340256690979,1.15340256690979,1.15340256690979
1785870900.0,1.1535356044769287,1.1535356044769287,1.1535356044769287,1.1535356044769287
1785870960.0,1.15340256690979,1.15340256690979,1.15340256690979,1.15340256690979
1785871020.0,1.15340256690979,1.15340256690979,1.15340256690979,1.15340256690979
1785871080.0,1.15340256690979,1.15340256690979,1.15340256690979,1.15340256690979
1785871140.0,1.15340256690979,1.15340256690979,1.15340256690979,1.15340256690979
1785871200.0,1.1532695293426514,1.1532695293426514,1.1532695293426514,1.1532695293426514
1785871260.0,1.1532695293426514,1.1532695293426514,1.1532695293426514,1.1532695293426514
1785871320.0,1.15340256690979,1.15340256690979,1.15340256690979,1.15340256690979
1785871380.0,1.15340256690979,1.15340256690979,1.15340256690979,1.15340256690979
1785871440.0,1.15340256690979,1.15340256690979,1.15340256690979,1.15340256690979
1785871500.0,1.15340256690979,1.15340256690979,1.15340256690979,1.15340256690979
1785871560.0,1.15340256690979,1.15340256690979,1.15340256690979,1.15340256690979
1785871620.0,1.1535356044769287,1.1535356044769287,1.1535356044769287,1.1535356044769287
1785871680.0,1.1535356044769287,1.1535356044769287,1.1535356044769287,1.1535356044769287
1785871740.0,1.1535356044769287,1.1535356044769287,1.1535356044769287,1.1535356044769287
1785871800.0,1.1535356044769287,1.1535356044769287,1.1535356044769287,1.1535356044769287
1785871860.0,1.1535356044769287,1.1535356044769287,1.1535356044769287,1.1535356044769287
1785871920.0,1.15340256690979,1.15340256690979,1.15340256690979,1.15340256690979
1785871980.0,1.15340256690979,1.15340256690979,1.15340256690979,1.15340256690979
1785872040.0,1.15340256690979,1.15340256690979,1.15340256690979,1.15340256690979
1785872100.0,1.15340256690979,1.15340256690979,1.15340256690979,1.15340256690979
1785872160.0,1.1535356044769287,1.1535356044769287,1.1535356044769287,1.1535356044769287
1785872220.0,1.1535356044769287,1.1535356044769287,1.1535356044769287,1.1535356044769287
1785872280.0,1.1535356044769287,1.1535356044769287,1.1535356044769287,1.1535356044769287
1785872340.0,1.1535356044769287,1.1535356044769287,1.1535356044769287,1.1535356044769287
1785872400.0,1.1535356044769287,1.1535356044769287,1.1535356044769287,1.1535356044769287
1785872460.0,1.1535356044769287,1.1535356044769287,1.1535356044769287,1.1535356044769287
1785872520.0,1.1535356044769287,1.1535356044769287,1.1535356044769287,1.1535356044769287
1785872580.0,1.1535356044769287,1.1535356044769287,1.1535356044769287,1.1535356044769287
1785872640.0,1.1535356044769287,1.1535356044769287,1.1535356044769287,1.1535356044769287
1785872700.0,1.1535356044769287,1.1535356044769287,1.1535356044769287,1.1535356044769287
1785872760.0,1.1535356044769287,1.1535356044769287,1.1535356044769287,1.1535356044769287
1785872820.0,1.15340256690979,1.15340256690979,1.15340256690979,1.15340256690979
1785872880.0,1.15340256690979,1.15340256690979,1.15340256690979,1.15340256690979
1785872940.0,1.15340256690979,1.15340256690979,1.15340256690979,1.15340256690979
1785873000.0,1.15340256690979,1.15340256690979,1.15340256690979,1.15340256690979
1785873060.0,1.15340256690979,1.15340256690979,1.15340256690979,1.15340256690979
1785873120.0,1.1532695293426514,1.1532695293426514,1.1532695293426514,1.1532695293426514
1785873180.0,1.15340256690979,1.15340256690979,1.15340256690979,1.15340256690979
1785873240.0,1.1532695293426514,1.1532695293426514,1.1532695293426514,1.1532695293426514
1785873300.0,1.15340256690979,1.15340256690979,1.15340256690979,1.15340256690979
1785873360.0,1.1532695293426514,1.1532695293426514,1.1532695293426514,1.1532695293426514
1785873420.0,1.15340256690979,1.15340256690979,1.15340256690979,1.15340256690979
1785873480.0,1.15340256690979,1.15340256690979,1.15340256690979,1.15340256690979
1785873540.0,1.15340256690979,1.15340256690979,1.15340256690979,1.15340256690979
1785873600.0,1.15340256690979,1.15340256690979,1.15340256690979,1.15340256690979
1785873660.0,1.15340256690979,1.15340256690979,1.15340256690979,1.15340256690979
1785873720.0,1.1535356044769287,1.1535356044769287,1.1535356044769287,1.1535356044769287
1785873780.0,1.1535356044769287,1.1535356044769287,1.1535356044769287,1.1535356044769287
1785873840.0,1.1535356044769287,1.1535356044769287,1.1535356044769287,1.1535356044769287
1785873900.0,1.1535356044769287,1.1535356044769287,1.1535356044769287,1.1535356044769287
1785873960.0,1.15340256690979,1.15340256690979,1.15340256690979,1.15340256690979
1785874020.0,1.1535356044769287,1.1535356044769287,1.1535356044769287,1.1535356044769287
1785874080.0,1.1535356044769287,1.1535356044769287,1.1535356044769287,1.1535356044769287
1785874140.0,1.1535356044769287,1.1535356044769287,1.1535356044769287,1.1535356044769287
1785874200.0,1.1535356044769287,1.1535356044769287,1.1535356044769287,1.1535356044769287
1785874260.0,1.1535356044769287,1.1535356044769287,1.1535356044769287,1.1535356044769287
1785874320.0,1.15340256690979,1.15340256690979,1.15340256690979,1.15340256690979
1785874380.0,1.15340256690979,1.15340256690979,1.15340256690979,1.15340256690979
1785874440.0,1.1535356044769287,1.1535356044769287,1.1535356044769287,1.1535356044769287
1785874500.0,1.1535356044769287,1.1535356044769287,1.1535356044769287,1.1535356044769287
1785874560.0,1.1536686420440674,1.1536686420440674,1.1536686420440674,1.1536686420440674
1785874620.0,1.1535356044769287,1.1535356044769287,1.1535356044769287,1.1535356044769287
1785874680.0,1.1535356044769287,1.1535356044769287,1.1535356044769287,1.1535356044769287
1785874740.0,1.1535356044769287,1.1535356044769287,1.1535356044769287,1.1535356044769287
1785874800.0,1.1535356044769287,1.1535356044769287,1.1535356044769287,1.1535356044769287
1785874860.0,1.1536686420440674,1.1536686420440674,1.1536686420440674,1.1536686420440674
1785874920.0,1.1536686420440674,1.1536686420440674,1.1536686420440674,1.1536686420440674
1785874980.0,1.1536686420440674,1.1536686420440674,1.1536686420440674,1.1536686420440674
1785875040.0,1.1536686420440674,1.1536686420440674,1.1536686420440674,1.1536686420440674
1785875100.0,1.1536686420440674,1.1536686420440674,1.1536686420440674,1.1536686420440674
1785875160.0,1.1536686420440674,1.1536686420440674,1.1536686420440674,1.1536686420440674
1785875220.0,1.1536686420440674,1.1536686420440674,1.1536686420440674,1.1536686420440674
1785875280.0,1.1536686420440674,1.1536686420440674,1.1536686420440674,1.1536686420440674
1785875340.0,1.1535356044769287,1.1535356044769287,1.1535356044769287,1.1535356044769287
1785875400.0,1.1535356044769287,1.1535356044769287,1.1535356044769287,1.1535356044769287
1785875460.0,1.1535356044769287,1.1535356044769287,1.1535356044769287,1.1535356044769287
1785875520.0,1.1536686420440674,1.1536686420440674,1.1536686420440674,1.1536686420440674
1785875580.0,1.1535356044769287,1.1535356044769287,1.1535356044769287,1.1535356044769287
1785875640.0,1.1535356044769287,1.1535356044769287,1.1535356044769287,1.1535356044769287
1785875700.0,1.1535356044769287,1.1535356044769287,1.1535356044769287,1.1535356044769287
1785875760.0,1.1535356044769287,1.1535356044769287,1.1535356044769287,1.1535356044769287
1785875820.0,1.1535356044769287,1.1535356044769287,1.1535356044769287,1.1535356044769287
1785875880.0,1.1535356044769287,1.1535356044769287,1.1535356044769287,1.1535356044769287
1785875940.0,1.1535356044769287,1.1535356044769287,1.1535356044769287,1.1535356044769287
1785876000.0,1.15340256690979,1.15340256690979,1.15340256690979,1.15340256690979
1785876060.0,1.15340256690979,1.15340256690979,1.15340256690979,1.15340256690979
1785876120.0,1.15340256690979,1.15340256690979,1.15340256690979,1.15340256690979
1785876180.0,1.15340256690979,1.15340256690979,1.15340256690979,1.15340256690979
1785876240.0,1.15340256690979,1.15340256690979,1.15340256690979,1.15340256690979
1785876300.0,1.15340256690979,1.15340256690979,1.15340256690979,1.15340256690979
1785876360.0,1.1535356044769287,1.1535356044769287,1.1535356044769287,1.1535356044769287
1785876420.0,1.15340256690979,1.15340256690979,1.15340256690979,1.15340256690979
1785876480.0,1.1535356044769287,1.1535356044769287,1.1535356044769287,1.1535356044769287
1785876540.0,1.1535356044769287,1.1535356044769287,1.1535356044769287,1.1535356044769287
1785876600.0,1.1535356044769287,1.1535356044769287,1.1535356044769287,1.1535356044769287
1785876660.0,1.1535356044769287,1.1535356044769287,1.1535356044769287,1.1535356044769287
1785876720.0,1.1535356044769287,1.1535356044769287,1.1535356044769287,1.1535356044769287
1785876780.0,1.1535356044769287,1.1535356044769287,1.1535356044769287,1.1535356044769287
1785876840.0,1.1535356044769287,1.1535356044769287,1.1535356044769287,1.1535356044769287
1785876900.0,1.15340256690979,1.15340256690979,1.15340256690979,1.15340256690979
1785876960.0,1.1535356044769287,1.1535356044769287,1.1535356044769287,1.1535356044769287
1785877020.0,1.1536686420440674,1.1536686420440674,1.1536686420440674,1.1536686420440674
1785877080.0,1.1535356044769287,1.1535356044769287,1.1535356044769287,1.1535356044769287
1785877140.0,1.1535356044769287,1.1535356044769287,1.1535356044769287,1.1535356044769287
1785877200.0,1.1531364917755127,1.1531364917755127,1.1531364917755127,1.1531364917755127
1785877260.0,1.1531364917755127,1.1531364917755127,1.1531364917755127,1.1531364917755127
1785877320.0,1.1531364917755127,1.1531364917755127,1.1531364917755127,1.1531364917755127
1785877380.0,1.1531364917755127,1.1531364917755127,1.1531364917755127,1.1531364917755127
1785877440.0,1.1531364917755127,1.1531364917755127,1.1531364917755127,1.1531364917755127
1785877500.0,1.1530035734176636,1.1530035734176636,1.1530035734176636,1.1530035734176636
1785877560.0,1.1532695293426514,1.1532695293426514,1.1532695293426514,1.1532695293426514
1785877620.0,1.1532695293426514,1.1532695293426514,1.1532695293426514,1.1532695293426514
1785877680.0,1.1532695293426514,1.1532695293426514,1.1532695293426514,1.1532695293426514
1785877740.0,1.1531364917755127,1.1531364917755127,1.1531364917755127,1.1531364917755127
1785877800.0,1.1532695293426514,1.1532695293426514,1.1532695293426514,1.1532695293426514
1785877860.0,1.1531364917755127,1.1531364917755127,1.1531364917755127,1.1531364917755127
1785877920.0,1.1532695293426514,1.1532695293426514,1.1532695293426514,1.1532695293426514
1785877980.0,1.1532695293426514,1.1532695293426514,1.1532695293426514,1.1532695293426514
1785878040.0,1.1531364917755127,1.1531364917755127,1.1531364917755127,1.1531364917755127
1785878100.0,1.1531364917755127,1.1531364917755127,1.1531364917755127,1.1531364917755127
1785878160.0,1.1531364917755127,1.1531364917755127,1.1531364917755127,1.1531364917755127
1785878220.0,1.1532695293426514,1.1532695293426514,1.1532695293426514,1.1532695293426514
1785878280.0,1.1532695293426514,1.1532695293426514,1.1532695293426514,1.1532695293426514
1785878340.0,1.15340256690979,1.15340256690979,1.15340256690979,1.15340256690979
1785878400.0,1.1532695293426514,1.1532695293426514,1.1532695293426514,1.1532695293426514
1785878460.0,1.1532695293426514,1.1532695293426514,1.1532695293426514,1.1532695293426514
1785878520.0,1.1532695293426514,1.1532695293426514,1.1532695293426514,1.1532695293426514
1785878580.0,1.1532695293426514,1.1532695293426514,1.1532695293426514,1.1532695293426514
1785878640.0,1.1532695293426514,1.1532695293426514,1.1532695293426514,1.1532695293426514
1785878700.0,1.1532695293426514,1.1532695293426514,1.1532695293426514,1.1532695293426514
1785878760.0,1.1532695293426514,1.1532695293426514,1.1532695293426514,1.1532695293426514
1785878820.0,1.1532695293426514,1.1532695293426514,1.1532695293426514,1.1532695293426514
1785878880.0,1.1532695293426514,1.1532695293426514,1.1532695293426514,1.1532695293426514
1785878940.0,1.1531364917755127,1.1531364917755127,1.1531364917755127,1.1531364917755127
1785879000.0,1.1532695293426514,1.1532695293426514,1.1532695293426514,1.1532695293426514
1785879060.0,1.1532695293426514,1.1532695293426514,1.1532695293426514,1.1532695293426514
1785879120.0,1.15340256690979,1.15340256690979,1.15340256690979,1.15340256690979
1785879180.0,1.15340256690979,1.15340256690979,1.15340256690979,1.15340256690979
1785879240.0,1.15340256690979,1.15340256690979,1.15340256690979,1.15340256690979
1785879300.0,1.1532695293426514,1.1532695293426514,1.1532695293426514,1.1532695293426514
1785879360.0,1.15340256690979,1.15340256690979,1.15340256690979,1.15340256690979
1785879420.0,1.15340256690979,1.15340256690979,1.15340256690979,1.15340256690979
1785879480.0,1.15340256690979,1.15340256690979,1.15340256690979,1.15340256690979
1785879540.0,1.1532695293426514,1.1532695293426514,1.1532695293426514,1.1532695293426514
1785879600.0,1.1532695293426514,1.1532695293426514,1.1532695293426514,1.1532695293426514
1785879660.0,1.1531364917755127,1.1531364917755127,1.1531364917755127,1.1531364917755127
1785879720.0,1.15340256690979,1.15340256690979,1.15340256690979,1.15340256690979
1785879780.0,1.1532695293426514,1.1532695293426514,1.1532695293426514,1.1532695293426514
1785879840.0,1.15340256690979,1.15340256690979,1.15340256690979,1.15340256690979
1785879900.0,1.1532695293426514,1.1532695293426514,1.1532695293426514,1.1532695293426514
1785879960.0,1.1532695293426514,1.1532695293426514,1.1532695293426514,1.1532695293426514
1785880020.0,1.1532695293426514,1.1532695293426514,1.1532695293426514,1.1532695293426514
1785880080.0,1.1532695293426514,1.1532695293426514,1.1532695293426514,1.1532695293426514
1785880140.0,1.1532695293426514,1.1532695293426514,1.1532695293426514,1.1532695293426514
1785880200.0,1.15340256690979,1.15340256690979,1.15340256690979,1.15340256690979
1785880260.0,1.15340256690979,1.15340256690979,1.15340256690979,1.15340256690979
1785880320.0,1.15340256690979,1.15340256690979,1.15340256690979,1.15340256690979
1785880380.0,1.15340256690979,1.15340256690979,1.15340256690979,1.15340256690979
1785880440.0,1.15340256690979,1.15340256690979,1.15340256690979,1.15340256690979
1785880500.0,1.15340256690979,1.15340256690979,1.15340256690979,1.15340256690979
1785880560.0,1.15340256690979,1.15340256690979,1.15340256690979,1.15340256690979
1785880620.0,1.15340256690979,1.15340256690979,1.15340256690979,1.15340256690979
1785880680.0,1.1532695293426514,1.1532695293426514,1.1532695293426514,1.1532695293426514
1785880740.0,1.1532695293426514,1.1532695293426514,1.1532695293426514,1.1532695293426514
1785880800.0,1.15340256690979,1.15340256690979,1.15340256690979,1.15340256690979
1785880860.0,1.1535356044769287,1.1535356044769287,1.1535356044769287,1.1535356044769287
1785880920.0,1.15340256690979,1.15340256690979,1.15340256690979,1.15340256690979
1785880980.0,1.15340256690979,1.15340256690979,1.15340256690979,1.15340256690979
1785881040.0,1.15340256690979,1.15340256690979,1.15340256690979,1.15340256690979
1785881100.0,1.15340256690979,1.15340256690979,1.15340256690979,1.15340256690979
1785881160.0,1.15340256690979,1.15340256690979,1.15340256690979,1.15340256690979
1785881220.0,1.15340256690979,1.15340256690979,1.15340256690979,1.15340256690979
1785881280.0,1.15340256690979,1.15340256690979,1.15340256690979,1.15340256690979
1785881340.0,1.15340256690979,1.15340256690979,1.15340256690979,1.15340256690979
1785881400.0,1.15340256690979,1.15340256690979,1.15340256690979,1.15340256690979
1785881460.0,1.15340256690979,1.15340256690979,1.15340256690979,1.15340256690979
1785881520.0,1.15340256690979,1.15340256690979,1.15340256690979,1.15340256690979
1785881580.0,1.1535356044769287,1.1535356044769287,1.1535356044769287,1.1535356044769287
1785881640.0,1.1535356044769287,1.1535356044769287,1.1535356044769287,1.1535356044769287
1785881700.0,1.15340256690979,1.15340256690979,1.15340256690979,1.15340256690979
1785881760.0,1.15340256690979,1.15340256690979,1.15340256690979,1.15340256690979
1785881820.0,1.15340256690979,1.15340256690979,1.15340256690979,1.15340256690979
1785881880.0,1.15340256690979,1.15340256690979,1.15340256690979,1.15340256690979
1785881940.0,1.15340256690979,1.15340256690979,1.15340256690979,1.15340256690979
1785882000.0,1.15340256690979,1.15340256690979,1.15340256690979,1.15340256690979
1785882060.0,1.15340256690979,1.15340256690979,1.15340256690979,1.15340256690979
1785882120.0,1.15340256690979,1.15340256690979,1.15340256690979,1.15340256690979
1785882180.0,1.15340256690979,1.15340256690979,1.15340256690979,1.15340256690979
1785882240.0,1.15340256690979,1.15340256690979,1.15340256690979,1.15340256690979
1785882300.0,1.15340256690979,1.15340256690979,1.15340256690979,1.15340256690979
1785882360.0,1.15340256690979,1.15340256690979,1.15340256690979,1.15340256690979
1785882420.0,1.1535356044769287,1.1535356044769287,1.1535356044769287,1.1535356044769287
1785882480.0,1.15340256690979,1.15340256690979,1.15340256690979,1.15340256690979
1785882540.0,1.15340256690979,1.15340256690979,1.15340256690979,1.15340256690979
1785882600.0,1.15340256690979,1.15340256690979,1.15340256690979,1.15340256690979
1785882660.0,1.15340256690979,1.15340256690979,1.15340256690979,1.15340256690979
1785882720.0,1.1535356044769287,1.1535356044769287,1.1535356044769287,1.1535356044769287
1785882780.0,1.1535356044769287,1.1535356044769287,1.1535356044769287,1.1535356044769287
1785882840.0,1.1535356044769287,1.1535356044769287,1.1535356044769287,1.1535356044769287
1785882900.0,1.1535356044769287,1.1535356044769287,1.1535356044769287,1.1535356044769287
1785882960.0,1.1535356044769287,1.1535356044769287,1.1535356044769287,1.1535356044769287
1785883020.0,1.1535356044769287,1.1535356044769287,1.1535356044769287,1.1535356044769287
1785883080.0,1.1535356044769287,1.1535356044769287,1.1535356044769287,1.1535356044769287
1785883140.0,1.1535356044769287,1.1535356044769287,1.1535356044769287,1.1535356044769287
1785883200.0,1.1535356044769287,1.1535356044769287,1.1535356044769287,1.1535356044769287
1785883260.0,1.1535356044769287,1.1535356044769287,1.1535356044769287,1.1535356044769287
1785883320.0,1.1535356044769287,1.1535356044769287,1.1535356044769287,1.1535356044769287
1785883380.0,1.1535356044769287,1.1535356044769287,1.1535356044769287,1.1535356044769287
1785883440.0,1.1535356044769287,1.1535356044769287,1.1535356044769287,1.1535356044769287
1785883500.0,1.1535356044769287,1.1535356044769287,1.1535356044769287,1.1535356044769287
1785883560.0,1.15340256690979,1.15340256690979,1.15340256690979,1.15340256690979
1785883620.0,1.15340256690979,1.15340256690979,1.15340256690979,1.15340256690979
1785883680.0,1.1535356044769287,1.1535356044769287,1.1535356044769287,1.1535356044769287
1785883740.0,1.1535356044769287,1.1535356044769287,1.1535356044769287,1.1535356044769287
1785883800.0,1.1535356044769287,1.1535356044769287,1.1535356044769287,1.1535356044769287
1785883860.0,1.1535356044769287,1.1535356044769287,1.1535356044769287,1.1535356044769287
1785883920.0,1.1535356044769287,1.1535356044769287,1.1535356044769287,1.1535356044769287
1785883980.0,1.1535356044769287,1.1535356044769287,1.1535356044769287,1.1535356044769287
1785884040.0,1.1535356044769287,1.1535356044769287,1.1535356044769287,1.1535356044769287
1785884100.0,1.1535356044769287,1.1535356044769287,1.1535356044769287,1.1535356044769287
1785884160.0,1.1535356044769287,1.1535356044769287,1.1535356044769287,1.1535356044769287
1785884220.0,1.1535356044769287,1.1535356044769287,1.1535356044769287,1.1535356044769287
1785884280.0,1.1535356044769287,1.1535356044769287,1.1535356044769287,1.1535356044769287
1785884400.0,1.1535356044769287,1.1535356044769287,1.1535356044769287,1.1535356044769287
1785884460.0,1.1535356044769287,1.1535356044769287,1.1535356044769287,1.1535356044769287
1785884520.0,1.15340256690979,1.15340256690979,1.15340256690979,1.15340256690979
1785884580.0,1.15340256690979,1.15340256690979,1.15340256690979,1.15340256690979
1785884640.0,1.1535356044769287,1.1535356044769287,1.1535356044769287,1.1535356044769287
1785884700.0,1.1535356044769287,1.1535356044769287,1.1535356044769287,1.1535356044769287
1785884760.0,1.1535356044769287,1.1535356044769287,1.1535356044769287,1.1535356044769287
1785884820.0,1.1536686420440674,1.1536686420440674,1.1536686420440674,1.1536686420440674
1785884880.0,1.1536686420440674,1.1536686420440674,1.1536686420440674,1.1536686420440674
1785884940.0,1.1536686420440674,1.1536686420440674,1.1536686420440674,1.1536686420440674
1785885000.0,1.1535356044769287,1.1535356044769287,1.1535356044769287,1.1535356044769287
1785885060.0,1.1535356044769287,1.1535356044769287,1.1535356044769287,1.1535356044769287
1785885120.0,1.1535356044769287,1.1535356044769287,1.1535356044769287,1.1535356044769287
1785885180.0,1.1535356044769287,1.1535356044769287,1.1535356044769287,1.1535356044769287
1785885240.0,1.1535356044769287,1.1535356044769287,1.1535356044769287,1.1535356044769287
1785885300.0,1.1535356044769287,1.1535356044769287,1.1535356044769287,1.1535356044769287
1785885360.0,1.1535356044769287,1.1535356044769287,1.1535356044769287,1.1535356044769287
1785885420.0,1.1535356044769287,1.1535356044769287,1.1535356044769287,1.1535356044769287
1785885480.0,1.1535356044769287,1.1535356044769287,1.1535356044769287,1.1535356044769287
1785885540.0,1.15340256690979,1.15340256690979,1.15340256690979,1.15340256690979
1785885600.0,1.15340256690979,1.15340256690979,1.15340256690979,1.15340256690979
1785885660.0,1.15340256690979,1.15340256690979,1.15340256690979,1.15340256690979
1785885720.0,1.15340256690979,1.15340256690979,1.15340256690979,1.15340256690979
1785885780.0,1.15340256690979,1.15340256690979,1.15340256690979,1.15340256690979
1785885840.0,1.15340256690979,1.15340256690979,1.15340256690979,1.15340256690979
1785885900.0,1.15340256690979,1.15340256690979,1.15340256690979,1.15340256690979
1785885960.0,1.15340256690979,1.15340256690979,1.15340256690979,1.15340256690979
1785886020.0,1.15340256690979,1.15340256690979,1.15340256690979,1.15340256690979
1785886080.0,1.15340256690979,1.15340256690979,1.15340256690979,1.15340256690979
1785886140.0,1.15340256690979,1.15340256690979,1.15340256690979,1.15340256690979
1785886200.0,1.15340256690979,1.15340256690979,1.15340256690979,1.15340256690979
1785886260.0,1.15340256690979,1.15340256690979,1.15340256690979,1.15340256690979
1785886320.0,1.15340256690979,1.15340256690979,1.15340256690979,1.15340256690979
1785886380.0,1.15340256690979,1.15340256690979,1.15340256690979,1.15340256690979
1785886440.0,1.15340256690979,1.15340256690979,1.15340256690979,1.15340256690979
1785886500.0,1.15340256690979,1.15340256690979,1.15340256690979,1.15340256690979
1785886560.0,1.15340256690979,1.15340256690979,1.15340256690979,1.15340256690979
1785886620.0,1.1532695293426514,1.1532695293426514,1.1532695293426514,1.1532695293426514
1785886680.0,1.15340256690979,1.15340256690979,1.15340256690979,1.15340256690979
1785886740.0,1.15340256690979,1.15340256690979,1.15340256690979,1.15340256690979
1785886800.0,1.15340256690979,1.15340256690979,1.15340256690979,1.15340256690979
1785886860.0,1.15340256690979,1.15340256690979,1.15340256690979,1.15340256690979
1785886920.0,1.1532695293426514,1.1532695293426514,1.1532695293426514,1.1532695293426514
1785886980.0,1.15340256690979,1.15340256690979,1.15340256690979,1.15340256690979
1785887040.0,1.15340256690979,1.15340256690979,1.15340256690979,1.15340256690979
1785887100.0,1.15340256690979,1.15340256690979,1.15340256690979,1.15340256690979
1785887160.0,1.15340256690979,1.15340256690979,1.15340256690979,1.15340256690979
1785887220.0,1.15340256690979,1.15340256690979,1.15340256690979,1.15340256690979
1785887280.0,1.15340256690979,1.15340256690979,1.15340256690979,1.15340256690979
1785887340.0,1.15340256690979,1.15340256690979,1.15340256690979,1.15340256690979
1785887400.0,1.1535356044769287,1.1535356044769287,1.1535356044769287,1.1535356044769287
1785887460.0,1.15340256690979,1.15340256690979,1.15340256690979,1.15340256690979
1785887520.0,1.15340256690979,1.15340256690979,1.15340256690979,1.15340256690979
1785887580.0,1.15340256690979,1.15340256690979,1.15340256690979,1.15340256690979
1785887640.0,1.15340256690979,1.15340256690979,1.15340256690979,1.15340256690979
1785887700.0,1.1535356044769287,1.1535356044769287,1.1535356044769287,1.1535356044769287
1785887760.0,1.1535356044769287,1.1535356044769287,1.1535356044769287,1.1535356044769287
1785887820.0,1.1535356044769287,1.1535356044769287,1.1535356044769287,1.1535356044769287
1785887880.0,1.1535356044769287,1.1535356044769287,1.1535356044769287,1.1535356044769287
1785887940.0,1.1535356044769287,1.1535356044769287,1.1535356044769287,1.1535356044769287
1785888000.0,1.1535356044769287,1.1535356044769287,1.1535356044769287,1.1535356044769287
1785888060.0,1.1536686420440674,1.1536686420440674,1.1536686420440674,1.1536686420440674
1785888120.0,1.1538017988204956,1.1538017988204956,1.1538017988204956,1.1538017988204956
1785888180.0,1.1536686420440674,1.1536686420440674,1.1536686420440674,1.1536686420440674
1785888240.0,1.1536686420440674,1.1536686420440674,1.1536686420440674,1.1536686420440674
1785888300.0,1.1538017988204956,1.1538017988204956,1.1538017988204956,1.1538017988204956
1785888360.0,1.1538017988204956,1.1538017988204956,1.1538017988204956,1.1538017988204956
1785888420.0,1.1538017988204956,1.1538017988204956,1.1538017988204956,1.1538017988204956
1785888480.0,1.1536686420440674,1.1536686420440674,1.1536686420440674,1.1536686420440674
1785888540.0,1.1538017988204956,1.1538017988204956,1.1538017988204956,1.1538017988204956
1785888600.0,1.1536686420440674,1.1536686420440674,1.1536686420440674,1.1536686420440674
1785888660.0,1.1535356044769287,1.1535356044769287,1.1535356044769287,1.1535356044769287
1785888720.0,1.1535356044769287,1.1535356044769287,1.1535356044769287,1.1535356044769287
1785888780.0,1.1536686420440674,1.1536686420440674,1.1536686420440674,1.1536686420440674
1785888840.0,1.1536686420440674,1.1536686420440674,1.1536686420440674,1.1536686420440674
1785888900.0,1.1536686420440674,1.1536686420440674,1.1536686420440674,1.1536686420440674
1785888960.0,1.1536686420440674,1.1536686420440674,1.1536686420440674,1.1536686420440674
1785889020.0,1.1536686420440674,1.1536686420440674,1.1536686420440674,1.1536686420440674
1785889080.0,1.1536686420440674,1.1536686420440674,1.1536686420440674,1.1536686420440674
1785889140.0,1.1536686420440674,1.1536686420440674,1.1536686420440674,1.1536686420440674
1785889200.0,1.1536686420440674,1.1536686420440674,1.1536686420440674,1.1536686420440674
1785889260.0,1.1536686420440674,1.1536686420440674,1.1536686420440674,1.1536686420440674
1785889320.0,1.1536686420440674,1.1536686420440674,1.1536686420440674,1.1536686420440674
1785889380.0,1.1538017988204956,1.1538017988204956,1.1538017988204956,1.1538017988204956
1785889440.0,1.1538017988204956,1.1538017988204956,1.1538017988204956,1.1538017988204956
1785889500.0,1.1538017988204956,1.1538017988204956,1.1538017988204956,1.1538017988204956
1785889560.0,1.1538017988204956,1.1538017988204956,1.1538017988204956,1.1538017988204956
1785889620.0,1.1538017988204956,1.1538017988204956,1.1538017988204956,1.1538017988204956
1785889680.0,1.1538017988204956,1.1538017988204956,1.1538017988204956,1.1538017988204956
1785889740.0,1.1538017988204956,1.1538017988204956,1.1538017988204956,1.1538017988204956
1785889800.0,1.1538017988204956,1.1538017988204956,1.1538017988204956,1.1538017988204956
1785889860.0,1.1538017988204956,1.1538017988204956,1.1538017988204956,1.1538017988204956
1785889920.0,1.1538017988204956,1.1538017988204956,1.1538017988204956,1.1538017988204956
1785889980.0,1.1536686420440674,1.1536686420440674,1.1536686420440674,1.1536686420440674
1785890040.0,1.1536686420440674,1.1536686420440674,1.1536686420440674,1.1536686420440674
1785890100.0,1.1536686420440674,1.1536686420440674,1.1536686420440674,1.1536686420440674
1785890160.0,1.1536686420440674,1.1536686420440674,1.1536686420440674,1.1536686420440674
1785890220.0,1.1536686420440674,1.1536686420440674,1.1536686420440674,1.1536686420440674
1785890280.0,1.1538017988204956,1.1538017988204956,1.1538017988204956,1.1538017988204956
1785890340.0,1.1538017988204956,1.1538017988204956,1.1538017988204956,1.1538017988204956
1785890400.0,1.1538017988204956,1.1538017988204956,1.1538017988204956,1.1538017988204956
1785890460.0,1.1538017988204956,1.1538017988204956,1.1538017988204956,1.1538017988204956
1785890520.0,1.1538017988204956,1.1538017988204956,1.1538017988204956,1.1538017988204956
1785890580.0,1.1538017988204956,1.1538017988204956,1.1538017988204956,1.1538017988204956
1785890640.0,1.1536686420440674,1.1536686420440674,1.1536686420440674,1.1536686420440674
1785890700.0,1.1535356044769287,1.1535356044769287,1.1535356044769287,1.1535356044769287
1785890760.0,1.15340256690979,1.15340256690979,1.15340256690979,1.15340256690979
1785890820.0,1.15340256690979,1.15340256690979,1.15340256690979,1.15340256690979
1785890880.0,1.15340256690979,1.15340256690979,1.15340256690979,1.15340256690979
1785890940.0,1.15340256690979,1.15340256690979,1.15340256690979,1.15340256690979
1785891000.0,1.15340256690979,1.15340256690979,1.15340256690979,1.15340256690979
1785891060.0,1.15340256690979,1.15340256690979,1.15340256690979,1.15340256690979
1785891120.0,1.15340256690979,1.15340256690979,1.15340256690979,1.15340256690979
1785891180.0,1.1535356044769287,1.1535356044769287,1.1535356044769287,1.1535356044769287
1785891240.0,1.1536686420440674,1.1536686420440674,1.1536686420440674,1.1536686420440674
1785891300.0,1.1535356044769287,1.1535356044769287,1.1535356044769287,1.1535356044769287
1785891360.0,1.1536686420440674,1.1536686420440674,1.1536686420440674,1.1536686420440674
1785891420.0,1.1535356044769287,1.1535356044769287,1.1535356044769287,1.1535356044769287
1785891480.0,1.15340256690979,1.15340256690979,1.15340256690979,1.15340256690979
1785891540.0,1.15340256690979,1.15340256690979,1.15340256690979,1.15340256690979
1785891600.0,1.1532695293426514,1.1532695293426514,1.1532695293426514,1.1532695293426514
1785891660.0,1.1532695293426514,1.1532695293426514,1.1532695293426514,1.1532695293426514
1785891720.0,1.1532695293426514,1.1532695293426514,1.1532695293426514,1.1532695293426514
1785891780.0,1.1532695293426514,1.1532695293426514,1.1532695293426514,1.1532695293426514
1785891840.0,1.1532695293426514,1.1532695293426514,1.1532695293426514,1.1532695293426514
1785891900.0,1.15340256690979,1.15340256690979,1.15340256690979,1.15340256690979
1785891960.0,1.15340256690979,1.15340256690979,1.15340256690979,1.15340256690979
1785892020.0,1.15340256690979,1.15340256690979,1.15340256690979,1.15340256690979
1785892080.0,1.15340256690979,1.15340256690979,1.15340256690979,1.15340256690979
1785892140.0,1.1535356044769287,1.1535356044769287,1.1535356044769287,1.1535356044769287
1785892200.0,1.15340256690979,1.15340256690979,1.15340256690979,1.15340256690979
1785892260.0,1.15340256690979,1.15340256690979,1.15340256690979,1.15340256690979
1785892320.0,1.15340256690979,1.15340256690979,1.15340256690979,1.15340256690979
1785892380.0,1.1532695293426514,1.1532695293426514,1.1532695293426514,1.1532695293426514
1785892440.0,1.15340256690979,1.15340256690979,1.15340256690979,1.15340256690979
1785892500.0,1.15340256690979,1.15340256690979,1.15340256690979,1.15340256690979
1785892560.0,1.15340256690979,1.15340256690979,1.15340256690979,1.15340256690979
1785892620.0,1.15340256690979,1.15340256690979,1.15340256690979,1.15340256690979
1785892680.0,1.15340256690979,1.15340256690979,1.15340256690979,1.15340256690979
1785892740.0,1.1535356044769287,1.1535356044769287,1.1535356044769287,1.1535356044769287
1785892800.0,1.15340256690979,1.15340256690979,1.15340256690979,1.15340256690979
1785892860.0,1.15340256690979,1.15340256690979,1.15340256690979,1.15340256690979
1785892920.0,1.1532695293426514,1.1532695293426514,1.1532695293426514,1.1532695293426514
1785892980.0,1.1532695293426514,1.1532695293426514,1.1532695293426514,1.1532695293426514
1785893040.0,1.1531364917755127,1.1531364917755127,1.1531364917755127,1.1531364917755127
1785893100.0,1.1531364917755127,1.1531364917755127,1.1531364917755127,1.1531364917755127
1785893160.0,1.1531364917755127,1.1531364917755127,1.1531364917755127,1.1531364917755127
1785893220.0,1.1531364917755127,1.1531364917755127,1.1531364917755127,1.1531364917755127
1785893280.0,1.1531364917755127,1.1531364917755127,1.1531364917755127,1.1531364917755127
1785893340.0,1.1531364917755127,1.1531364917755127,1.1531364917755127,1.1531364917755127
1785893400.0,1.1532695293426514,1.1532695293426514,1.1532695293426514,1.1532695293426514
1785893460.0,1.1531364917755127,1.1531364917755127,1.1531364917755127,1.1531364917755127
1785893520.0,1.1531364917755127,1.1531364917755127,1.1531364917755127,1.1531364917755127
1785893580.0,1.1531364917755127,1.1531364917755127,1.1531364917755127,1.1531364917755127
1785893640.0,1.1531364917755127,1.1531364917755127,1.1531364917755127,1.1531364917755127
1785893700.0,1.1531364917755127,1.1531364917755127,1.1531364917755127,1.1531364917755127
1785893760.0,1.1531364917755127,1.1531364917755127,1.1531364917755127,1.1531364917755127
1785893820.0,1.1531364917755127,1.1531364917755127,1.1531364917755127,1.1531364917755127
1785893880.0,1.1531364917755127,1.1531364917755127,1.1531364917755127,1.1531364917755127
1785893940.0,1.1531364917755127,1.1531364917755127,1.1531364917755127,1.1531364917755127
1785894000.0,1.1531364917755127,1.1531364917755127,1.1531364917755127,1.1531364917755127
1785894060.0,1.1531364917755127,1.1531364917755127,1.1531364917755127,1.1531364917755127
1785894120.0,1.1531364917755127,1.1531364917755127,1.1531364917755127,1.1531364917755127
1785894180.0,1.1531364917755127,1.1531364917755127,1.1531364917755127,1.1531364917755127
1785894240.0,1.1531364917755127,1.1531364917755127,1.1531364917755127,1.1531364917755127
1785894300.0,1.1531364917755127,1.1531364917755127,1.1531364917755127,1.1531364917755127
1785894360.0,1.1531364917755127,1.1531364917755127,1.1531364917755127,1.1531364917755127
1785894420.0,1.1530035734176636,1.1530035734176636,1.1530035734176636,1.1530035734176636
1785894480.0,1.1531364917755127,1.1531364917755127,1.1531364917755127,1.1531364917755127
1785894540.0,1.1531364917755127,1.1531364917755127,1.1531364917755127,1.1531364917755127
1785894600.0,1.1531364917755127,1.1531364917755127,1.1531364917755127,1.1531364917755127
1785894660.0,1.1531364917755127,1.1531364917755127,1.1531364917755127,1.1531364917755127
1785894720.0,1.1531364917755127,1.1531364917755127,1.1531364917755127,1.1531364917755127
1785894780.0,1.1531364917755127,1.1531364917755127,1.1531364917755127,1.1531364917755127
1785894840.0,1.1531364917755127,1.1531364917755127,1.1531364917755127,1.1531364917755127
1785894900.0,1.1531364917755127,1.1531364917755127,1.1531364917755127,1.1531364917755127
1785894960.0,1.1531364917755127,1.1531364917755127,1.1531364917755127,1.1531364917755127
1785895020.0,1.1531364917755127,1.1531364917755127,1.1531364917755127,1.1531364917755127
1785895080.0,1.1530035734176636,1.1530035734176636,1.1530035734176636,1.1530035734176636
1785895140.0,1.1530035734176636,1.1530035734176636,1.1530035734176636,1.1530035734176636
1785895200.0,1.1531364917755127,1.1531364917755127,1.1531364917755127,1.1531364917755127
1785895260.0,1.1532695293426514,1.1532695293426514,1.1532695293426514,1.1532695293426514
1785895320.0,1.1531364917755127,1.1531364917755127,1.1531364917755127,1.1531364917755127
1785895380.0,1.1532695293426514,1.1532695293426514,1.1532695293426514,1.1532695293426514
1785895440.0,1.1532695293426514,1.1532695293426514,1.1532695293426514,1.1532695293426514
1785895500.0,1.15340256690979,1.15340256690979,1.15340256690979,1.15340256690979
1785895560.0,1.15340256690979,1.15340256690979,1.15340256690979,1.15340256690979
1785895620.0,1.15340256690979,1.15340256690979,1.15340256690979,1.15340256690979
1785895680.0,1.15340256690979,1.15340256690979,1.15340256690979,1.15340256690979
1785895740.0,1.15340256690979,1.15340256690979,1.15340256690979,1.15340256690979
1785895800.0,1.1532695293426514,1.1532695293426514,1.1532695293426514,1.1532695293426514
1785895860.0,1.1532695293426514,1.1532695293426514,1.1532695293426514,1.1532695293426514
1785895920.0,1.1532695293426514,1.1532695293426514,1.1532695293426514,1.1532695293426514
1785895980.0,1.1532695293426514,1.1532695293426514,1.1532695293426514,1.1532695293426514
1785896040.0,1.1532695293426514,1.1532695293426514,1.1532695293426514,1.1532695293426514
1785896100.0,1.1532695293426514,1.1532695293426514,1.1532695293426514,1.1532695293426514
1785896160.0,1.1532695293426514,1.1532695293426514,1.1532695293426514,1.1532695293426514
1785896220.0,1.15340256690979,1.15340256690979,1.15340256690979,1.15340256690979
1785896280.0,1.1532695293426514,1.1532695293426514,1.1532695293426514,1.1532695293426514
1785896340.0,1.15340256690979,1.15340256690979,1.15340256690979,1.15340256690979
1785896400.0,1.1535356044769287,1.1535356044769287,1.1535356044769287,1.1535356044769287
1785896460.0,1.1536686420440674,1.1536686420440674,1.1536686420440674,1.1536686420440674
1785896520.0,1.1535356044769287,1.1535356044769287,1.1535356044769287,1.1535356044769287
1785896580.0,1.1536686420440674,1.1536686420440674,1.1536686420440674,1.1536686420440674
1785896640.0,1.1536686420440674,1.1536686420440674,1.1536686420440674,1.1536686420440674
1785896700.0,1.1538017988204956,1.1538017988204956,1.1538017988204956,1.1538017988204956
1785896760.0,1.1538017988204956,1.1538017988204956,1.1538017988204956,1.1538017988204956
1785896820.0,1.1538017988204956,1.1538017988204956,1.1538017988204956,1.1538017988204956
1785896880.0,1.1536686420440674,1.1536686420440674,1.1536686420440674,1.1536686420440674
1785896940.0,1.1536686420440674,1.1536686420440674,1.1536686420440674,1.1536686420440674
1785897000.0,1.1536686420440674,1.1536686420440674,1.1536686420440674,1.1536686420440674
1785897060.0,1.1536686420440674,1.1536686420440674,1.1536686420440674,1.1536686420440674
1785897120.0,1.1536686420440674,1.1536686420440674,1.1536686420440674,1.1536686420440674
1785897180.0,1.1538017988204956,1.1538017988204956,1.1538017988204956,1.1538017988204956
1785897240.0,1.1538017988204956,1.1538017988204956,1.1538017988204956,1.1538017988204956
1785897300.0,1.1538017988204956,1.1538017988204956,1.1538017988204956,1.1538017988204956
1785897360.0,1.1538017988204956,1.1538017988204956,1.1538017988204956,1.1538017988204956
1785897420.0,1.1539349555969238,1.1539349555969238,1.1539349555969238,1.1539349555969238
1785897480.0,1.1539349555969238,1.1539349555969238,1.1539349555969238,1.1539349555969238
1785897540.0,1.1539349555969238,1.1539349555969238,1.1539349555969238,1.1539349555969238
1785897600.0,1.154068112373352,1.154068112373352,1.154068112373352,1.154068112373352
1785897660.0,1.154334545135498,1.154334545135498,1.154334545135498,1.154334545135498
1785897720.0,1.154334545135498,1.154334545135498,1.154334545135498,1.154334545135498
1785897780.0,1.154334545135498,1.154334545135498,1.154334545135498,1.154334545135498
1785897840.0,1.154334545135498,1.154334545135498,1.154334545135498,1.154334545135498
1785897900.0,1.154334545135498,1.154334545135498,1.154334545135498,1.154334545135498
1785897960.0,1.1542012691497803,1.1542012691497803,1.1542012691497803,1.1542012691497803
1785898020.0,1.1542012691497803,1.1542012691497803,1.1542012691497803,1.1542012691497803
1785898080.0,1.154068112373352,1.154068112373352,1.154068112373352,1.154068112373352
1785898140.0,1.154068112373352,1.154068112373352,1.154068112373352,1.154068112373352
1785898200.0,1.154068112373352,1.154068112373352,1.154068112373352,1.154068112373352
1785898260.0,1.154068112373352,1.154068112373352,1.154068112373352,1.154068112373352
1785898320.0,1.154068112373352,1.154068112373352,1.154068112373352,1.154068112373352
1785898380.0,1.1539349555969238,1.1539349555969238,1.1539349555969238,1.1539349555969238
1785898440.0,1.154068112373352,1.154068112373352,1.154068112373352,1.154068112373352
1785898500.0,1.154068112373352,1.154068112373352,1.154068112373352,1.154068112373352
1785898560.0,1.154068112373352,1.154068112373352,1.154068112373352,1.154068112373352
1785898620.0,1.1539349555969238,1.1539349555969238,1.1539349555969238,1.1539349555969238
1785898680.0,1.1539349555969238,1.1539349555969238,1.1539349555969238,1.1539349555969238
1785898740.0,1.1538017988204956,1.1538017988204956,1.1538017988204956,1.1538017988204956
1785898800.0,1.1538017988204956,1.1538017988204956,1.1538017988204956,1.1538017988204956
1785898860.0,1.1538017988204956,1.1538017988204956,1.1538017988204956,1.1538017988204956
1785898920.0,1.1539349555969238,1.1539349555969238,1.1539349555969238,1.1539349555969238
1785898980.0,1.154068112373352,1.154068112373352,1.154068112373352,1.154068112373352
1785899040.0,1.154068112373352,1.154068112373352,1.154068112373352,1.154068112373352
1785899100.0,1.1542012691497803,1.1542012691497803,1.1542012691497803,1.1542012691497803
1785899160.0,1.154068112373352,1.154068112373352,1.154068112373352,1.154068112373352
1785899220.0,1.1542012691497803,1.1542012691497803,1.1542012691497803,1.1542012691497803
1785899280.0,1.154334545135498,1.154334545135498,1.154334545135498,1.154334545135498
1785899340.0,1.154334545135498,1.154334545135498,1.154334545135498,1.154334545135498
1785899400.0,1.154334545135498,1.154334545135498,1.154334545135498,1.154334545135498
1785899460.0,1.1544678211212158,1.1544678211212158,1.1544678211212158,1.1544678211212158
1785899520.0,1.154334545135498,1.154334545135498,1.154334545135498,1.154334545135498
1785899580.0,1.154334545135498,1.154334545135498,1.154334545135498,1.154334545135498
1785899640.0,1.154334545135498,1.154334545135498,1.154334545135498,1.154334545135498
1785899700.0,1.154334545135498,1.154334545135498,1.154334545135498,1.154334545135498
1785899760.0,1.154334545135498,1.154334545135498,1.154334545135498,1.154334545135498
1785899820.0,1.154334545135498,1.154334545135498,1.154334545135498,1.154334545135498
1785899880.0,1.154334545135498,1.154334545135498,1.154334545135498,1.154334545135498
1785899940.0,1.154334545135498,1.154334545135498,1.154334545135498,1.154334545135498
1785900000.0,1.1542012691497803,1.1542012691497803,1.1542012691497803,1.1542012691497803
1785900060.0,1.1542012691497803,1.1542012691497803,1.1542012691497803,1.1542012691497803
1785900120.0,1.1542012691497803,1.1542012691497803,1.1542012691497803,1.1542012691497803
1785900180.0,1.1542012691497803,1.1542012691497803,1.1542012691497803,1.1542012691497803
1785900240.0,1.1542012691497803,1.1542012691497803,1.1542012691497803,1.1542012691497803
1785900300.0,1.1542012691497803,1.1542012691497803,1.1542012691497803,1.1542012691497803
1785900360.0,1.1542012691497803,1.1542012691497803,1.1542012691497803,1.1542012691497803
1785900420.0,1.154068112373352,1.154068112373352,1.154068112373352,1.154068112373352
1785900480.0,1.154068112373352,1.154068112373352,1.154068112373352,1.154068112373352
1785900540.0,1.154068112373352,1.154068112373352,1.154068112373352,1.154068112373352
1785900600.0,1.1539349555969238,1.1539349555969238,1.1539349555969238,1.1539349555969238
1785900660.0,1.1539349555969238,1.1539349555969238,1.1539349555969238,1.1539349555969238
1785900720.0,1.154068112373352,1.154068112373352,1.154068112373352,1.154068112373352
1785900780.0,1.1539349555969238,1.1539349555969238,1.1539349555969238,1.1539349555969238
1785900840.0,1.154068112373352,1.154068112373352,1.154068112373352,1.154068112373352
1785900900.0,1.1539349555969238,1.1539349555969238,1.1539349555969238,1.1539349555969238
1785900960.0,1.1539349555969238,1.1539349555969238,1.1539349555969238,1.1539349555969238
1785901020.0,1.1539349555969238,1.1539349555969238,1.1539349555969238,1.1539349555969238
1785901080.0,1.1539349555969238,1.1539349555969238,1.1539349555969238,1.1539349555969238
1785901140.0,1.1539349555969238,1.1539349555969238,1.1539349555969238,1.1539349555969238
1785901200.0,1.1539349555969238,1.1539349555969238,1.1539349555969238,1.1539349555969238
1785901260.0,1.1539349555969238,1.1539349555969238,1.1539349555969238,1.1539349555969238
1785901320.0,1.1539349555969238,1.1539349555969238,1.1539349555969238,1.1539349555969238
1785901380.0,1.1539349555969238,1.1539349555969238,1.1539349555969238,1.1539349555969238
1785901440.0,1.1539349555969238,1.1539349555969238,1.1539349555969238,1.1539349555969238
1785901500.0,1.1539349555969238,1.1539349555969238,1.1539349555969238,1.1539349555969238
1785901560.0,1.1539349555969238,1.1539349555969238,1.1539349555969238,1.1539349555969238
1785901620.0,1.154068112373352,1.154068112373352,1.154068112373352,1.154068112373352
1785901680.0,1.1539349555969238,1.1539349555969238,1.1539349555969238,1.1539349555969238
1785901740.0,1.154068112373352,1.154068112373352,1.154068112373352,1.154068112373352
1785901800.0,1.154068112373352,1.154068112373352,1.154068112373352,1.154068112373352
1785901860.0,1.154068112373352,1.154068112373352,1.154068112373352,1.154068112373352
1785901920.0,1.154068112373352,1.154068112373352,1.154068112373352,1.154068112373352
1785901980.0,1.154068112373352,1.154068112373352,1.154068112373352,1.154068112373352
1785902040.0,1.154068112373352,1.154068112373352,1.154068112373352,1.154068112373352
1785902100.0,1.1539349555969238,1.1539349555969238,1.1539349555969238,1.1539349555969238
1785902160.0,1.154068112373352,1.154068112373352,1.154068112373352,1.154068112373352
1785902220.0,1.154068112373352,1.154068112373352,1.154068112373352,1.154068112373352
1785902280.0,1.154068112373352,1.154068112373352,1.154068112373352,1.154068112373352
1785902340.0,1.154068112373352,1.154068112373352,1.154068112373352,1.154068112373352
1785902400.0,1.154068112373352,1.154068112373352,1.154068112373352,1.154068112373352
1785902460.0,1.154068112373352,1.154068112373352,1.154068112373352,1.154068112373352
1785902520.0,1.154068112373352,1.154068112373352,1.154068112373352,1.154068112373352
1785902580.0,1.154068112373352,1.154068112373352,1.154068112373352,1.154068112373352
1785902640.0,1.1542012691497803,1.1542012691497803,1.1542012691497803,1.1542012691497803
1785902700.0,1.1542012691497803,1.1542012691497803,1.1542012691497803,1.1542012691497803
1785902760.0,1.1542012691497803,1.1542012691497803,1.1542012691497803,1.1542012691497803
1785902820.0,1.1542012691497803,1.1542012691497803,1.1542012691497803,1.1542012691497803
1785902880.0,1.1542012691497803,1.1542012691497803,1.1542012691497803,1.1542012691497803
1785902940.0,1.1542012691497803,1.1542012691497803,1.1542012691497803,1.1542012691497803
1785903000.0,1.1542012691497803,1.1542012691497803,1.1542012691497803,1.1542012691497803
1785903060.0,1.1542012691497803,1.1542012691497803,1.1542012691497803,1.1542012691497803
1785903120.0,1.1542012691497803,1.1542012691497803,1.1542012691497803,1.1542012691497803
1785903180.0,1.1542012691497803,1.1542012691497803,1.1542012691497803,1.1542012691497803
1785903240.0,1.1542012691497803,1.1542012691497803,1.1542012691497803,1.1542012691497803
1785903300.0,1.1542012691497803,1.1542012691497803,1.1542012691497803,1.1542012691497803
1785903360.0,1.1542012691497803,1.1542012691497803,1.1542012691497803,1.1542012691497803
1785903420.0,1.154334545135498,1.154334545135498,1.154334545135498,1.154334545135498
1785903480.0,1.154334545135498,1.154334545135498,1.154334545135498,1.154334545135498
1785903540.0,1.1542012691497803,1.1542012691497803,1.1542012691497803,1.1542012691497803
1785903600.0,1.154334545135498,1.154334545135498,1.154334545135498,1.154334545135498
1785903660.0,1.154334545135498,1.154334545135498,1.154334545135498,1.154334545135498
1785903720.0,1.154334545135498,1.154334545135498,1.154334545135498,1.154334545135498
1785903780.0,1.154334545135498,1.154334545135498,1.154334545135498,1.154334545135498
1785903840.0,1.154334545135498,1.154334545135498,1.154334545135498,1.154334545135498
1785903900.0,1.154334545135498,1.154334545135498,1.154334545135498,1.154334545135498
1785903960.0,1.154334545135498,1.154334545135498,1.154334545135498,1.154334545135498
1785904020.0,1.1542012691497803,1.1542012691497803,1.1542012691497803,1.1542012691497803
1785904080.0,1.1542012691497803,1.1542012691497803,1.1542012691497803,1.1542012691497803
1785904140.0,1.1542012691497803,1.1542012691497803,1.1542012691497803,1.1542012691497803
1785904200.0,1.1542012691497803,1.1542012691497803,1.1542012691497803,1.1542012691497803
1785904260.0,1.154334545135498,1.154334545135498,1.154334545135498,1.154334545135498
1785904320.0,1.1542012691497803,1.1542012691497803,1.1542012691497803,1.1542012691497803
1785904380.0,1.1542012691497803,1.1542012691497803,1.1542012691497803,1.1542012691497803
1785904440.0,1.1542012691497803,1.1542012691497803,1.1542012691497803,1.1542012691497803
1785904500.0,1.1542012691497803,1.1542012691497803,1.1542012691497803,1.1542012691497803
1785904560.0,1.1542012691497803,1.1542012691497803,1.1542012691497803,1.1542012691497803
1785904620.0,1.1542012691497803,1.1542012691497803,1.1542012691497803,1.1542012691497803
1785904680.0,1.1542012691497803,1.1542012691497803,1.1542012691497803,1.1542012691497803
1785904740.0,1.1542012691497803,1.1542012691497803,1.1542012691497803,1.1542012691497803
1785904800.0,1.1542012691497803,1.1542012691497803,1.1542012691497803,1.1542012691497803
1785904860.0,1.1542012691497803,1.1542012691497803,1.1542012691497803,1.1542012691497803
1785904920.0,1.1542012691497803,1.1542012691497803,1.1542012691497803,1.1542012691497803
1785904980.0,1.154068112373352,1.154068112373352,1.154068112373352,1.154068112373352
1785905040.0,1.154068112373352,1.154068112373352,1.154068112373352,1.154068112373352
1785905100.0,1.154068112373352,1.154068112373352,1.154068112373352,1.154068112373352
1785905160.0,1.154068112373352,1.154068112373352,1.154068112373352,1.154068112373352
1785905220.0,1.154068112373352,1.154068112373352,1.154068112373352,1.154068112373352
1785905280.0,1.154068112373352,1.154068112373352,1.154068112373352,1.154068112373352
1785905340.0,1.154068112373352,1.154068112373352,1.154068112373352,1.154068112373352
1785905400.0,1.1539349555969238,1.1539349555969238,1.1539349555969238,1.1539349555969238
1785905460.0,1.1539349555969238,1.1539349555969238,1.1539349555969238,1.1539349555969238
1785905520.0,1.1539349555969238,1.1539349555969238,1.1539349555969238,1.1539349555969238
1785905580.0,1.1539349555969238,1.1539349555969238,1.1539349555969238,1.1539349555969238
1785905640.0,1.1539349555969238,1.1539349555969238,1.1539349555969238,1.1539349555969238
1785905700.0,1.1539349555969238,1.1539349555969238,1.1539349555969238,1.1539349555969238
1785905760.0,1.1539349555969238,1.1539349555969238,1.1539349555969238,1.1539349555969238
1785905820.0,1.1538017988204956,1.1538017988204956,1.1538017988204956,1.1538017988204956
1785905880.0,1.1539349555969238,1.1539349555969238,1.1539349555969238,1.1539349555969238
1785905940.0,1.1539349555969238,1.1539349555969238,1.1539349555969238,1.1539349555969238
1785906000.0,1.1538017988204956,1.1538017988204956,1.1538017988204956,1.1538017988204956
1785906060.0,1.1538017988204956,1.1538017988204956,1.1538017988204956,1.1538017988204956
1785906120.0,1.1536686420440674,1.1536686420440674,1.1536686420440674,1.1536686420440674
1785906180.0,1.1536686420440674,1.1536686420440674,1.1536686420440674,1.1536686420440674
1785906240.0,1.1535356044769287,1.1535356044769287,1.1535356044769287,1.1535356044769287
1785906300.0,1.1535356044769287,1.1535356044769287,1.1535356044769287,1.1535356044769287
1785906360.0,1.1536686420440674,1.1536686420440674,1.1536686420440674,1.1536686420440674
1785906420.0,1.1535356044769287,1.1535356044769287,1.1535356044769287,1.1535356044769287
1785906480.0,1.1535356044769287,1.1535356044769287,1.1535356044769287,1.1535356044769287
1785906540.0,1.1535356044769287,1.1535356044769287,1.1535356044769287,1.1535356044769287
1785906600.0,1.1536686420440674,1.1536686420440674,1.1536686420440674,1.1536686420440674
1785906660.0,1.1535356044769287,1.1535356044769287,1.1535356044769287,1.1535356044769287
1785906720.0,1.1536686420440674,1.1536686420440674,1.1536686420440674,1.1536686420440674
1785906780.0,1.1536686420440674,1.1536686420440674,1.1536686420440674,1.1536686420440674
1785906840.0,1.1536686420440674,1.1536686420440674,1.1536686420440674,1.1536686420440674
1785906900.0,1.1536686420440674,1.1536686420440674,1.1536686420440674,1.1536686420440674
1785906960.0,1.1538017988204956,1.1538017988204956,1.1538017988204956,1.1538017988204956
1785907020.0,1.1536686420440674,1.1536686420440674,1.1536686420440674,1.1536686420440674
1785907080.0,1.1536686420440674,1.1536686420440674,1.1536686420440674,1.1536686420440674
1785907140.0,1.1536686420440674,1.1536686420440674,1.1536686420440674,1.1536686420440674
1785907200.0,1.1536686420440674,1.1536686420440674,1.1536686420440674,1.1536686420440674
1785907260.0,1.1538017988204956,1.1538017988204956,1.1538017988204956,1.1538017988204956
1785907320.0,1.1536686420440674,1.1536686420440674,1.1536686420440674,1.1536686420440674
1785907380.0,1.1536686420440674,1.1536686420440674,1.1536686420440674,1.1536686420440674
1785907440.0,1.1538017988204956,1.1538017988204956,1.1538017988204956,1.1538017988204956
1785907500.0,1.1538017988204956,1.1538017988204956,1.1538017988204956,1.1538017988204956
1785907560.0,1.1538017988204956,1.1538017988204956,1.1538017988204956,1.1538017988204956
1785907620.0,1.1538017988204956,1.1538017988204956,1.1538017988204956,1.1538017988204956
1785907680.0,1.1538017988204956,1.1538017988204956,1.1538017988204956,1.1538017988204956
1785907740.0,1.1538017988204956,1.1538017988204956,1.1538017988204956,1.1538017988204956
1785907800.0,1.1538017988204956,1.1538017988204956,1.1538017988204956,1.1538017988204956
1785907860.0,1.1539349555969238,1.1539349555969238,1.1539349555969238,1.1539349555969238
1785907920.0,1.1539349555969238,1.1539349555969238,1.1539349555969238,1.1539349555969238
1785907980.0,1.154068112373352,1.154068112373352,1.154068112373352,1.154068112373352
1785908040.0,1.1538017988204956,1.1538017988204956,1.1538017988204956,1.1538017988204956
1785908100.0,1.1538017988204956,1.1538017988204956,1.1538017988204956,1.1538017988204956
1785908160.0,1.1539349555969238,1.1539349555969238,1.1539349555969238,1.1539349555969238
1785908220.0,1.1539349555969238,1.1539349555969238,1.1539349555969238,1.1539349555969238
1785908280.0,1.154068112373352,1.154068112373352,1.154068112373352,1.154068112373352
1785908340.0,1.1539349555969238,1.1539349555969238,1.1539349555969238,1.1539349555969238
1785908400.0,1.1539349555969238,1.1539349555969238,1.1539349555969238,1.1539349555969238
1785908460.0,1.1539349555969238,1.1539349555969238,1.1539349555969238,1.1539349555969238
1785908520.0,1.1539349555969238,1.1539349555969238,1.1539349555969238,1.1539349555969238
1785908580.0,1.1539349555969238,1.1539349555969238,1.1539349555969238,1.1539349555969238
1785908640.0,1.1539349555969238,1.1539349555969238,1.1539349555969238,1.1539349555969238
1785908700.0,1.1539349555969238,1.1539349555969238,1.1539349555969238,1.1539349555969238
1785908760.0,1.154068112373352,1.154068112373352,1.154068112373352,1.154068112373352
1785908820.0,1.154068112373352,1.154068112373352,1.154068112373352,1.154068112373352
1785908880.0,1.1539349555969238,1.1539349555969238,1.1539349555969238,1.1539349555969238
1785908940.0,1.1539349555969238,1.1539349555969238,1.1539349555969238,1.1539349555969238
1785909000.0,1.154068112373352,1.154068112373352,1.154068112373352,1.154068112373352
1785909060.0,1.1539349555969238,1.1539349555969238,1.1539349555969238,1.1539349555969238
1785909120.0,1.1539349555969238,1.1539349555969238,1.1539349555969238,1.1539349555969238
1785909180.0,1.1539349555969238,1.1539349555969238,1.1539349555969238,1.1539349555969238
1785909240.0,1.1539349555969238,1.1539349555969238,1.1539349555969238,1.1539349555969238
1785909300.0,1.154068112373352,1.154068112373352,1.154068112373352,1.154068112373352
1785909360.0,1.1539349555969238,1.1539349555969238,1.1539349555969238,1.1539349555969238
1785909420.0,1.1539349555969238,1.1539349555969238,1.1539349555969238,1.1539349555969238
1785909480.0,1.1539349555969238,1.1539349555969238,1.1539349555969238,1.1539349555969238
1785909540.0,1.1539349555969238,1.1539349555969238,1.1539349555969238,1.1539349555969238
1785909600.0,1.1538017988204956,1.1538017988204956,1.1538017988204956,1.1538017988204956
1785909660.0,1.1539349555969238,1.1539349555969238,1.1539349555969238,1.1539349555969238
1785909720.0,1.1539349555969238,1.1539349555969238,1.1539349555969238,1.1539349555969238
1785909780.0,1.1539349555969238,1.1539349555969238,1.1539349555969238,1.1539349555969238
1785909840.0,1.154068112373352,1.154068112373352,1.154068112373352,1.154068112373352
1785909900.0,1.154068112373352,1.154068112373352,1.154068112373352,1.154068112373352
1785909960.0,1.1539349555969238,1.1539349555969238,1.1539349555969238,1.1539349555969238
1785910020.0,1.154068112373352,1.154068112373352,1.154068112373352,1.154068112373352
1785910080.0,1.1539349555969238,1.1539349555969238,1.1539349555969238,1.1539349555969238
1785910140.0,1.1539349555969238,1.1539349555969238,1.1539349555969238,1.1539349555969238
1785910200.0,1.154068112373352,1.154068112373352,1.154068112373352,1.154068112373352
1785910260.0,1.154068112373352,1.154068112373352,1.154068112373352,1.154068112373352
1785910320.0,1.154068112373352,1.154068112373352,1.154068112373352,1.154068112373352
1785910380.0,1.1539349555969238,1.1539349555969238,1.1539349555969238,1.1539349555969238
1785910440.0,1.1539349555969238,1.1539349555969238,1.1539349555969238,1.1539349555969238
1785910500.0,1.1539349555969238,1.1539349555969238,1.1539349555969238,1.1539349555969238
1785910560.0,1.1538017988204956,1.1538017988204956,1.1538017988204956,1.1538017988204956
1785910620.0,1.1535356044769287,1.1535356044769287,1.1535356044769287,1.1535356044769287
1785910680.0,1.1536686420440674,1.1536686420440674,1.1536686420440674,1.1536686420440674
1785910740.0,1.1538017988204956,1.1538017988204956,1.1538017988204956,1.1538017988204956
1785910800.0,1.1538017988204956,1.1538017988204956,1.1538017988204956,1.1538017988204956
1785910860.0,1.1538017988204956,1.1538017988204956,1.1538017988204956,1.1538017988204956
1785910920.0,1.1538017988204956,1.1538017988204956,1.1538017988204956,1.1538017988204956
1785910980.0,1.1538017988204956,1.1538017988204956,1.1538017988204956,1.1538017988204956
1785911040.0,1.1538017988204956,1.1538017988204956,1.1538017988204956,1.1538017988204956
1785911100.0,1.1538017988204956,1.1538017988204956,1.1538017988204956,1.1538017988204956
1785911160.0,1.1538017988204956,1.1538017988204956,1.1538017988204956,1.1538017988204956
1785911220.0,1.1538017988204956,1.1538017988204956,1.1538017988204956,1.1538017988204956
1785911280.0,1.1538017988204956,1.1538017988204956,1.1538017988204956,1.1538017988204956
1785911340.0,1.1538017988204956,1.1538017988204956,1.1538017988204956,1.1538017988204956
1785911400.0,1.1536686420440674,1.1536686420440674,1.1536686420440674,1.1536686420440674
1785911460.0,1.1536686420440674,1.1536686420440674,1.1536686420440674,1.1536686420440674
1785911520.0,1.1536686420440674,1.1536686420440674,1.1536686420440674,1.1536686420440674
1785911580.0,1.1538017988204956,1.1538017988204956,1.1538017988204956,1.1538017988204956
1785911640.0,1.1538017988204956,1.1538017988204956,1.1538017988204956,1.1538017988204956
1785911700.0,1.1539349555969238,1.1539349555969238,1.1539349555969238,1.1539349555969238
1785911760.0,1.154068112373352,1.154068112373352,1.154068112373352,1.154068112373352
1785911820.0,1.154068112373352,1.154068112373352,1.154068112373352,1.154068112373352
1785911880.0,1.1542012691497803,1.1542012691497803,1.1542012691497803,1.1542012691497803
1785911940.0,1.154334545135498,1.154334545135498,1.154334545135498,1.154334545135498
1785912000.0,1.154334545135498,1.154334545135498,1.154334545135498,1.154334545135498
1785912060.0,1.154334545135498,1.154334545135498,1.154334545135498,1.154334545135498
1785912120.0,1.154334545135498,1.154334545135498,1.154334545135498,1.154334545135498
1785912180.0,1.154334545135498,1.154334545135498,1.154334545135498,1.154334545135498
1785912240.0,1.1546010971069336,1.1546010971069336,1.1546010971069336,1.1546010971069336
1785912300.0,1.1546010971069336,1.1546010971069336,1.1546010971069336,1.1546010971069336
1785912360.0,1.1547343730926514,1.1547343730926514,1.1547343730926514,1.1547343730926514
1785912420.0,1.1547343730926514,1.1547343730926514,1.1547343730926514,1.1547343730926514
1785912480.0,1.1548677682876587,1.1548677682876587,1.1548677682876587,1.1548677682876587
1785912540.0,1.1548677682876587,1.1548677682876587,1.1548677682876587,1.1548677682876587
1785912600.0,1.1547343730926514,1.1547343730926514,1.1547343730926514,1.1547343730926514
1785912660.0,1.1548677682876587,1.1548677682876587,1.1548677682876587,1.1548677682876587
1785912720.0,1.1548677682876587,1.1548677682876587,1.1548677682876587,1.1548677682876587
1785912780.0,1.1548677682876587,1.1548677682876587,1.1548677682876587,1.1548677682876587
1785912840.0,1.1547343730926514,1.1547343730926514,1.1547343730926514,1.1547343730926514
1785912900.0,1.1547343730926514,1.1547343730926514,1.1547343730926514,1.1547343730926514
1785912960.0,1.1548677682876587,1.1548677682876587,1.1548677682876587,1.1548677682876587
1785913020.0,1.1548677682876587,1.1548677682876587,1.1548677682876587,1.1548677682876587
1785913080.0,1.1548677682876587,1.1548677682876587,1.1548677682876587,1.1548677682876587
1785913140.0,1.1548677682876587,1.1548677682876587,1.1548677682876587,1.1548677682876587
1785913200.0,1.1548677682876587,1.1548677682876587,1.1548677682876587,1.1548677682876587
1785913260.0,1.1548677682876587,1.1548677682876587,1.1548677682876587,1.1548677682876587
1785913320.0,1.1548677682876587,1.1548677682876587,1.1548677682876587,1.1548677682876587
1785913380.0,1.1547343730926514,1.1547343730926514,1.1547343730926514,1.1547343730926514
1785913440.0,1.1546010971069336,1.1546010971069336,1.1546010971069336,1.1546010971069336
1785913500.0,1.1547343730926514,1.1547343730926514,1.1547343730926514,1.1547343730926514
1785913560.0,1.1546010971069336,1.1546010971069336,1.1546010971069336,1.1546010971069336
1785913620.0,1.1544678211212158,1.1544678211212158,1.1544678211212158,1.1544678211212158
1785913680.0,1.154334545135498,1.154334545135498,1.154334545135498,1.154334545135498
1785913740.0,1.1544678211212158,1.1544678211212158,1.1544678211212158,1.1544678211212158
1785913800.0,1.1544678211212158,1.1544678211212158,1.1544678211212158,1.1544678211212158
1785913860.0,1.154068112373352,1.154068112373352,1.154068112373352,1.154068112373352
1785913920.0,1.1542012691497803,1.1542012691497803,1.1542012691497803,1.1542012691497803
1785913980.0,1.1542012691497803,1.1542012691497803,1.1542012691497803,1.1542012691497803
1785914040.0,1.1542012691497803,1.1542012691497803,1.1542012691497803,1.1542012691497803
1785914100.0,1.154334545135498,1.154334545135498,1.154334545135498,1.154334545135498
1785914160.0,1.1542012691497803,1.1542012691497803,1.1542012691497803,1.1542012691497803
1785914220.0,1.1542012691497803,1.1542012691497803,1.1542012691497803,1.1542012691497803
1785914280.0,1.1542012691497803,1.1542012691497803,1.1542012691497803,1.1542012691497803
1785914340.0,1.1542012691497803,1.1542012691497803,1.1542012691497803,1.1542012691497803
1785914400.0,1.154334545135498,1.154334545135498,1.154334545135498,1.154334545135498
1785914460.0,1.1544678211212158,1.1544678211212158,1.1544678211212158,1.1544678211212158
1785914520.0,1.154334545135498,1.154334545135498,1.154334545135498,1.154334545135498
1785914580.0,1.154334545135498,1.154334545135498,1.154334545135498,1.154334545135498
1785914640.0,1.1542012691497803,1.1542012691497803,1.1542012691497803,1.1542012691497803
1785914700.0,1.154068112373352,1.154068112373352,1.154068112373352,1.154068112373352
1785914760.0,1.1539349555969238,1.1539349555969238,1.1539349555969238,1.1539349555969238
1785914820.0,1.1538017988204956,1.1538017988204956,1.1538017988204956,1.1538017988204956
1785914880.0,1.1538017988204956,1.1538017988204956,1.1538017988204956,1.1538017988204956
1785914940.0,1.1538017988204956,1.1538017988204956,1.1538017988204956,1.1538017988204956
1785915000.0,1.1539349555969238,1.1539349555969238,1.1539349555969238,1.1539349555969238
1785915060.0,1.1539349555969238,1.1539349555969238,1.1539349555969238,1.1539349555969238
1785915120.0,1.1539349555969238,1.1539349555969238,1.1539349555969238,1.1539349555969238
1785915180.0,1.1539349555969238,1.1539349555969238,1.1539349555969238,1.1539349555969238
1785915240.0,1.1539349555969238,1.1539349555969238,1.1539349555969238,1.1539349555969238
1785915300.0,1.1539349555969238,1.1539349555969238,1.1539349555969238,1.1539349555969238
1785915360.0,1.154068112373352,1.154068112373352,1.154068112373352,1.154068112373352
1785915420.0,1.1539349555969238,1.1539349555969238,1.1539349555969238,1.1539349555969238
1785915480.0,1.1539349555969238,1.1539349555969238,1.1539349555969238,1.1539349555969238
1785915540.0,1.1539349555969238,1.1539349555969238,1.1539349555969238,1.1539349555969238
1785915600.0,1.154068112373352,1.154068112373352,1.154068112373352,1.154068112373352
1785915660.0,1.1539349555969238,1.1539349555969238,1.1539349555969238,1.1539349555969238
1785915720.0,1.1539349555969238,1.1539349555969238,1.1539349555969238,1.1539349555969238
1785915780.0,1.1539349555969238,1.1539349555969238,1.1539349555969238,1.1539349555969238
1785915840.0,1.1539349555969238,1.1539349555969238,1.1539349555969238,1.1539349555969238
1785915900.0,1.1538017988204956,1.1538017988204956,1.1538017988204956,1.1538017988204956
1785915960.0,1.1539349555969238,1.1539349555969238,1.1539349555969238,1.1539349555969238
1785916020.0,1.1539349555969238,1.1539349555969238,1.1539349555969238,1.1539349555969238
1785916080.0,1.1539349555969238,1.1539349555969238,1.1539349555969238,1.1539349555969238
1785916140.0,1.1539349555969238,1.1539349555969238,1.1539349555969238,1.1539349555969238
1785916200.0,1.1539349555969238,1.1539349555969238,1.1539349555969238,1.1539349555969238
1785916260.0,1.1539349555969238,1.1539349555969238,1.1539349555969238,1.1539349555969238
1785916320.0,1.154068112373352,1.154068112373352,1.154068112373352,1.154068112373352
1785916380.0,1.1539349555969238,1.1539349555969238,1.1539349555969238,1.1539349555969238
1785916440.0,1.1539349555969238,1.1539349555969238,1.1539349555969238,1.1539349555969238
1785916500.0,1.154068112373352,1.154068112373352,1.154068112373352,1.154068112373352
1785916560.0,1.154068112373352,1.154068112373352,1.154068112373352,1.154068112373352
1785916620.0,1.1542012691497803,1.1542012691497803,1.1542012691497803,1.1542012691497803
1785916680.0,1.1542012691497803,1.1542012691497803,1.1542012691497803,1.1542012691497803
1785916740.0,1.1542012691497803,1.1542012691497803,1.1542012691497803,1.1542012691497803
1785916800.0,1.154334545135498,1.154334545135498,1.154334545135498,1.154334545135498
1785916860.0,1.154334545135498,1.154334545135498,1.154334545135498,1.154334545135498
1785916920.0,1.154334545135498,1.154334545135498,1.154334545135498,1.154334545135498
1785916980.0,1.154334545135498,1.154334545135498,1.154334545135498,1.154334545135498
1785917040.0,1.1542012691497803,1.1542012691497803,1.1542012691497803,1.1542012691497803
1785917100.0,1.1542012691497803,1.1542012691497803,1.1542012691497803,1.1542012691497803
1785917160.0,1.1542012691497803,1.1542012691497803,1.1542012691497803,1.1542012691497803
1785917220.0,1.154068112373352,1.154068112373352,1.154068112373352,1.154068112373352
1785917280.0,1.154068112373352,1.154068112373352,1.154068112373352,1.154068112373352
1785917340.0,1.1539349555969238,1.1539349555969238,1.1539349555969238,1.1539349555969238
1785917400.0,1.154068112373352,1.154068112373352,1.154068112373352,1.154068112373352
1785917460.0,1.1542012691497803,1.1542012691497803,1.1542012691497803,1.1542012691497803
1785917520.0,1.1542012691497803,1.1542012691497803,1.1542012691497803,1.1542012691497803
1785917580.0,1.1542012691497803,1.1542012691497803,1.1542012691497803,1.1542012691497803
1785917640.0,1.154068112373352,1.154068112373352,1.154068112373352,1.154068112373352
1785917700.0,1.154068112373352,1.154068112373352,1.154068112373352,1.154068112373352
1785917820.0,1.1544678211212158,1.1544678211212158,1.1544678211212158,1.1544678211212158
1785917880.0,1.154334545135498,1.154334545135498,1.154334545135498,1.154334545135498
1785917940.0,1.154334545135498,1.154334545135498,1.154334545135498,1.154334545135498
1785918000.0,1.1544678211212158,1.1544678211212158,1.1544678211212158,1.1544678211212158
1785918060.0,1.1546010971069336,1.1546010971069336,1.1546010971069336,1.1546010971069336
1785918120.0,1.1544678211212158,1.1544678211212158,1.1544678211212158,1.1544678211212158
1785918180.0,1.1544678211212158,1.1544678211212158,1.1544678211212158,1.1544678211212158
1785918240.0,1.1544678211212158,1.1544678211212158,1.1544678211212158,1.1544678211212158
1785918300.0,1.1544678211212158,1.1544678211212158,1.1544678211212158,1.1544678211212158
1785918360.0,1.1544678211212158,1.1544678211212158,1.1544678211212158,1.1544678211212158
1785918420.0,1.1544678211212158,1.1544678211212158,1.1544678211212158,1.1544678211212158
1785918480.0,1.1544678211212158,1.1544678211212158,1.1544678211212158,1.1544678211212158
1785918540.0,1.1546010971069336,1.1546010971069336,1.1546010971069336,1.1546010971069336
1785918600.0,1.1547343730926514,1.1547343730926514,1.1547343730926514,1.1547343730926514
1785918660.0,1.1547343730926514,1.1547343730926514,1.1547343730926514,1.1547343730926514
1785918720.0,1.1546010971069336,1.1546010971069336,1.1546010971069336,1.1546010971069336
1785918780.0,1.1544678211212158,1.1544678211212158,1.1544678211212158,1.1544678211212158
1785918840.0,1.1544678211212158,1.1544678211212158,1.1544678211212158,1.1544678211212158
1785918900.0,1.1546010971069336,1.1546010971069336,1.1546010971069336,1.1546010971069336
1785918960.0,1.1544678211212158,1.1544678211212158,1.1544678211212158,1.1544678211212158
1785919020.0,1.1544678211212158,1.1544678211212158,1.1544678211212158,1.1544678211212158
1785919080.0,1.154334545135498,1.154334545135498,1.154334545135498,1.154334545135498
1785919140.0,1.154334545135498,1.154334545135498,1.154334545135498,1.154334545135498
1785919200.0,1.1539349555969238,1.1539349555969238,1.1539349555969238,1.1539349555969238
1785919260.0,1.1536686420440674,1.1536686420440674,1.1536686420440674,1.1536686420440674
1785919320.0,1.1538017988204956,1.1538017988204956,1.1538017988204956,1.1538017988204956
1785919380.0,1.1538017988204956,1.1538017988204956,1.1538017988204956,1.1538017988204956
1785919440.0,1.1538017988204956,1.1538017988204956,1.1538017988204956,1.1538017988204956
1785919500.0,1.1535356044769287,1.1535356044769287,1.1535356044769287,1.1535356044769287
1785919560.0,1.1535356044769287,1.1535356044769287,1.1535356044769287,1.1535356044769287
1785919620.0,1.1536686420440674,1.1536686420440674,1.1536686420440674,1.1536686420440674
1785919680.0,1.1536686420440674,1.1536686420440674,1.1536686420440674,1.1536686420440674
1785919740.0,1.1536686420440674,1.1536686420440674,1.1536686420440674,1.1536686420440674
1785919800.0,1.1536686420440674,1.1536686420440674,1.1536686420440674,1.1536686420440674
1785919860.0,1.1538017988204956,1.1538017988204956,1.1538017988204956,1.1538017988204956
1785919920.0,1.1536686420440674,1.1536686420440674,1.1536686420440674,1.1536686420440674
1785919980.0,1.1538017988204956,1.1538017988204956,1.1538017988204956,1.1538017988204956
1785920040.0,1.1538017988204956,1.1538017988204956,1.1538017988204956,1.1538017988204956
1785920100.0,1.1539349555969238,1.1539349555969238,1.1539349555969238,1.1539349555969238
1785920160.0,1.1539349555969238,1.1539349555969238,1.1539349555969238,1.1539349555969238
1785920220.0,1.154068112373352,1.154068112373352,1.154068112373352,1.154068112373352
1785920280.0,1.1539349555969238,1.1539349555969238,1.1539349555969238,1.1539349555969238
1785920340.0,1.1539349555969238,1.1539349555969238,1.1539349555969238,1.1539349555969238
1785920400.0,1.154068112373352,1.154068112373352,1.154068112373352,1.154068112373352
1785920460.0,1.1539349555969238,1.1539349555969238,1.1539349555969238,1.1539349555969238
1785920520.0,1.1538017988204956,1.1538017988204956,1.1538017988204956,1.1538017988204956
1785920580.0,1.1536686420440674,1.1536686420440674,1.1536686420440674,1.1536686420440674
1785920640.0,1.1538017988204956,1.1538017988204956,1.1538017988204956,1.1538017988204956
1785920700.0,1.1539349555969238,1.1539349555969238,1.1539349555969238,1.1539349555969238
1785920760.0,1.154068112373352,1.154068112373352,1.154068112373352,1.154068112373352
1785920820.0,1.154068112373352,1.154068112373352,1.154068112373352,1.154068112373352
1785920880.0,1.154068112373352,1.154068112373352,1.154068112373352,1.154068112373352
1785920940.0,1.154068112373352,1.154068112373352,1.154068112373352,1.154068112373352
1785921000.0,1.154068112373352,1.154068112373352,1.154068112373352,1.154068112373352
1785921060.0,1.154068112373352,1.154068112373352,1.154068112373352,1.154068112373352
1785921120.0,1.154068112373352,1.154068112373352,1.154068112373352,1.154068112373352
1785921180.0,1.154068112373352,1.154068112373352,1.154068112373352,1.154068112373352
1785921240.0,1.154068112373352,1.154068112373352,1.154068112373352,1.154068112373352
1785921300.0,1.1539349555969238,1.1539349555969238,1.1539349555969238,1.1539349555969238
1785921360.0,1.1542012691497803,1.1542012691497803,1.1542012691497803,1.1542012691497803
1785921420.0,1.1542012691497803,1.1542012691497803,1.1542012691497803,1.1542012691497803
1785921480.0,1.1542012691497803,1.1542012691497803,1.1542012691497803,1.1542012691497803
1785921540.0,1.1542012691497803,1.1542012691497803,1.1542012691497803,1.1542012691497803
1785921600.0,1.154334545135498,1.154334545135498,1.154334545135498,1.154334545135498
1785921660.0,1.1542012691497803,1.1542012691497803,1.1542012691497803,1.1542012691497803
1785921720.0,1.1542012691497803,1.1542012691497803,1.1542012691497803,1.1542012691497803
1785921780.0,1.154334545135498,1.154334545135498,1.154334545135498,1.154334545135498
1785921840.0,1.1542012691497803,1.1542012691497803,1.1542012691497803,1.1542012691497803
1785921900.0,1.1544678211212158,1.1544678211212158,1.1544678211212158,1.1544678211212158
1785921960.0,1.154334545135498,1.154334545135498,1.154334545135498,1.154334545135498
1785922020.0,1.154334545135498,1.154334545135498,1.154334545135498,1.154334545135498
1785922080.0,1.154334545135498,1.154334545135498,1.154334545135498,1.154334545135498
1785922140.0,1.154334545135498,1.154334545135498,1.154334545135498,1.154334545135498
1785922200.0,1.154334545135498,1.154334545135498,1.154334545135498,1.154334545135498
1785922260.0,1.154334545135498,1.154334545135498,1.154334545135498,1.154334545135498
1785922320.0,1.154334545135498,1.154334545135498,1.154334545135498,1.154334545135498
1785922380.0,1.1544678211212158,1.1544678211212158,1.1544678211212158,1.1544678211212158
1785922440.0,1.154334545135498,1.154334545135498,1.154334545135498,1.154334545135498
1785922500.0,1.1544678211212158,1.1544678211212158,1.1544678211212158,1.1544678211212158
1785922560.0,1.1544678211212158,1.1544678211212158,1.1544678211212158,1.1544678211212158
1785922620.0,1.1544678211212158,1.1544678211212158,1.1544678211212158,1.1544678211212158
1785922680.0,1.1546010971069336,1.1546010971069336,1.1546010971069336,1.1546010971069336
1785922740.0,1.1546010971069336,1.1546010971069336,1.1546010971069336,1.1546010971069336
1785922800.0,1.1544678211212158,1.1544678211212158,1.1544678211212158,1.1544678211212158
1785922860.0,1.1544678211212158,1.1544678211212158,1.1544678211212158,1.1544678211212158
1785922920.0,1.1546010971069336,1.1546010971069336,1.1546010971069336,1.1546010971069336
1785922980.0,1.1544678211212158,1.1544678211212158,1.1544678211212158,1.1544678211212158
1785923040.0,1.1544678211212158,1.1544678211212158,1.1544678211212158,1.1544678211212158
1785923100.0,1.1544678211212158,1.1544678211212158,1.1544678211212158,1.1544678211212158
1785923160.0,1.1544678211212158,1.1544678211212158,1.1544678211212158,1.1544678211212158
1785923220.0,1.1544678211212158,1.1544678211212158,1.1544678211212158,1.1544678211212158
1785923280.0,1.1544678211212158,1.1544678211212158,1.1544678211212158,1.1544678211212158
1785923340.0,1.1544678211212158,1.1544678211212158,1.1544678211212158,1.1544678211212158
1785923400.0,1.1544678211212158,1.1544678211212158,1.1544678211212158,1.1544678211212158
1785923460.0,1.1544678211212158,1.1544678211212158,1.1544678211212158,1.1544678211212158
1785923520.0,1.1544678211212158,1.1544678211212158,1.1544678211212158,1.1544678211212158
1785923580.0,1.1544678211212158,1.1544678211212158,1.1544678211212158,1.1544678211212158
1785923640.0,1.154334545135498,1.154334545135498,1.154334545135498,1.154334545135498
1785923700.0,1.1544678211212158,1.1544678211212158,1.1544678211212158,1.1544678211212158
1785923760.0,1.1544678211212158,1.1544678211212158,1.1544678211212158,1.1544678211212158
1785923820.0,1.154334545135498,1.154334545135498,1.154334545135498,1.154334545135498
1785923880.0,1.154334545135498,1.154334545135498,1.154334545135498,1.154334545135498
1785923940.0,1.154334545135498,1.154334545135498,1.154334545135498,1.154334545135498
1785924000.0,1.154334545135498,1.154334545135498,1.154334545135498,1.154334545135498
1785924060.0,1.1542012691497803,1.1542012691497803,1.1542012691497803,1.1542012691497803
1785924120.0,1.154068112373352,1.154068112373352,1.154068112373352,1.154068112373352
1785924180.0,1.1542012691497803,1.1542012691497803,1.1542012691497803,1.1542012691497803
1785924240.0,1.154334545135498,1.154334545135498,1.154334545135498,1.154334545135498
1785924300.0,1.154334545135498,1.154334545135498,1.154334545135498,1.154334545135498
1785924360.0,1.154334545135498,1.154334545135498,1.154334545135498,1.154334545135498
1785924420.0,1.1542012691497803,1.1542012691497803,1.1542012691497803,1.1542012691497803
1785924480.0,1.1542012691497803,1.1542012691497803,1.1542012691497803,1.1542012691497803
1785924540.0,1.1542012691497803,1.1542012691497803,1.1542012691497803,1.1542012691497803
1785924600.0,1.154068112373352,1.154068112373352,1.154068112373352,1.154068112373352
1785924660.0,1.1539349555969238,1.1539349555969238,1.1539349555969238,1.1539349555969238
1785924720.0,1.1538017988204956,1.1538017988204956,1.1538017988204956,1.1538017988204956
1785924780.0,1.1539349555969238,1.1539349555969238,1.1539349555969238,1.1539349555969238
1785924840.0,1.1539349555969238,1.1539349555969238,1.1539349555969238,1.1539349555969238
1785924900.0,1.1539349555969238,1.1539349555969238,1.1539349555969238,1.1539349555969238
1785924960.0,1.154068112373352,1.154068112373352,1.154068112373352,1.154068112373352
1785925020.0,1.1542012691497803,1.1542012691497803,1.1542012691497803,1.1542012691497803
1785925080.0,1.154334545135498,1.154334545135498,1.154334545135498,1.154334545135498
1785925140.0,1.1544678211212158,1.1544678211212158,1.1544678211212158,1.1544678211212158
1785925200.0,1.154334545135498,1.154334545135498,1.154334545135498,1.154334545135498
1785925260.0,1.154334545135498,1.154334545135498,1.154334545135498,1.154334545135498
1785925320.0,1.1542012691497803,1.1542012691497803,1.1542012691497803,1.1542012691497803
1785925380.0,1.1542012691497803,1.1542012691497803,1.1542012691497803,1.1542012691497803
1785925440.0,1.154068112373352,1.154068112373352,1.154068112373352,1.154068112373352
1785925500.0,1.154068112373352,1.154068112373352,1.154068112373352,1.154068112373352
1785925560.0,1.154068112373352,1.154068112373352,1.154068112373352,1.154068112373352
1785925620.0,1.1539349555969238,1.1539349555969238,1.1539349555969238,1.1539349555969238
1785925680.0,1.154068112373352,1.154068112373352,1.154068112373352,1.154068112373352
1785925740.0,1.154068112373352,1.154068112373352,1.154068112373352,1.154068112373352
1785925800.0,1.1542012691497803,1.1542012691497803,1.1542012691497803,1.1542012691497803
1785925860.0,1.1542012691497803,1.1542012691497803,1.1542012691497803,1.1542012691497803
1785925920.0,1.1542012691497803,1.1542012691497803,1.1542012691497803,1.1542012691497803
1785925980.0,1.1542012691497803,1.1542012691497803,1.1542012691497803,1.1542012691497803
1785926040.0,1.154068112373352,1.154068112373352,1.154068112373352,1.154068112373352
1785926100.0,1.154068112373352,1.154068112373352,1.154068112373352,1.154068112373352
1785926160.0,1.154068112373352,1.154068112373352,1.154068112373352,1.154068112373352
1785926220.0,1.1542012691497803,1.1542012691497803,1.1542012691497803,1.1542012691497803
1785926280.0,1.1542012691497803,1.1542012691497803,1.1542012691497803,1.1542012691497803
1785926340.0,1.1542012691497803,1.1542012691497803,1.1542012691497803,1.1542012691497803
1785926400.0,1.154068112373352,1.154068112373352,1.154068112373352,1.154068112373352
1785926460.0,1.1542012691497803,1.1542012691497803,1.1542012691497803,1.1542012691497803
1785926520.0,1.1542012691497803,1.1542012691497803,1.1542012691497803,1.1542012691497803
1785926580.0,1.1542012691497803,1.1542012691497803,1.1542012691497803,1.1542012691497803
1785926640.0,1.154068112373352,1.154068112373352,1.154068112373352,1.154068112373352
1785926700.0,1.154068112373352,1.154068112373352,1.154068112373352,1.154068112373352
1785926760.0,1.154068112373352,1.154068112373352,1.154068112373352,1.154068112373352
1785926820.0,1.154068112373352,1.154068112373352,1.154068112373352,1.154068112373352
1785926880.0,1.154068112373352,1.154068112373352,1.154068112373352,1.154068112373352
1785926940.0,1.154068112373352,1.154068112373352,1.154068112373352,1.154068112373352
1785927000.0,1.1539349555969238,1.1539349555969238,1.1539349555969238,1.1539349555969238
1785927060.0,1.154068112373352,1.154068112373352,1.154068112373352,1.154068112373352
1785927120.0,1.154068112373352,1.154068112373352,1.154068112373352,1.154068112373352
1785927180.0,1.154068112373352,1.154068112373352,1.154068112373352,1.154068112373352
1785927240.0,1.154068112373352,1.154068112373352,1.154068112373352,1.154068112373352
1785927300.0,1.154334545135498,1.154334545135498,1.154334545135498,1.154334545135498
1785927360.0,1.1544678211212158,1.1544678211212158,1.1544678211212158,1.1544678211212158
1785927420.0,1.154334545135498,1.154334545135498,1.154334545135498,1.154334545135498
1785927480.0,1.154334545135498,1.154334545135498,1.154334545135498,1.154334545135498
1785927540.0,1.154334545135498,1.154334545135498,1.154334545135498,1.154334545135498
1785927600.0,1.1544678211212158,1.1544678211212158,1.1544678211212158,1.1544678211212158
1785927660.0,1.1544678211212158,1.1544678211212158,1.1544678211212158,1.1544678211212158
1785927720.0,1.1544678211212158,1.1544678211212158,1.1544678211212158,1.1544678211212158
1785927780.0,1.1544678211212158,1.1544678211212158,1.1544678211212158,1.1544678211212158
1785927840.0,1.1546010971069336,1.1546010971069336,1.1546010971069336,1.1546010971069336
1785927900.0,1.1546010971069336,1.1546010971069336,1.1546010971069336,1.1546010971069336
1785927960.0,1.1546010971069336,1.1546010971069336,1.1546010971069336,1.1546010971069336
1785928020.0,1.1546010971069336,1.1546010971069336,1.1546010971069336,1.1546010971069336
1785928080.0,1.1544678211212158,1.1544678211212158,1.1544678211212158,1.1544678211212158
1785928140.0,1.1547343730926514,1.1547343730926514,1.1547343730926514,1.1547343730926514
1785928200.0,1.1547343730926514,1.1547343730926514,1.1547343730926514,1.1547343730926514
1785928260.0,1.1547343730926514,1.1547343730926514,1.1547343730926514,1.1547343730926514
1785928320.0,1.1548677682876587,1.1548677682876587,1.1548677682876587,1.1548677682876587
1785928380.0,1.1548677682876587,1.1548677682876587,1.1548677682876587,1.1548677682876587
1785928440.0,1.1548677682876587,1.1548677682876587,1.1548677682876587,1.1548677682876587
1785928500.0,1.1548677682876587,1.1548677682876587,1.1548677682876587,1.1548677682876587
1785928560.0,1.1546010971069336,1.1546010971069336,1.1546010971069336,1.1546010971069336
1785928620.0,1.155001163482666,1.155001163482666,1.155001163482666,1.155001163482666
1785928680.0,1.1548677682876587,1.1548677682876587,1.1548677682876587,1.1548677682876587
1785928740.0,1.1551345586776733,1.1551345586776733,1.1551345586776733,1.1551345586776733
1785928800.0,1.1551345586776733,1.1551345586776733,1.1551345586776733,1.1551345586776733
1785928860.0,1.155001163482666,1.155001163482666,1.155001163482666,1.155001163482666
1785928920.0,1.1552680730819702,1.1552680730819702,1.1552680730819702,1.1552680730819702
1785928980.0,1.155001163482666,1.155001163482666,1.155001163482666,1.155001163482666
1785929040.0,1.1551345586776733,1.1551345586776733,1.1551345586776733,1.1551345586776733
1785929100.0,1.1552680730819702,1.1552680730819702,1.1552680730819702,1.1552680730819702
1785929160.0,1.1552680730819702,1.1552680730819702,1.1552680730819702,1.1552680730819702
1785929220.0,1.1552680730819702,1.1552680730819702,1.1552680730819702,1.1552680730819702
1785929280.0,1.155401587486267,1.155401587486267,1.155401587486267,1.155401587486267
1785929340.0,1.1551345586776733,1.1551345586776733,1.1551345586776733,1.1551345586776733
1785929400.0,1.1551345586776733,1.1551345586776733,1.1551345586776733,1.1551345586776733
1785929460.0,1.1552680730819702,1.1552680730819702,1.1552680730819702,1.1552680730819702
1785929520.0,1.1552680730819702,1.1552680730819702,1.1552680730819702,1.1552680730819702
1785929580.0,1.155401587486267,1.155401587486267,1.155401587486267,1.155401587486267
1785929640.0,1.155401587486267,1.155401587486267,1.155401587486267,1.155401587486267
1785929700.0,1.1555349826812744,1.1555349826812744,1.1555349826812744,1.1555349826812744
1785929760.0,1.1556684970855713,1.1556684970855713,1.1556684970855713,1.1556684970855713
1785929820.0,1.1556684970855713,1.1556684970855713,1.1556684970855713,1.1556684970855713
1785929880.0,1.1556684970855713,1.1556684970855713,1.1556684970855713,1.1556684970855713
1785929940.0,1.1556684970855713,1.1556684970855713,1.1556684970855713,1.1556684970855713
1785930000.0,1.1556684970855713,1.1556684970855713,1.1556684970855713,1.1556684970855713
1785930060.0,1.1558021306991577,1.1558021306991577,1.1558021306991577,1.1558021306991577
1785930120.0,1.1558021306991577,1.1558021306991577,1.1558021306991577,1.1558021306991577
1785930180.0,1.1556684970855713,1.1556684970855713,1.1556684970855713,1.1556684970855713
1785930240.0,1.1556684970855713,1.1556684970855713,1.1556684970855713,1.1556684970855713
1785930300.0,1.1555349826812744,1.1555349826812744,1.1555349826812744,1.1555349826812744
1785930360.0,1.155401587486267,1.155401587486267,1.155401587486267,1.155401587486267
1785930420.0,1.155401587486267,1.155401587486267,1.155401587486267,1.155401587486267
1785930480.0,1.155401587486267,1.155401587486267,1.155401587486267,1.155401587486267
1785930540.0,1.155401587486267,1.155401587486267,1.155401587486267,1.155401587486267
1785930600.0,1.1552680730819702,1.1552680730819702,1.1552680730819702,1.1552680730819702
1785930660.0,1.1552680730819702,1.1552680730819702,1.1552680730819702,1.1552680730819702
1785930720.0,1.155401587486267,1.155401587486267,1.155401587486267,1.155401587486267
1785930780.0,1.155401587486267,1.155401587486267,1.155401587486267,1.155401587486267
1785930840.0,1.155401587486267,1.155401587486267,1.155401587486267,1.155401587486267
1785930900.0,1.155401587486267,1.155401587486267,1.155401587486267,1.155401587486267
1785930960.0,1.1555349826812744,1.1555349826812744,1.1555349826812744,1.1555349826812744
1785931020.0,1.1556684970855713,1.1556684970855713,1.1556684970855713,1.1556684970855713
1785931080.0,1.1556684970855713,1.1556684970855713,1.1556684970855713,1.1556684970855713
1785931140.0,1.1555349826812744,1.1555349826812744,1.1555349826812744,1.1555349826812744
1785931200.0,1.1556684970855713,1.1556684970855713,1.1556684970855713,1.1556684970855713
1785931260.0,1.1556684970855713,1.1556684970855713,1.1556684970855713,1.1556684970855713
1785931320.0,1.1556684970855713,1.1556684970855713,1.1556684970855713,1.1556684970855713
1785931380.0,1.1556684970855713,1.1556684970855713,1.1556684970855713,1.1556684970855713
1785931440.0,1.1556684970855713,1.1556684970855713,1.1556684970855713,1.1556684970855713
1785931500.0,1.1556684970855713,1.1556684970855713,1.1556684970855713,1.1556684970855713
1785931560.0,1.1556684970855713,1.1556684970855713,1.1556684970855713,1.1556684970855713
1785931620.0,1.1558021306991577,1.1558021306991577,1.1558021306991577,1.1558021306991577
1785931680.0,1.1558021306991577,1.1558021306991577,1.1558021306991577,1.1558021306991577
1785931740.0,1.1558021306991577,1.1558021306991577,1.1558021306991577,1.1558021306991577
1785931800.0,1.1556684970855713,1.1556684970855713,1.1556684970855713,1.1556684970855713
1785931860.0,1.1555349826812744,1.1555349826812744,1.1555349826812744,1.1555349826812744
1785931920.0,1.1555349826812744,1.1555349826812744,1.1555349826812744,1.1555349826812744
1785931980.0,1.1555349826812744,1.1555349826812744,1.1555349826812744,1.1555349826812744
1785932040.0,1.1555349826812744,1.1555349826812744,1.1555349826812744,1.1555349826812744
1785932100.0,1.1558021306991577,1.1558021306991577,1.1558021306991577,1.1558021306991577
1785932160.0,1.1556684970855713,1.1556684970855713,1.1556684970855713,1.1556684970855713
1785932220.0,1.1559356451034546,1.1559356451034546,1.1559356451034546,1.1559356451034546
1785932280.0,1.1559356451034546,1.1559356451034546,1.1559356451034546,1.1559356451034546
1785932340.0,1.1559356451034546,1.1559356451034546,1.1559356451034546,1.1559356451034546
1785932400.0,1.1559356451034546,1.1559356451034546,1.1559356451034546,1.1559356451034546
1785932460.0,1.1559356451034546,1.1559356451034546,1.1559356451034546,1.1559356451034546
1785932520.0,1.1559356451034546,1.1559356451034546,1.1559356451034546,1.1559356451034546
1785932580.0,1.1559356451034546,1.1559356451034546,1.1559356451034546,1.1559356451034546
1785932640.0,1.1559356451034546,1.1559356451034546,1.1559356451034546,1.1559356451034546
1785932700.0,1.1559356451034546,1.1559356451034546,1.1559356451034546,1.1559356451034546
1785932760.0,1.1559356451034546,1.1559356451034546,1.1559356451034546,1.1559356451034546
1785932820.0,1.1558021306991577,1.1558021306991577,1.1558021306991577,1.1558021306991577
1785932880.0,1.1558021306991577,1.1558021306991577,1.1558021306991577,1.1558021306991577
1785932940.0,1.1556684970855713,1.1556684970855713,1.1556684970855713,1.1556684970855713
1785933000.0,1.1556684970855713,1.1556684970855713,1.1556684970855713,1.1556684970855713
1785933060.0,1.1555349826812744,1.1555349826812744,1.1555349826812744,1.1555349826812744
1785933120.0,1.1555349826812744,1.1555349826812744,1.1555349826812744,1.1555349826812744
1785933180.0,1.155401587486267,1.155401587486267,1.155401587486267,1.155401587486267
1785933240.0,1.155401587486267,1.155401587486267,1.155401587486267,1.155401587486267
1785933300.0,1.1555349826812744,1.1555349826812744,1.1555349826812744,1.1555349826812744
1785933360.0,1.1556684970855713,1.1556684970855713,1.1556684970855713,1.1556684970855713
1785933420.0,1.1558021306991577,1.1558021306991577,1.1558021306991577,1.1558021306991577
1785933480.0,1.1556684970855713,1.1556684970855713,1.1556684970855713,1.1556684970855713
1785933540.0,1.1555349826812744,1.1555349826812744,1.1555349826812744,1.1555349826812744
1785933600.0,1.1555349826812744,1.1555349826812744,1.1555349826812744,1.1555349826812744
1785933660.0,1.1555349826812744,1.1555349826812744,1.1555349826812744,1.1555349826812744
1785933720.0,1.155401587486267,1.155401587486267,1.155401587486267,1.155401587486267
1785933780.0,1.1552680730819702,1.1552680730819702,1.1552680730819702,1.1552680730819702
1785933840.0,1.1551345586776733,1.1551345586776733,1.1551345586776733,1.1551345586776733
1785933900.0,1.1551345586776733,1.1551345586776733,1.1551345586776733,1.1551345586776733
1785933960.0,1.1551345586776733,1.1551345586776733,1.1551345586776733,1.1551345586776733
1785934020.0,1.1551345586776733,1.1551345586776733,1.1551345586776733,1.1551345586776733
1785934080.0,1.1551345586776733,1.1551345586776733,1.1551345586776733,1.1551345586776733
1785934140.0,1.1552680730819702,1.1552680730819702,1.1552680730819702,1.1552680730819702
1785934200.0,1.1552680730819702,1.1552680730819702,1.1552680730819702,1.1552680730819702
1785934260.0,1.1551345586776733,1.1551345586776733,1.1551345586776733,1.1551345586776733
1785934320.0,1.1551345586776733,1.1551345586776733,1.1551345586776733,1.1551345586776733
1785934380.0,1.1551345586776733,1.1551345586776733,1.1551345586776733,1.1551345586776733
1785934440.0,1.155001163482666,1.155001163482666,1.155001163482666,1.155001163482666
1785934500.0,1.1548677682876587,1.1548677682876587,1.1548677682876587,1.1548677682876587
1785934560.0,1.1548677682876587,1.1548677682876587,1.1548677682876587,1.1548677682876587
1785934620.0,1.155001163482666,1.155001163482666,1.155001163482666,1.155001163482666
1785934680.0,1.155001163482666,1.155001163482666,1.155001163482666,1.155001163482666
1785934740.0,1.1548677682876587,1.1548677682876587,1.1548677682876587,1.1548677682876587
1785934800.0,1.1547343730926514,1.1547343730926514,1.1547343730926514,1.1547343730926514
1785934860.0,1.1547343730926514,1.1547343730926514,1.1547343730926514,1.1547343730926514
1785934920.0,1.1546010971069336,1.1546010971069336,1.1546010971069336,1.1546010971069336
1785934980.0,1.1548677682876587,1.1548677682876587,1.1548677682876587,1.1548677682876587
1785935040.0,1.1548677682876587,1.1548677682876587,1.1548677682876587,1.1548677682876587
1785935100.0,1.155001163482666,1.155001163482666,1.155001163482666,1.155001163482666
1785935160.0,1.1548677682876587,1.1548677682876587,1.1548677682876587,1.1548677682876587
1785935220.0,1.1548677682876587,1.1548677682876587,1.1548677682876587,1.1548677682876587
1785935280.0,1.1551345586776733,1.1551345586776733,1.1551345586776733,1.1551345586776733
1785935340.0,1.1548677682876587,1.1548677682876587,1.1548677682876587,1.1548677682876587
1785935400.0,1.1548677682876587,1.1548677682876587,1.1548677682876587,1.1548677682876587
1785935460.0,1.155001163482666,1.155001163482666,1.155001163482666,1.155001163482666
1785935520.0,1.155001163482666,1.155001163482666,1.155001163482666,1.155001163482666
1785935580.0,1.155001163482666,1.155001163482666,1.155001163482666,1.155001163482666
1785935640.0,1.1548677682876587,1.1548677682876587,1.1548677682876587,1.1548677682876587
1785935700.0,1.155001163482666,1.155001163482666,1.155001163482666,1.155001163482666
1785935760.0,1.1551345586776733,1.1551345586776733,1.1551345586776733,1.1551345586776733
1785935820.0,1.1551345586776733,1.1551345586776733,1.1551345586776733,1.1551345586776733
1785935880.0,1.1551345586776733,1.1551345586776733,1.1551345586776733,1.1551345586776733
1785935940.0,1.155001163482666,1.155001163482666,1.155001163482666,1.155001163482666
1785936000.0,1.155001163482666,1.155001163482666,1.155001163482666,1.155001163482666
1785936060.0,1.1551345586776733,1.1551345586776733,1.1551345586776733,1.1551345586776733
1785936120.0,1.1552680730819702,1.1552680730819702,1.1552680730819702,1.1552680730819702
1785936180.0,1.1552680730819702,1.1552680730819702,1.1552680730819702,1.1552680730819702
1785936240.0,1.1552680730819702,1.1552680730819702,1.1552680730819702,1.1552680730819702
1785936300.0,1.155401587486267,1.155401587486267,1.155401587486267,1.155401587486267
1785936360.0,1.1555349826812744,1.1555349826812744,1.1555349826812744,1.1555349826812744
1785936420.0,1.155401587486267,1.155401587486267,1.155401587486267,1.155401587486267
1785936480.0,1.1556684970855713,1.1556684970855713,1.1556684970855713,1.1556684970855713
1785936540.0,1.1555349826812744,1.1555349826812744,1.1555349826812744,1.1555349826812744
1785936600.0,1.1555349826812744,1.1555349826812744,1.1555349826812744,1.1555349826812744
1785936660.0,1.1555349826812744,1.1555349826812744,1.1555349826812744,1.1555349826812744
1785936720.0,1.1556684970855713,1.1556684970855713,1.1556684970855713,1.1556684970855713
1785936780.0,1.1556684970855713,1.1556684970855713,1.1556684970855713,1.1556684970855713
1785936840.0,1.1555349826812744,1.1555349826812744,1.1555349826812744,1.1555349826812744
1785936900.0,1.1552680730819702,1.1552680730819702,1.1552680730819702,1.1552680730819702
1785936960.0,1.155001163482666,1.155001163482666,1.155001163482666,1.155001163482666
1785937020.0,1.1548677682876587,1.1548677682876587,1.1548677682876587,1.1548677682876587
1785937080.0,1.155001163482666,1.155001163482666,1.155001163482666,1.155001163482666
1785937140.0,1.1555349826812744,1.1555349826812744,1.1555349826812744,1.1555349826812744
1785937200.0,1.1552680730819702,1.1552680730819702,1.1552680730819702,1.1552680730819702
1785937260.0,1.155001163482666,1.155001163482666,1.155001163482666,1.155001163482666
1785937320.0,1.1551345586776733,1.1551345586776733,1.1551345586776733,1.1551345586776733
1785937380.0,1.155001163482666,1.155001163482666,1.155001163482666,1.155001163482666
1785937440.0,1.155001163482666,1.155001163482666,1.155001163482666,1.155001163482666
1785937500.0,1.1547343730926514,1.1547343730926514,1.1547343730926514,1.1547343730926514
1785937560.0,1.1546010971069336,1.1546010971069336,1.1546010971069336,1.1546010971069336
1785937620.0,1.1544678211212158,1.1544678211212158,1.1544678211212158,1.1544678211212158
1785937680.0,1.1544678211212158,1.1544678211212158,1.1544678211212158,1.1544678211212158
1785937740.0,1.1544678211212158,1.1544678211212158,1.1544678211212158,1.1544678211212158
1785937800.0,1.1544678211212158,1.1544678211212158,1.1544678211212158,1.1544678211212158
1785937860.0,1.1544678211212158,1.1544678211212158,1.1544678211212158,1.1544678211212158
1785937920.0,1.1546010971069336,1.1546010971069336,1.1546010971069336,1.1546010971069336
1785937980.0,1.1547343730926514,1.1547343730926514,1.1547343730926514,1.1547343730926514
1785938040.0,1.1547343730926514,1.1547343730926514,1.1547343730926514,1.1547343730926514
1785938100.0,1.1548677682876587,1.1548677682876587,1.1548677682876587,1.1548677682876587
1785938160.0,1.1547343730926514,1.1547343730926514,1.1547343730926514,1.1547343730926514
1785938220.0,1.1546010971069336,1.1546010971069336,1.1546010971069336,1.1546010971069336
1785938280.0,1.1546010971069336,1.1546010971069336,1.1546010971069336,1.1546010971069336
1785938340.0,1.1547343730926514,1.1547343730926514,1.1547343730926514,1.1547343730926514
1785938400.0,1.1551345586776733,1.1551345586776733,1.1551345586776733,1.1551345586776733
1785938460.0,1.155001163482666,1.155001163482666,1.155001163482666,1.155001163482666
1785938520.0,1.1548677682876587,1.1548677682876587,1.1548677682876587,1.1548677682876587
1785938580.0,1.155001163482666,1.155001163482666,1.155001163482666,1.155001163482666
1785938640.0,1.155001163482666,1.155001163482666,1.155001163482666,1.155001163482666
1785938700.0,1.155401587486267,1.155401587486267,1.155401587486267,1.155401587486267
1785938760.0,1.1556684970855713,1.1556684970855713,1.1556684970855713,1.1556684970855713
1785938820.0,1.1558021306991577,1.1558021306991577,1.1558021306991577,1.1558021306991577
1785938880.0,1.1556684970855713,1.1556684970855713,1.1556684970855713,1.1556684970855713
1785938940.0,1.1555349826812744,1.1555349826812744,1.1555349826812744,1.1555349826812744
1785939000.0,1.1556684970855713,1.1556684970855713,1.1556684970855713,1.1556684970855713
1785939060.0,1.1556684970855713,1.1556684970855713,1.1556684970855713,1.1556684970855713
1785939120.0,1.155401587486267,1.155401587486267,1.155401587486267,1.155401587486267
1785939180.0,1.155401587486267,1.155401587486267,1.155401587486267,1.155401587486267
1785939240.0,1.1556684970855713,1.1556684970855713,1.1556684970855713,1.1556684970855713
1785939300.0,1.1558021306991577,1.1558021306991577,1.1558021306991577,1.1558021306991577
1785939360.0,1.1558021306991577,1.1558021306991577,1.1558021306991577,1.1558021306991577
1785939420.0,1.1558021306991577,1.1558021306991577,1.1558021306991577,1.1558021306991577
1785939480.0,1.1559356451034546,1.1559356451034546,1.1559356451034546,1.1559356451034546
1785939540.0,1.1558021306991577,1.1558021306991577,1.1558021306991577,1.1558021306991577
1785939600.0,1.1559356451034546,1.1559356451034546,1.1559356451034546,1.1559356451034546
1785939660.0,1.1558021306991577,1.1558021306991577,1.1558021306991577,1.1558021306991577
1785939720.0,1.1558021306991577,1.1558021306991577,1.1558021306991577,1.1558021306991577
1785939780.0,1.1555349826812744,1.1555349826812744,1.1555349826812744,1.1555349826812744
1785939840.0,1.1556684970855713,1.1556684970855713,1.1556684970855713,1.1556684970855713
1785939900.0,1.1556684970855713,1.1556684970855713,1.1556684970855713,1.1556684970855713
1785939960.0,1.1556684970855713,1.1556684970855713,1.1556684970855713,1.1556684970855713
1785940020.0,1.1555349826812744,1.1555349826812744,1.1555349826812744,1.1555349826812744
1785940080.0,1.1555349826812744,1.1555349826812744,1.1555349826812744,1.1555349826812744
1785940140.0,1.155401587486267,1.155401587486267,1.155401587486267,1.155401587486267
1785940200.0,1.1552680730819702,1.1552680730819702,1.1552680730819702,1.1552680730819702
1785940260.0,1.1552680730819702,1.1552680730819702,1.1552680730819702,1.1552680730819702
1785940320.0,1.1552680730819702,1.1552680730819702,1.1552680730819702,1.1552680730819702
1785940380.0,1.1552680730819702,1.1552680730819702,1.1552680730819702,1.1552680730819702
1785940440.0,1.1551345586776733,1.1551345586776733,1.1551345586776733,1.1551345586776733
1785940500.0,1.1551345586776733,1.1551345586776733,1.1551345586776733,1.1551345586776733
1785940560.0,1.1552680730819702,1.1552680730819702,1.1552680730819702,1.1552680730819702
1785940620.0,1.1551345586776733,1.1551345586776733,1.1551345586776733,1.1551345586776733
1785940680.0,1.1552680730819702,1.1552680730819702,1.1552680730819702,1.1552680730819702
1785940740.0,1.1551345586776733,1.1551345586776733,1.1551345586776733,1.1551345586776733
1785940800.0,1.1551345586776733,1.1551345586776733,1.1551345586776733,1.1551345586776733
1785940860.0,1.1551345586776733,1.1551345586776733,1.1551345586776733,1.1551345586776733
1785940920.0,1.1555349826812744,1.1555349826812744,1.1555349826812744,1.1555349826812744
1785940980.0,1.1555349826812744,1.1555349826812744,1.1555349826812744,1.1555349826812744
1785941040.0,1.1555349826812744,1.1555349826812744,1.1555349826812744,1.1555349826812744
1785941100.0,1.1552680730819702,1.1552680730819702,1.1552680730819702,1.1552680730819702
1785941160.0,1.155401587486267,1.155401587486267,1.155401587486267,1.155401587486267
1785941220.0,1.155401587486267,1.155401587486267,1.155401587486267,1.155401587486267
1785941280.0,1.1552680730819702,1.1552680730819702,1.1552680730819702,1.1552680730819702
1785941340.0,1.155401587486267,1.155401587486267,1.155401587486267,1.155401587486267
1785941400.0,1.1555349826812744,1.1555349826812744,1.1555349826812744,1.1555349826812744
1785941460.0,1.155401587486267,1.155401587486267,1.155401587486267,1.155401587486267
1785941520.0,1.1552680730819702,1.1552680730819702,1.1552680730819702,1.1552680730819702
1785941580.0,1.155001163482666,1.155001163482666,1.155001163482666,1.155001163482666
1785941640.0,1.1551345586776733,1.1551345586776733,1.1551345586776733,1.1551345586776733
1785941700.0,1.1552680730819702,1.1552680730819702,1.1552680730819702,1.1552680730819702
1785941760.0,1.155401587486267,1.155401587486267,1.155401587486267,1.155401587486267
1785941820.0,1.1555349826812744,1.1555349826812744,1.1555349826812744,1.1555349826812744
1785941880.0,1.1556684970855713,1.1556684970855713,1.1556684970855713,1.1556684970855713
1785941940.0,1.1556684970855713,1.1556684970855713,1.1556684970855713,1.1556684970855713
1785942000.0,1.1558021306991577,1.1558021306991577,1.1558021306991577,1.1558021306991577
1785942060.0,1.1558021306991577,1.1558021306991577,1.1558021306991577,1.1558021306991577
1785942120.0,1.1559356451034546,1.1559356451034546,1.1559356451034546,1.1559356451034546
1785942180.0,1.1555349826812744,1.1555349826812744,1.1555349826812744,1.1555349826812744
1785942240.0,1.1555349826812744,1.1555349826812744,1.1555349826812744,1.1555349826812744
1785942300.0,1.1555349826812744,1.1555349826812744,1.1555349826812744,1.1555349826812744
1785942360.0,1.155401587486267,1.155401587486267,1.155401587486267,1.155401587486267
1785942420.0,1.155401587486267,1.155401587486267,1.155401587486267,1.155401587486267
1785942480.0,1.155401587486267,1.155401587486267,1.155401587486267,1.155401587486267
1785942540.0,1.1555349826812744,1.1555349826812744,1.1555349826812744,1.1555349826812744
1785942600.0,1.155401587486267,1.155401587486267,1.155401587486267,1.155401587486267
1785942660.0,1.155401587486267,1.155401587486267,1.155401587486267,1.155401587486267
1785942720.0,1.155401587486267,1.155401587486267,1.155401587486267,1.155401587486267
1785942780.0,1.1552680730819702,1.1552680730819702,1.1552680730819702,1.1552680730819702
1785942840.0,1.1552680730819702,1.1552680730819702,1.1552680730819702,1.1552680730819702
1785942900.0,1.1551345586776733,1.1551345586776733,1.1551345586776733,1.1551345586776733
1785942960.0,1.1551345586776733,1.1551345586776733,1.1551345586776733,1.1551345586776733
1785943020.0,1.155001163482666,1.155001163482666,1.155001163482666,1.155001163482666
1785943080.0,1.155001163482666,1.155001163482666,1.155001163482666,1.155001163482666
1785943140.0,1.155001163482666,1.155001163482666,1.155001163482666,1.155001163482666
1785943200.0,1.155001163482666,1.155001163482666,1.155001163482666,1.155001163482666
1785943260.0,1.1551345586776733,1.1551345586776733,1.1551345586776733,1.1551345586776733
1785943320.0,1.1551345586776733,1.1551345586776733,1.1551345586776733,1.1551345586776733
1785943380.0,1.1551345586776733,1.1551345586776733,1.1551345586776733,1.1551345586776733
1785943440.0,1.155001163482666,1.155001163482666,1.155001163482666,1.155001163482666
1785943500.0,1.155001163482666,1.155001163482666,1.155001163482666,1.155001163482666
1785943560.0,1.1551345586776733,1.1551345586776733,1.1551345586776733,1.1551345586776733
1785943620.0,1.1551345586776733,1.1551345586776733,1.1551345586776733,1.1551345586776733
1785943680.0,1.1551345586776733,1.1551345586776733,1.1551345586776733,1.1551345586776733
1785943740.0,1.155001163482666,1.155001163482666,1.155001163482666,1.155001163482666
1785943800.0,1.1548677682876587,1.1548677682876587,1.1548677682876587,1.1548677682876587
1785943860.0,1.1548677682876587,1.1548677682876587,1.1548677682876587,1.1548677682876587
1785943920.0,1.1547343730926514,1.1547343730926514,1.1547343730926514,1.1547343730926514
1785943980.0,1.1548677682876587,1.1548677682876587,1.1548677682876587,1.1548677682876587
1785944040.0,1.1547343730926514,1.1547343730926514,1.1547343730926514,1.1547343730926514
1785944100.0,1.1548677682876587,1.1548677682876587,1.1548677682876587,1.1548677682876587
1785944160.0,1.1551345586776733,1.1551345586776733,1.1551345586776733,1.1551345586776733
1785944220.0,1.1551345586776733,1.1551345586776733,1.1551345586776733,1.1551345586776733
1785944280.0,1.1552680730819702,1.1552680730819702,1.1552680730819702,1.1552680730819702
1785944340.0,1.155401587486267,1.155401587486267,1.155401587486267,1.155401587486267
1785944400.0,1.155401587486267,1.155401587486267,1.155401587486267,1.155401587486267
1785944460.0,1.155401587486267,1.155401587486267,1.155401587486267,1.155401587486267
1785944520.0,1.155401587486267,1.155401587486267,1.155401587486267,1.155401587486267
1785944580.0,1.155401587486267,1.155401587486267,1.155401587486267,1.155401587486267
1785944640.0,1.1552680730819702,1.1552680730819702,1.1552680730819702,1.1552680730819702
1785944700.0,1.1551345586776733,1.1551345586776733,1.1551345586776733,1.1551345586776733
1785944760.0,1.1552680730819702,1.1552680730819702,1.1552680730819702,1.1552680730819702
1785944820.0,1.155001163482666,1.155001163482666,1.155001163482666,1.155001163482666
1785944880.0,1.155001163482666,1.155001163482666,1.155001163482666,1.155001163482666
1785944940.0,1.1547343730926514,1.1547343730926514,1.1547343730926514,1.1547343730926514
1785945000.0,1.1546010971069336,1.1546010971069336,1.1546010971069336,1.1546010971069336
1785945060.0,1.1547343730926514,1.1547343730926514,1.1547343730926514,1.1547343730926514
1785945120.0,1.1547343730926514,1.1547343730926514,1.1547343730926514,1.1547343730926514
1785945180.0,1.1548677682876587,1.1548677682876587,1.1548677682876587,1.1548677682876587
1785945240.0,1.1548677682876587,1.1548677682876587,1.1548677682876587,1.1548677682876587
1785945300.0,1.155001163482666,1.155001163482666,1.155001163482666,1.155001163482666
1785945360.0,1.155001163482666,1.155001163482666,1.155001163482666,1.155001163482666
1785945420.0,1.1548677682876587,1.1548677682876587,1.1548677682876587,1.1548677682876587
1785945480.0,1.1548677682876587,1.1548677682876587,1.1548677682876587,1.1548677682876587
1785945540.0,1.155001163482666,1.155001163482666,1.155001163482666,1.155001163482666
1785945600.0,1.1551345586776733,1.1551345586776733,1.1551345586776733,1.1551345586776733
1785945660.0,1.1548677682876587,1.1548677682876587,1.1548677682876587,1.1548677682876587
1785945720.0,1.1548677682876587,1.1548677682876587,1.1548677682876587,1.1548677682876587
1785945780.0,1.1547343730926514,1.1547343730926514,1.1547343730926514,1.1547343730926514
1785945840.0,1.1547343730926514,1.1547343730926514,1.1547343730926514,1.1547343730926514
1785945900.0,1.1547343730926514,1.1547343730926514,1.1547343730926514,1.1547343730926514
1785945960.0,1.1547343730926514,1.1547343730926514,1.1547343730926514,1.1547343730926514
1785946020.0,1.1547343730926514,1.1547343730926514,1.1547343730926514,1.1547343730926514
1785946080.0,1.1547343730926514,1.1547343730926514,1.1547343730926514,1.1547343730926514
1785946140.0,1.155001163482666,1.155001163482666,1.155001163482666,1.155001163482666
1785946200.0,1.1551345586776733,1.1551345586776733,1.1551345586776733,1.1551345586776733
1785946260.0,1.155001163482666,1.155001163482666,1.155001163482666,1.155001163482666
1785946320.0,1.155001163482666,1.155001163482666,1.155001163482666,1.155001163482666
1785946380.0,1.155001163482666,1.155001163482666,1.155001163482666,1.155001163482666
1785946440.0,1.155001163482666,1.155001163482666,1.155001163482666,1.155001163482666
1785946500.0,1.155001163482666,1.155001163482666,1.155001163482666,1.155001163482666
1785946560.0,1.155001163482666,1.155001163482666,1.155001163482666,1.155001163482666
1785946620.0,1.155001163482666,1.155001163482666,1.155001163482666,1.155001163482666
1785946680.0,1.1551345586776733,1.1551345586776733,1.1551345586776733,1.1551345586776733
1785946740.0,1.1551345586776733,1.1551345586776733,1.1551345586776733,1.1551345586776733
1785946800.0,1.155001163482666,1.155001163482666,1.155001163482666,1.155001163482666
1785946860.0,1.1551345586776733,1.1551345586776733,1.1551345586776733,1.1551345586776733
1785946920.0,1.1551345586776733,1.1551345586776733,1.1551345586776733,1.1551345586776733
1785946980.0,1.1551345586776733,1.1551345586776733,1.1551345586776733,1.1551345586776733
1785947040.0,1.155001163482666,1.155001163482666,1.155001163482666,1.155001163482666
1785947100.0,1.155001163482666,1.155001163482666,1.155001163482666,1.155001163482666
1785947160.0,1.1551345586776733,1.1551345586776733,1.1551345586776733,1.1551345586776733
1785947220.0,1.1551345586776733,1.1551345586776733,1.1551345586776733,1.1551345586776733
1785947280.0,1.1551345586776733,1.1551345586776733,1.1551345586776733,1.1551345586776733
1785947340.0,1.1551345586776733,1.1551345586776733,1.1551345586776733,1.1551345586776733
1785947400.0,1.1551345586776733,1.1551345586776733,1.1551345586776733,1.1551345586776733
1785947460.0,1.155001163482666,1.155001163482666,1.155001163482666,1.155001163482666
1785947520.0,1.155001163482666,1.155001163482666,1.155001163482666,1.155001163482666
1785947580.0,1.155001163482666,1.155001163482666,1.155001163482666,1.155001163482666
1785947640.0,1.155001163482666,1.155001163482666,1.155001163482666,1.155001163482666
1785947700.0,1.1548677682876587,1.1548677682876587,1.1548677682876587,1.1548677682876587
1785947760.0,1.1548677682876587,1.1548677682876587,1.1548677682876587,1.1548677682876587
1785947820.0,1.1548677682876587,1.1548677682876587,1.1548677682876587,1.1548677682876587
1785947880.0,1.1548677682876587,1.1548677682876587,1.1548677682876587,1.1548677682876587
1785947940.0,1.1547343730926514,1.1547343730926514,1.1547343730926514,1.1547343730926514
1785948000.0,1.1547343730926514,1.1547343730926514,1.1547343730926514,1.1547343730926514
1785948060.0,1.1547343730926514,1.1547343730926514,1.1547343730926514,1.1547343730926514
1785948120.0,1.1547343730926514,1.1547343730926514,1.1547343730926514,1.1547343730926514
1785948180.0,1.1548677682876587,1.1548677682876587,1.1548677682876587,1.1548677682876587
1785948240.0,1.1548677682876587,1.1548677682876587,1.1548677682876587,1.1548677682876587
1785948300.0,1.1548677682876587,1.1548677682876587,1.1548677682876587,1.1548677682876587
1785948360.0,1.1547343730926514,1.1547343730926514,1.1547343730926514,1.1547343730926514
1785948420.0,1.1547343730926514,1.1547343730926514,1.1547343730926514,1.1547343730926514
1785948480.0,1.1548677682876587,1.1548677682876587,1.1548677682876587,1.1548677682876587
1785948540.0,1.1548677682876587,1.1548677682876587,1.1548677682876587,1.1548677682876587
1785948600.0,1.1548677682876587,1.1548677682876587,1.1548677682876587,1.1548677682876587
1785948660.0,1.1548677682876587,1.1548677682876587,1.1548677682876587,1.1548677682876587
1785948720.0,1.1548677682876587,1.1548677682876587,1.1548677682876587,1.1548677682876587
1785948780.0,1.1548677682876587,1.1548677682876587,1.1548677682876587,1.1548677682876587
1785948840.0,1.155001163482666,1.155001163482666,1.155001163482666,1.155001163482666
1785948900.0,1.1548677682876587,1.1548677682876587,1.1548677682876587,1.1548677682876587
1785948960.0,1.1548677682876587,1.1548677682876587,1.1548677682876587,1.1548677682876587
1785949020.0,1.1548677682876587,1.1548677682876587,1.1548677682876587,1.1548677682876587
1785949080.0,1.1548677682876587,1.1548677682876587,1.1548677682876587,1.1548677682876587
1785949140.0,1.1548677682876587,1.1548677682876587,1.1548677682876587,1.1548677682876587
1785949200.0,1.155001163482666,1.155001163482666,1.155001163482666,1.155001163482666
1785949260.0,1.155001163482666,1.155001163482666,1.155001163482666,1.155001163482666
1785949320.0,1.1548677682876587,1.1548677682876587,1.1548677682876587,1.1548677682876587
1785949380.0,1.1548677682876587,1.1548677682876587,1.1548677682876587,1.1548677682876587
1785949440.0,1.1548677682876587,1.1548677682876587,1.1548677682876587,1.1548677682876587
1785949500.0,1.1548677682876587,1.1548677682876587,1.1548677682876587,1.1548677682876587
1785949560.0,1.1547343730926514,1.1547343730926514,1.1547343730926514,1.1547343730926514
1785949620.0,1.1547343730926514,1.1547343730926514,1.1547343730926514,1.1547343730926514
1785949680.0,1.1547343730926514,1.1547343730926514,1.1547343730926514,1.1547343730926514
1785949740.0,1.1547343730926514,1.1547343730926514,1.1547343730926514,1.1547343730926514
1785949800.0,1.1547343730926514,1.1547343730926514,1.1547343730926514,1.1547343730926514
1785949860.0,1.1547343730926514,1.1547343730926514,1.1547343730926514,1.1547343730926514
1785949920.0,1.1547343730926514,1.1547343730926514,1.1547343730926514,1.1547343730926514
1785949980.0,1.1547343730926514,1.1547343730926514,1.1547343730926514,1.1547343730926514
1785950040.0,1.1547343730926514,1.1547343730926514,1.1547343730926514,1.1547343730926514
1785950100.0,1.1548677682876587,1.1548677682876587,1.1548677682876587,1.1548677682876587
1785950160.0,1.1548677682876587,1.1548677682876587,1.1548677682876587,1.1548677682876587
1785950220.0,1.1548677682876587,1.1548677682876587,1.1548677682876587,1.1548677682876587
1785950280.0,1.1548677682876587,1.1548677682876587,1.1548677682876587,1.1548677682876587
1785950340.0,1.1548677682876587,1.1548677682876587,1.1548677682876587,1.1548677682876587
1785950400.0,1.1548677682876587,1.1548677682876587,1.1548677682876587,1.1548677682876587
1785950460.0,1.1548677682876587,1.1548677682876587,1.1548677682876587,1.1548677682876587
1785950520.0,1.1548677682876587,1.1548677682876587,1.1548677682876587,1.1548677682876587
1785950580.0,1.1548677682876587,1.1548677682876587,1.1548677682876587,1.1548677682876587
1785950640.0,1.1548677682876587,1.1548677682876587,1.1548677682876587,1.1548677682876587
1785950700.0,1.1548677682876587,1.1548677682876587,1.1548677682876587,1.1548677682876587
1785950760.0,1.155001163482666,1.155001163482666,1.155001163482666,1.155001163482666
1785950820.0,1.1552680730819702,1.1552680730819702,1.1552680730819702,1.1552680730819702
1785950880.0,1.1552680730819702,1.1552680730819702,1.1552680730819702,1.1552680730819702
1785950940.0,1.1552680730819702,1.1552680730819702,1.1552680730819702,1.1552680730819702
1785951000.0,1.1551345586776733,1.1551345586776733,1.1551345586776733,1.1551345586776733
1785951060.0,1.1551345586776733,1.1551345586776733,1.1551345586776733,1.1551345586776733
1785951120.0,1.1552680730819702,1.1552680730819702,1.1552680730819702,1.1552680730819702
1785951180.0,1.1552680730819702,1.1552680730819702,1.1552680730819702,1.1552680730819702
1785951240.0,1.155401587486267,1.155401587486267,1.155401587486267,1.155401587486267
1785951300.0,1.155401587486267,1.155401587486267,1.155401587486267,1.155401587486267
1785951360.0,1.155401587486267,1.155401587486267,1.155401587486267,1.155401587486267
1785951420.0,1.155401587486267,1.155401587486267,1.155401587486267,1.155401587486267
1785951480.0,1.155401587486267,1.155401587486267,1.155401587486267,1.155401587486267
1785951540.0,1.1555349826812744,1.1555349826812744,1.1555349826812744,1.1555349826812744
1785951600.0,1.1555349826812744,1.1555349826812744,1.1555349826812744,1.1555349826812744
1785951660.0,1.1555349826812744,1.1555349826812744,1.1555349826812744,1.1555349826812744
1785951720.0,1.1556684970855713,1.1556684970855713,1.1556684970855713,1.1556684970855713
1785951780.0,1.1556684970855713,1.1556684970855713,1.1556684970855713,1.1556684970855713
1785951840.0,1.1556684970855713,1.1556684970855713,1.1556684970855713,1.1556684970855713
1785951900.0,1.1558021306991577,1.1558021306991577,1.1558021306991577,1.1558021306991577
1785951960.0,1.1558021306991577,1.1558021306991577,1.1558021306991577,1.1558021306991577
1785952020.0,1.1558021306991577,1.1558021306991577,1.1558021306991577,1.1558021306991577
1785952080.0,1.1558021306991577,1.1558021306991577,1.1558021306991577,1.1558021306991577
1785952140.0,1.1558021306991577,1.1558021306991577,1.1558021306991577,1.1558021306991577
1785952200.0,1.1558021306991577,1.1558021306991577,1.1558021306991577,1.1558021306991577
1785952260.0,1.1556684970855713,1.1556684970855713,1.1556684970855713,1.1556684970855713
1785952320.0,1.1558021306991577,1.1558021306991577,1.1558021306991577,1.1558021306991577
1785952380.0,1.1558021306991577,1.1558021306991577,1.1558021306991577,1.1558021306991577
1785952440.0,1.1558021306991577,1.1558021306991577,1.1558021306991577,1.1558021306991577
1785952500.0,1.1558021306991577,1.1558021306991577,1.1558021306991577,1.1558021306991577
1785952560.0,1.1559356451034546,1.1559356451034546,1.1559356451034546,1.1559356451034546
1785952620.0,1.1560693979263306,1.1560693979263306,1.1560693979263306,1.1560693979263306
1785952680.0,1.1559356451034546,1.1559356451034546,1.1559356451034546,1.1559356451034546
1785952740.0,1.1559356451034546,1.1559356451034546,1.1559356451034546,1.1559356451034546
1785952800.0,1.1559356451034546,1.1559356451034546,1.1559356451034546,1.1559356451034546
1785952860.0,1.1560693979263306,1.1560693979263306,1.1560693979263306,1.1560693979263306
1785952920.0,1.1560693979263306,1.1560693979263306,1.1560693979263306,1.1560693979263306
1785952980.0,1.1560693979263306,1.1560693979263306,1.1560693979263306,1.1560693979263306
1785953040.0,1.1560693979263306,1.1560693979263306,1.1560693979263306,1.1560693979263306
1785953100.0,1.1560693979263306,1.1560693979263306,1.1560693979263306,1.1560693979263306
1785953160.0,1.156203031539917,1.156203031539917,1.156203031539917,1.156203031539917
1785953220.0,1.1560693979263306,1.1560693979263306,1.1560693979263306,1.1560693979263306
1785953280.0,1.1559356451034546,1.1559356451034546,1.1559356451034546,1.1559356451034546
1785953340.0,1.1559356451034546,1.1559356451034546,1.1559356451034546,1.1559356451034546
1785953400.0,1.1560693979263306,1.1560693979263306,1.1560693979263306,1.1560693979263306
1785953460.0,1.1560693979263306,1.1560693979263306,1.1560693979263306,1.1560693979263306
1785953520.0,1.1560693979263306,1.1560693979263306,1.1560693979263306,1.1560693979263306
1785953580.0,1.1560693979263306,1.1560693979263306,1.1560693979263306,1.1560693979263306
1785953640.0,1.1559356451034546,1.1559356451034546,1.1559356451034546,1.1559356451034546
1785953700.0,1.1558021306991577,1.1558021306991577,1.1558021306991577,1.1558021306991577
1785953760.0,1.1558021306991577,1.1558021306991577,1.1558021306991577,1.1558021306991577
1785953820.0,1.1559356451034546,1.1559356451034546,1.1559356451034546,1.1559356451034546
1785953880.0,1.1559356451034546,1.1559356451034546,1.1559356451034546,1.1559356451034546
1785953940.0,1.1559356451034546,1.1559356451034546,1.1559356451034546,1.1559356451034546
1785954000.0,1.1560693979263306,1.1560693979263306,1.1560693979263306,1.1560693979263306
1785954060.0,1.1559356451034546,1.1559356451034546,1.1559356451034546,1.1559356451034546
1785954120.0,1.1560693979263306,1.1560693979263306,1.1560693979263306,1.1560693979263306
1785954180.0,1.1560693979263306,1.1560693979263306,1.1560693979263306,1.1560693979263306
1785954240.0,1.1560693979263306,1.1560693979263306,1.1560693979263306,1.1560693979263306
1785954300.0,1.1560693979263306,1.1560693979263306,1.1560693979263306,1.1560693979263306
1785954360.0,1.1560693979263306,1.1560693979263306,1.1560693979263306,1.1560693979263306
1785954420.0,1.156203031539917,1.156203031539917,1.156203031539917,1.156203031539917
1785954480.0,1.156203031539917,1.156203031539917,1.156203031539917,1.156203031539917
1785954540.0,1.156203031539917,1.156203031539917,1.156203031539917,1.156203031539917
1785954600.0,1.156203031539917,1.156203031539917,1.156203031539917,1.156203031539917
1785954660.0,1.1560693979263306,1.1560693979263306,1.1560693979263306,1.1560693979263306
1785954720.0,1.1560693979263306,1.1560693979263306,1.1560693979263306,1.1560693979263306
1785954780.0,1.1559356451034546,1.1559356451034546,1.1559356451034546,1.1559356451034546
1785954840.0,1.1559356451034546,1.1559356451034546,1.1559356451034546,1.1559356451034546
1785954900.0,1.1559356451034546,1.1559356451034546,1.1559356451034546,1.1559356451034546
1785954960.0,1.1558021306991577,1.1558021306991577,1.1558021306991577,1.1558021306991577
1785955020.0,1.1559356451034546,1.1559356451034546,1.1559356451034546,1.1559356451034546
1785955080.0,1.1559356451034546,1.1559356451034546,1.1559356451034546,1.1559356451034546
1785955140.0,1.1559356451034546,1.1559356451034546,1.1559356451034546,1.1559356451034546
1785955200.0,1.1559356451034546,1.1559356451034546,1.1559356451034546,1.1559356451034546
1785955260.0,1.1558021306991577,1.1558021306991577,1.1558021306991577,1.1558021306991577
1785955320.0,1.1558021306991577,1.1558021306991577,1.1558021306991577,1.1558021306991577
1785955380.0,1.1558021306991577,1.1558021306991577,1.1558021306991577,1.1558021306991577
1785955440.0,1.1558021306991577,1.1558021306991577,1.1558021306991577,1.1558021306991577
1785955500.0,1.1558021306991577,1.1558021306991577,1.1558021306991577,1.1558021306991577
1785955560.0,1.1558021306991577,1.1558021306991577,1.1558021306991577,1.1558021306991577
1785955620.0,1.1558021306991577,1.1558021306991577,1.1558021306991577,1.1558021306991577
1785955680.0,1.1558021306991577,1.1558021306991577,1.1558021306991577,1.1558021306991577
1785955740.0,1.1558021306991577,1.1558021306991577,1.1558021306991577,1.1558021306991577
1785955800.0,1.1558021306991577,1.1558021306991577,1.1558021306991577,1.1558021306991577
1785955860.0,1.1558021306991577,1.1558021306991577,1.1558021306991577,1.1558021306991577
1785955920.0,1.1558021306991577,1.1558021306991577,1.1558021306991577,1.1558021306991577
1785955980.0,1.1558021306991577,1.1558021306991577,1.1558021306991577,1.1558021306991577
1785956040.0,1.1558021306991577,1.1558021306991577,1.1558021306991577,1.1558021306991577
1785956100.0,1.1558021306991577,1.1558021306991577,1.1558021306991577,1.1558021306991577
1785956160.0,1.1558021306991577,1.1558021306991577,1.1558021306991577,1.1558021306991577
1785956220.0,1.1558021306991577,1.1558021306991577,1.1558021306991577,1.1558021306991577
1785956280.0,1.1558021306991577,1.1558021306991577,1.1558021306991577,1.1558021306991577
1785956340.0,1.1558021306991577,1.1558021306991577,1.1558021306991577,1.1558021306991577
1785956400.0,1.1558021306991577,1.1558021306991577,1.1558021306991577,1.1558021306991577
1785956460.0,1.1558021306991577,1.1558021306991577,1.1558021306991577,1.1558021306991577
1785956520.0,1.1556684970855713,1.1556684970855713,1.1556684970855713,1.1556684970855713
1785956580.0,1.1556684970855713,1.1556684970855713,1.1556684970855713,1.1556684970855713
1785956640.0,1.1558021306991577,1.1558021306991577,1.1558021306991577,1.1558021306991577
1785956700.0,1.1556684970855713,1.1556684970855713,1.1556684970855713,1.1556684970855713
1785956760.0,1.1556684970855713,1.1556684970855713,1.1556684970855713,1.1556684970855713
1785956820.0,1.1556684970855713,1.1556684970855713,1.1556684970855713,1.1556684970855713
1785956880.0,1.1556684970855713,1.1556684970855713,1.1556684970855713,1.1556684970855713
1785956940.0,1.1555349826812744,1.1555349826812744,1.1555349826812744,1.1555349826812744
1785957000.0,1.155401587486267,1.155401587486267,1.155401587486267,1.155401587486267
1785957060.0,1.1555349826812744,1.1555349826812744,1.1555349826812744,1.1555349826812744
1785957120.0,1.1555349826812744,1.1555349826812744,1.1555349826812744,1.1555349826812744
1785957180.0,1.155401587486267,1.155401587486267,1.155401587486267,1.155401587486267
1785957240.0,1.1555349826812744,1.1555349826812744,1.1555349826812744,1.1555349826812744
1785957300.0,1.155401587486267,1.155401587486267,1.155401587486267,1.155401587486267
1785957360.0,1.155401587486267,1.155401587486267,1.155401587486267,1.155401587486267
1785957420.0,1.155401587486267,1.155401587486267,1.155401587486267,1.155401587486267
1785957480.0,1.1552680730819702,1.1552680730819702,1.1552680730819702,1.1552680730819702
1785957540.0,1.1552680730819702,1.1552680730819702,1.1552680730819702,1.1552680730819702
1785957600.0,1.1552680730819702,1.1552680730819702,1.1552680730819702,1.1552680730819702
1785957660.0,1.1552680730819702,1.1552680730819702,1.1552680730819702,1.1552680730819702
1785957720.0,1.1552680730819702,1.1552680730819702,1.1552680730819702,1.1552680730819702
1785957780.0,1.1552680730819702,1.1552680730819702,1.1552680730819702,1.1552680730819702
1785957840.0,1.1552680730819702,1.1552680730819702,1.1552680730819702,1.1552680730819702
1785957900.0,1.1552680730819702,1.1552680730819702,1.1552680730819702,1.1552680730819702
1785957960.0,1.1552680730819702,1.1552680730819702,1.1552680730819702,1.1552680730819702
1785958020.0,1.1552680730819702,1.1552680730819702,1.1552680730819702,1.1552680730819702
1785958080.0,1.1551345586776733,1.1551345586776733,1.1551345586776733,1.1551345586776733
1785958140.0,1.1551345586776733,1.1551345586776733,1.1551345586776733,1.1551345586776733
1785958200.0,1.1552680730819702,1.1552680730819702,1.1552680730819702,1.1552680730819702
1785958260.0,1.1552680730819702,1.1552680730819702,1.1552680730819702,1.1552680730819702
1785958320.0,1.1552680730819702,1.1552680730819702,1.1552680730819702,1.1552680730819702
1785958380.0,1.1552680730819702,1.1552680730819702,1.1552680730819702,1.1552680730819702
1785958440.0,1.1552680730819702,1.1552680730819702,1.1552680730819702,1.1552680730819702
1785958500.0,1.1552680730819702,1.1552680730819702,1.1552680730819702,1.1552680730819702
1785958560.0,1.1552680730819702,1.1552680730819702,1.1552680730819702,1.1552680730819702
1785958620.0,1.1552680730819702,1.1552680730819702,1.1552680730819702,1.1552680730819702
1785958680.0,1.1552680730819702,1.1552680730819702,1.1552680730819702,1.1552680730819702
1785958740.0,1.1552680730819702,1.1552680730819702,1.1552680730819702,1.1552680730819702
1785958800.0,1.1552680730819702,1.1552680730819702,1.1552680730819702,1.1552680730819702
1785958860.0,1.155401587486267,1.155401587486267,1.155401587486267,1.155401587486267
1785958920.0,1.155401587486267,1.155401587486267,1.155401587486267,1.155401587486267
1785958980.0,1.1552680730819702,1.1552680730819702,1.1552680730819702,1.1552680730819702
1785959040.0,1.1552680730819702,1.1552680730819702,1.1552680730819702,1.1552680730819702
1785959100.0,1.155401587486267,1.155401587486267,1.155401587486267,1.155401587486267
1785959160.0,1.155401587486267,1.155401587486267,1.155401587486267,1.155401587486267
1785959220.0,1.1552680730819702,1.1552680730819702,1.1552680730819702,1.1552680730819702
1785959280.0,1.1552680730819702,1.1552680730819702,1.1552680730819702,1.1552680730819702
1785959340.0,1.1552680730819702,1.1552680730819702,1.1552680730819702,1.1552680730819702
1785959400.0,1.1552680730819702,1.1552680730819702,1.1552680730819702,1.1552680730819702
1785959460.0,1.155401587486267,1.155401587486267,1.155401587486267,1.155401587486267
1785959520.0,1.155401587486267,1.155401587486267,1.155401587486267,1.155401587486267
1785959580.0,1.155401587486267,1.155401587486267,1.155401587486267,1.155401587486267
1785959640.0,1.155401587486267,1.155401587486267,1.155401587486267,1.155401587486267
1785959700.0,1.1555349826812744,1.1555349826812744,1.1555349826812744,1.1555349826812744
1785959760.0,1.1555349826812744,1.1555349826812744,1.1555349826812744,1.1555349826812744
1785959820.0,1.1555349826812744,1.1555349826812744,1.1555349826812744,1.1555349826812744
1785959880.0,1.155401587486267,1.155401587486267,1.155401587486267,1.155401587486267
1785959940.0,1.155401587486267,1.155401587486267,1.155401587486267,1.155401587486267
1785960000.0,1.1556684970855713,1.1556684970855713,1.1556684970855713,1.1556684970855713
1785960060.0,1.1555349826812744,1.1555349826812744,1.1555349826812744,1.1555349826812744
1785960120.0,1.1555349826812744,1.1555349826812744,1.1555349826812744,1.1555349826812744
1785960180.0,1.1555349826812744,1.1555349826812744,1.1555349826812744,1.1555349826812744
1785960240.0,1.1555349826812744,1.1555349826812744,1.1555349826812744,1.1555349826812744
1785960300.0,1.1555349826812744,1.1555349826812744,1.1555349826812744,1.1555349826812744
1785960360.0,1.1555349826812744,1.1555349826812744,1.1555349826812744,1.1555349826812744
1785960420.0,1.1555349826812744,1.1555349826812744,1.1555349826812744,1.1555349826812744
1785960480.0,1.1555349826812744,1.1555349826812744,1.1555349826812744,1.1555349826812744
1785960540.0,1.1555349826812744,1.1555349826812744,1.1555349826812744,1.1555349826812744
1785960600.0,1.1555349826812744,1.1555349826812744,1.1555349826812744,1.1555349826812744
1785960660.0,1.155401587486267,1.155401587486267,1.155401587486267,1.155401587486267
1785960720.0,1.155401587486267,1.155401587486267,1.155401587486267,1.155401587486267
1785960780.0,1.155401587486267,1.155401587486267,1.155401587486267,1.155401587486267
1785960840.0,1.155401587486267,1.155401587486267,1.155401587486267,1.155401587486267
1785960900.0,1.1552680730819702,1.1552680730819702,1.1552680730819702,1.1552680730819702
1785960960.0,1.155401587486267,1.155401587486267,1.155401587486267,1.155401587486267
1785961020.0,1.1552680730819702,1.1552680730819702,1.1552680730819702,1.1552680730819702
1785961080.0,1.155401587486267,1.155401587486267,1.155401587486267,1.155401587486267
1785961140.0,1.1552680730819702,1.1552680730819702,1.1552680730819702,1.1552680730819702
1785961200.0,1.1552680730819702,1.1552680730819702,1.1552680730819702,1.1552680730819702
1785961260.0,1.1552680730819702,1.1552680730819702,1.1552680730819702,1.1552680730819702
1785961320.0,1.1552680730819702,1.1552680730819702,1.1552680730819702,1.1552680730819702
1785961380.0,1.155401587486267,1.155401587486267,1.155401587486267,1.155401587486267
1785961440.0,1.155401587486267,1.155401587486267,1.155401587486267,1.155401587486267
1785961500.0,1.155401587486267,1.155401587486267,1.155401587486267,1.155401587486267
1785961560.0,1.155401587486267,1.155401587486267,1.155401587486267,1.155401587486267
1785961620.0,1.155401587486267,1.155401587486267,1.155401587486267,1.155401587486267
1785961680.0,1.1555349826812744,1.1555349826812744,1.1555349826812744,1.1555349826812744
1785961740.0,1.155401587486267,1.155401587486267,1.155401587486267,1.155401587486267
1785961800.0,1.1555349826812744,1.1555349826812744,1.1555349826812744,1.1555349826812744
1785961860.0,1.1555349826812744,1.1555349826812744,1.1555349826812744,1.1555349826812744
1785961920.0,1.1556684970855713,1.1556684970855713,1.1556684970855713,1.1556684970855713
1785961980.0,1.1556684970855713,1.1556684970855713,1.1556684970855713,1.1556684970855713
1785962040.0,1.1556684970855713,1.1556684970855713,1.1556684970855713,1.1556684970855713
1785962100.0,1.1556684970855713,1.1556684970855713,1.1556684970855713,1.1556684970855713
1785962160.0,1.1556684970855713,1.1556684970855713,1.1556684970855713,1.1556684970855713
1785962220.0,1.1556684970855713,1.1556684970855713,1.1556684970855713,1.1556684970855713
1785962280.0,1.1556684970855713,1.1556684970855713,1.1556684970855713,1.1556684970855713
1785962340.0,1.1556684970855713,1.1556684970855713,1.1556684970855713,1.1556684970855713
1785962400.0,1.1556684970855713,1.1556684970855713,1.1556684970855713,1.1556684970855713
1785962460.0,1.1556684970855713,1.1556684970855713,1.1556684970855713,1.1556684970855713
1785962520.0,1.1555349826812744,1.1555349826812744,1.1555349826812744,1.1555349826812744
1785962580.0,1.1555349826812744,1.1555349826812744,1.1555349826812744,1.1555349826812744
1785962640.0,1.1555349826812744,1.1555349826812744,1.1555349826812744,1.1555349826812744
1785962700.0,1.1555349826812744,1.1555349826812744,1.1555349826812744,1.1555349826812744
1785962760.0,1.1555349826812744,1.1555349826812744,1.1555349826812744,1.1555349826812744
1785962820.0,1.1555349826812744,1.1555349826812744,1.1555349826812744,1.1555349826812744
1785962880.0,1.1555349826812744,1.1555349826812744,1.1555349826812744,1.1555349826812744
1785962940.0,1.1555349826812744,1.1555349826812744,1.1555349826812744,1.1555349826812744
1785963000.0,1.1555349826812744,1.1555349826812744,1.1555349826812744,1.1555349826812744
1785963060.0,1.1555349826812744,1.1555349826812744,1.1555349826812744,1.1555349826812744
1785963120.0,1.1556684970855713,1.1556684970855713,1.1556684970855713,1.1556684970855713
1785963180.0,1.1556684970855713,1.1556684970855713,1.1556684970855713,1.1556684970855713
1785963240.0,1.1556684970855713,1.1556684970855713,1.1556684970855713,1.1556684970855713
1785963300.0,1.1556684970855713,1.1556684970855713,1.1556684970855713,1.1556684970855713
1785963360.0,1.1556684970855713,1.1556684970855713,1.1556684970855713,1.1556684970855713
1785963420.0,1.1556684970855713,1.1556684970855713,1.1556684970855713,1.1556684970855713
1785963480.0,1.1556684970855713,1.1556684970855713,1.1556684970855713,1.1556684970855713
1785963540.0,1.1556684970855713,1.1556684970855713,1.1556684970855713,1.1556684970855713
1785963600.0,1.156336784362793,1.156336784362793,1.156336784362793,1.156336784362793
1785963660.0,1.156203031539917,1.156203031539917,1.156203031539917,1.156203031539917
1785963720.0,1.1558021306991577,1.1558021306991577,1.1558021306991577,1.1558021306991577
1785963780.0,1.1558021306991577,1.1558021306991577,1.1558021306991577,1.1558021306991577
1785963840.0,1.1555349826812744,1.1555349826812744,1.1555349826812744,1.1555349826812744
1785963900.0,1.1559356451034546,1.1559356451034546,1.1559356451034546,1.1559356451034546
1785963960.0,1.1556684970855713,1.1556684970855713,1.1556684970855713,1.1556684970855713
1785964020.0,1.1558021306991577,1.1558021306991577,1.1558021306991577,1.1558021306991577
1785964080.0,1.1559356451034546,1.1559356451034546,1.1559356451034546,1.1559356451034546
1785964140.0,1.1556684970855713,1.1556684970855713,1.1556684970855713,1.1556684970855713
1785964200.0,1.1555349826812744,1.1555349826812744,1.1555349826812744,1.1555349826812744
1785964260.0,1.1556684970855713,1.1556684970855713,1.1556684970855713,1.1556684970855713
1785964320.0,1.1558021306991577,1.1558021306991577,1.1558021306991577,1.1558021306991577
1785964380.0,1.1558021306991577,1.1558021306991577,1.1558021306991577,1.1558021306991577
1785964440.0,1.155401587486267,1.155401587486267,1.155401587486267,1.155401587486267
1785964500.0,1.1555349826812744,1.1555349826812744,1.1555349826812744,1.1555349826812744
1785964560.0,1.1556684970855713,1.1556684970855713,1.1556684970855713,1.1556684970855713
1785964620.0,1.1558021306991577,1.1558021306991577,1.1558021306991577,1.1558021306991577
1785964680.0,1.1558021306991577,1.1558021306991577,1.1558021306991577,1.1558021306991577
1785964740.0,1.1558021306991577,1.1558021306991577,1.1558021306991577,1.1558021306991577
1785964800.0,1.1558021306991577,1.1558021306991577,1.1558021306991577,1.1558021306991577
1785964860.0,1.1556684970855713,1.1556684970855713,1.1556684970855713,1.1556684970855713
1785964920.0,1.1558021306991577,1.1558021306991577,1.1558021306991577,1.1558021306991577
1785964980.0,1.1556684970855713,1.1556684970855713,1.1556684970855713,1.1556684970855713
1785965040.0,1.1558021306991577,1.1558021306991577,1.1558021306991577,1.1558021306991577
1785965100.0,1.1558021306991577,1.1558021306991577,1.1558021306991577,1.1558021306991577
1785965160.0,1.1556684970855713,1.1556684970855713,1.1556684970855713,1.1556684970855713
1785965220.0,1.155401587486267,1.155401587486267,1.155401587486267,1.155401587486267
1785965280.0,1.1555349826812744,1.1555349826812744,1.1555349826812744,1.1555349826812744
1785965340.0,1.1556684970855713,1.1556684970855713,1.1556684970855713,1.1556684970855713
1785965400.0,1.1555349826812744,1.1555349826812744,1.1555349826812744,1.1555349826812744
1785965460.0,1.1555349826812744,1.1555349826812744,1.1555349826812744,1.1555349826812744
1785965520.0,1.1555349826812744,1.1555349826812744,1.1555349826812744,1.1555349826812744
1785965580.0,1.1555349826812744,1.1555349826812744,1.1555349826812744,1.1555349826812744
1785965640.0,1.1556684970855713,1.1556684970855713,1.1556684970855713,1.1556684970855713
1785965700.0,1.1555349826812744,1.1555349826812744,1.1555349826812744,1.1555349826812744
1785965760.0,1.155401587486267,1.155401587486267,1.155401587486267,1.155401587486267
1785965820.0,1.155401587486267,1.155401587486267,1.155401587486267,1.155401587486267
1785965880.0,1.1555349826812744,1.1555349826812744,1.1555349826812744,1.1555349826812744
1785965940.0,1.1556684970855713,1.1556684970855713,1.1556684970855713,1.1556684970855713
1785966000.0,1.1555349826812744,1.1555349826812744,1.1555349826812744,1.1555349826812744
1785966060.0,1.1556684970855713,1.1556684970855713,1.1556684970855713,1.1556684970855713
1785966120.0,1.1556684970855713,1.1556684970855713,1.1556684970855713,1.1556684970855713
1785966180.0,1.1555349826812744,1.1555349826812744,1.1555349826812744,1.1555349826812744
1785966240.0,1.1558021306991577,1.1558021306991577,1.1558021306991577,1.1558021306991577
1785966300.0,1.1555349826812744,1.1555349826812744,1.1555349826812744,1.1555349826812744
1785966360.0,1.1555349826812744,1.1555349826812744,1.1555349826812744,1.1555349826812744
1785966420.0,1.1556684970855713,1.1556684970855713,1.1556684970855713,1.1556684970855713
1785966480.0,1.1556684970855713,1.1556684970855713,1.1556684970855713,1.1556684970855713
1785966540.0,1.1556684970855713,1.1556684970855713,1.1556684970855713,1.1556684970855713
1785966600.0,1.1556684970855713,1.1556684970855713,1.1556684970855713,1.1556684970855713
1785966660.0,1.1556684970855713,1.1556684970855713,1.1556684970855713,1.1556684970855713
1785966720.0,1.1556684970855713,1.1556684970855713,1.1556684970855713,1.1556684970855713
1785966780.0,1.1556684970855713,1.1556684970855713,1.1556684970855713,1.1556684970855713
1785966840.0,1.1555349826812744,1.1555349826812744,1.1555349826812744,1.1555349826812744
1785966900.0,1.1555349826812744,1.1555349826812744,1.1555349826812744,1.1555349826812744
1785966960.0,1.1555349826812744,1.1555349826812744,1.1555349826812744,1.1555349826812744
1785967020.0,1.1558021306991577,1.1558021306991577,1.1558021306991577,1.1558021306991577
1785967080.0,1.1555349826812744,1.1555349826812744,1.1555349826812744,1.1555349826812744
1785967140.0,1.1555349826812744,1.1555349826812744,1.1555349826812744,1.1555349826812744
1785967200.0,1.1556684970855713,1.1556684970855713,1.1556684970855713,1.1556684970855713
1785967260.0,1.1558021306991577,1.1558021306991577,1.1558021306991577,1.1558021306991577
1785967320.0,1.1558021306991577,1.1558021306991577,1.1558021306991577,1.1558021306991577
1785967380.0,1.1556684970855713,1.1556684970855713,1.1556684970855713,1.1556684970855713
1785967440.0,1.1556684970855713,1.1556684970855713,1.1556684970855713,1.1556684970855713
1785967500.0,1.1556684970855713,1.1556684970855713,1.1556684970855713,1.1556684970855713
1785967560.0,1.1555349826812744,1.1555349826812744,1.1555349826812744,1.1555349826812744
1785967620.0,1.1555349826812744,1.1555349826812744,1.1555349826812744,1.1555349826812744
1785967680.0,1.1555349826812744,1.1555349826812744,1.1555349826812744,1.1555349826812744
1785967740.0,1.1555349826812744,1.1555349826812744,1.1555349826812744,1.1555349826812744
1785967800.0,1.1556684970855713,1.1556684970855713,1.1556684970855713,1.1556684970855713
1785967860.0,1.1556684970855713,1.1556684970855713,1.1556684970855713,1.1556684970855713
1785967920.0,1.1556684970855713,1.1556684970855713,1.1556684970855713,1.1556684970855713
1785967980.0,1.1556684970855713,1.1556684970855713,1.1556684970855713,1.1556684970855713
1785968040.0,1.1556684970855713,1.1556684970855713,1.1556684970855713,1.1556684970855713
1785968100.0,1.1556684970855713,1.1556684970855713,1.1556684970855713,1.1556684970855713
1785968160.0,1.1556684970855713,1.1556684970855713,1.1556684970855713,1.1556684970855713
1785968220.0,1.1558021306991577,1.1558021306991577,1.1558021306991577,1.1558021306991577
1785968280.0,1.1558021306991577,1.1558021306991577,1.1558021306991577,1.1558021306991577
1785968340.0,1.1558021306991577,1.1558021306991577,1.1558021306991577,1.1558021306991577
1785968400.0,1.1558021306991577,1.1558021306991577,1.1558021306991577,1.1558021306991577
1785968460.0,1.1559356451034546,1.1559356451034546,1.1559356451034546,1.1559356451034546
1785968520.0,1.1558021306991577,1.1558021306991577,1.1558021306991577,1.1558021306991577
1785968580.0,1.1558021306991577,1.1558021306991577,1.1558021306991577,1.1558021306991577
1785968640.0,1.1558021306991577,1.1558021306991577,1.1558021306991577,1.1558021306991577
1785968700.0,1.1558021306991577,1.1558021306991577,1.1558021306991577,1.1558021306991577
1785968760.0,1.1558021306991577,1.1558021306991577,1.1558021306991577,1.1558021306991577
1785968820.0,1.1558021306991577,1.1558021306991577,1.1558021306991577,1.1558021306991577
1785968880.0,1.1558021306991577,1.1558021306991577,1.1558021306991577,1.1558021306991577
1785968940.0,1.1558021306991577,1.1558021306991577,1.1558021306991577,1.1558021306991577
1785969000.0,1.1558021306991577,1.1558021306991577,1.1558021306991577,1.1558021306991577
1785969060.0,1.1558021306991577,1.1558021306991577,1.1558021306991577,1.1558021306991577
1785969120.0,1.1558021306991577,1.1558021306991577,1.1558021306991577,1.1558021306991577
1785969180.0,1.1558021306991577,1.1558021306991577,1.1558021306991577,1.1558021306991577
1785969240.0,1.1558021306991577,1.1558021306991577,1.1558021306991577,1.1558021306991577
1785969300.0,1.1558021306991577,1.1558021306991577,1.1558021306991577,1.1558021306991577
1785969360.0,1.1556684970855713,1.1556684970855713,1.1556684970855713,1.1556684970855713
1785969420.0,1.1558021306991577,1.1558021306991577,1.1558021306991577,1.1558021306991577
1785969480.0,1.1558021306991577,1.1558021306991577,1.1558021306991577,1.1558021306991577
1785969540.0,1.1558021306991577,1.1558021306991577,1.1558021306991577,1.1558021306991577
1785969600.0,1.1558021306991577,1.1558021306991577,1.1558021306991577,1.1558021306991577
1785969660.0,1.1558021306991577,1.1558021306991577,1.1558021306991577,1.1558021306991577
1785969720.0,1.1558021306991577,1.1558021306991577,1.1558021306991577,1.1558021306991577
1785969780.0,1.1558021306991577,1.1558021306991577,1.1558021306991577,1.1558021306991577
1785969840.0,1.1558021306991577,1.1558021306991577,1.1558021306991577,1.1558021306991577
1785969900.0,1.1558021306991577,1.1558021306991577,1.1558021306991577,1.1558021306991577
1785969960.0,1.1558021306991577,1.1558021306991577,1.1558021306991577,1.1558021306991577
1785970020.0,1.1558021306991577,1.1558021306991577,1.1558021306991577,1.1558021306991577
1785970080.0,1.1558021306991577,1.1558021306991577,1.1558021306991577,1.1558021306991577
1785970140.0,1.1558021306991577,1.1558021306991577,1.1558021306991577,1.1558021306991577
1785970200.0,1.1558021306991577,1.1558021306991577,1.1558021306991577,1.1558021306991577
1785970260.0,1.1558021306991577,1.1558021306991577,1.1558021306991577,1.1558021306991577
1785970320.0,1.1558021306991577,1.1558021306991577,1.1558021306991577,1.1558021306991577
1785970380.0,1.1558021306991577,1.1558021306991577,1.1558021306991577,1.1558021306991577
1785970440.0,1.1558021306991577,1.1558021306991577,1.1558021306991577,1.1558021306991577
1785970500.0,1.1558021306991577,1.1558021306991577,1.1558021306991577,1.1558021306991577
1785970560.0,1.1558021306991577,1.1558021306991577,1.1558021306991577,1.1558021306991577
1785970620.0,1.1558021306991577,1.1558021306991577,1.1558021306991577,1.1558021306991577
1785970680.0,1.1558021306991577,1.1558021306991577,1.1558021306991577,1.1558021306991577
1785970800.0,1.1558021306991577,1.1558021306991577,1.1558021306991577,1.1558021306991577
1785970860.0,1.1558021306991577,1.1558021306991577,1.1558021306991577,1.1558021306991577
1785970920.0,1.1558021306991577,1.1558021306991577,1.1558021306991577,1.1558021306991577
1785970980.0,1.1558021306991577,1.1558021306991577,1.1558021306991577,1.1558021306991577
1785971040.0,1.1558021306991577,1.1558021306991577,1.1558021306991577,1.1558021306991577
1785971100.0,1.1558021306991577,1.1558021306991577,1.1558021306991577,1.1558021306991577
1785971160.0,1.1558021306991577,1.1558021306991577,1.1558021306991577,1.1558021306991577
1785971220.0,1.1558021306991577,1.1558021306991577,1.1558021306991577,1.1558021306991577
1785971280.0,1.1558021306991577,1.1558021306991577,1.1558021306991577,1.1558021306991577
1785971340.0,1.1558021306991577,1.1558021306991577,1.1558021306991577,1.1558021306991577
1785971400.0,1.1558021306991577,1.1558021306991577,1.1558021306991577,1.1558021306991577
1785971460.0,1.1558021306991577,1.1558021306991577,1.1558021306991577,1.1558021306991577
1785971520.0,1.1559356451034546,1.1559356451034546,1.1559356451034546,1.1559356451034546
1785971580.0,1.1559356451034546,1.1559356451034546,1.1559356451034546,1.1559356451034546
1785971640.0,1.1559356451034546,1.1559356451034546,1.1559356451034546,1.1559356451034546
1785971700.0,1.1559356451034546,1.1559356451034546,1.1559356451034546,1.1559356451034546
1785971760.0,1.1559356451034546,1.1559356451034546,1.1559356451034546,1.1559356451034546
1785971820.0,1.1559356451034546,1.1559356451034546,1.1559356451034546,1.1559356451034546
1785971880.0,1.1559356451034546,1.1559356451034546,1.1559356451034546,1.1559356451034546
1785971940.0,1.1559356451034546,1.1559356451034546,1.1559356451034546,1.1559356451034546
1785972000.0,1.1558021306991577,1.1558021306991577,1.1558021306991577,1.1558021306991577
1785972060.0,1.1559356451034546,1.1559356451034546,1.1559356451034546,1.1559356451034546
1785972120.0,1.1558021306991577,1.1558021306991577,1.1558021306991577,1.1558021306991577
1785972180.0,1.1559356451034546,1.1559356451034546,1.1559356451034546,1.1559356451034546
1785972240.0,1.1559356451034546,1.1559356451034546,1.1559356451034546,1.1559356451034546
1785972300.0,1.1558021306991577,1.1558021306991577,1.1558021306991577,1.1558021306991577
1785972360.0,1.1558021306991577,1.1558021306991577,1.1558021306991577,1.1558021306991577
1785972420.0,1.1558021306991577,1.1558021306991577,1.1558021306991577,1.1558021306991577
1785972480.0,1.1558021306991577,1.1558021306991577,1.1558021306991577,1.1558021306991577
1785972540.0,1.1558021306991577,1.1558021306991577,1.1558021306991577,1.1558021306991577
1785972600.0,1.1558021306991577,1.1558021306991577,1.1558021306991577,1.1558021306991577
1785972660.0,1.1558021306991577,1.1558021306991577,1.1558021306991577,1.1558021306991577
1785972720.0,1.1558021306991577,1.1558021306991577,1.1558021306991577,1.1558021306991577
1785972780.0,1.1558021306991577,1.1558021306991577,1.1558021306991577,1.1558021306991577
1785972840.0,1.1558021306991577,1.1558021306991577,1.1558021306991577,1.1558021306991577
1785972900.0,1.1558021306991577,1.1558021306991577,1.1558021306991577,1.1558021306991577
1785972960.0,1.1558021306991577,1.1558021306991577,1.1558021306991577,1.1558021306991577
1785973020.0,1.1558021306991577,1.1558021306991577,1.1558021306991577,1.1558021306991577
1785973080.0,1.1559356451034546,1.1559356451034546,1.1559356451034546,1.1559356451034546
1785973140.0,1.1559356451034546,1.1559356451034546,1.1559356451034546,1.1559356451034546
1785973200.0,1.1559356451034546,1.1559356451034546,1.1559356451034546,1.1559356451034546
1785973260.0,1.1558021306991577,1.1558021306991577,1.1558021306991577,1.1558021306991577
1785973320.0,1.1558021306991577,1.1558021306991577,1.1558021306991577,1.1558021306991577
1785973380.0,1.1559356451034546,1.1559356451034546,1.1559356451034546,1.1559356451034546
1785973440.0,1.1559356451034546,1.1559356451034546,1.1559356451034546,1.1559356451034546
1785973500.0,1.1560693979263306,1.1560693979263306,1.1560693979263306,1.1560693979263306
1785973560.0,1.1560693979263306,1.1560693979263306,1.1560693979263306,1.1560693979263306
1785973620.0,1.1560693979263306,1.1560693979263306,1.1560693979263306,1.1560693979263306
1785973680.0,1.1560693979263306,1.1560693979263306,1.1560693979263306,1.1560693979263306
1785973740.0,1.1560693979263306,1.1560693979263306,1.1560693979263306,1.1560693979263306
1785973800.0,1.1560693979263306,1.1560693979263306,1.1560693979263306,1.1560693979263306
1785973860.0,1.1560693979263306,1.1560693979263306,1.1560693979263306,1.1560693979263306
1785973920.0,1.1560693979263306,1.1560693979263306,1.1560693979263306,1.1560693979263306
1785973980.0,1.156203031539917,1.156203031539917,1.156203031539917,1.156203031539917
1785974040.0,1.1560693979263306,1.1560693979263306,1.1560693979263306,1.1560693979263306
1785974100.0,1.1560693979263306,1.1560693979263306,1.1560693979263306,1.1560693979263306
1785974160.0,1.1560693979263306,1.1560693979263306,1.1560693979263306,1.1560693979263306
1785974220.0,1.1559356451034546,1.1559356451034546,1.1559356451034546,1.1559356451034546
1785974280.0,1.1560693979263306,1.1560693979263306,1.1560693979263306,1.1560693979263306
1785974340.0,1.1560693979263306,1.1560693979263306,1.1560693979263306,1.1560693979263306
1785974400.0,1.1559356451034546,1.1559356451034546,1.1559356451034546,1.1559356451034546
1785974460.0,1.1559356451034546,1.1559356451034546,1.1559356451034546,1.1559356451034546
1785974520.0,1.1559356451034546,1.1559356451034546,1.1559356451034546,1.1559356451034546
1785974580.0,1.1559356451034546,1.1559356451034546,1.1559356451034546,1.1559356451034546
1785974640.0,1.1559356451034546,1.1559356451034546,1.1559356451034546,1.1559356451034546
1785974700.0,1.1558021306991577,1.1558021306991577,1.1558021306991577,1.1558021306991577
1785974760.0,1.1558021306991577,1.1558021306991577,1.1558021306991577,1.1558021306991577
1785974820.0,1.1558021306991577,1.1558021306991577,1.1558021306991577,1.1558021306991577
1785974880.0,1.1559356451034546,1.1559356451034546,1.1559356451034546,1.1559356451034546
1785974940.0,1.1558021306991577,1.1558021306991577,1.1558021306991577,1.1558021306991577
1785975000.0,1.1558021306991577,1.1558021306991577,1.1558021306991577,1.1558021306991577
1785975060.0,1.1559356451034546,1.1559356451034546,1.1559356451034546,1.1559356451034546
1785975120.0,1.1559356451034546,1.1559356451034546,1.1559356451034546,1.1559356451034546
1785975180.0,1.1558021306991577,1.1558021306991577,1.1558021306991577,1.1558021306991577
1785975240.0,1.1558021306991577,1.1558021306991577,1.1558021306991577,1.1558021306991577
1785975300.0,1.1559356451034546,1.1559356451034546,1.1559356451034546,1.1559356451034546
1785975360.0,1.1559356451034546,1.1559356451034546,1.1559356451034546,1.1559356451034546
1785975420.0,1.1559356451034546,1.1559356451034546,1.1559356451034546,1.1559356451034546
1785975480.0,1.1559356451034546,1.1559356451034546,1.1559356451034546,1.1559356451034546
1785975540.0,1.1559356451034546,1.1559356451034546,1.1559356451034546,1.1559356451034546
1785975600.0,1.1559356451034546,1.1559356451034546,1.1559356451034546,1.1559356451034546
1785975660.0,1.1560693979263306,1.1560693979263306,1.1560693979263306,1.1560693979263306
1785975720.0,1.1560693979263306,1.1560693979263306,1.1560693979263306,1.1560693979263306
1785975780.0,1.1560693979263306,1.1560693979263306,1.1560693979263306,1.1560693979263306
1785975840.0,1.1560693979263306,1.1560693979263306,1.1560693979263306,1.1560693979263306
1785975900.0,1.1560693979263306,1.1560693979263306,1.1560693979263306,1.1560693979263306
1785975960.0,1.1560693979263306,1.1560693979263306,1.1560693979263306,1.1560693979263306
1785976020.0,1.1560693979263306,1.1560693979263306,1.1560693979263306,1.1560693979263306
1785976080.0,1.1560693979263306,1.1560693979263306,1.1560693979263306,1.1560693979263306
1785976140.0,1.1559356451034546,1.1559356451034546,1.1559356451034546,1.1559356451034546
1785976200.0,1.1559356451034546,1.1559356451034546,1.1559356451034546,1.1559356451034546
1785976260.0,1.1560693979263306,1.1560693979263306,1.1560693979263306,1.1560693979263306
1785976320.0,1.1560693979263306,1.1560693979263306,1.1560693979263306,1.1560693979263306
1785976380.0,1.1560693979263306,1.1560693979263306,1.1560693979263306,1.1560693979263306
1785976440.0,1.1560693979263306,1.1560693979263306,1.1560693979263306,1.1560693979263306
1785976500.0,1.156203031539917,1.156203031539917,1.156203031539917,1.156203031539917
1785976560.0,1.1560693979263306,1.1560693979263306,1.1560693979263306,1.1560693979263306
1785976620.0,1.1560693979263306,1.1560693979263306,1.1560693979263306,1.1560693979263306
1785976680.0,1.1560693979263306,1.1560693979263306,1.1560693979263306,1.1560693979263306
1785976740.0,1.1560693979263306,1.1560693979263306,1.1560693979263306,1.1560693979263306
1785976800.0,1.1560693979263306,1.1560693979263306,1.1560693979263306,1.1560693979263306
1785976860.0,1.1559356451034546,1.1559356451034546,1.1559356451034546,1.1559356451034546
1785976920.0,1.1559356451034546,1.1559356451034546,1.1559356451034546,1.1559356451034546
1785976980.0,1.1559356451034546,1.1559356451034546,1.1559356451034546,1.1559356451034546
1785977040.0,1.1559356451034546,1.1559356451034546,1.1559356451034546,1.1559356451034546
1785977100.0,1.1560693979263306,1.1560693979263306,1.1560693979263306,1.1560693979263306
1785977160.0,1.1560693979263306,1.1560693979263306,1.1560693979263306,1.1560693979263306
1785977220.0,1.1560693979263306,1.1560693979263306,1.1560693979263306,1.1560693979263306
1785977280.0,1.1560693979263306,1.1560693979263306,1.1560693979263306,1.1560693979263306
1785977340.0,1.1560693979263306,1.1560693979263306,1.1560693979263306,1.1560693979263306
1785977400.0,1.1560693979263306,1.1560693979263306,1.1560693979263306,1.1560693979263306
1785977460.0,1.156203031539917,1.156203031539917,1.156203031539917,1.156203031539917
1785977520.0,1.156203031539917,1.156203031539917,1.156203031539917,1.156203031539917
1785977580.0,1.156203031539917,1.156203031539917,1.156203031539917,1.156203031539917
1785977640.0,1.156203031539917,1.156203031539917,1.156203031539917,1.156203031539917
1785977700.0,1.156203031539917,1.156203031539917,1.156203031539917,1.156203031539917
1785977760.0,1.1560693979263306,1.1560693979263306,1.1560693979263306,1.1560693979263306
1785977820.0,1.1559356451034546,1.1559356451034546,1.1559356451034546,1.1559356451034546
1785977880.0,1.1559356451034546,1.1559356451034546,1.1559356451034546,1.1559356451034546
1785977940.0,1.1559356451034546,1.1559356451034546,1.1559356451034546,1.1559356451034546
1785978000.0,1.1559356451034546,1.1559356451034546,1.1559356451034546,1.1559356451034546
1785978060.0,1.1560693979263306,1.1560693979263306,1.1560693979263306,1.1560693979263306
1785978120.0,1.1559356451034546,1.1559356451034546,1.1559356451034546,1.1559356451034546
1785978180.0,1.1559356451034546,1.1559356451034546,1.1559356451034546,1.1559356451034546
1785978240.0,1.1559356451034546,1.1559356451034546,1.1559356451034546,1.1559356451034546
1785978300.0,1.1558021306991577,1.1558021306991577,1.1558021306991577,1.1558021306991577
1785978360.0,1.1558021306991577,1.1558021306991577,1.1558021306991577,1.1558021306991577
1785978420.0,1.1559356451034546,1.1559356451034546,1.1559356451034546,1.1559356451034546
1785978480.0,1.1558021306991577,1.1558021306991577,1.1558021306991577,1.1558021306991577
1785978540.0,1.1559356451034546,1.1559356451034546,1.1559356451034546,1.1559356451034546
1785978600.0,1.1559356451034546,1.1559356451034546,1.1559356451034546,1.1559356451034546
1785978660.0,1.1558021306991577,1.1558021306991577,1.1558021306991577,1.1558021306991577
1785978720.0,1.1556684970855713,1.1556684970855713,1.1556684970855713,1.1556684970855713
1785978780.0,1.1558021306991577,1.1558021306991577,1.1558021306991577,1.1558021306991577
1785978840.0,1.1559356451034546,1.1559356451034546,1.1559356451034546,1.1559356451034546
1785978900.0,1.1558021306991577,1.1558021306991577,1.1558021306991577,1.1558021306991577
1785978960.0,1.1558021306991577,1.1558021306991577,1.1558021306991577,1.1558021306991577
1785979020.0,1.1558021306991577,1.1558021306991577,1.1558021306991577,1.1558021306991577
1785979080.0,1.1559356451034546,1.1559356451034546,1.1559356451034546,1.1559356451034546
1785979140.0,1.1559356451034546,1.1559356451034546,1.1559356451034546,1.1559356451034546
1785979200.0,1.1558021306991577,1.1558021306991577,1.1558021306991577,1.1558021306991577
1785979260.0,1.1558021306991577,1.1558021306991577,1.1558021306991577,1.1558021306991577
1785979320.0,1.1559356451034546,1.1559356451034546,1.1559356451034546,1.1559356451034546
1785979380.0,1.1559356451034546,1.1559356451034546,1.1559356451034546,1.1559356451034546
1785979440.0,1.1559356451034546,1.1559356451034546,1.1559356451034546,1.1559356451034546
1785979500.0,1.1559356451034546,1.1559356451034546,1.1559356451034546,1.1559356451034546
1785979560.0,1.1560693979263306,1.1560693979263306,1.1560693979263306,1.1560693979263306
1785979620.0,1.1559356451034546,1.1559356451034546,1.1559356451034546,1.1559356451034546
1785979680.0,1.1558021306991577,1.1558021306991577,1.1558021306991577,1.1558021306991577
1785979740.0,1.1558021306991577,1.1558021306991577,1.1558021306991577,1.1558021306991577
1785979800.0,1.1558021306991577,1.1558021306991577,1.1558021306991577,1.1558021306991577
1785979860.0,1.1559356451034546,1.1559356451034546,1.1559356451034546,1.1559356451034546
1785979920.0,1.1558021306991577,1.1558021306991577,1.1558021306991577,1.1558021306991577
1785979980.0,1.1559356451034546,1.1559356451034546,1.1559356451034546,1.1559356451034546
1785980040.0,1.1559356451034546,1.1559356451034546,1.1559356451034546,1.1559356451034546
1785980100.0,1.1559356451034546,1.1559356451034546,1.1559356451034546,1.1559356451034546
1785980160.0,1.1559356451034546,1.1559356451034546,1.1559356451034546,1.1559356451034546
1785980220.0,1.1559356451034546,1.1559356451034546,1.1559356451034546,1.1559356451034546
1785980280.0,1.1559356451034546,1.1559356451034546,1.1559356451034546,1.1559356451034546
1785980340.0,1.1560693979263306,1.1560693979263306,1.1560693979263306,1.1560693979263306
1785980400.0,1.1559356451034546,1.1559356451034546,1.1559356451034546,1.1559356451034546
1785980460.0,1.1559356451034546,1.1559356451034546,1.1559356451034546,1.1559356451034546
1785980520.0,1.1559356451034546,1.1559356451034546,1.1559356451034546,1.1559356451034546
1785980580.0,1.1559356451034546,1.1559356451034546,1.1559356451034546,1.1559356451034546
1785980640.0,1.1559356451034546,1.1559356451034546,1.1559356451034546,1.1559356451034546
1785980700.0,1.1559356451034546,1.1559356451034546,1.1559356451034546,1.1559356451034546
1785980760.0,1.1559356451034546,1.1559356451034546,1.1559356451034546,1.1559356451034546
1785980820.0,1.1558021306991577,1.1558021306991577,1.1558021306991577,1.1558021306991577
1785980880.0,1.1558021306991577,1.1558021306991577,1.1558021306991577,1.1558021306991577
1785980940.0,1.1558021306991577,1.1558021306991577,1.1558021306991577,1.1558021306991577
1785981000.0,1.1559356451034546,1.1559356451034546,1.1559356451034546,1.1559356451034546
1785981060.0,1.1559356451034546,1.1559356451034546,1.1559356451034546,1.1559356451034546
1785981120.0,1.1558021306991577,1.1558021306991577,1.1558021306991577,1.1558021306991577
1785981180.0,1.1558021306991577,1.1558021306991577,1.1558021306991577,1.1558021306991577
1785981240.0,1.1558021306991577,1.1558021306991577,1.1558021306991577,1.1558021306991577
1785981300.0,1.1558021306991577,1.1558021306991577,1.1558021306991577,1.1558021306991577
1785981360.0,1.1559356451034546,1.1559356451034546,1.1559356451034546,1.1559356451034546
1785981420.0,1.1558021306991577,1.1558021306991577,1.1558021306991577,1.1558021306991577
1785981480.0,1.1558021306991577,1.1558021306991577,1.1558021306991577,1.1558021306991577
1785981540.0,1.1558021306991577,1.1558021306991577,1.1558021306991577,1.1558021306991577
1785981600.0,1.1559356451034546,1.1559356451034546,1.1559356451034546,1.1559356451034546
1785981660.0,1.1559356451034546,1.1559356451034546,1.1559356451034546,1.1559356451034546
1785981720.0,1.1558021306991577,1.1558021306991577,1.1558021306991577,1.1558021306991577
1785981780.0,1.1559356451034546,1.1559356451034546,1.1559356451034546,1.1559356451034546
1785981840.0,1.1559356451034546,1.1559356451034546,1.1559356451034546,1.1559356451034546
1785981900.0,1.1559356451034546,1.1559356451034546,1.1559356451034546,1.1559356451034546
1785981960.0,1.1559356451034546,1.1559356451034546,1.1559356451034546,1.1559356451034546
1785982020.0,1.1560693979263306,1.1560693979263306,1.1560693979263306,1.1560693979263306
1785982080.0,1.1560693979263306,1.1560693979263306,1.1560693979263306,1.1560693979263306
1785982140.0,1.1560693979263306,1.1560693979263306,1.1560693979263306,1.1560693979263306
1785982200.0,1.1559356451034546,1.1559356451034546,1.1559356451034546,1.1559356451034546
1785982260.0,1.1559356451034546,1.1559356451034546,1.1559356451034546,1.1559356451034546
1785982320.0,1.1559356451034546,1.1559356451034546,1.1559356451034546,1.1559356451034546
1785982380.0,1.1560693979263306,1.1560693979263306,1.1560693979263306,1.1560693979263306
1785982440.0,1.1559356451034546,1.1559356451034546,1.1559356451034546,1.1559356451034546
1785982500.0,1.1559356451034546,1.1559356451034546,1.1559356451034546,1.1559356451034546
1785982560.0,1.1560693979263306,1.1560693979263306,1.1560693979263306,1.1560693979263306
1785982620.0,1.1559356451034546,1.1559356451034546,1.1559356451034546,1.1559356451034546
1785982680.0,1.1559356451034546,1.1559356451034546,1.1559356451034546,1.1559356451034546
1785982740.0,1.1559356451034546,1.1559356451034546,1.1559356451034546,1.1559356451034546
1785982800.0,1.1559356451034546,1.1559356451034546,1.1559356451034546,1.1559356451034546
1785982860.0,1.1560693979263306,1.1560693979263306,1.1560693979263306,1.1560693979263306
1785982920.0,1.1560693979263306,1.1560693979263306,1.1560693979263306,1.1560693979263306
1785982980.0,1.1560693979263306,1.1560693979263306,1.1560693979263306,1.1560693979263306
1785983040.0,1.1560693979263306,1.1560693979263306,1.1560693979263306,1.1560693979263306
1785983100.0,1.1559356451034546,1.1559356451034546,1.1559356451034546,1.1559356451034546
1785983160.0,1.1558021306991577,1.1558021306991577,1.1558021306991577,1.1558021306991577
1785983220.0,1.1558021306991577,1.1558021306991577,1.1558021306991577,1.1558021306991577
1785983280.0,1.1559356451034546,1.1559356451034546,1.1559356451034546,1.1559356451034546
1785983340.0,1.1559356451034546,1.1559356451034546,1.1559356451034546,1.1559356451034546
1785983400.0,1.1558021306991577,1.1558021306991577,1.1558021306991577,1.1558021306991577
1785983460.0,1.1559356451034546,1.1559356451034546,1.1559356451034546,1.1559356451034546
1785983520.0,1.1559356451034546,1.1559356451034546,1.1559356451034546,1.1559356451034546
1785983580.0,1.1559356451034546,1.1559356451034546,1.1559356451034546,1.1559356451034546
1785983640.0,1.1559356451034546,1.1559356451034546,1.1559356451034546,1.1559356451034546
1785983700.0,1.1559356451034546,1.1559356451034546,1.1559356451034546,1.1559356451034546
1785983760.0,1.1559356451034546,1.1559356451034546,1.1559356451034546,1.1559356451034546
1785983820.0,1.1559356451034546,1.1559356451034546,1.1559356451034546,1.1559356451034546
1785983880.0,1.1560693979263306,1.1560693979263306,1.1560693979263306,1.1560693979263306
1785983940.0,1.1560693979263306,1.1560693979263306,1.1560693979263306,1.1560693979263306
1785984000.0,1.1559356451034546,1.1559356451034546,1.1559356451034546,1.1559356451034546
1785984060.0,1.1560693979263306,1.1560693979263306,1.1560693979263306,1.1560693979263306
1785984120.0,1.1559356451034546,1.1559356451034546,1.1559356451034546,1.1559356451034546
1785984180.0,1.1560693979263306,1.1560693979263306,1.1560693979263306,1.1560693979263306
1785984240.0,1.1560693979263306,1.1560693979263306,1.1560693979263306,1.1560693979263306
1785984300.0,1.1560693979263306,1.1560693979263306,1.1560693979263306,1.1560693979263306
1785984360.0,1.1560693979263306,1.1560693979263306,1.1560693979263306,1.1560693979263306
1785984420.0,1.1559356451034546,1.1559356451034546,1.1559356451034546,1.1559356451034546
1785984480.0,1.1558021306991577,1.1558021306991577,1.1558021306991577,1.1558021306991577
1785984540.0,1.1559356451034546,1.1559356451034546,1.1559356451034546,1.1559356451034546
1785984600.0,1.1559356451034546,1.1559356451034546,1.1559356451034546,1.1559356451034546
1785984660.0,1.1559356451034546,1.1559356451034546,1.1559356451034546,1.1559356451034546
1785984720.0,1.1559356451034546,1.1559356451034546,1.1559356451034546,1.1559356451034546
1785984780.0,1.1559356451034546,1.1559356451034546,1.1559356451034546,1.1559356451034546
1785984840.0,1.1559356451034546,1.1559356451034546,1.1559356451034546,1.1559356451034546
1785984900.0,1.1556684970855713,1.1556684970855713,1.1556684970855713,1.1556684970855713
1785984960.0,1.1556684970855713,1.1556684970855713,1.1556684970855713,1.1556684970855713
1785985020.0,1.1556684970855713,1.1556684970855713,1.1556684970855713,1.1556684970855713
1785985080.0,1.1558021306991577,1.1558021306991577,1.1558021306991577,1.1558021306991577
1785985140.0,1.1556684970855713,1.1556684970855713,1.1556684970855713,1.1556684970855713
1785985200.0,1.1556684970855713,1.1556684970855713,1.1556684970855713,1.1556684970855713
1785985260.0,1.1556684970855713,1.1556684970855713,1.1556684970855713,1.1556684970855713
1785985320.0,1.1556684970855713,1.1556684970855713,1.1556684970855713,1.1556684970855713
1785985380.0,1.1556684970855713,1.1556684970855713,1.1556684970855713,1.1556684970855713
1785985440.0,1.1556684970855713,1.1556684970855713,1.1556684970855713,1.1556684970855713
1785985500.0,1.1556684970855713,1.1556684970855713,1.1556684970855713,1.1556684970855713
1785985560.0,1.1556684970855713,1.1556684970855713,1.1556684970855713,1.1556684970855713
1785985620.0,1.1556684970855713,1.1556684970855713,1.1556684970855713,1.1556684970855713
1785985680.0,1.1556684970855713,1.1556684970855713,1.1556684970855713,1.1556684970855713
1785985740.0,1.1556684970855713,1.1556684970855713,1.1556684970855713,1.1556684970855713
1785985800.0,1.1555349826812744,1.1555349826812744,1.1555349826812744,1.1555349826812744
1785985860.0,1.1555349826812744,1.1555349826812744,1.1555349826812744,1.1555349826812744
1785985920.0,1.1555349826812744,1.1555349826812744,1.1555349826812744,1.1555349826812744
1785985980.0,1.1555349826812744,1.1555349826812744,1.1555349826812744,1.1555349826812744
1785986040.0,1.1555349826812744,1.1555349826812744,1.1555349826812744,1.1555349826812744
1785986100.0,1.1555349826812744,1.1555349826812744,1.1555349826812744,1.1555349826812744
1785986160.0,1.1555349826812744,1.1555349826812744,1.1555349826812744,1.1555349826812744
1785986220.0,1.1555349826812744,1.1555349826812744,1.1555349826812744,1.1555349826812744
1785986280.0,1.1555349826812744,1.1555349826812744,1.1555349826812744,1.1555349826812744
1785986340.0,1.1555349826812744,1.1555349826812744,1.1555349826812744,1.1555349826812744
1785986400.0,1.1555349826812744,1.1555349826812744,1.1555349826812744,1.1555349826812744
1785986460.0,1.1555349826812744,1.1555349826812744,1.1555349826812744,1.1555349826812744
1785986520.0,1.155401587486267,1.155401587486267,1.155401587486267,1.155401587486267
1785986580.0,1.155401587486267,1.155401587486267,1.155401587486267,1.155401587486267
1785986640.0,1.155401587486267,1.155401587486267,1.155401587486267,1.155401587486267
1785986700.0,1.155401587486267,1.155401587486267,1.155401587486267,1.155401587486267
1785986760.0,1.1552680730819702,1.1552680730819702,1.1552680730819702,1.1552680730819702
1785986820.0,1.1552680730819702,1.1552680730819702,1.1552680730819702,1.1552680730819702
1785986880.0,1.1552680730819702,1.1552680730819702,1.1552680730819702,1.1552680730819702
1785986940.0,1.155401587486267,1.155401587486267,1.155401587486267,1.155401587486267
1785987000.0,1.155401587486267,1.155401587486267,1.155401587486267,1.155401587486267
1785987060.0,1.155401587486267,1.155401587486267,1.155401587486267,1.155401587486267
1785987120.0,1.155401587486267,1.155401587486267,1.155401587486267,1.155401587486267
1785987180.0,1.155401587486267,1.155401587486267,1.155401587486267,1.155401587486267
1785987240.0,1.155401587486267,1.155401587486267,1.155401587486267,1.155401587486267
1785987300.0,1.155401587486267,1.155401587486267,1.155401587486267,1.155401587486267
1785987360.0,1.1552680730819702,1.1552680730819702,1.1552680730819702,1.1552680730819702
1785987420.0,1.1552680730819702,1.1552680730819702,1.1552680730819702,1.1552680730819702
1785987480.0,1.1552680730819702,1.1552680730819702,1.1552680730819702,1.1552680730819702
1785987540.0,1.1552680730819702,1.1552680730819702,1.1552680730819702,1.1552680730819702
1785987600.0,1.1552680730819702,1.1552680730819702,1.1552680730819702,1.1552680730819702
1785987660.0,1.1552680730819702,1.1552680730819702,1.1552680730819702,1.1552680730819702
1785987720.0,1.1552680730819702,1.1552680730819702,1.1552680730819702,1.1552680730819702
1785987780.0,1.1552680730819702,1.1552680730819702,1.1552680730819702,1.1552680730819702
1785987840.0,1.1551345586776733,1.1551345586776733,1.1551345586776733,1.1551345586776733
1785987900.0,1.1551345586776733,1.1551345586776733,1.1551345586776733,1.1551345586776733
1785987960.0,1.155001163482666,1.155001163482666,1.155001163482666,1.155001163482666
1785988020.0,1.1551345586776733,1.1551345586776733,1.1551345586776733,1.1551345586776733
1785988080.0,1.1551345586776733,1.1551345586776733,1.1551345586776733,1.1551345586776733
1785988140.0,1.1551345586776733,1.1551345586776733,1.1551345586776733,1.1551345586776733
1785988200.0,1.155401587486267,1.155401587486267,1.155401587486267,1.155401587486267
1785988260.0,1.1551345586776733,1.1551345586776733,1.1551345586776733,1.1551345586776733
1785988320.0,1.1551345586776733,1.1551345586776733,1.1551345586776733,1.1551345586776733
1785988380.0,1.1551345586776733,1.1551345586776733,1.1551345586776733,1.1551345586776733
1785988440.0,1.1551345586776733,1.1551345586776733,1.1551345586776733,1.1551345586776733
1785988500.0,1.1551345586776733,1.1551345586776733,1.1551345586776733,1.1551345586776733
1785988560.0,1.1551345586776733,1.1551345586776733,1.1551345586776733,1.1551345586776733
1785988620.0,1.1551345586776733,1.1551345586776733,1.1551345586776733,1.1551345586776733
1785988680.0,1.1551345586776733,1.1551345586776733,1.1551345586776733,1.1551345586776733
1785988740.0,1.1552680730819702,1.1552680730819702,1.1552680730819702,1.1552680730819702
1785988800.0,1.1551345586776733,1.1551345586776733,1.1551345586776733,1.1551345586776733
1785988860.0,1.1552680730819702,1.1552680730819702,1.1552680730819702,1.1552680730819702
1785988920.0,1.1552680730819702,1.1552680730819702,1.1552680730819702,1.1552680730819702
1785988980.0,1.1552680730819702,1.1552680730819702,1.1552680730819702,1.1552680730819702
1785989040.0,1.1552680730819702,1.1552680730819702,1.1552680730819702,1.1552680730819702
1785989100.0,1.1552680730819702,1.1552680730819702,1.1552680730819702,1.1552680730819702
1785989160.0,1.1552680730819702,1.1552680730819702,1.1552680730819702,1.1552680730819702
1785989220.0,1.1552680730819702,1.1552680730819702,1.1552680730819702,1.1552680730819702
1785989280.0,1.1552680730819702,1.1552680730819702,1.1552680730819702,1.1552680730819702
1785989340.0,1.1551345586776733,1.1551345586776733,1.1551345586776733,1.1551345586776733
1785989400.0,1.1552680730819702,1.1552680730819702,1.1552680730819702,1.1552680730819702
1785989460.0,1.1552680730819702,1.1552680730819702,1.1552680730819702,1.1552680730819702
1785989520.0,1.1552680730819702,1.1552680730819702,1.1552680730819702,1.1552680730819702
1785989580.0,1.1552680730819702,1.1552680730819702,1.1552680730819702,1.1552680730819702
1785989640.0,1.1552680730819702,1.1552680730819702,1.1552680730819702,1.1552680730819702
1785989700.0,1.1552680730819702,1.1552680730819702,1.1552680730819702,1.1552680730819702
1785989760.0,1.1552680730819702,1.1552680730819702,1.1552680730819702,1.1552680730819702
1785989820.0,1.1552680730819702,1.1552680730819702,1.1552680730819702,1.1552680730819702
1785989880.0,1.1551345586776733,1.1551345586776733,1.1551345586776733,1.1551345586776733
1785989940.0,1.1551345586776733,1.1551345586776733,1.1551345586776733,1.1551345586776733
1785990000.0,1.1551345586776733,1.1551345586776733,1.1551345586776733,1.1551345586776733
1785990060.0,1.1551345586776733,1.1551345586776733,1.1551345586776733,1.1551345586776733
1785990120.0,1.1551345586776733,1.1551345586776733,1.1551345586776733,1.1551345586776733
1785990180.0,1.1551345586776733,1.1551345586776733,1.1551345586776733,1.1551345586776733
1785990240.0,1.1551345586776733,1.1551345586776733,1.1551345586776733,1.1551345586776733
1785990300.0,1.1551345586776733,1.1551345586776733,1.1551345586776733,1.1551345586776733
1785990360.0,1.1551345586776733,1.1551345586776733,1.1551345586776733,1.1551345586776733
1785990420.0,1.1551345586776733,1.1551345586776733,1.1551345586776733,1.1551345586776733
1785990480.0,1.1551345586776733,1.1551345586776733,1.1551345586776733,1.1551345586776733
1785990540.0,1.1551345586776733,1.1551345586776733,1.1551345586776733,1.1551345586776733
1785990600.0,1.1552680730819702,1.1552680730819702,1.1552680730819702,1.1552680730819702
1785990660.0,1.1552680730819702,1.1552680730819702,1.1552680730819702,1.1552680730819702
1785990720.0,1.1552680730819702,1.1552680730819702,1.1552680730819702,1.1552680730819702
1785990780.0,1.1551345586776733,1.1551345586776733,1.1551345586776733,1.1551345586776733
1785990840.0,1.1552680730819702,1.1552680730819702,1.1552680730819702,1.1552680730819702
1785990900.0,1.1552680730819702,1.1552680730819702,1.1552680730819702,1.1552680730819702
1785990960.0,1.1551345586776733,1.1551345586776733,1.1551345586776733,1.1551345586776733
1785991020.0,1.1552680730819702,1.1552680730819702,1.1552680730819702,1.1552680730819702
1785991080.0,1.1551345586776733,1.1551345586776733,1.1551345586776733,1.1551345586776733
1785991140.0,1.1551345586776733,1.1551345586776733,1.1551345586776733,1.1551345586776733
1785991200.0,1.1551345586776733,1.1551345586776733,1.1551345586776733,1.1551345586776733
1785991260.0,1.1551345586776733,1.1551345586776733,1.1551345586776733,1.1551345586776733
1785991320.0,1.1551345586776733,1.1551345586776733,1.1551345586776733,1.1551345586776733
1785991380.0,1.1551345586776733,1.1551345586776733,1.1551345586776733,1.1551345586776733
1785991440.0,1.1551345586776733,1.1551345586776733,1.1551345586776733,1.1551345586776733
1785991500.0,1.1551345586776733,1.1551345586776733,1.1551345586776733,1.1551345586776733
1785991560.0,1.155001163482666,1.155001163482666,1.155001163482666,1.155001163482666
1785991620.0,1.1551345586776733,1.1551345586776733,1.1551345586776733,1.1551345586776733
1785991680.0,1.1551345586776733,1.1551345586776733,1.1551345586776733,1.1551345586776733
1785991740.0,1.1551345586776733,1.1551345586776733,1.1551345586776733,1.1551345586776733
1785991800.0,1.1551345586776733,1.1551345586776733,1.1551345586776733,1.1551345586776733
1785991860.0,1.1552680730819702,1.1552680730819702,1.1552680730819702,1.1552680730819702
1785991920.0,1.1551345586776733,1.1551345586776733,1.1551345586776733,1.1551345586776733
1785991980.0,1.1551345586776733,1.1551345586776733,1.1551345586776733,1.1551345586776733
1785992040.0,1.1551345586776733,1.1551345586776733,1.1551345586776733,1.1551345586776733
1785992100.0,1.1551345586776733,1.1551345586776733,1.1551345586776733,1.1551345586776733
1785992160.0,1.1551345586776733,1.1551345586776733,1.1551345586776733,1.1551345586776733
1785992220.0,1.1552680730819702,1.1552680730819702,1.1552680730819702,1.1552680730819702
1785992280.0,1.1552680730819702,1.1552680730819702,1.1552680730819702,1.1552680730819702
1785992340.0,1.1552680730819702,1.1552680730819702,1.1552680730819702,1.1552680730819702
1785992400.0,1.1552680730819702,1.1552680730819702,1.1552680730819702,1.1552680730819702
1785992460.0,1.1551345586776733,1.1551345586776733,1.1551345586776733,1.1551345586776733
1785992520.0,1.1551345586776733,1.1551345586776733,1.1551345586776733,1.1551345586776733
1785992580.0,1.155001163482666,1.155001163482666,1.155001163482666,1.155001163482666
1785992640.0,1.155001163482666,1.155001163482666,1.155001163482666,1.155001163482666
1785992700.0,1.155001163482666,1.155001163482666,1.155001163482666,1.155001163482666
1785992760.0,1.155001163482666,1.155001163482666,1.155001163482666,1.155001163482666
1785992820.0,1.155001163482666,1.155001163482666,1.155001163482666,1.155001163482666
1785992880.0,1.155001163482666,1.155001163482666,1.155001163482666,1.155001163482666
1785992940.0,1.155001163482666,1.155001163482666,1.155001163482666,1.155001163482666
1785993000.0,1.155001163482666,1.155001163482666,1.155001163482666,1.155001163482666
1785993060.0,1.1548677682876587,1.1548677682876587,1.1548677682876587,1.1548677682876587
1785993120.0,1.1548677682876587,1.1548677682876587,1.1548677682876587,1.1548677682876587
1785993180.0,1.1548677682876587,1.1548677682876587,1.1548677682876587,1.1548677682876587
1785993240.0,1.1548677682876587,1.1548677682876587,1.1548677682876587,1.1548677682876587
1785993300.0,1.1548677682876587,1.1548677682876587,1.1548677682876587,1.1548677682876587
1785993360.0,1.1548677682876587,1.1548677682876587,1.1548677682876587,1.1548677682876587
1785993420.0,1.1548677682876587,1.1548677682876587,1.1548677682876587,1.1548677682876587
1785993480.0,1.1548677682876587,1.1548677682876587,1.1548677682876587,1.1548677682876587
1785993540.0,1.1548677682876587,1.1548677682876587,1.1548677682876587,1.1548677682876587
1785993600.0,1.1548677682876587,1.1548677682876587,1.1548677682876587,1.1548677682876587
1785993660.0,1.1548677682876587,1.1548677682876587,1.1548677682876587,1.1548677682876587
1785993720.0,1.1548677682876587,1.1548677682876587,1.1548677682876587,1.1548677682876587
1785993780.0,1.155001163482666,1.155001163482666,1.155001163482666,1.155001163482666
1785993840.0,1.1548677682876587,1.1548677682876587,1.1548677682876587,1.1548677682876587
1785993900.0,1.1548677682876587,1.1548677682876587,1.1548677682876587,1.1548677682876587
1785993960.0,1.155001163482666,1.155001163482666,1.155001163482666,1.155001163482666
1785994020.0,1.1548677682876587,1.1548677682876587,1.1548677682876587,1.1548677682876587
1785994080.0,1.155001163482666,1.155001163482666,1.155001163482666,1.155001163482666
1785994140.0,1.1548677682876587,1.1548677682876587,1.1548677682876587,1.1548677682876587
1785994200.0,1.1548677682876587,1.1548677682876587,1.1548677682876587,1.1548677682876587
1785994260.0,1.1548677682876587,1.1548677682876587,1.1548677682876587,1.1548677682876587
1785994320.0,1.155001163482666,1.155001163482666,1.155001163482666,1.155001163482666
1785994380.0,1.155001163482666,1.155001163482666,1.155001163482666,1.155001163482666
1785994440.0,1.155001163482666,1.155001163482666,1.155001163482666,1.155001163482666
1785994500.0,1.155001163482666,1.155001163482666,1.155001163482666,1.155001163482666
1785994560.0,1.1551345586776733,1.1551345586776733,1.1551345586776733,1.1551345586776733
1785994620.0,1.1551345586776733,1.1551345586776733,1.1551345586776733,1.1551345586776733
1785994680.0,1.1551345586776733,1.1551345586776733,1.1551345586776733,1.1551345586776733
1785994740.0,1.1551345586776733,1.1551345586776733,1.1551345586776733,1.1551345586776733
1785994800.0,1.1551345586776733,1.1551345586776733,1.1551345586776733,1.1551345586776733
1785994860.0,1.1551345586776733,1.1551345586776733,1.1551345586776733,1.1551345586776733
1785994920.0,1.1551345586776733,1.1551345586776733,1.1551345586776733,1.1551345586776733
1785994980.0,1.1551345586776733,1.1551345586776733,1.1551345586776733,1.1551345586776733
1785995040.0,1.1552680730819702,1.1552680730819702,1.1552680730819702,1.1552680730819702
1785995100.0,1.1551345586776733,1.1551345586776733,1.1551345586776733,1.1551345586776733
1785995160.0,1.1551345586776733,1.1551345586776733,1.1551345586776733,1.1551345586776733
1785995220.0,1.1552680730819702,1.1552680730819702,1.1552680730819702,1.1552680730819702
1785995280.0,1.1551345586776733,1.1551345586776733,1.1551345586776733,1.1551345586776733
1785995340.0,1.1552680730819702,1.1552680730819702,1.1552680730819702,1.1552680730819702
1785995400.0,1.1552680730819702,1.1552680730819702,1.1552680730819702,1.1552680730819702
1785995460.0,1.155401587486267,1.155401587486267,1.155401587486267,1.155401587486267
1785995520.0,1.1552680730819702,1.1552680730819702,1.1552680730819702,1.1552680730819702
1785995580.0,1.155401587486267,1.155401587486267,1.155401587486267,1.155401587486267
1785995640.0,1.155401587486267,1.155401587486267,1.155401587486267,1.155401587486267
1785995700.0,1.1552680730819702,1.1552680730819702,1.1552680730819702,1.1552680730819702
1785995760.0,1.1552680730819702,1.1552680730819702,1.1552680730819702,1.1552680730819702
1785995820.0,1.1552680730819702,1.1552680730819702,1.1552680730819702,1.1552680730819702
1785995880.0,1.1552680730819702,1.1552680730819702,1.1552680730819702,1.1552680730819702
1785995940.0,1.1552680730819702,1.1552680730819702,1.1552680730819702,1.1552680730819702
1785996000.0,1.1555349826812744,1.1555349826812744,1.1555349826812744,1.1555349826812744
1785996060.0,1.155401587486267,1.155401587486267,1.155401587486267,1.155401587486267
1785996120.0,1.155401587486267,1.155401587486267,1.155401587486267,1.155401587486267
1785996180.0,1.1555349826812744,1.1555349826812744,1.1555349826812744,1.1555349826812744
1785996240.0,1.155401587486267,1.155401587486267,1.155401587486267,1.155401587486267
1785996300.0,1.155401587486267,1.155401587486267,1.155401587486267,1.155401587486267
1785996360.0,1.1552680730819702,1.1552680730819702,1.1552680730819702,1.1552680730819702
1785996420.0,1.1552680730819702,1.1552680730819702,1.1552680730819702,1.1552680730819702
1785996480.0,1.1551345586776733,1.1551345586776733,1.1551345586776733,1.1551345586776733
1785996540.0,1.1551345586776733,1.1551345586776733,1.1551345586776733,1.1551345586776733
1785996600.0,1.155001163482666,1.155001163482666,1.155001163482666,1.155001163482666
1785996660.0,1.155001163482666,1.155001163482666,1.155001163482666,1.155001163482666
1785996720.0,1.155001163482666,1.155001163482666,1.155001163482666,1.155001163482666
1785996780.0,1.155001163482666,1.155001163482666,1.155001163482666,1.155001163482666
1785996840.0,1.155001163482666,1.155001163482666,1.155001163482666,1.155001163482666
1785996900.0,1.155001163482666,1.155001163482666,1.155001163482666,1.155001163482666
1785996960.0,1.155001163482666,1.155001163482666,1.155001163482666,1.155001163482666
1785997020.0,1.155001163482666,1.155001163482666,1.155001163482666,1.155001163482666
1785997080.0,1.155001163482666,1.155001163482666,1.155001163482666,1.155001163482666
1785997140.0,1.155001163482666,1.155001163482666,1.155001163482666,1.155001163482666
1785997200.0,1.155001163482666,1.155001163482666,1.155001163482666,1.155001163482666
1785997260.0,1.155001163482666,1.155001163482666,1.155001163482666,1.155001163482666
1785997320.0,1.155001163482666,1.155001163482666,1.155001163482666,1.155001163482666
1785997380.0,1.155001163482666,1.155001163482666,1.155001163482666,1.155001163482666
1785997440.0,1.1551345586776733,1.1551345586776733,1.1551345586776733,1.1551345586776733
1785997500.0,1.155001163482666,1.155001163482666,1.155001163482666,1.155001163482666
1785997560.0,1.155001163482666,1.155001163482666,1.155001163482666,1.155001163482666
1785997620.0,1.1548677682876587,1.1548677682876587,1.1548677682876587,1.1548677682876587
1785997680.0,1.1548677682876587,1.1548677682876587,1.1548677682876587,1.1548677682876587
1785997740.0,1.155001163482666,1.155001163482666,1.155001163482666,1.155001163482666
1785997800.0,1.155001163482666,1.155001163482666,1.155001163482666,1.155001163482666
1785997860.0,1.155001163482666,1.155001163482666,1.155001163482666,1.155001163482666
1785997920.0,1.1548677682876587,1.1548677682876587,1.1548677682876587,1.1548677682876587
1785997980.0,1.1548677682876587,1.1548677682876587,1.1548677682876587,1.1548677682876587
1785998040.0,1.1548677682876587,1.1548677682876587,1.1548677682876587,1.1548677682876587
1785998100.0,1.1547343730926514,1.1547343730926514,1.1547343730926514,1.1547343730926514
1785998160.0,1.1547343730926514,1.1547343730926514,1.1547343730926514,1.1547343730926514
1785998220.0,1.1547343730926514,1.1547343730926514,1.1547343730926514,1.1547343730926514
1785998280.0,1.1548677682876587,1.1548677682876587,1.1548677682876587,1.1548677682876587
1785998340.0,1.1547343730926514,1.1547343730926514,1.1547343730926514,1.1547343730926514
1785998400.0,1.1547343730926514,1.1547343730926514,1.1547343730926514,1.1547343730926514
1785998460.0,1.1547343730926514,1.1547343730926514,1.1547343730926514,1.1547343730926514
1785998520.0,1.1547343730926514,1.1547343730926514,1.1547343730926514,1.1547343730926514
1785998580.0,1.1548677682876587,1.1548677682876587,1.1548677682876587,1.1548677682876587
1785998640.0,1.1548677682876587,1.1548677682876587,1.1548677682876587,1.1548677682876587
1785998700.0,1.155001163482666,1.155001163482666,1.155001163482666,1.155001163482666
1785998760.0,1.155001163482666,1.155001163482666,1.155001163482666,1.155001163482666
1785998820.0,1.155001163482666,1.155001163482666,1.155001163482666,1.155001163482666
1785998880.0,1.1548677682876587,1.1548677682876587,1.1548677682876587,1.1548677682876587
1785998940.0,1.1548677682876587,1.1548677682876587,1.1548677682876587,1.1548677682876587
1785999000.0,1.1547343730926514,1.1547343730926514,1.1547343730926514,1.1547343730926514
1785999060.0,1.1547343730926514,1.1547343730926514,1.1547343730926514,1.1547343730926514
1785999120.0,1.1547343730926514,1.1547343730926514,1.1547343730926514,1.1547343730926514
1785999180.0,1.1547343730926514,1.1547343730926514,1.1547343730926514,1.1547343730926514
1785999240.0,1.1547343730926514,1.1547343730926514,1.1547343730926514,1.1547343730926514
1785999300.0,1.1547343730926514,1.1547343730926514,1.1547343730926514,1.1547343730926514
1785999360.0,1.1547343730926514,1.1547343730926514,1.1547343730926514,1.1547343730926514
1785999420.0,1.1547343730926514,1.1547343730926514,1.1547343730926514,1.1547343730926514
1785999480.0,1.1547343730926514,1.1547343730926514,1.1547343730926514,1.1547343730926514
1785999540.0,1.1548677682876587,1.1548677682876587,1.1548677682876587,1.1548677682876587
1785999600.0,1.1548677682876587,1.1548677682876587,1.1548677682876587,1.1548677682876587
1785999660.0,1.1548677682876587,1.1548677682876587,1.1548677682876587,1.1548677682876587
1785999720.0,1.1547343730926514,1.1547343730926514,1.1547343730926514,1.1547343730926514
1785999780.0,1.1547343730926514,1.1547343730926514,1.1547343730926514,1.1547343730926514
1785999840.0,1.1547343730926514,1.1547343730926514,1.1547343730926514,1.1547343730926514
1785999900.0,1.1548677682876587,1.1548677682876587,1.1548677682876587,1.1548677682876587
1785999960.0,1.1547343730926514,1.1547343730926514,1.1547343730926514,1.1547343730926514
1786000020.0,1.1547343730926514,1.1547343730926514,1.1547343730926514,1.1547343730926514
1786000080.0,1.1547343730926514,1.1547343730926514,1.1547343730926514,1.1547343730926514
1786000140.0,1.1546010971069336,1.1546010971069336,1.1546010971069336,1.1546010971069336
1786000200.0,1.1547343730926514,1.1547343730926514,1.1547343730926514,1.1547343730926514
1786000260.0,1.1547343730926514,1.1547343730926514,1.1547343730926514,1.1547343730926514
1786000320.0,1.1548677682876587,1.1548677682876587,1.1548677682876587,1.1548677682876587
1786000380.0,1.1548677682876587,1.1548677682876587,1.1548677682876587,1.1548677682876587
1786000440.0,1.1548677682876587,1.1548677682876587,1.1548677682876587,1.1548677682876587
1786000500.0,1.1548677682876587,1.1548677682876587,1.1548677682876587,1.1548677682876587
1786000560.0,1.155001163482666,1.155001163482666,1.155001163482666,1.155001163482666
1786000620.0,1.1548677682876587,1.1548677682876587,1.1548677682876587,1.1548677682876587
1786000680.0,1.1548677682876587,1.1548677682876587,1.1548677682876587,1.1548677682876587
1786000740.0,1.1547343730926514,1.1547343730926514,1.1547343730926514,1.1547343730926514
1786000800.0,1.1548677682876587,1.1548677682876587,1.1548677682876587,1.1548677682876587
1786000860.0,1.1548677682876587,1.1548677682876587,1.1548677682876587,1.1548677682876587
1786000920.0,1.1548677682876587,1.1548677682876587,1.1548677682876587,1.1548677682876587
1786000980.0,1.1547343730926514,1.1547343730926514,1.1547343730926514,1.1547343730926514
1786001040.0,1.1547343730926514,1.1547343730926514,1.1547343730926514,1.1547343730926514
1786001100.0,1.1547343730926514,1.1547343730926514,1.1547343730926514,1.1547343730926514
1786001160.0,1.1547343730926514,1.1547343730926514,1.1547343730926514,1.1547343730926514
1786001220.0,1.1547343730926514,1.1547343730926514,1.1547343730926514,1.1547343730926514
1786001280.0,1.1547343730926514,1.1547343730926514,1.1547343730926514,1.1547343730926514
1786001340.0,1.1548677682876587,1.1548677682876587,1.1548677682876587,1.1548677682876587
1786001400.0,1.1547343730926514,1.1547343730926514,1.1547343730926514,1.1547343730926514
1786001460.0,1.1548677682876587,1.1548677682876587,1.1548677682876587,1.1548677682876587
1786001520.0,1.1548677682876587,1.1548677682876587,1.1548677682876587,1.1548677682876587
1786001580.0,1.1547343730926514,1.1547343730926514,1.1547343730926514,1.1547343730926514
1786001640.0,1.1548677682876587,1.1548677682876587,1.1548677682876587,1.1548677682876587
1786001700.0,1.1547343730926514,1.1547343730926514,1.1547343730926514,1.1547343730926514
1786001760.0,1.1547343730926514,1.1547343730926514,1.1547343730926514,1.1547343730926514
1786001820.0,1.1547343730926514,1.1547343730926514,1.1547343730926514,1.1547343730926514
1786001880.0,1.1546010971069336,1.1546010971069336,1.1546010971069336,1.1546010971069336
1786002120.0,1.1547343730926514,1.1547343730926514,1.1547343730926514,1.1547343730926514
1786002180.0,1.1548677682876587,1.1548677682876587,1.1548677682876587,1.1548677682876587
1786002240.0,1.1548677682876587,1.1548677682876587,1.1548677682876587,1.1548677682876587
1786002300.0,1.1546010971069336,1.1546010971069336,1.1546010971069336,1.1546010971069336
1786002360.0,1.1546010971069336,1.1546010971069336,1.1546010971069336,1.1546010971069336
1786002420.0,1.1544678211212158,1.1544678211212158,1.1544678211212158,1.1544678211212158
1786002480.0,1.1544678211212158,1.1544678211212158,1.1544678211212158,1.1544678211212158
1786002540.0,1.1544678211212158,1.1544678211212158,1.1544678211212158,1.1544678211212158
1786002600.0,1.1546010971069336,1.1546010971069336,1.1546010971069336,1.1546010971069336
1786002660.0,1.1546010971069336,1.1546010971069336,1.1546010971069336,1.1546010971069336
1786002720.0,1.1547343730926514,1.1547343730926514,1.1547343730926514,1.1547343730926514
1786002780.0,1.1547343730926514,1.1547343730926514,1.1547343730926514,1.1547343730926514
1786002840.0,1.1547343730926514,1.1547343730926514,1.1547343730926514,1.1547343730926514
1786002900.0,1.1547343730926514,1.1547343730926514,1.1547343730926514,1.1547343730926514
1786002960.0,1.1547343730926514,1.1547343730926514,1.1547343730926514,1.1547343730926514
1786003020.0,1.1548677682876587,1.1548677682876587,1.1548677682876587,1.1548677682876587
1786003080.0,1.1547343730926514,1.1547343730926514,1.1547343730926514,1.1547343730926514
1786003140.0,1.1547343730926514,1.1547343730926514,1.1547343730926514,1.1547343730926514
1786003200.0,1.1547343730926514,1.1547343730926514,1.1547343730926514,1.1547343730926514
1786003260.0,1.154334545135498,1.154334545135498,1.154334545135498,1.154334545135498
1786003320.0,1.1546010971069336,1.1546010971069336,1.1546010971069336,1.1546010971069336
1786003380.0,1.1546010971069336,1.1546010971069336,1.1546010971069336,1.1546010971069336
1786003440.0,1.1546010971069336,1.1546010971069336,1.1546010971069336,1.1546010971069336
1786003500.0,1.1546010971069336,1.1546010971069336,1.1546010971069336,1.1546010971069336
1786003560.0,1.1546010971069336,1.1546010971069336,1.1546010971069336,1.1546010971069336
1786003620.0,1.1546010971069336,1.1546010971069336,1.1546010971069336,1.1546010971069336
1786003680.0,1.1547343730926514,1.1547343730926514,1.1547343730926514,1.1547343730926514
1786003740.0,1.1547343730926514,1.1547343730926514,1.1547343730926514,1.1547343730926514
1786003800.0,1.1548677682876587,1.1548677682876587,1.1548677682876587,1.1548677682876587
1786003860.0,1.1548677682876587,1.1548677682876587,1.1548677682876587,1.1548677682876587
1786003920.0,1.1548677682876587,1.1548677682876587,1.1548677682876587,1.1548677682876587
1786003980.0,1.1547343730926514,1.1547343730926514,1.1547343730926514,1.1547343730926514
1786004040.0,1.1546010971069336,1.1546010971069336,1.1546010971069336,1.1546010971069336
1786004100.0,1.1547343730926514,1.1547343730926514,1.1547343730926514,1.1547343730926514
1786004160.0,1.1547343730926514,1.1547343730926514,1.1547343730926514,1.1547343730926514
1786004220.0,1.1547343730926514,1.1547343730926514,1.1547343730926514,1.1547343730926514
1786004280.0,1.1546010971069336,1.1546010971069336,1.1546010971069336,1.1546010971069336
1786004340.0,1.1547343730926514,1.1547343730926514,1.1547343730926514,1.1547343730926514
1786004400.0,1.1547343730926514,1.1547343730926514,1.1547343730926514,1.1547343730926514
1786004460.0,1.1547343730926514,1.1547343730926514,1.1547343730926514,1.1547343730926514
1786004520.0,1.1547343730926514,1.1547343730926514,1.1547343730926514,1.1547343730926514
1786004580.0,1.1546010971069336,1.1546010971069336,1.1546010971069336,1.1546010971069336
1786004640.0,1.1546010971069336,1.1546010971069336,1.1546010971069336,1.1546010971069336
1786004700.0,1.1544678211212158,1.1544678211212158,1.1544678211212158,1.1544678211212158
1786004760.0,1.1546010971069336,1.1546010971069336,1.1546010971069336,1.1546010971069336
1786004820.0,1.1546010971069336,1.1546010971069336,1.1546010971069336,1.1546010971069336
1786004880.0,1.1544678211212158,1.1544678211212158,1.1544678211212158,1.1544678211212158
1786004940.0,1.1544678211212158,1.1544678211212158,1.1544678211212158,1.1544678211212158
1786005000.0,1.1544678211212158,1.1544678211212158,1.1544678211212158,1.1544678211212158
1786005060.0,1.1546010971069336,1.1546010971069336,1.1546010971069336,1.1546010971069336
1786005120.0,1.1544678211212158,1.1544678211212158,1.1544678211212158,1.1544678211212158
1786005180.0,1.154334545135498,1.154334545135498,1.154334545135498,1.154334545135498
1786005240.0,1.1546010971069336,1.1546010971069336,1.1546010971069336,1.1546010971069336
1786005300.0,1.1546010971069336,1.1546010971069336,1.1546010971069336,1.1546010971069336
1786005360.0,1.1544678211212158,1.1544678211212158,1.1544678211212158,1.1544678211212158
1786005420.0,1.1544678211212158,1.1544678211212158,1.1544678211212158,1.1544678211212158
1786005480.0,1.1544678211212158,1.1544678211212158,1.1544678211212158,1.1544678211212158
1786005600.0,1.1547343730926514,1.1547343730926514,1.1547343730926514,1.1547343730926514
1786005660.0,1.1547343730926514,1.1547343730926514,1.1547343730926514,1.1547343730926514
1786005720.0,1.1547343730926514,1.1547343730926514,1.1547343730926514,1.1547343730926514
1786005780.0,1.1546010971069336,1.1546010971069336,1.1546010971069336,1.1546010971069336
1786005840.0,1.1546010971069336,1.1546010971069336,1.1546010971069336,1.1546010971069336
1786005900.0,1.1546010971069336,1.1546010971069336,1.1546010971069336,1.1546010971069336
1786005960.0,1.1547343730926514,1.1547343730926514,1.1547343730926514,1.1547343730926514
1786006020.0,1.1544678211212158,1.1544678211212158,1.1544678211212158,1.1544678211212158
1786006080.0,1.1544678211212158,1.1544678211212158,1.1544678211212158,1.1544678211212158
1786006140.0,1.1544678211212158,1.1544678211212158,1.1544678211212158,1.1544678211212158
1786006200.0,1.1546010971069336,1.1546010971069336,1.1546010971069336,1.1546010971069336
1786006260.0,1.1544678211212158,1.1544678211212158,1.1544678211212158,1.1544678211212158
1786006320.0,1.1546010971069336,1.1546010971069336,1.1546010971069336,1.1546010971069336
1786006380.0,1.1544678211212158,1.1544678211212158,1.1544678211212158,1.1544678211212158
1786006440.0,1.1546010971069336,1.1546010971069336,1.1546010971069336,1.1546010971069336
1786006500.0,1.1546010971069336,1.1546010971069336,1.1546010971069336,1.1546010971069336
1786006560.0,1.1547343730926514,1.1547343730926514,1.1547343730926514,1.1547343730926514
1786006620.0,1.1547343730926514,1.1547343730926514,1.1547343730926514,1.1547343730926514
1786006680.0,1.1546010971069336,1.1546010971069336,1.1546010971069336,1.1546010971069336
1786006740.0,1.1546010971069336,1.1546010971069336,1.1546010971069336,1.1546010971069336
1786006800.0,1.1546010971069336,1.1546010971069336,1.1546010971069336,1.1546010971069336
1786006860.0,1.1546010971069336,1.1546010971069336,1.1546010971069336,1.1546010971069336
1786006920.0,1.1546010971069336,1.1546010971069336,1.1546010971069336,1.1546010971069336
1786006980.0,1.1546010971069336,1.1546010971069336,1.1546010971069336,1.1546010971069336
1786007040.0,1.1546010971069336,1.1546010971069336,1.1546010971069336,1.1546010971069336
1786007100.0,1.1547343730926514,1.1547343730926514,1.1547343730926514,1.1547343730926514
1786007160.0,1.1547343730926514,1.1547343730926514,1.1547343730926514,1.1547343730926514
1786007220.0,1.1547343730926514,1.1547343730926514,1.1547343730926514,1.1547343730926514
1786007280.0,1.1546010971069336,1.1546010971069336,1.1546010971069336,1.1546010971069336
1786007340.0,1.1544678211212158,1.1544678211212158,1.1544678211212158,1.1544678211212158
1786007400.0,1.1546010971069336,1.1546010971069336,1.1546010971069336,1.1546010971069336
1786007460.0,1.1546010971069336,1.1546010971069336,1.1546010971069336,1.1546010971069336
1786007520.0,1.1547343730926514,1.1547343730926514,1.1547343730926514,1.1547343730926514
1786007580.0,1.1546010971069336,1.1546010971069336,1.1546010971069336,1.1546010971069336
1786007640.0,1.1547343730926514,1.1547343730926514,1.1547343730926514,1.1547343730926514
1786007700.0,1.1546010971069336,1.1546010971069336,1.1546010971069336,1.1546010971069336
1786007760.0,1.1544678211212158,1.1544678211212158,1.1544678211212158,1.1544678211212158
1786007820.0,1.1544678211212158,1.1544678211212158,1.1544678211212158,1.1544678211212158
1786007880.0,1.1544678211212158,1.1544678211212158,1.1544678211212158,1.1544678211212158
1786007940.0,1.1544678211212158,1.1544678211212158,1.1544678211212158,1.1544678211212158
1786008000.0,1.1544678211212158,1.1544678211212158,1.1544678211212158,1.1544678211212158
1786008060.0,1.1546010971069336,1.1546010971069336,1.1546010971069336,1.1546010971069336
1786008120.0,1.1546010971069336,1.1546010971069336,1.1546010971069336,1.1546010971069336
1786008180.0,1.1546010971069336,1.1546010971069336,1.1546010971069336,1.1546010971069336
1786008240.0,1.1546010971069336,1.1546010971069336,1.1546010971069336,1.1546010971069336
1786008300.0,1.1544678211212158,1.1544678211212158,1.1544678211212158,1.1544678211212158
1786008360.0,1.1546010971069336,1.1546010971069336,1.1546010971069336,1.1546010971069336
1786008420.0,1.1546010971069336,1.1546010971069336,1.1546010971069336,1.1546010971069336
1786008480.0,1.1546010971069336,1.1546010971069336,1.1546010971069336,1.1546010971069336
1786008540.0,1.1546010971069336,1.1546010971069336,1.1546010971069336,1.1546010971069336
1786008600.0,1.1546010971069336,1.1546010971069336,1.1546010971069336,1.1546010971069336
1786008660.0,1.1546010971069336,1.1546010971069336,1.1546010971069336,1.1546010971069336
1786008720.0,1.1546010971069336,1.1546010971069336,1.1546010971069336,1.1546010971069336
1786008780.0,1.1546010971069336,1.1546010971069336,1.1546010971069336,1.1546010971069336
1786008840.0,1.1544678211212158,1.1544678211212158,1.1544678211212158,1.1544678211212158
1786008900.0,1.154334545135498,1.154334545135498,1.154334545135498,1.154334545135498
1786008960.0,1.154334545135498,1.154334545135498,1.154334545135498,1.154334545135498
1786009020.0,1.1542012691497803,1.1542012691497803,1.1542012691497803,1.1542012691497803
1786009080.0,1.154334545135498,1.154334545135498,1.154334545135498,1.154334545135498
1786009140.0,1.154334545135498,1.154334545135498,1.154334545135498,1.154334545135498
1786009200.0,1.1542012691497803,1.1542012691497803,1.1542012691497803,1.1542012691497803
1786009260.0,1.154068112373352,1.154068112373352,1.154068112373352,1.154068112373352
1786009320.0,1.154068112373352,1.154068112373352,1.154068112373352,1.154068112373352
1786009380.0,1.1542012691497803,1.1542012691497803,1.1542012691497803,1.1542012691497803
1786009440.0,1.154068112373352,1.154068112373352,1.154068112373352,1.154068112373352
1786009500.0,1.154068112373352,1.154068112373352,1.154068112373352,1.154068112373352
1786009560.0,1.154068112373352,1.154068112373352,1.154068112373352,1.154068112373352
1786009620.0,1.154068112373352,1.154068112373352,1.154068112373352,1.154068112373352
1786009680.0,1.1542012691497803,1.1542012691497803,1.1542012691497803,1.1542012691497803
1786009740.0,1.1542012691497803,1.1542012691497803,1.1542012691497803,1.1542012691497803
1786009800.0,1.154334545135498,1.154334545135498,1.154334545135498,1.154334545135498
1786009860.0,1.154334545135498,1.154334545135498,1.154334545135498,1.154334545135498
1786009920.0,1.1542012691497803,1.1542012691497803,1.1542012691497803,1.1542012691497803
1786009980.0,1.154334545135498,1.154334545135498,1.154334545135498,1.154334545135498
1786010040.0,1.154334545135498,1.154334545135498,1.154334545135498,1.154334545135498
1786010100.0,1.154334545135498,1.154334545135498,1.154334545135498,1.154334545135498
1786010160.0,1.154334545135498,1.154334545135498,1.154334545135498,1.154334545135498
1786010220.0,1.154334545135498,1.154334545135498,1.154334545135498,1.154334545135498
1786010280.0,1.1542012691497803,1.1542012691497803,1.1542012691497803,1.1542012691497803
1786010340.0,1.1542012691497803,1.1542012691497803,1.1542012691497803,1.1542012691497803
1786010400.0,1.1542012691497803,1.1542012691497803,1.1542012691497803,1.1542012691497803
1786010460.0,1.1542012691497803,1.1542012691497803,1.1542012691497803,1.1542012691497803
1786010520.0,1.1542012691497803,1.1542012691497803,1.1542012691497803,1.1542012691497803
1786010580.0,1.154068112373352,1.154068112373352,1.154068112373352,1.154068112373352
1786010640.0,1.1542012691497803,1.1542012691497803,1.1542012691497803,1.1542012691497803
1786010700.0,1.1542012691497803,1.1542012691497803,1.1542012691497803,1.1542012691497803
1786010760.0,1.1542012691497803,1.1542012691497803,1.1542012691497803,1.1542012691497803
1786010820.0,1.1542012691497803,1.1542012691497803,1.1542012691497803,1.1542012691497803
1786010880.0,1.1542012691497803,1.1542012691497803,1.1542012691497803,1.1542012691497803
1786010940.0,1.154334545135498,1.154334545135498,1.154334545135498,1.154334545135498
1786011000.0,1.154334545135498,1.154334545135498,1.154334545135498,1.154334545135498
1786011060.0,1.154334545135498,1.154334545135498,1.154334545135498,1.154334545135498
1786011120.0,1.154334545135498,1.154334545135498,1.154334545135498,1.154334545135498
1786011180.0,1.1542012691497803,1.1542012691497803,1.1542012691497803,1.1542012691497803
1786011240.0,1.154068112373352,1.154068112373352,1.154068112373352,1.154068112373352
1786011300.0,1.1539349555969238,1.1539349555969238,1.1539349555969238,1.1539349555969238
1786011360.0,1.154068112373352,1.154068112373352,1.154068112373352,1.154068112373352
1786011420.0,1.154068112373352,1.154068112373352,1.154068112373352,1.154068112373352
1786011480.0,1.154068112373352,1.154068112373352,1.154068112373352,1.154068112373352
1786011540.0,1.154068112373352,1.154068112373352,1.154068112373352,1.154068112373352
1786011600.0,1.1542012691497803,1.1542012691497803,1.1542012691497803,1.1542012691497803
1786011660.0,1.1542012691497803,1.1542012691497803,1.1542012691497803,1.1542012691497803
1786011720.0,1.1542012691497803,1.1542012691497803,1.1542012691497803,1.1542012691497803
1786011780.0,1.1542012691497803,1.1542012691497803,1.1542012691497803,1.1542012691497803
1786011840.0,1.154334545135498,1.154334545135498,1.154334545135498,1.154334545135498
1786011900.0,1.154334545135498,1.154334545135498,1.154334545135498,1.154334545135498
1786011960.0,1.154334545135498,1.154334545135498,1.154334545135498,1.154334545135498
1786012020.0,1.154334545135498,1.154334545135498,1.154334545135498,1.154334545135498
1786012080.0,1.1544678211212158,1.1544678211212158,1.1544678211212158,1.1544678211212158
1786012140.0,1.1544678211212158,1.1544678211212158,1.1544678211212158,1.1544678211212158
1786012200.0,1.1546010971069336,1.1546010971069336,1.1546010971069336,1.1546010971069336
1786012260.0,1.1546010971069336,1.1546010971069336,1.1546010971069336,1.1546010971069336
1786012320.0,1.1546010971069336,1.1546010971069336,1.1546010971069336,1.1546010971069336
1786012380.0,1.1546010971069336,1.1546010971069336,1.1546010971069336,1.1546010971069336
1786012440.0,1.1544678211212158,1.1544678211212158,1.1544678211212158,1.1544678211212158
1786012500.0,1.1544678211212158,1.1544678211212158,1.1544678211212158,1.1544678211212158
1786012560.0,1.1544678211212158,1.1544678211212158,1.1544678211212158,1.1544678211212158
1786012620.0,1.1544678211212158,1.1544678211212158,1.1544678211212158,1.1544678211212158
1786012680.0,1.1544678211212158,1.1544678211212158,1.1544678211212158,1.1544678211212158
1786012740.0,1.1544678211212158,1.1544678211212158,1.1544678211212158,1.1544678211212158
1786012800.0,1.1544678211212158,1.1544678211212158,1.1544678211212158,1.1544678211212158
1786012860.0,1.1544678211212158,1.1544678211212158,1.1544678211212158,1.1544678211212158
1786012920.0,1.154334545135498,1.154334545135498,1.154334545135498,1.154334545135498
1786012980.0,1.154334545135498,1.154334545135498,1.154334545135498,1.154334545135498
1786013040.0,1.1544678211212158,1.1544678211212158,1.1544678211212158,1.1544678211212158
1786013100.0,1.1544678211212158,1.1544678211212158,1.1544678211212158,1.1544678211212158
1786013160.0,1.1544678211212158,1.1544678211212158,1.1544678211212158,1.1544678211212158
1786013220.0,1.1544678211212158,1.1544678211212158,1.1544678211212158,1.1544678211212158
1786013280.0,1.1544678211212158,1.1544678211212158,1.1544678211212158,1.1544678211212158
1786013340.0,1.1546010971069336,1.1546010971069336,1.1546010971069336,1.1546010971069336
1786013400.0,1.1544678211212158,1.1544678211212158,1.1544678211212158,1.1544678211212158
1786013460.0,1.154334545135498,1.154334545135498,1.154334545135498,1.154334545135498
1786013520.0,1.154334545135498,1.154334545135498,1.154334545135498,1.154334545135498
1786013580.0,1.154334545135498,1.154334545135498,1.154334545135498,1.154334545135498
1786013640.0,1.154334545135498,1.154334545135498,1.154334545135498,1.154334545135498
1786013700.0,1.154334545135498,1.154334545135498,1.154334545135498,1.154334545135498
1786013760.0,1.154334545135498,1.154334545135498,1.154334545135498,1.154334545135498
1786013820.0,1.1544678211212158,1.1544678211212158,1.1544678211212158,1.1544678211212158
1786013880.0,1.1544678211212158,1.1544678211212158,1.1544678211212158,1.1544678211212158
1786013940.0,1.1544678211212158,1.1544678211212158,1.1544678211212158,1.1544678211212158
1786014000.0,1.1546010971069336,1.1546010971069336,1.1546010971069336,1.1546010971069336
1786014060.0,1.1547343730926514,1.1547343730926514,1.1547343730926514,1.1547343730926514
1786014120.0,1.1547343730926514,1.1547343730926514,1.1547343730926514,1.1547343730926514
1786014180.0,1.1547343730926514,1.1547343730926514,1.1547343730926514,1.1547343730926514
1786014240.0,1.1546010971069336,1.1546010971069336,1.1546010971069336,1.1546010971069336
1786014300.0,1.1546010971069336,1.1546010971069336,1.1546010971069336,1.1546010971069336
1786014360.0,1.1547343730926514,1.1547343730926514,1.1547343730926514,1.1547343730926514
1786014420.0,1.1548677682876587,1.1548677682876587,1.1548677682876587,1.1548677682876587
1786014480.0,1.1548677682876587,1.1548677682876587,1.1548677682876587,1.1548677682876587
1786014540.0,1.1547343730926514,1.1547343730926514,1.1547343730926514,1.1547343730926514
1786014600.0,1.1548677682876587,1.1548677682876587,1.1548677682876587,1.1548677682876587
1786014660.0,1.1547343730926514,1.1547343730926514,1.1547343730926514,1.1547343730926514
1786014720.0,1.1547343730926514,1.1547343730926514,1.1547343730926514,1.1547343730926514
1786014780.0,1.1547343730926514,1.1547343730926514,1.1547343730926514,1.1547343730926514
1786014840.0,1.1546010971069336,1.1546010971069336,1.1546010971069336,1.1546010971069336
1786014900.0,1.1547343730926514,1.1547343730926514,1.1547343730926514,1.1547343730926514
1786014960.0,1.1547343730926514,1.1547343730926514,1.1547343730926514,1.1547343730926514
1786015020.0,1.1547343730926514,1.1547343730926514,1.1547343730926514,1.1547343730926514
1786015080.0,1.1547343730926514,1.1547343730926514,1.1547343730926514,1.1547343730926514
1786015140.0,1.1547343730926514,1.1547343730926514,1.1547343730926514,1.1547343730926514
1786015200.0,1.1546010971069336,1.1546010971069336,1.1546010971069336,1.1546010971069336
1786015260.0,1.1547343730926514,1.1547343730926514,1.1547343730926514,1.1547343730926514
1786015320.0,1.1547343730926514,1.1547343730926514,1.1547343730926514,1.1547343730926514
1786015380.0,1.1547343730926514,1.1547343730926514,1.1547343730926514,1.1547343730926514
1786015440.0,1.1548677682876587,1.1548677682876587,1.1548677682876587,1.1548677682876587
1786015500.0,1.155001163482666,1.155001163482666,1.155001163482666,1.155001163482666
1786015560.0,1.1548677682876587,1.1548677682876587,1.1548677682876587,1.1548677682876587
1786015620.0,1.1548677682876587,1.1548677682876587,1.1548677682876587,1.1548677682876587
1786015680.0,1.155001163482666,1.155001163482666,1.155001163482666,1.155001163482666
1786015740.0,1.1548677682876587,1.1548677682876587,1.1548677682876587,1.1548677682876587
1786015800.0,1.1548677682876587,1.1548677682876587,1.1548677682876587,1.1548677682876587
1786015860.0,1.1547343730926514,1.1547343730926514,1.1547343730926514,1.1547343730926514
1786015920.0,1.1548677682876587,1.1548677682876587,1.1548677682876587,1.1548677682876587
1786015980.0,1.1547343730926514,1.1547343730926514,1.1547343730926514,1.1547343730926514
1786016040.0,1.1547343730926514,1.1547343730926514,1.1547343730926514,1.1547343730926514
1786016100.0,1.1547343730926514,1.1547343730926514,1.1547343730926514,1.1547343730926514
1786016160.0,1.1546010971069336,1.1546010971069336,1.1546010971069336,1.1546010971069336
1786016220.0,1.1544678211212158,1.1544678211212158,1.1544678211212158,1.1544678211212158
1786016280.0,1.154334545135498,1.154334545135498,1.154334545135498,1.154334545135498
1786016340.0,1.154334545135498,1.154334545135498,1.154334545135498,1.154334545135498
1786016400.0,1.154334545135498,1.154334545135498,1.154334545135498,1.154334545135498
1786016460.0,1.154334545135498,1.154334545135498,1.154334545135498,1.154334545135498
1786016520.0,1.154334545135498,1.154334545135498,1.154334545135498,1.154334545135498
1786016580.0,1.1542012691497803,1.1542012691497803,1.1542012691497803,1.1542012691497803
1786016640.0,1.1542012691497803,1.1542012691497803,1.1542012691497803,1.1542012691497803
1786016700.0,1.1542012691497803,1.1542012691497803,1.1542012691497803,1.1542012691497803
1786016760.0,1.1542012691497803,1.1542012691497803,1.1542012691497803,1.1542012691497803
1786016820.0,1.1542012691497803,1.1542012691497803,1.1542012691497803,1.1542012691497803
1786016880.0,1.1542012691497803,1.1542012691497803,1.1542012691497803,1.1542012691497803
1786016940.0,1.154334545135498,1.154334545135498,1.154334545135498,1.154334545135498
1786017000.0,1.154334545135498,1.154334545135498,1.154334545135498,1.154334545135498
1786017060.0,1.1544678211212158,1.1544678211212158,1.1544678211212158,1.1544678211212158
1786017120.0,1.1546010971069336,1.1546010971069336,1.1546010971069336,1.1546010971069336
1786017180.0,1.1546010971069336,1.1546010971069336,1.1546010971069336,1.1546010971069336
1786017240.0,1.1544678211212158,1.1544678211212158,1.1544678211212158,1.1544678211212158
1786017300.0,1.1544678211212158,1.1544678211212158,1.1544678211212158,1.1544678211212158
1786017360.0,1.1547343730926514,1.1547343730926514,1.1547343730926514,1.1547343730926514
1786017420.0,1.1548677682876587,1.1548677682876587,1.1548677682876587,1.1548677682876587
1786017480.0,1.1547343730926514,1.1547343730926514,1.1547343730926514,1.1547343730926514
1786017540.0,1.1548677682876587,1.1548677682876587,1.1548677682876587,1.1548677682876587
1786017600.0,1.1547343730926514,1.1547343730926514,1.1547343730926514,1.1547343730926514
1786017660.0,1.1547343730926514,1.1547343730926514,1.1547343730926514,1.1547343730926514
1786017720.0,1.1547343730926514,1.1547343730926514,1.1547343730926514,1.1547343730926514
1786017780.0,1.1548677682876587,1.1548677682876587,1.1548677682876587,1.1548677682876587
1786017840.0,1.1546010971069336,1.1546010971069336,1.1546010971069336,1.1546010971069336
1786017900.0,1.1546010971069336,1.1546010971069336,1.1546010971069336,1.1546010971069336
1786017960.0,1.1546010971069336,1.1546010971069336,1.1546010971069336,1.1546010971069336
1786018020.0,1.1546010971069336,1.1546010971069336,1.1546010971069336,1.1546010971069336
1786018080.0,1.1544678211212158,1.1544678211212158,1.1544678211212158,1.1544678211212158
1786018140.0,1.1546010971069336,1.1546010971069336,1.1546010971069336,1.1546010971069336
1786018200.0,1.1544678211212158,1.1544678211212158,1.1544678211212158,1.1544678211212158
1786018260.0,1.1544678211212158,1.1544678211212158,1.1544678211212158,1.1544678211212158
1786018320.0,1.1542012691497803,1.1542012691497803,1.1542012691497803,1.1542012691497803
1786018380.0,1.154334545135498,1.154334545135498,1.154334545135498,1.154334545135498
1786018440.0,1.154334545135498,1.154334545135498,1.154334545135498,1.154334545135498
1786018500.0,1.1544678211212158,1.1544678211212158,1.1544678211212158,1.1544678211212158
1786018560.0,1.1544678211212158,1.1544678211212158,1.1544678211212158,1.1544678211212158
1786018620.0,1.1546010971069336,1.1546010971069336,1.1546010971069336,1.1546010971069336
1786018680.0,1.1546010971069336,1.1546010971069336,1.1546010971069336,1.1546010971069336
1786018740.0,1.1546010971069336,1.1546010971069336,1.1546010971069336,1.1546010971069336
1786018800.0,1.1546010971069336,1.1546010971069336,1.1546010971069336,1.1546010971069336
1786018860.0,1.1546010971069336,1.1546010971069336,1.1546010971069336,1.1546010971069336
1786018920.0,1.1546010971069336,1.1546010971069336,1.1546010971069336,1.1546010971069336
1786018980.0,1.1544678211212158,1.1544678211212158,1.1544678211212158,1.1544678211212158
1786019040.0,1.1544678211212158,1.1544678211212158,1.1544678211212158,1.1544678211212158
1786019100.0,1.1546010971069336,1.1546010971069336,1.1546010971069336,1.1546010971069336
1786019160.0,1.1546010971069336,1.1546010971069336,1.1546010971069336,1.1546010971069336
1786019220.0,1.1546010971069336,1.1546010971069336,1.1546010971069336,1.1546010971069336
1786019280.0,1.1547343730926514,1.1547343730926514,1.1547343730926514,1.1547343730926514
1786019340.0,1.1546010971069336,1.1546010971069336,1.1546010971069336,1.1546010971069336
1786019400.0,1.1546010971069336,1.1546010971069336,1.1546010971069336,1.1546010971069336
1786019460.0,1.1546010971069336,1.1546010971069336,1.1546010971069336,1.1546010971069336
1786019520.0,1.1546010971069336,1.1546010971069336,1.1546010971069336,1.1546010971069336
1786019580.0,1.1547343730926514,1.1547343730926514,1.1547343730926514,1.1547343730926514
1786019640.0,1.1548677682876587,1.1548677682876587,1.1548677682876587,1.1548677682876587
1786019700.0,1.1547343730926514,1.1547343730926514,1.1547343730926514,1.1547343730926514
1786019760.0,1.1546010971069336,1.1546010971069336,1.1546010971069336,1.1546010971069336
1786019820.0,1.1546010971069336,1.1546010971069336,1.1546010971069336,1.1546010971069336
1786019880.0,1.1544678211212158,1.1544678211212158,1.1544678211212158,1.1544678211212158
1786019940.0,1.1546010971069336,1.1546010971069336,1.1546010971069336,1.1546010971069336
1786020000.0,1.1544678211212158,1.1544678211212158,1.1544678211212158,1.1544678211212158
1786020060.0,1.154334545135498,1.154334545135498,1.154334545135498,1.154334545135498
1786020120.0,1.1546010971069336,1.1546010971069336,1.1546010971069336,1.1546010971069336
1786020180.0,1.1546010971069336,1.1546010971069336,1.1546010971069336,1.1546010971069336
1786020240.0,1.1544678211212158,1.1544678211212158,1.1544678211212158,1.1544678211212158
1786020300.0,1.1546010971069336,1.1546010971069336,1.1546010971069336,1.1546010971069336
1786020360.0,1.1544678211212158,1.1544678211212158,1.1544678211212158,1.1544678211212158
1786020420.0,1.1544678211212158,1.1544678211212158,1.1544678211212158,1.1544678211212158
1786020480.0,1.1542012691497803,1.1542012691497803,1.1542012691497803,1.1542012691497803
1786020540.0,1.154068112373352,1.154068112373352,1.154068112373352,1.154068112373352
1786020600.0,1.154068112373352,1.154068112373352,1.154068112373352,1.154068112373352
1786020660.0,1.1542012691497803,1.1542012691497803,1.1542012691497803,1.1542012691497803
1786020720.0,1.1542012691497803,1.1542012691497803,1.1542012691497803,1.1542012691497803
1786020780.0,1.154334545135498,1.154334545135498,1.154334545135498,1.154334545135498
1786020840.0,1.1542012691497803,1.1542012691497803,1.1542012691497803,1.1542012691497803
1786020900.0,1.1542012691497803,1.1542012691497803,1.1542012691497803,1.1542012691497803
1786020960.0,1.154334545135498,1.154334545135498,1.154334545135498,1.154334545135498
1786021020.0,1.154334545135498,1.154334545135498,1.154334545135498,1.154334545135498
1786021080.0,1.154334545135498,1.154334545135498,1.154334545135498,1.154334545135498
1786021140.0,1.1542012691497803,1.1542012691497803,1.1542012691497803,1.1542012691497803
1786021200.0,1.154334545135498,1.154334545135498,1.154334545135498,1.154334545135498
1786021260.0,1.154334545135498,1.154334545135498,1.154334545135498,1.154334545135498
1786021320.0,1.154334545135498,1.154334545135498,1.154334545135498,1.154334545135498
1786021380.0,1.154334545135498,1.154334545135498,1.154334545135498,1.154334545135498
1786021440.0,1.1544678211212158,1.1544678211212158,1.1544678211212158,1.1544678211212158
1786021500.0,1.154334545135498,1.154334545135498,1.154334545135498,1.154334545135498
1786021560.0,1.154334545135498,1.154334545135498,1.154334545135498,1.154334545135498
1786021620.0,1.154334545135498,1.154334545135498,1.154334545135498,1.154334545135498
1786021680.0,1.154068112373352,1.154068112373352,1.154068112373352,1.154068112373352
1786021740.0,1.154068112373352,1.154068112373352,1.154068112373352,1.154068112373352
1786021800.0,1.154068112373352,1.154068112373352,1.154068112373352,1.154068112373352
1786021860.0,1.1539349555969238,1.1539349555969238,1.1539349555969238,1.1539349555969238
1786021920.0,1.1542012691497803,1.1542012691497803,1.1542012691497803,1.1542012691497803
1786021980.0,1.154068112373352,1.154068112373352,1.154068112373352,1.154068112373352
1786022040.0,1.1542012691497803,1.1542012691497803,1.1542012691497803,1.1542012691497803
1786022100.0,1.1542012691497803,1.1542012691497803,1.1542012691497803,1.1542012691497803
1786022160.0,1.154068112373352,1.154068112373352,1.154068112373352,1.154068112373352
1786022220.0,1.154068112373352,1.154068112373352,1.154068112373352,1.154068112373352
1786022280.0,1.154068112373352,1.154068112373352,1.154068112373352,1.154068112373352
1786022340.0,1.1542012691497803,1.1542012691497803,1.1542012691497803,1.1542012691497803
1786022400.0,1.154334545135498,1.154334545135498,1.154334545135498,1.154334545135498
1786022460.0,1.154334545135498,1.154334545135498,1.154334545135498,1.154334545135498
1786022520.0,1.154334545135498,1.154334545135498,1.154334545135498,1.154334545135498
1786022580.0,1.154334545135498,1.154334545135498,1.154334545135498,1.154334545135498
1786022640.0,1.154334545135498,1.154334545135498,1.154334545135498,1.154334545135498
1786022700.0,1.1542012691497803,1.1542012691497803,1.1542012691497803,1.1542012691497803
1786022760.0,1.1542012691497803,1.1542012691497803,1.1542012691497803,1.1542012691497803
1786022820.0,1.154334545135498,1.154334545135498,1.154334545135498,1.154334545135498
1786022880.0,1.154334545135498,1.154334545135498,1.154334545135498,1.154334545135498
1786022940.0,1.1542012691497803,1.1542012691497803,1.1542012691497803,1.1542012691497803
1786023000.0,1.1542012691497803,1.1542012691497803,1.1542012691497803,1.1542012691497803
1786023060.0,1.1542012691497803,1.1542012691497803,1.1542012691497803,1.1542012691497803
1786023120.0,1.154334545135498,1.154334545135498,1.154334545135498,1.154334545135498
1786023180.0,1.1542012691497803,1.1542012691497803,1.1542012691497803,1.1542012691497803
1786023240.0,1.154334545135498,1.154334545135498,1.154334545135498,1.154334545135498
1786023300.0,1.154334545135498,1.154334545135498,1.154334545135498,1.154334545135498
1786023360.0,1.154334545135498,1.154334545135498,1.154334545135498,1.154334545135498
1786023420.0,1.154334545135498,1.154334545135498,1.154334545135498,1.154334545135498
1786023480.0,1.1544678211212158,1.1544678211212158,1.1544678211212158,1.1544678211212158
1786023540.0,1.1544678211212158,1.1544678211212158,1.1544678211212158,1.1544678211212158
1786023600.0,1.1547343730926514,1.1547343730926514,1.1547343730926514,1.1547343730926514
1786023660.0,1.1546010971069336,1.1546010971069336,1.1546010971069336,1.1546010971069336
1786023720.0,1.1547343730926514,1.1547343730926514,1.1547343730926514,1.1547343730926514
1786023780.0,1.1546010971069336,1.1546010971069336,1.1546010971069336,1.1546010971069336
1786023840.0,1.1546010971069336,1.1546010971069336,1.1546010971069336,1.1546010971069336
1786023900.0,1.1544678211212158,1.1544678211212158,1.1544678211212158,1.1544678211212158
1786023960.0,1.1544678211212158,1.1544678211212158,1.1544678211212158,1.1544678211212158
1786024020.0,1.1544678211212158,1.1544678211212158,1.1544678211212158,1.1544678211212158
1786024080.0,1.154334545135498,1.154334545135498,1.154334545135498,1.154334545135498
1786024140.0,1.1542012691497803,1.1542012691497803,1.1542012691497803,1.1542012691497803
1786024200.0,1.154334545135498,1.154334545135498,1.154334545135498,1.154334545135498
1786024260.0,1.1544678211212158,1.1544678211212158,1.1544678211212158,1.1544678211212158
1786024320.0,1.1547343730926514,1.1547343730926514,1.1547343730926514,1.1547343730926514
1786024380.0,1.1546010971069336,1.1546010971069336,1.1546010971069336,1.1546010971069336
1786024440.0,1.1546010971069336,1.1546010971069336,1.1546010971069336,1.1546010971069336
1786024500.0,1.1546010971069336,1.1546010971069336,1.1546010971069336,1.1546010971069336
1786024560.0,1.1547343730926514,1.1547343730926514,1.1547343730926514,1.1547343730926514
1786024620.0,1.1547343730926514,1.1547343730926514,1.1547343730926514,1.1547343730926514
1786024680.0,1.1547343730926514,1.1547343730926514,1.1547343730926514,1.1547343730926514
1786024740.0,1.1547343730926514,1.1547343730926514,1.1547343730926514,1.1547343730926514
1786024800.0,1.1547343730926514,1.1547343730926514,1.1547343730926514,1.1547343730926514
1786024860.0,1.1546010971069336,1.1546010971069336,1.1546010971069336,1.1546010971069336
1786024920.0,1.1544678211212158,1.1544678211212158,1.1544678211212158,1.1544678211212158
1786024980.0,1.1544678211212158,1.1544678211212158,1.1544678211212158,1.1544678211212158
1786025040.0,1.1544678211212158,1.1544678211212158,1.1544678211212158,1.1544678211212158
1786025100.0,1.154334545135498,1.154334545135498,1.154334545135498,1.154334545135498
1786025160.0,1.154068112373352,1.154068112373352,1.154068112373352,1.154068112373352
1786025220.0,1.154068112373352,1.154068112373352,1.154068112373352,1.154068112373352
1786025280.0,1.154068112373352,1.154068112373352,1.154068112373352,1.154068112373352
1786025340.0,1.1536686420440674,1.1536686420440674,1.1536686420440674,1.1536686420440674
1786025400.0,1.1538017988204956,1.1538017988204956,1.1538017988204956,1.1538017988204956
1786025460.0,1.1538017988204956,1.1538017988204956,1.1538017988204956,1.1538017988204956
1786025520.0,1.1538017988204956,1.1538017988204956,1.1538017988204956,1.1538017988204956
1786025580.0,1.1536686420440674,1.1536686420440674,1.1536686420440674,1.1536686420440674
1786025640.0,1.1538017988204956,1.1538017988204956,1.1538017988204956,1.1538017988204956
1786025700.0,1.1539349555969238,1.1539349555969238,1.1539349555969238,1.1539349555969238
1786025760.0,1.154068112373352,1.154068112373352,1.154068112373352,1.154068112373352
1786025820.0,1.1542012691497803,1.1542012691497803,1.1542012691497803,1.1542012691497803
1786025880.0,1.154068112373352,1.154068112373352,1.154068112373352,1.154068112373352
1786025940.0,1.154068112373352,1.154068112373352,1.154068112373352,1.154068112373352
1786026000.0,1.1539349555969238,1.1539349555969238,1.1539349555969238,1.1539349555969238
1786026060.0,1.1539349555969238,1.1539349555969238,1.1539349555969238,1.1539349555969238
1786026120.0,1.1539349555969238,1.1539349555969238,1.1539349555969238,1.1539349555969238
1786026180.0,1.154068112373352,1.154068112373352,1.154068112373352,1.154068112373352
1786026240.0,1.154068112373352,1.154068112373352,1.154068112373352,1.154068112373352
1786026300.0,1.1539349555969238,1.1539349555969238,1.1539349555969238,1.1539349555969238
1786026360.0,1.1538017988204956,1.1538017988204956,1.1538017988204956,1.1538017988204956
1786026420.0,1.1538017988204956,1.1538017988204956,1.1538017988204956,1.1538017988204956
1786026480.0,1.1538017988204956,1.1538017988204956,1.1538017988204956,1.1538017988204956
1786026540.0,1.1538017988204956,1.1538017988204956,1.1538017988204956,1.1538017988204956
1786026600.0,1.1539349555969238,1.1539349555969238,1.1539349555969238,1.1539349555969238
1786026660.0,1.1538017988204956,1.1538017988204956,1.1538017988204956,1.1538017988204956
1786026720.0,1.1538017988204956,1.1538017988204956,1.1538017988204956,1.1538017988204956
1786026780.0,1.1539349555969238,1.1539349555969238,1.1539349555969238,1.1539349555969238
1786026840.0,1.1539349555969238,1.1539349555969238,1.1539349555969238,1.1539349555969238
1786026900.0,1.1539349555969238,1.1539349555969238,1.1539349555969238,1.1539349555969238
1786026960.0,1.1539349555969238,1.1539349555969238,1.1539349555969238,1.1539349555969238
1786027020.0,1.154068112373352,1.154068112373352,1.154068112373352,1.154068112373352
1786027080.0,1.1539349555969238,1.1539349555969238,1.1539349555969238,1.1539349555969238
1786027140.0,1.1538017988204956,1.1538017988204956,1.1538017988204956,1.1538017988204956
1786027200.0,1.1536686420440674,1.1536686420440674,1.1536686420440674,1.1536686420440674
1786027260.0,1.1538017988204956,1.1538017988204956,1.1538017988204956,1.1538017988204956
1786027320.0,1.1538017988204956,1.1538017988204956,1.1538017988204956,1.1538017988204956
1786027380.0,1.1539349555969238,1.1539349555969238,1.1539349555969238,1.1539349555969238
1786027440.0,1.1539349555969238,1.1539349555969238,1.1539349555969238,1.1539349555969238
1786027500.0,1.1538017988204956,1.1538017988204956,1.1538017988204956,1.1538017988204956
1786027560.0,1.1538017988204956,1.1538017988204956,1.1538017988204956,1.1538017988204956
1786027620.0,1.1538017988204956,1.1538017988204956,1.1538017988204956,1.1538017988204956
1786027680.0,1.1535356044769287,1.1535356044769287,1.1535356044769287,1.1535356044769287
1786027740.0,1.1535356044769287,1.1535356044769287,1.1535356044769287,1.1535356044769287
1786027800.0,1.15340256690979,1.15340256690979,1.15340256690979,1.15340256690979
1786027860.0,1.1535356044769287,1.1535356044769287,1.1535356044769287,1.1535356044769287
1786027920.0,1.1535356044769287,1.1535356044769287,1.1535356044769287,1.1535356044769287
1786027980.0,1.1535356044769287,1.1535356044769287,1.1535356044769287,1.1535356044769287
1786028040.0,1.1536686420440674,1.1536686420440674,1.1536686420440674,1.1536686420440674
1786028100.0,1.1536686420440674,1.1536686420440674,1.1536686420440674,1.1536686420440674
1786028160.0,1.1535356044769287,1.1535356044769287,1.1535356044769287,1.1535356044769287
1786028220.0,1.1538017988204956,1.1538017988204956,1.1538017988204956,1.1538017988204956
1786028280.0,1.1538017988204956,1.1538017988204956,1.1538017988204956,1.1538017988204956
1786028340.0,1.1538017988204956,1.1538017988204956,1.1538017988204956,1.1538017988204956
1786028400.0,1.1538017988204956,1.1538017988204956,1.1538017988204956,1.1538017988204956
1786028460.0,1.1536686420440674,1.1536686420440674,1.1536686420440674,1.1536686420440674
1786028520.0,1.1536686420440674,1.1536686420440674,1.1536686420440674,1.1536686420440674
1786028580.0,1.1536686420440674,1.1536686420440674,1.1536686420440674,1.1536686420440674
1786028640.0,1.1536686420440674,1.1536686420440674,1.1536686420440674,1.1536686420440674
1786028700.0,1.1538017988204956,1.1538017988204956,1.1538017988204956,1.1538017988204956
1786028760.0,1.1538017988204956,1.1538017988204956,1.1538017988204956,1.1538017988204956
1786028820.0,1.1538017988204956,1.1538017988204956,1.1538017988204956,1.1538017988204956
1786028880.0,1.1538017988204956,1.1538017988204956,1.1538017988204956,1.1538017988204956
1786028940.0,1.1535356044769287,1.1535356044769287,1.1535356044769287,1.1535356044769287
1786029000.0,1.1535356044769287,1.1535356044769287,1.1535356044769287,1.1535356044769287
1786029060.0,1.1535356044769287,1.1535356044769287,1.1535356044769287,1.1535356044769287
1786029120.0,1.1532695293426514,1.1532695293426514,1.1532695293426514,1.1532695293426514
1786029180.0,1.1532695293426514,1.1532695293426514,1.1532695293426514,1.1532695293426514
1786029240.0,1.1532695293426514,1.1532695293426514,1.1532695293426514,1.1532695293426514
1786029300.0,1.1531364917755127,1.1531364917755127,1.1531364917755127,1.1531364917755127
1786029360.0,1.1528706550598145,1.1528706550598145,1.1528706550598145,1.1528706550598145
1786029420.0,1.1528706550598145,1.1528706550598145,1.1528706550598145,1.1528706550598145
1786029480.0,1.1528706550598145,1.1528706550598145,1.1528706550598145,1.1528706550598145
1786029540.0,1.1526048183441162,1.1526048183441162,1.1526048183441162,1.1526048183441162
1786029600.0,1.1524720191955566,1.1524720191955566,1.1524720191955566,1.1524720191955566
1786029660.0,1.1524720191955566,1.1524720191955566,1.1524720191955566,1.1524720191955566
1786029720.0,1.1524720191955566,1.1524720191955566,1.1524720191955566,1.1524720191955566
1786029780.0,1.1526048183441162,1.1526048183441162,1.1526048183441162,1.1526048183441162
1786029840.0,1.1526048183441162,1.1526048183441162,1.1526048183441162,1.1526048183441162
1786029900.0,1.1527377367019653,1.1527377367019653,1.1527377367019653,1.1527377367019653
1786029960.0,1.1528706550598145,1.1528706550598145,1.1528706550598145,1.1528706550598145
1786030020.0,1.1527377367019653,1.1527377367019653,1.1527377367019653,1.1527377367019653
1786030080.0,1.1527377367019653,1.1527377367019653,1.1527377367019653,1.1527377367019653
1786030140.0,1.1527377367019653,1.1527377367019653,1.1527377367019653,1.1527377367019653
1786030200.0,1.1526048183441162,1.1526048183441162,1.1526048183441162,1.1526048183441162
1786030260.0,1.1526048183441162,1.1526048183441162,1.1526048183441162,1.1526048183441162
1786030320.0,1.1526048183441162,1.1526048183441162,1.1526048183441162,1.1526048183441162
1786030380.0,1.1526048183441162,1.1526048183441162,1.1526048183441162,1.1526048183441162
1786030440.0,1.1526048183441162,1.1526048183441162,1.1526048183441162,1.1526048183441162
1786030500.0,1.1524720191955566,1.1524720191955566,1.1524720191955566,1.1524720191955566
1786030560.0,1.152339220046997,1.152339220046997,1.152339220046997,1.152339220046997
1786030620.0,1.1524720191955566,1.1524720191955566,1.1524720191955566,1.1524720191955566
1786030680.0,1.152339220046997,1.152339220046997,1.152339220046997,1.152339220046997
1786030740.0,1.1524720191955566,1.1524720191955566,1.1524720191955566,1.1524720191955566
1786030800.0,1.152339220046997,1.152339220046997,1.152339220046997,1.152339220046997
1786030860.0,1.1524720191955566,1.1524720191955566,1.1524720191955566,1.1524720191955566
1786030920.0,1.1524720191955566,1.1524720191955566,1.1524720191955566,1.1524720191955566
1786030980.0,1.1524720191955566,1.1524720191955566,1.1524720191955566,1.1524720191955566
1786031040.0,1.1526048183441162,1.1526048183441162,1.1526048183441162,1.1526048183441162
1786031100.0,1.1527377367019653,1.1527377367019653,1.1527377367019653,1.1527377367019653
1786031160.0,1.1527377367019653,1.1527377367019653,1.1527377367019653,1.1527377367019653
1786031220.0,1.1527377367019653,1.1527377367019653,1.1527377367019653,1.1527377367019653
1786031280.0,1.1527377367019653,1.1527377367019653,1.1527377367019653,1.1527377367019653
1786031340.0,1.1526048183441162,1.1526048183441162,1.1526048183441162,1.1526048183441162
1786031400.0,1.1527377367019653,1.1527377367019653,1.1527377367019653,1.1527377367019653
1786031460.0,1.1527377367019653,1.1527377367019653,1.1527377367019653,1.1527377367019653
1786031520.0,1.1526048183441162,1.1526048183441162,1.1526048183441162,1.1526048183441162
1786031580.0,1.1524720191955566,1.1524720191955566,1.1524720191955566,1.1524720191955566
1786031640.0,1.1522064208984375,1.1522064208984375,1.1522064208984375,1.1522064208984375
1786031700.0,1.152339220046997,1.152339220046997,1.152339220046997,1.152339220046997
1786031760.0,1.152339220046997,1.152339220046997,1.152339220046997,1.152339220046997
1786031820.0,1.1526048183441162,1.1526048183441162,1.1526048183441162,1.1526048183441162
1786031880.0,1.1526048183441162,1.1526048183441162,1.1526048183441162,1.1526048183441162
1786031940.0,1.1524720191955566,1.1524720191955566,1.1524720191955566,1.1524720191955566
1786032000.0,1.152339220046997,1.152339220046997,1.152339220046997,1.152339220046997
1786032060.0,1.152339220046997,1.152339220046997,1.152339220046997,1.152339220046997
1786032120.0,1.1524720191955566,1.1524720191955566,1.1524720191955566,1.1524720191955566
1786032180.0,1.152339220046997,1.152339220046997,1.152339220046997,1.152339220046997
1786032240.0,1.1524720191955566,1.1524720191955566,1.1524720191955566,1.1524720191955566
1786032300.0,1.1524720191955566,1.1524720191955566,1.1524720191955566,1.1524720191955566
1786032360.0,1.152339220046997,1.152339220046997,1.152339220046997,1.152339220046997
1786032420.0,1.1524720191955566,1.1524720191955566,1.1524720191955566,1.1524720191955566
1786032480.0,1.1526048183441162,1.1526048183441162,1.1526048183441162,1.1526048183441162
1786032540.0,1.1524720191955566,1.1524720191955566,1.1524720191955566,1.1524720191955566
1786032600.0,1.1524720191955566,1.1524720191955566,1.1524720191955566,1.1524720191955566
1786032660.0,1.1524720191955566,1.1524720191955566,1.1524720191955566,1.1524720191955566
1786032720.0,1.1524720191955566,1.1524720191955566,1.1524720191955566,1.1524720191955566
1786032780.0,1.1522064208984375,1.1522064208984375,1.1522064208984375,1.1522064208984375
1786032840.0,1.152339220046997,1.152339220046997,1.152339220046997,1.152339220046997
1786032900.0,1.1522064208984375,1.1522064208984375,1.1522064208984375,1.1522064208984375
1786032960.0,1.1519410610198975,1.1519410610198975,1.1519410610198975,1.1519410610198975
1786033020.0,1.1519410610198975,1.1519410610198975,1.1519410610198975,1.1519410610198975
1786033080.0,1.1520737409591675,1.1520737409591675,1.1520737409591675,1.1520737409591675
1786033140.0,1.1519410610198975,1.1519410610198975,1.1519410610198975,1.1519410610198975
1786033200.0,1.1519410610198975,1.1519410610198975,1.1519410610198975,1.1519410610198975
1786033260.0,1.1519410610198975,1.1519410610198975,1.1519410610198975,1.1519410610198975
1786033320.0,1.1519410610198975,1.1519410610198975,1.1519410610198975,1.1519410610198975
1786033380.0,1.1519410610198975,1.1519410610198975,1.1519410610198975,1.1519410610198975
1786033440.0,1.1519410610198975,1.1519410610198975,1.1519410610198975,1.1519410610198975
1786033500.0,1.1520737409591675,1.1520737409591675,1.1520737409591675,1.1520737409591675
1786033560.0,1.1522064208984375,1.1522064208984375,1.1522064208984375,1.1522064208984375
1786033620.0,1.1522064208984375,1.1522064208984375,1.1522064208984375,1.1522064208984375
1786033680.0,1.1522064208984375,1.1522064208984375,1.1522064208984375,1.1522064208984375
1786033740.0,1.152339220046997,1.152339220046997,1.152339220046997,1.152339220046997
1786033800.0,1.1522064208984375,1.1522064208984375,1.1522064208984375,1.1522064208984375
1786033860.0,1.1522064208984375,1.1522064208984375,1.1522064208984375,1.1522064208984375
1786033920.0,1.1522064208984375,1.1522064208984375,1.1522064208984375,1.1522064208984375
1786033980.0,1.1522064208984375,1.1522064208984375,1.1522064208984375,1.1522064208984375
1786034040.0,1.1522064208984375,1.1522064208984375,1.1522064208984375,1.1522064208984375
1786034100.0,1.1522064208984375,1.1522064208984375,1.1522064208984375,1.1522064208984375
1786034160.0,1.1522064208984375,1.1522064208984375,1.1522064208984375,1.1522064208984375
1786034220.0,1.1522064208984375,1.1522064208984375,1.1522064208984375,1.1522064208984375
1786034280.0,1.152339220046997,1.152339220046997,1.152339220046997,1.152339220046997
1786034340.0,1.152339220046997,1.152339220046997,1.152339220046997,1.152339220046997
1786034400.0,1.1522064208984375,1.1522064208984375,1.1522064208984375,1.1522064208984375
1786034460.0,1.1522064208984375,1.1522064208984375,1.1522064208984375,1.1522064208984375
1786034520.0,1.1522064208984375,1.1522064208984375,1.1522064208984375,1.1522064208984375
1786034580.0,1.1520737409591675,1.1520737409591675,1.1520737409591675,1.1520737409591675
1786034640.0,1.1520737409591675,1.1520737409591675,1.1520737409591675,1.1520737409591675
1786034700.0,1.1522064208984375,1.1522064208984375,1.1522064208984375,1.1522064208984375
1786034760.0,1.1522064208984375,1.1522064208984375,1.1522064208984375,1.1522064208984375
1786034820.0,1.1522064208984375,1.1522064208984375,1.1522064208984375,1.1522064208984375
1786034880.0,1.1522064208984375,1.1522064208984375,1.1522064208984375,1.1522064208984375
1786034940.0,1.1522064208984375,1.1522064208984375,1.1522064208984375,1.1522064208984375
1786035000.0,1.1522064208984375,1.1522064208984375,1.1522064208984375,1.1522064208984375
1786035060.0,1.152339220046997,1.152339220046997,1.152339220046997,1.152339220046997
1786035120.0,1.152339220046997,1.152339220046997,1.152339220046997,1.152339220046997
1786035180.0,1.152339220046997,1.152339220046997,1.152339220046997,1.152339220046997
1786035240.0,1.1524720191955566,1.1524720191955566,1.1524720191955566,1.1524720191955566
1786035300.0,1.152339220046997,1.152339220046997,1.152339220046997,1.152339220046997
1786035360.0,1.152339220046997,1.152339220046997,1.152339220046997,1.152339220046997
1786035420.0,1.152339220046997,1.152339220046997,1.152339220046997,1.152339220046997
1786035480.0,1.152339220046997,1.152339220046997,1.152339220046997,1.152339220046997
1786035540.0,1.152339220046997,1.152339220046997,1.152339220046997,1.152339220046997
1786035600.0,1.1524720191955566,1.1524720191955566,1.1524720191955566,1.1524720191955566
1786035660.0,1.1524720191955566,1.1524720191955566,1.1524720191955566,1.1524720191955566
1786035720.0,1.1524720191955566,1.1524720191955566,1.1524720191955566,1.1524720191955566
1786035780.0,1.1524720191955566,1.1524720191955566,1.1524720191955566,1.1524720191955566
1786035840.0,1.1524720191955566,1.1524720191955566,1.1524720191955566,1.1524720191955566
1786035900.0,1.1524720191955566,1.1524720191955566,1.1524720191955566,1.1524720191955566
1786035960.0,1.152339220046997,1.152339220046997,1.152339220046997,1.152339220046997
1786036020.0,1.152339220046997,1.152339220046997,1.152339220046997,1.152339220046997
1786036080.0,1.152339220046997,1.152339220046997,1.152339220046997,1.152339220046997
1786036140.0,1.1524720191955566,1.1524720191955566,1.1524720191955566,1.1524720191955566
1786036200.0,1.1524720191955566,1.1524720191955566,1.1524720191955566,1.1524720191955566
1786036260.0,1.1524720191955566,1.1524720191955566,1.1524720191955566,1.1524720191955566
1786036320.0,1.1522064208984375,1.1522064208984375,1.1522064208984375,1.1522064208984375
1786036380.0,1.152339220046997,1.152339220046997,1.152339220046997,1.152339220046997
1786036440.0,1.152339220046997,1.152339220046997,1.152339220046997,1.152339220046997
1786036500.0,1.1522064208984375,1.1522064208984375,1.1522064208984375,1.1522064208984375
1786036560.0,1.152339220046997,1.152339220046997,1.152339220046997,1.152339220046997
1786036620.0,1.1522064208984375,1.1522064208984375,1.1522064208984375,1.1522064208984375
1786036680.0,1.1520737409591675,1.1520737409591675,1.1520737409591675,1.1520737409591675
1786036740.0,1.1522064208984375,1.1522064208984375,1.1522064208984375,1.1522064208984375
1786036800.0,1.152339220046997,1.152339220046997,1.152339220046997,1.152339220046997
1786036860.0,1.152339220046997,1.152339220046997,1.152339220046997,1.152339220046997
1786036920.0,1.152339220046997,1.152339220046997,1.152339220046997,1.152339220046997
1786036980.0,1.152339220046997,1.152339220046997,1.152339220046997,1.152339220046997
1786037040.0,1.152339220046997,1.152339220046997,1.152339220046997,1.152339220046997
1786037100.0,1.152339220046997,1.152339220046997,1.152339220046997,1.152339220046997
1786037160.0,1.152339220046997,1.152339220046997,1.152339220046997,1.152339220046997
1786037220.0,1.152339220046997,1.152339220046997,1.152339220046997,1.152339220046997
1786037280.0,1.152339220046997,1.152339220046997,1.152339220046997,1.152339220046997
1786037340.0,1.152339220046997,1.152339220046997,1.152339220046997,1.152339220046997
1786037400.0,1.1522064208984375,1.1522064208984375,1.1522064208984375,1.1522064208984375
1786037460.0,1.1522064208984375,1.1522064208984375,1.1522064208984375,1.1522064208984375
1786037520.0,1.152339220046997,1.152339220046997,1.152339220046997,1.152339220046997
1786037580.0,1.152339220046997,1.152339220046997,1.152339220046997,1.152339220046997
1786037640.0,1.152339220046997,1.152339220046997,1.152339220046997,1.152339220046997
1786037700.0,1.152339220046997,1.152339220046997,1.152339220046997,1.152339220046997
1786037760.0,1.1522064208984375,1.1522064208984375,1.1522064208984375,1.1522064208984375
1786037820.0,1.1522064208984375,1.1522064208984375,1.1522064208984375,1.1522064208984375
1786037880.0,1.1522064208984375,1.1522064208984375,1.1522064208984375,1.1522064208984375
1786037940.0,1.152339220046997,1.152339220046997,1.152339220046997,1.152339220046997
1786038000.0,1.1522064208984375,1.1522064208984375,1.1522064208984375,1.1522064208984375
1786038060.0,1.1522064208984375,1.1522064208984375,1.1522064208984375,1.1522064208984375
1786038120.0,1.152339220046997,1.152339220046997,1.152339220046997,1.152339220046997
1786038180.0,1.1522064208984375,1.1522064208984375,1.1522064208984375,1.1522064208984375
1786038240.0,1.1522064208984375,1.1522064208984375,1.1522064208984375,1.1522064208984375
1786038300.0,1.1522064208984375,1.1522064208984375,1.1522064208984375,1.1522064208984375
1786038360.0,1.152339220046997,1.152339220046997,1.152339220046997,1.152339220046997
1786038420.0,1.152339220046997,1.152339220046997,1.152339220046997,1.152339220046997
1786038480.0,1.152339220046997,1.152339220046997,1.152339220046997,1.152339220046997
1786038540.0,1.152339220046997,1.152339220046997,1.152339220046997,1.152339220046997
1786038600.0,1.152339220046997,1.152339220046997,1.152339220046997,1.152339220046997
1786038660.0,1.1524720191955566,1.1524720191955566,1.1524720191955566,1.1524720191955566
1786038720.0,1.1524720191955566,1.1524720191955566,1.1524720191955566,1.1524720191955566
1786038780.0,1.1526048183441162,1.1526048183441162,1.1526048183441162,1.1526048183441162
1786038840.0,1.1524720191955566,1.1524720191955566,1.1524720191955566,1.1524720191955566
1786038900.0,1.1526048183441162,1.1526048183441162,1.1526048183441162,1.1526048183441162
1786038960.0,1.1524720191955566,1.1524720191955566,1.1524720191955566,1.1524720191955566
1786039020.0,1.1526048183441162,1.1526048183441162,1.1526048183441162,1.1526048183441162
1786039080.0,1.1526048183441162,1.1526048183441162,1.1526048183441162,1.1526048183441162
1786039140.0,1.1526048183441162,1.1526048183441162,1.1526048183441162,1.1526048183441162
1786039200.0,1.1526048183441162,1.1526048183441162,1.1526048183441162,1.1526048183441162
1786039260.0,1.1526048183441162,1.1526048183441162,1.1526048183441162,1.1526048183441162
1786039320.0,1.1527377367019653,1.1527377367019653,1.1527377367019653,1.1527377367019653
1786039380.0,1.1526048183441162,1.1526048183441162,1.1526048183441162,1.1526048183441162
1786039440.0,1.1527377367019653,1.1527377367019653,1.1527377367019653,1.1527377367019653
1786039500.0,1.1527377367019653,1.1527377367019653,1.1527377367019653,1.1527377367019653
1786039560.0,1.1527377367019653,1.1527377367019653,1.1527377367019653,1.1527377367019653
1786039620.0,1.1527377367019653,1.1527377367019653,1.1527377367019653,1.1527377367019653
1786039680.0,1.1527377367019653,1.1527377367019653,1.1527377367019653,1.1527377367019653
1786039740.0,1.1527377367019653,1.1527377367019653,1.1527377367019653,1.1527377367019653
1786039800.0,1.1527377367019653,1.1527377367019653,1.1527377367019653,1.1527377367019653
1786039860.0,1.1527377367019653,1.1527377367019653,1.1527377367019653,1.1527377367019653
1786039920.0,1.1527377367019653,1.1527377367019653,1.1527377367019653,1.1527377367019653
1786039980.0,1.1527377367019653,1.1527377367019653,1.1527377367019653,1.1527377367019653
1786040040.0,1.1527377367019653,1.1527377367019653,1.1527377367019653,1.1527377367019653
1786040100.0,1.1527377367019653,1.1527377367019653,1.1527377367019653,1.1527377367019653
1786040160.0,1.1527377367019653,1.1527377367019653,1.1527377367019653,1.1527377367019653
1786040220.0,1.1527377367019653,1.1527377367019653,1.1527377367019653,1.1527377367019653
1786040280.0,1.1526048183441162,1.1526048183441162,1.1526048183441162,1.1526048183441162
1786040340.0,1.1526048183441162,1.1526048183441162,1.1526048183441162,1.1526048183441162
1786040400.0,1.1526048183441162,1.1526048183441162,1.1526048183441162,1.1526048183441162
1786040460.0,1.1526048183441162,1.1526048183441162,1.1526048183441162,1.1526048183441162
1786040520.0,1.1526048183441162,1.1526048183441162,1.1526048183441162,1.1526048183441162
1786040580.0,1.1526048183441162,1.1526048183441162,1.1526048183441162,1.1526048183441162
1786040640.0,1.1526048183441162,1.1526048183441162,1.1526048183441162,1.1526048183441162
1786040700.0,1.1526048183441162,1.1526048183441162,1.1526048183441162,1.1526048183441162
1786040760.0,1.1526048183441162,1.1526048183441162,1.1526048183441162,1.1526048183441162
1786040820.0,1.1526048183441162,1.1526048183441162,1.1526048183441162,1.1526048183441162
1786040880.0,1.1526048183441162,1.1526048183441162,1.1526048183441162,1.1526048183441162
1786040940.0,1.1526048183441162,1.1526048183441162,1.1526048183441162,1.1526048183441162
1786041000.0,1.1526048183441162,1.1526048183441162,1.1526048183441162,1.1526048183441162
1786041060.0,1.1526048183441162,1.1526048183441162,1.1526048183441162,1.1526048183441162
1786041120.0,1.1526048183441162,1.1526048183441162,1.1526048183441162,1.1526048183441162
1786041180.0,1.1526048183441162,1.1526048183441162,1.1526048183441162,1.1526048183441162
1786041240.0,1.1526048183441162,1.1526048183441162,1.1526048183441162,1.1526048183441162
1786041300.0,1.1526048183441162,1.1526048183441162,1.1526048183441162,1.1526048183441162
1786041360.0,1.1526048183441162,1.1526048183441162,1.1526048183441162,1.1526048183441162
1786041420.0,1.1526048183441162,1.1526048183441162,1.1526048183441162,1.1526048183441162
1786041480.0,1.1526048183441162,1.1526048183441162,1.1526048183441162,1.1526048183441162
1786041540.0,1.1526048183441162,1.1526048183441162,1.1526048183441162,1.1526048183441162
1786041600.0,1.1526048183441162,1.1526048183441162,1.1526048183441162,1.1526048183441162
1786041660.0,1.1526048183441162,1.1526048183441162,1.1526048183441162,1.1526048183441162
1786041720.0,1.1524720191955566,1.1524720191955566,1.1524720191955566,1.1524720191955566
1786041780.0,1.1526048183441162,1.1526048183441162,1.1526048183441162,1.1526048183441162
1786041840.0,1.1526048183441162,1.1526048183441162,1.1526048183441162,1.1526048183441162
1786041900.0,1.1524720191955566,1.1524720191955566,1.1524720191955566,1.1524720191955566
1786041960.0,1.1526048183441162,1.1526048183441162,1.1526048183441162,1.1526048183441162
1786042020.0,1.1526048183441162,1.1526048183441162,1.1526048183441162,1.1526048183441162
1786042080.0,1.1527377367019653,1.1527377367019653,1.1527377367019653,1.1527377367019653
1786042140.0,1.1527377367019653,1.1527377367019653,1.1527377367019653,1.1527377367019653
1786042200.0,1.1526048183441162,1.1526048183441162,1.1526048183441162,1.1526048183441162
1786042260.0,1.1526048183441162,1.1526048183441162,1.1526048183441162,1.1526048183441162
1786042320.0,1.1526048183441162,1.1526048183441162,1.1526048183441162,1.1526048183441162
1786042380.0,1.1526048183441162,1.1526048183441162,1.1526048183441162,1.1526048183441162
1786042440.0,1.1526048183441162,1.1526048183441162,1.1526048183441162,1.1526048183441162
1786042500.0,1.1526048183441162,1.1526048183441162,1.1526048183441162,1.1526048183441162
1786042560.0,1.1527377367019653,1.1527377367019653,1.1527377367019653,1.1527377367019653
1786042620.0,1.1527377367019653,1.1527377367019653,1.1527377367019653,1.1527377367019653
1786042680.0,1.1527377367019653,1.1527377367019653,1.1527377367019653,1.1527377367019653
1786042740.0,1.1527377367019653,1.1527377367019653,1.1527377367019653,1.1527377367019653
1786042800.0,1.1527377367019653,1.1527377367019653,1.1527377367019653,1.1527377367019653
1786042860.0,1.1527377367019653,1.1527377367019653,1.1527377367019653,1.1527377367019653
1786042920.0,1.1527377367019653,1.1527377367019653,1.1527377367019653,1.1527377367019653
1786042980.0,1.1528706550598145,1.1528706550598145,1.1528706550598145,1.1528706550598145
1786043040.0,1.1528706550598145,1.1528706550598145,1.1528706550598145,1.1528706550598145
1786043100.0,1.1528706550598145,1.1528706550598145,1.1528706550598145,1.1528706550598145
1786043160.0,1.1528706550598145,1.1528706550598145,1.1528706550598145,1.1528706550598145
1786043220.0,1.1528706550598145,1.1528706550598145,1.1528706550598145,1.1528706550598145
1786043280.0,1.1528706550598145,1.1528706550598145,1.1528706550598145,1.1528706550598145
1786043340.0,1.1528706550598145,1.1528706550598145,1.1528706550598145,1.1528706550598145
1786043400.0,1.1528706550598145,1.1528706550598145,1.1528706550598145,1.1528706550598145
1786043460.0,1.1527377367019653,1.1527377367019653,1.1527377367019653,1.1527377367019653
1786043520.0,1.1526048183441162,1.1526048183441162,1.1526048183441162,1.1526048183441162
1786043580.0,1.1526048183441162,1.1526048183441162,1.1526048183441162,1.1526048183441162
1786043640.0,1.1526048183441162,1.1526048183441162,1.1526048183441162,1.1526048183441162
1786043700.0,1.1526048183441162,1.1526048183441162,1.1526048183441162,1.1526048183441162
1786043760.0,1.1526048183441162,1.1526048183441162,1.1526048183441162,1.1526048183441162
1786043820.0,1.1526048183441162,1.1526048183441162,1.1526048183441162,1.1526048183441162
1786043880.0,1.1526048183441162,1.1526048183441162,1.1526048183441162,1.1526048183441162
1786043940.0,1.1526048183441162,1.1526048183441162,1.1526048183441162,1.1526048183441162
1786044000.0,1.1526048183441162,1.1526048183441162,1.1526048183441162,1.1526048183441162
1786044060.0,1.1527377367019653,1.1527377367019653,1.1527377367019653,1.1527377367019653
1786044120.0,1.1527377367019653,1.1527377367019653,1.1527377367019653,1.1527377367019653
1786044180.0,1.1526048183441162,1.1526048183441162,1.1526048183441162,1.1526048183441162
1786044240.0,1.152339220046997,1.152339220046997,1.152339220046997,1.152339220046997
1786044300.0,1.152339220046997,1.152339220046997,1.152339220046997,1.152339220046997
1786044360.0,1.1522064208984375,1.1522064208984375,1.1522064208984375,1.1522064208984375
1786044420.0,1.1522064208984375,1.1522064208984375,1.1522064208984375,1.1522064208984375
1786044480.0,1.1522064208984375,1.1522064208984375,1.1522064208984375,1.1522064208984375
1786044540.0,1.1522064208984375,1.1522064208984375,1.1522064208984375,1.1522064208984375
1786044600.0,1.152339220046997,1.152339220046997,1.152339220046997,1.152339220046997
1786044660.0,1.1524720191955566,1.1524720191955566,1.1524720191955566,1.1524720191955566
1786044720.0,1.152339220046997,1.152339220046997,1.152339220046997,1.152339220046997
1786044780.0,1.152339220046997,1.152339220046997,1.152339220046997,1.152339220046997
1786044840.0,1.152339220046997,1.152339220046997,1.152339220046997,1.152339220046997
1786044900.0,1.152339220046997,1.152339220046997,1.152339220046997,1.152339220046997
1786044960.0,1.152339220046997,1.152339220046997,1.152339220046997,1.152339220046997
1786045020.0,1.152339220046997,1.152339220046997,1.152339220046997,1.152339220046997
1786045080.0,1.152339220046997,1.152339220046997,1.152339220046997,1.152339220046997
1786045140.0,1.1522064208984375,1.1522064208984375,1.1522064208984375,1.1522064208984375
1786045200.0,1.1522064208984375,1.1522064208984375,1.1522064208984375,1.1522064208984375
1786045260.0,1.1522064208984375,1.1522064208984375,1.1522064208984375,1.1522064208984375
1786045320.0,1.1522064208984375,1.1522064208984375,1.1522064208984375,1.1522064208984375
1786045380.0,1.1522064208984375,1.1522064208984375,1.1522064208984375,1.1522064208984375
1786045440.0,1.1522064208984375,1.1522064208984375,1.1522064208984375,1.1522064208984375
1786045500.0,1.152339220046997,1.152339220046997,1.152339220046997,1.152339220046997
1786045560.0,1.1522064208984375,1.1522064208984375,1.1522064208984375,1.1522064208984375
1786045620.0,1.1522064208984375,1.1522064208984375,1.1522064208984375,1.1522064208984375
1786045680.0,1.152339220046997,1.152339220046997,1.152339220046997,1.152339220046997
1786045740.0,1.152339220046997,1.152339220046997,1.152339220046997,1.152339220046997
1786045800.0,1.1524720191955566,1.1524720191955566,1.1524720191955566,1.1524720191955566
1786045860.0,1.1524720191955566,1.1524720191955566,1.1524720191955566,1.1524720191955566
1786045920.0,1.1526048183441162,1.1526048183441162,1.1526048183441162,1.1526048183441162
1786045980.0,1.1528706550598145,1.1528706550598145,1.1528706550598145,1.1528706550598145
1786046040.0,1.1528706550598145,1.1528706550598145,1.1528706550598145,1.1528706550598145
1786046100.0,1.1527377367019653,1.1527377367019653,1.1527377367019653,1.1527377367019653
1786046160.0,1.1527377367019653,1.1527377367019653,1.1527377367019653,1.1527377367019653
1786046220.0,1.1526048183441162,1.1526048183441162,1.1526048183441162,1.1526048183441162
1786046280.0,1.1526048183441162,1.1526048183441162,1.1526048183441162,1.1526048183441162
1786046340.0,1.1526048183441162,1.1526048183441162,1.1526048183441162,1.1526048183441162
1786046400.0,1.1526048183441162,1.1526048183441162,1.1526048183441162,1.1526048183441162
1786046460.0,1.1526048183441162,1.1526048183441162,1.1526048183441162,1.1526048183441162
1786046520.0,1.1526048183441162,1.1526048183441162,1.1526048183441162,1.1526048183441162
1786046580.0,1.1526048183441162,1.1526048183441162,1.1526048183441162,1.1526048183441162
1786046640.0,1.1526048183441162,1.1526048183441162,1.1526048183441162,1.1526048183441162
1786046700.0,1.1527377367019653,1.1527377367019653,1.1527377367019653,1.1527377367019653
1786046760.0,1.1527377367019653,1.1527377367019653,1.1527377367019653,1.1527377367019653
1786046820.0,1.1527377367019653,1.1527377367019653,1.1527377367019653,1.1527377367019653
1786046880.0,1.1526048183441162,1.1526048183441162,1.1526048183441162,1.1526048183441162
1786046940.0,1.1524720191955566,1.1524720191955566,1.1524720191955566,1.1524720191955566
1786047000.0,1.1524720191955566,1.1524720191955566,1.1524720191955566,1.1524720191955566
1786047060.0,1.1524720191955566,1.1524720191955566,1.1524720191955566,1.1524720191955566
1786047120.0,1.1524720191955566,1.1524720191955566,1.1524720191955566,1.1524720191955566
1786047180.0,1.1524720191955566,1.1524720191955566,1.1524720191955566,1.1524720191955566
1786047240.0,1.1524720191955566,1.1524720191955566,1.1524720191955566,1.1524720191955566
1786047300.0,1.1524720191955566,1.1524720191955566,1.1524720191955566,1.1524720191955566
1786047360.0,1.1524720191955566,1.1524720191955566,1.1524720191955566,1.1524720191955566
1786047420.0,1.1524720191955566,1.1524720191955566,1.1524720191955566,1.1524720191955566
1786047480.0,1.1524720191955566,1.1524720191955566,1.1524720191955566,1.1524720191955566
1786047540.0,1.152339220046997,1.152339220046997,1.152339220046997,1.152339220046997
1786047600.0,1.152339220046997,1.152339220046997,1.152339220046997,1.152339220046997
1786047660.0,1.152339220046997,1.152339220046997,1.152339220046997,1.152339220046997
1786047720.0,1.152339220046997,1.152339220046997,1.152339220046997,1.152339220046997
1786047780.0,1.152339220046997,1.152339220046997,1.152339220046997,1.152339220046997
1786047840.0,1.152339220046997,1.152339220046997,1.152339220046997,1.152339220046997
1786047900.0,1.152339220046997,1.152339220046997,1.152339220046997,1.152339220046997
1786047960.0,1.1522064208984375,1.1522064208984375,1.1522064208984375,1.1522064208984375
1786048020.0,1.1522064208984375,1.1522064208984375,1.1522064208984375,1.1522064208984375
1786048080.0,1.152339220046997,1.152339220046997,1.152339220046997,1.152339220046997
1786048140.0,1.152339220046997,1.152339220046997,1.152339220046997,1.152339220046997
1786048200.0,1.1524720191955566,1.1524720191955566,1.1524720191955566,1.1524720191955566
1786048260.0,1.152339220046997,1.152339220046997,1.152339220046997,1.152339220046997
1786048320.0,1.152339220046997,1.152339220046997,1.152339220046997,1.152339220046997
1786048380.0,1.1524720191955566,1.1524720191955566,1.1524720191955566,1.1524720191955566
1786048440.0,1.1524720191955566,1.1524720191955566,1.1524720191955566,1.1524720191955566
1786048500.0,1.1526048183441162,1.1526048183441162,1.1526048183441162,1.1526048183441162
1786048560.0,1.1524720191955566,1.1524720191955566,1.1524720191955566,1.1524720191955566
1786048620.0,1.1524720191955566,1.1524720191955566,1.1524720191955566,1.1524720191955566
1786048680.0,1.1524720191955566,1.1524720191955566,1.1524720191955566,1.1524720191955566
1786048740.0,1.1524720191955566,1.1524720191955566,1.1524720191955566,1.1524720191955566
1786048800.0,1.1524720191955566,1.1524720191955566,1.1524720191955566,1.1524720191955566
1786048860.0,1.1524720191955566,1.1524720191955566,1.1524720191955566,1.1524720191955566
1786048920.0,1.1524720191955566,1.1524720191955566,1.1524720191955566,1.1524720191955566
1786048980.0,1.1524720191955566,1.1524720191955566,1.1524720191955566,1.1524720191955566
1786049040.0,1.1524720191955566,1.1524720191955566,1.1524720191955566,1.1524720191955566
1786049100.0,1.1524720191955566,1.1524720191955566,1.1524720191955566,1.1524720191955566
1786049160.0,1.1526048183441162,1.1526048183441162,1.1526048183441162,1.1526048183441162
1786049220.0,1.1526048183441162,1.1526048183441162,1.1526048183441162,1.1526048183441162
1786049280.0,1.1526048183441162,1.1526048183441162,1.1526048183441162,1.1526048183441162
1786049340.0,1.1526048183441162,1.1526048183441162,1.1526048183441162,1.1526048183441162
1786049400.0,1.1526048183441162,1.1526048183441162,1.1526048183441162,1.1526048183441162
1786049460.0,1.1526048183441162,1.1526048183441162,1.1526048183441162,1.1526048183441162
1786049520.0,1.1526048183441162,1.1526048183441162,1.1526048183441162,1.1526048183441162
1786049580.0,1.1526048183441162,1.1526048183441162,1.1526048183441162,1.1526048183441162
1786049640.0,1.1526048183441162,1.1526048183441162,1.1526048183441162,1.1526048183441162
1786049700.0,1.1526048183441162,1.1526048183441162,1.1526048183441162,1.1526048183441162
1786049760.0,1.1526048183441162,1.1526048183441162,1.1526048183441162,1.1526048183441162
1786049820.0,1.1527377367019653,1.1527377367019653,1.1527377367019653,1.1527377367019653
1786049880.0,1.1527377367019653,1.1527377367019653,1.1527377367019653,1.1527377367019653
1786049940.0,1.1527377367019653,1.1527377367019653,1.1527377367019653,1.1527377367019653
1786050000.0,1.1530035734176636,1.1530035734176636,1.1530035734176636,1.1530035734176636
1786050060.0,1.1528706550598145,1.1528706550598145,1.1528706550598145,1.1528706550598145
1786050120.0,1.1528706550598145,1.1528706550598145,1.1528706550598145,1.1528706550598145
1786050180.0,1.1527377367019653,1.1527377367019653,1.1527377367019653,1.1527377367019653
1786050240.0,1.1526048183441162,1.1526048183441162,1.1526048183441162,1.1526048183441162
1786050300.0,1.1526048183441162,1.1526048183441162,1.1526048183441162,1.1526048183441162
1786050360.0,1.1527377367019653,1.1527377367019653,1.1527377367019653,1.1527377367019653
1786050420.0,1.1527377367019653,1.1527377367019653,1.1527377367019653,1.1527377367019653
1786050480.0,1.1527377367019653,1.1527377367019653,1.1527377367019653,1.1527377367019653
1786050540.0,1.1527377367019653,1.1527377367019653,1.1527377367019653,1.1527377367019653
1786050600.0,1.1528706550598145,1.1528706550598145,1.1528706550598145,1.1528706550598145
1786050660.0,1.152339220046997,1.152339220046997,1.152339220046997,1.152339220046997
1786050720.0,1.1524720191955566,1.1524720191955566,1.1524720191955566,1.1524720191955566
1786050780.0,1.1526048183441162,1.1526048183441162,1.1526048183441162,1.1526048183441162
1786050840.0,1.1524720191955566,1.1524720191955566,1.1524720191955566,1.1524720191955566
1786050900.0,1.1524720191955566,1.1524720191955566,1.1524720191955566,1.1524720191955566
1786050960.0,1.152339220046997,1.152339220046997,1.152339220046997,1.152339220046997
1786051020.0,1.1524720191955566,1.1524720191955566,1.1524720191955566,1.1524720191955566
1786051080.0,1.1524720191955566,1.1524720191955566,1.1524720191955566,1.1524720191955566
1786051140.0,1.1522064208984375,1.1522064208984375,1.1522064208984375,1.1522064208984375
1786051200.0,1.1526048183441162,1.1526048183441162,1.1526048183441162,1.1526048183441162
1786051260.0,1.1527377367019653,1.1527377367019653,1.1527377367019653,1.1527377367019653
1786051320.0,1.1527377367019653,1.1527377367019653,1.1527377367019653,1.1527377367019653
1786051380.0,1.152339220046997,1.152339220046997,1.152339220046997,1.152339220046997
1786051440.0,1.152339220046997,1.152339220046997,1.152339220046997,1.152339220046997
1786051500.0,1.1524720191955566,1.1524720191955566,1.1524720191955566,1.1524720191955566
1786051560.0,1.1526048183441162,1.1526048183441162,1.1526048183441162,1.1526048183441162
1786051620.0,1.1526048183441162,1.1526048183441162,1.1526048183441162,1.1526048183441162
1786051680.0,1.1524720191955566,1.1524720191955566,1.1524720191955566,1.1524720191955566
1786051740.0,1.1527377367019653,1.1527377367019653,1.1527377367019653,1.1527377367019653
1786051800.0,1.1526048183441162,1.1526048183441162,1.1526048183441162,1.1526048183441162
1786051860.0,1.1524720191955566,1.1524720191955566,1.1524720191955566,1.1524720191955566
1786051920.0,1.1524720191955566,1.1524720191955566,1.1524720191955566,1.1524720191955566
1786051980.0,1.152339220046997,1.152339220046997,1.152339220046997,1.152339220046997
1786052040.0,1.1526048183441162,1.1526048183441162,1.1526048183441162,1.1526048183441162
1786052100.0,1.1524720191955566,1.1524720191955566,1.1524720191955566,1.1524720191955566
1786052160.0,1.1526048183441162,1.1526048183441162,1.1526048183441162,1.1526048183441162
1786052220.0,1.1524720191955566,1.1524720191955566,1.1524720191955566,1.1524720191955566
1786052280.0,1.152339220046997,1.152339220046997,1.152339220046997,1.152339220046997
1786052340.0,1.152339220046997,1.152339220046997,1.152339220046997,1.152339220046997
1786052400.0,1.152339220046997,1.152339220046997,1.152339220046997,1.152339220046997
1786052460.0,1.152339220046997,1.152339220046997,1.152339220046997,1.152339220046997
1786052520.0,1.152339220046997,1.152339220046997,1.152339220046997,1.152339220046997
1786052580.0,1.1522064208984375,1.1522064208984375,1.1522064208984375,1.1522064208984375
1786052640.0,1.1522064208984375,1.1522064208984375,1.1522064208984375,1.1522064208984375
1786052700.0,1.152339220046997,1.152339220046997,1.152339220046997,1.152339220046997
1786052760.0,1.152339220046997,1.152339220046997,1.152339220046997,1.152339220046997
1786052820.0,1.1526048183441162,1.1526048183441162,1.1526048183441162,1.1526048183441162
1786052880.0,1.152339220046997,1.152339220046997,1.152339220046997,1.152339220046997
1786052940.0,1.1526048183441162,1.1526048183441162,1.1526048183441162,1.1526048183441162
1786053000.0,1.1524720191955566,1.1524720191955566,1.1524720191955566,1.1524720191955566
1786053060.0,1.152339220046997,1.152339220046997,1.152339220046997,1.152339220046997
1786053120.0,1.152339220046997,1.152339220046997,1.152339220046997,1.152339220046997
1786053180.0,1.1524720191955566,1.1524720191955566,1.1524720191955566,1.1524720191955566
1786053240.0,1.1524720191955566,1.1524720191955566,1.1524720191955566,1.1524720191955566
1786053300.0,1.152339220046997,1.152339220046997,1.152339220046997,1.152339220046997
1786053360.0,1.152339220046997,1.152339220046997,1.152339220046997,1.152339220046997
1786053420.0,1.1524720191955566,1.1524720191955566,1.1524720191955566,1.1524720191955566
1786053480.0,1.1524720191955566,1.1524720191955566,1.1524720191955566,1.1524720191955566
1786053540.0,1.1524720191955566,1.1524720191955566,1.1524720191955566,1.1524720191955566
1786053600.0,1.1526048183441162,1.1526048183441162,1.1526048183441162,1.1526048183441162
1786053660.0,1.1524720191955566,1.1524720191955566,1.1524720191955566,1.1524720191955566
1786053720.0,1.1524720191955566,1.1524720191955566,1.1524720191955566,1.1524720191955566
1786053780.0,1.1524720191955566,1.1524720191955566,1.1524720191955566,1.1524720191955566
1786053840.0,1.1524720191955566,1.1524720191955566,1.1524720191955566,1.1524720191955566
1786053900.0,1.1524720191955566,1.1524720191955566,1.1524720191955566,1.1524720191955566
1786053960.0,1.1524720191955566,1.1524720191955566,1.1524720191955566,1.1524720191955566
1786054020.0,1.1524720191955566,1.1524720191955566,1.1524720191955566,1.1524720191955566
1786054080.0,1.1524720191955566,1.1524720191955566,1.1524720191955566,1.1524720191955566
1786054140.0,1.1524720191955566,1.1524720191955566,1.1524720191955566,1.1524720191955566
1786054200.0,1.1524720191955566,1.1524720191955566,1.1524720191955566,1.1524720191955566
1786054260.0,1.1524720191955566,1.1524720191955566,1.1524720191955566,1.1524720191955566
1786054320.0,1.1524720191955566,1.1524720191955566,1.1524720191955566,1.1524720191955566
1786054380.0,1.1524720191955566,1.1524720191955566,1.1524720191955566,1.1524720191955566
1786054440.0,1.1524720191955566,1.1524720191955566,1.1524720191955566,1.1524720191955566
1786054500.0,1.1526048183441162,1.1526048183441162,1.1526048183441162,1.1526048183441162
1786054560.0,1.1524720191955566,1.1524720191955566,1.1524720191955566,1.1524720191955566
1786054620.0,1.1524720191955566,1.1524720191955566,1.1524720191955566,1.1524720191955566
1786054680.0,1.1526048183441162,1.1526048183441162,1.1526048183441162,1.1526048183441162
1786054740.0,1.1526048183441162,1.1526048183441162,1.1526048183441162,1.1526048183441162
1786054800.0,1.1526048183441162,1.1526048183441162,1.1526048183441162,1.1526048183441162
1786054860.0,1.1526048183441162,1.1526048183441162,1.1526048183441162,1.1526048183441162
1786054920.0,1.1526048183441162,1.1526048183441162,1.1526048183441162,1.1526048183441162
1786054980.0,1.1524720191955566,1.1524720191955566,1.1524720191955566,1.1524720191955566
1786055040.0,1.1526048183441162,1.1526048183441162,1.1526048183441162,1.1526048183441162
1786055100.0,1.1526048183441162,1.1526048183441162,1.1526048183441162,1.1526048183441162
1786055160.0,1.1526048183441162,1.1526048183441162,1.1526048183441162,1.1526048183441162
1786055220.0,1.1526048183441162,1.1526048183441162,1.1526048183441162,1.1526048183441162
1786055280.0,1.1526048183441162,1.1526048183441162,1.1526048183441162,1.1526048183441162
1786055340.0,1.1526048183441162,1.1526048183441162,1.1526048183441162,1.1526048183441162
1786055400.0,1.1524720191955566,1.1524720191955566,1.1524720191955566,1.1524720191955566
1786055460.0,1.1526048183441162,1.1526048183441162,1.1526048183441162,1.1526048183441162
1786055520.0,1.1526048183441162,1.1526048183441162,1.1526048183441162,1.1526048183441162
1786055580.0,1.1526048183441162,1.1526048183441162,1.1526048183441162,1.1526048183441162
1786055640.0,1.1524720191955566,1.1524720191955566,1.1524720191955566,1.1524720191955566
1786055700.0,1.1526048183441162,1.1526048183441162,1.1526048183441162,1.1526048183441162
1786055760.0,1.1526048183441162,1.1526048183441162,1.1526048183441162,1.1526048183441162
1786055820.0,1.1526048183441162,1.1526048183441162,1.1526048183441162,1.1526048183441162
1786055880.0,1.1526048183441162,1.1526048183441162,1.1526048183441162,1.1526048183441162
1786055940.0,1.1526048183441162,1.1526048183441162,1.1526048183441162,1.1526048183441162
1786056060.0,1.1526048183441162,1.1526048183441162,1.1526048183441162,1.1526048183441162
1786056120.0,1.1526048183441162,1.1526048183441162,1.1526048183441162,1.1526048183441162
1786056180.0,1.1526048183441162,1.1526048183441162,1.1526048183441162,1.1526048183441162
1786056240.0,1.1526048183441162,1.1526048183441162,1.1526048183441162,1.1526048183441162
1786056300.0,1.1526048183441162,1.1526048183441162,1.1526048183441162,1.1526048183441162
1786056360.0,1.1526048183441162,1.1526048183441162,1.1526048183441162,1.1526048183441162
1786056420.0,1.1526048183441162,1.1526048183441162,1.1526048183441162,1.1526048183441162
1786056480.0,1.1526048183441162,1.1526048183441162,1.1526048183441162,1.1526048183441162
1786056540.0,1.1526048183441162,1.1526048183441162,1.1526048183441162,1.1526048183441162
1786056600.0,1.1526048183441162,1.1526048183441162,1.1526048183441162,1.1526048183441162
1786056660.0,1.1526048183441162,1.1526048183441162,1.1526048183441162,1.1526048183441162
1786056720.0,1.1526048183441162,1.1526048183441162,1.1526048183441162,1.1526048183441162
1786056780.0,1.1526048183441162,1.1526048183441162,1.1526048183441162,1.1526048183441162
1786056840.0,1.1526048183441162,1.1526048183441162,1.1526048183441162,1.1526048183441162
1786056900.0,1.1524720191955566,1.1524720191955566,1.1524720191955566,1.1524720191955566
1786056960.0,1.1524720191955566,1.1524720191955566,1.1524720191955566,1.1524720191955566
1786057020.0,1.1526048183441162,1.1526048183441162,1.1526048183441162,1.1526048183441162
1786057080.0,1.1524720191955566,1.1524720191955566,1.1524720191955566,1.1524720191955566
1786057200.0,1.1526048183441162,1.1526048183441162,1.1526048183441162,1.1526048183441162
1786057260.0,1.1526048183441162,1.1526048183441162,1.1526048183441162,1.1526048183441162
1786057320.0,1.1526048183441162,1.1526048183441162,1.1526048183441162,1.1526048183441162
1786057380.0,1.1526048183441162,1.1526048183441162,1.1526048183441162,1.1526048183441162
1786057440.0,1.1526048183441162,1.1526048183441162,1.1526048183441162,1.1526048183441162
1786057500.0,1.1526048183441162,1.1526048183441162,1.1526048183441162,1.1526048183441162
1786057560.0,1.1526048183441162,1.1526048183441162,1.1526048183441162,1.1526048183441162
1786057620.0,1.1526048183441162,1.1526048183441162,1.1526048183441162,1.1526048183441162
1786057680.0,1.1526048183441162,1.1526048183441162,1.1526048183441162,1.1526048183441162
1786057740.0,1.1526048183441162,1.1526048183441162,1.1526048183441162,1.1526048183441162
1786057800.0,1.1526048183441162,1.1526048183441162,1.1526048183441162,1.1526048183441162
1786057860.0,1.1526048183441162,1.1526048183441162,1.1526048183441162,1.1526048183441162
1786057920.0,1.1526048183441162,1.1526048183441162,1.1526048183441162,1.1526048183441162
1786057980.0,1.1526048183441162,1.1526048183441162,1.1526048183441162,1.1526048183441162
1786058040.0,1.1526048183441162,1.1526048183441162,1.1526048183441162,1.1526048183441162
1786058100.0,1.1527377367019653,1.1527377367019653,1.1527377367019653,1.1527377367019653
1786058160.0,1.1527377367019653,1.1527377367019653,1.1527377367019653,1.1527377367019653
1786058220.0,1.1526048183441162,1.1526048183441162,1.1526048183441162,1.1526048183441162
1786058280.0,1.1526048183441162,1.1526048183441162,1.1526048183441162,1.1526048183441162
1786058340.0,1.1526048183441162,1.1526048183441162,1.1526048183441162,1.1526048183441162
1786058400.0,1.1526048183441162,1.1526048183441162,1.1526048183441162,1.1526048183441162
1786058460.0,1.1526048183441162,1.1526048183441162,1.1526048183441162,1.1526048183441162
1786058520.0,1.1527377367019653,1.1527377367019653,1.1527377367019653,1.1527377367019653
1786058580.0,1.1526048183441162,1.1526048183441162,1.1526048183441162,1.1526048183441162
1786058640.0,1.1526048183441162,1.1526048183441162,1.1526048183441162,1.1526048183441162
1786058700.0,1.1526048183441162,1.1526048183441162,1.1526048183441162,1.1526048183441162
1786058760.0,1.1527377367019653,1.1527377367019653,1.1527377367019653,1.1527377367019653
1786058820.0,1.1526048183441162,1.1526048183441162,1.1526048183441162,1.1526048183441162
1786058880.0,1.1526048183441162,1.1526048183441162,1.1526048183441162,1.1526048183441162
1786058940.0,1.1527377367019653,1.1527377367019653,1.1527377367019653,1.1527377367019653
1786059000.0,1.1526048183441162,1.1526048183441162,1.1526048183441162,1.1526048183441162
1786059060.0,1.1526048183441162,1.1526048183441162,1.1526048183441162,1.1526048183441162
1786059120.0,1.1526048183441162,1.1526048183441162,1.1526048183441162,1.1526048183441162
1786059180.0,1.1527377367019653,1.1527377367019653,1.1527377367019653,1.1527377367019653
1786059240.0,1.1526048183441162,1.1526048183441162,1.1526048183441162,1.1526048183441162
1786059300.0,1.1526048183441162,1.1526048183441162,1.1526048183441162,1.1526048183441162
1786059360.0,1.1526048183441162,1.1526048183441162,1.1526048183441162,1.1526048183441162
1786059420.0,1.1526048183441162,1.1526048183441162,1.1526048183441162,1.1526048183441162
1786059480.0,1.1526048183441162,1.1526048183441162,1.1526048183441162,1.1526048183441162
1786059540.0,1.1526048183441162,1.1526048183441162,1.1526048183441162,1.1526048183441162
1786059600.0,1.1526048183441162,1.1526048183441162,1.1526048183441162,1.1526048183441162
1786059660.0,1.1527377367019653,1.1527377367019653,1.1527377367019653,1.1527377367019653
1786059720.0,1.1527377367019653,1.1527377367019653,1.1527377367019653,1.1527377367019653
1786059780.0,1.1527377367019653,1.1527377367019653,1.1527377367019653,1.1527377367019653
1786059840.0,1.1527377367019653,1.1527377367019653,1.1527377367019653,1.1527377367019653
1786059900.0,1.1527377367019653,1.1527377367019653,1.1527377367019653,1.1527377367019653
1786059960.0,1.1527377367019653,1.1527377367019653,1.1527377367019653,1.1527377367019653
1786060020.0,1.1527377367019653,1.1527377367019653,1.1527377367019653,1.1527377367019653
1786060080.0,1.1527377367019653,1.1527377367019653,1.1527377367019653,1.1527377367019653
1786060140.0,1.1527377367019653,1.1527377367019653,1.1527377367019653,1.1527377367019653
1786060200.0,1.1527377367019653,1.1527377367019653,1.1527377367019653,1.1527377367019653
1786060260.0,1.1527377367019653,1.1527377367019653,1.1527377367019653,1.1527377367019653
1786060320.0,1.1527377367019653,1.1527377367019653,1.1527377367019653,1.1527377367019653
1786060380.0,1.1527377367019653,1.1527377367019653,1.1527377367019653,1.1527377367019653
1786060440.0,1.1527377367019653,1.1527377367019653,1.1527377367019653,1.1527377367019653
1786060500.0,1.1527377367019653,1.1527377367019653,1.1527377367019653,1.1527377367019653
1786060560.0,1.1527377367019653,1.1527377367019653,1.1527377367019653,1.1527377367019653
1786060620.0,1.1527377367019653,1.1527377367019653,1.1527377367019653,1.1527377367019653
1786060680.0,1.1527377367019653,1.1527377367019653,1.1527377367019653,1.1527377367019653
1786060740.0,1.1527377367019653,1.1527377367019653,1.1527377367019653,1.1527377367019653
1786060800.0,1.1526048183441162,1.1526048183441162,1.1526048183441162,1.1526048183441162
1786060860.0,1.1526048183441162,1.1526048183441162,1.1526048183441162,1.1526048183441162
1786060920.0,1.1527377367019653,1.1527377367019653,1.1527377367019653,1.1527377367019653
1786060980.0,1.1527377367019653,1.1527377367019653,1.1527377367019653,1.1527377367019653
1786061040.0,1.1526048183441162,1.1526048183441162,1.1526048183441162,1.1526048183441162
1786061100.0,1.1526048183441162,1.1526048183441162,1.1526048183441162,1.1526048183441162
1786061160.0,1.1526048183441162,1.1526048183441162,1.1526048183441162,1.1526048183441162
1786061220.0,1.1526048183441162,1.1526048183441162,1.1526048183441162,1.1526048183441162
1786061280.0,1.1526048183441162,1.1526048183441162,1.1526048183441162,1.1526048183441162
1786061340.0,1.1526048183441162,1.1526048183441162,1.1526048183441162,1.1526048183441162
1786061400.0,1.1526048183441162,1.1526048183441162,1.1526048183441162,1.1526048183441162
1786061460.0,1.1524720191955566,1.1524720191955566,1.1524720191955566,1.1524720191955566
1786061520.0,1.1524720191955566,1.1524720191955566,1.1524720191955566,1.1524720191955566
1786061580.0,1.1524720191955566,1.1524720191955566,1.1524720191955566,1.1524720191955566
1786061640.0,1.1524720191955566,1.1524720191955566,1.1524720191955566,1.1524720191955566
1786061700.0,1.152339220046997,1.152339220046997,1.152339220046997,1.152339220046997
1786061760.0,1.1524720191955566,1.1524720191955566,1.1524720191955566,1.1524720191955566
1786061820.0,1.1524720191955566,1.1524720191955566,1.1524720191955566,1.1524720191955566
1786061880.0,1.1524720191955566,1.1524720191955566,1.1524720191955566,1.1524720191955566
1786061940.0,1.1524720191955566,1.1524720191955566,1.1524720191955566,1.1524720191955566
1786062000.0,1.1524720191955566,1.1524720191955566,1.1524720191955566,1.1524720191955566
1786062060.0,1.1524720191955566,1.1524720191955566,1.1524720191955566,1.1524720191955566
1786062120.0,1.1524720191955566,1.1524720191955566,1.1524720191955566,1.1524720191955566
1786062180.0,1.1524720191955566,1.1524720191955566,1.1524720191955566,1.1524720191955566
1786062240.0,1.1524720191955566,1.1524720191955566,1.1524720191955566,1.1524720191955566
1786062300.0,1.1524720191955566,1.1524720191955566,1.1524720191955566,1.1524720191955566
1786062360.0,1.1524720191955566,1.1524720191955566,1.1524720191955566,1.1524720191955566
1786062420.0,1.1526048183441162,1.1526048183441162,1.1526048183441162,1.1526048183441162
1786062480.0,1.1524720191955566,1.1524720191955566,1.1524720191955566,1.1524720191955566
1786062540.0,1.1524720191955566,1.1524720191955566,1.1524720191955566,1.1524720191955566
1786062600.0,1.1524720191955566,1.1524720191955566,1.1524720191955566,1.1524720191955566
1786062660.0,1.1526048183441162,1.1526048183441162,1.1526048183441162,1.1526048183441162
1786062720.0,1.1526048183441162,1.1526048183441162,1.1526048183441162,1.1526048183441162
1786062780.0,1.1524720191955566,1.1524720191955566,1.1524720191955566,1.1524720191955566
1786062840.0,1.1524720191955566,1.1524720191955566,1.1524720191955566,1.1524720191955566
1786062900.0,1.1524720191955566,1.1524720191955566,1.1524720191955566,1.1524720191955566
1786062960.0,1.1526048183441162,1.1526048183441162,1.1526048183441162,1.1526048183441162
1786063020.0,1.1524720191955566,1.1524720191955566,1.1524720191955566,1.1524720191955566
1786063080.0,1.1524720191955566,1.1524720191955566,1.1524720191955566,1.1524720191955566
1786063140.0,1.1524720191955566,1.1524720191955566,1.1524720191955566,1.1524720191955566
1786063200.0,1.1524720191955566,1.1524720191955566,1.1524720191955566,1.1524720191955566
1786063260.0,1.152339220046997,1.152339220046997,1.152339220046997,1.152339220046997
1786063320.0,1.1524720191955566,1.1524720191955566,1.1524720191955566,1.1524720191955566
1786063380.0,1.152339220046997,1.152339220046997,1.152339220046997,1.152339220046997
1786063440.0,1.1524720191955566,1.1524720191955566,1.1524720191955566,1.1524720191955566
1786063500.0,1.1524720191955566,1.1524720191955566,1.1524720191955566,1.1524720191955566
1786063560.0,1.1524720191955566,1.1524720191955566,1.1524720191955566,1.1524720191955566
1786063620.0,1.152339220046997,1.152339220046997,1.152339220046997,1.152339220046997
1786063680.0,1.152339220046997,1.152339220046997,1.152339220046997,1.152339220046997
1786063740.0,1.152339220046997,1.152339220046997,1.152339220046997,1.152339220046997
1786063800.0,1.1524720191955566,1.1524720191955566,1.1524720191955566,1.1524720191955566
1786063860.0,1.1524720191955566,1.1524720191955566,1.1524720191955566,1.1524720191955566
1786063920.0,1.1524720191955566,1.1524720191955566,1.1524720191955566,1.1524720191955566
1786063980.0,1.152339220046997,1.152339220046997,1.152339220046997,1.152339220046997
1786064040.0,1.152339220046997,1.152339220046997,1.152339220046997,1.152339220046997
1786064100.0,1.152339220046997,1.152339220046997,1.152339220046997,1.152339220046997
1786064160.0,1.1522064208984375,1.1522064208984375,1.1522064208984375,1.1522064208984375
1786064220.0,1.1522064208984375,1.1522064208984375,1.1522064208984375,1.1522064208984375
1786064280.0,1.1522064208984375,1.1522064208984375,1.1522064208984375,1.1522064208984375
1786064340.0,1.1522064208984375,1.1522064208984375,1.1522064208984375,1.1522064208984375
1786064400.0,1.152339220046997,1.152339220046997,1.152339220046997,1.152339220046997
1786064460.0,1.152339220046997,1.152339220046997,1.152339220046997,1.152339220046997
1786064520.0,1.1522064208984375,1.1522064208984375,1.1522064208984375,1.1522064208984375
1786064580.0,1.1522064208984375,1.1522064208984375,1.1522064208984375,1.1522064208984375
1786064640.0,1.1522064208984375,1.1522064208984375,1.1522064208984375,1.1522064208984375
1786064700.0,1.1522064208984375,1.1522064208984375,1.1522064208984375,1.1522064208984375
1786064760.0,1.1522064208984375,1.1522064208984375,1.1522064208984375,1.1522064208984375
1786064820.0,1.152339220046997,1.152339220046997,1.152339220046997,1.152339220046997
1786064880.0,1.1524720191955566,1.1524720191955566,1.1524720191955566,1.1524720191955566
1786064940.0,1.1524720191955566,1.1524720191955566,1.1524720191955566,1.1524720191955566
1786065000.0,1.1524720191955566,1.1524720191955566,1.1524720191955566,1.1524720191955566
1786065060.0,1.1524720191955566,1.1524720191955566,1.1524720191955566,1.1524720191955566
1786065120.0,1.1524720191955566,1.1524720191955566,1.1524720191955566,1.1524720191955566
1786065180.0,1.1526048183441162,1.1526048183441162,1.1526048183441162,1.1526048183441162
1786065240.0,1.1526048183441162,1.1526048183441162,1.1526048183441162,1.1526048183441162
1786065300.0,1.1524720191955566,1.1524720191955566,1.1524720191955566,1.1524720191955566
1786065360.0,1.1524720191955566,1.1524720191955566,1.1524720191955566,1.1524720191955566
1786065420.0,1.1524720191955566,1.1524720191955566,1.1524720191955566,1.1524720191955566
1786065480.0,1.1524720191955566,1.1524720191955566,1.1524720191955566,1.1524720191955566
1786065540.0,1.1524720191955566,1.1524720191955566,1.1524720191955566,1.1524720191955566
1786065600.0,1.1524720191955566,1.1524720191955566,1.1524720191955566,1.1524720191955566
1786065660.0,1.1524720191955566,1.1524720191955566,1.1524720191955566,1.1524720191955566
1786065720.0,1.1524720191955566,1.1524720191955566,1.1524720191955566,1.1524720191955566
1786065780.0,1.1524720191955566,1.1524720191955566,1.1524720191955566,1.1524720191955566
1786065840.0,1.1524720191955566,1.1524720191955566,1.1524720191955566,1.1524720191955566
1786065900.0,1.1524720191955566,1.1524720191955566,1.1524720191955566,1.1524720191955566
1786065960.0,1.1524720191955566,1.1524720191955566,1.1524720191955566,1.1524720191955566
1786066020.0,1.1526048183441162,1.1526048183441162,1.1526048183441162,1.1526048183441162
1786066080.0,1.1524720191955566,1.1524720191955566,1.1524720191955566,1.1524720191955566
1786066140.0,1.1524720191955566,1.1524720191955566,1.1524720191955566,1.1524720191955566
1786066200.0,1.1524720191955566,1.1524720191955566,1.1524720191955566,1.1524720191955566
1786066260.0,1.152339220046997,1.152339220046997,1.152339220046997,1.152339220046997
1786066320.0,1.152339220046997,1.152339220046997,1.152339220046997,1.152339220046997
1786066380.0,1.1524720191955566,1.1524720191955566,1.1524720191955566,1.1524720191955566
1786066440.0,1.1524720191955566,1.1524720191955566,1.1524720191955566,1.1524720191955566
1786066500.0,1.1524720191955566,1.1524720191955566,1.1524720191955566,1.1524720191955566
1786066560.0,1.1524720191955566,1.1524720191955566,1.1524720191955566,1.1524720191955566
1786066620.0,1.1524720191955566,1.1524720191955566,1.1524720191955566,1.1524720191955566
1786066680.0,1.1524720191955566,1.1524720191955566,1.1524720191955566,1.1524720191955566
1786066740.0,1.1524720191955566,1.1524720191955566,1.1524720191955566,1.1524720191955566
1786066800.0,1.1526048183441162,1.1526048183441162,1.1526048183441162,1.1526048183441162
1786066860.0,1.1526048183441162,1.1526048183441162,1.1526048183441162,1.1526048183441162
1786066920.0,1.1527377367019653,1.1527377367019653,1.1527377367019653,1.1527377367019653
1786066980.0,1.1527377367019653,1.1527377367019653,1.1527377367019653,1.1527377367019653
1786067040.0,1.1528706550598145,1.1528706550598145,1.1528706550598145,1.1528706550598145
1786067100.0,1.1528706550598145,1.1528706550598145,1.1528706550598145,1.1528706550598145
1786067160.0,1.1527377367019653,1.1527377367019653,1.1527377367019653,1.1527377367019653
1786067220.0,1.1526048183441162,1.1526048183441162,1.1526048183441162,1.1526048183441162
1786067280.0,1.1526048183441162,1.1526048183441162,1.1526048183441162,1.1526048183441162
1786067340.0,1.1526048183441162,1.1526048183441162,1.1526048183441162,1.1526048183441162
1786067400.0,1.1526048183441162,1.1526048183441162,1.1526048183441162,1.1526048183441162
1786067460.0,1.1526048183441162,1.1526048183441162,1.1526048183441162,1.1526048183441162
1786067520.0,1.1526048183441162,1.1526048183441162,1.1526048183441162,1.1526048183441162
1786067580.0,1.1526048183441162,1.1526048183441162,1.1526048183441162,1.1526048183441162
1786067640.0,1.1526048183441162,1.1526048183441162,1.1526048183441162,1.1526048183441162
1786067700.0,1.1526048183441162,1.1526048183441162,1.1526048183441162,1.1526048183441162
1786067760.0,1.1524720191955566,1.1524720191955566,1.1524720191955566,1.1524720191955566
1786067820.0,1.1524720191955566,1.1524720191955566,1.1524720191955566,1.1524720191955566
1786067880.0,1.1526048183441162,1.1526048183441162,1.1526048183441162,1.1526048183441162
1786067940.0,1.1524720191955566,1.1524720191955566,1.1524720191955566,1.1524720191955566
1786068000.0,1.1526048183441162,1.1526048183441162,1.1526048183441162,1.1526048183441162
1786068060.0,1.1526048183441162,1.1526048183441162,1.1526048183441162,1.1526048183441162
1786068120.0,1.1526048183441162,1.1526048183441162,1.1526048183441162,1.1526048183441162
1786068180.0,1.1526048183441162,1.1526048183441162,1.1526048183441162,1.1526048183441162
1786068240.0,1.1526048183441162,1.1526048183441162,1.1526048183441162,1.1526048183441162
1786068300.0,1.1526048183441162,1.1526048183441162,1.1526048183441162,1.1526048183441162
1786068360.0,1.1526048183441162,1.1526048183441162,1.1526048183441162,1.1526048183441162
1786068420.0,1.1524720191955566,1.1524720191955566,1.1524720191955566,1.1524720191955566
1786068480.0,1.1526048183441162,1.1526048183441162,1.1526048183441162,1.1526048183441162
1786068540.0,1.1524720191955566,1.1524720191955566,1.1524720191955566,1.1524720191955566
1786068600.0,1.1526048183441162,1.1526048183441162,1.1526048183441162,1.1526048183441162
1786068660.0,1.1526048183441162,1.1526048183441162,1.1526048183441162,1.1526048183441162
1786068720.0,1.1526048183441162,1.1526048183441162,1.1526048183441162,1.1526048183441162
1786068780.0,1.1524720191955566,1.1524720191955566,1.1524720191955566,1.1524720191955566
1786068840.0,1.1524720191955566,1.1524720191955566,1.1524720191955566,1.1524720191955566
1786068900.0,1.1524720191955566,1.1524720191955566,1.1524720191955566,1.1524720191955566
1786068960.0,1.1524720191955566,1.1524720191955566,1.1524720191955566,1.1524720191955566
1786069020.0,1.1524720191955566,1.1524720191955566,1.1524720191955566,1.1524720191955566
1786069080.0,1.1524720191955566,1.1524720191955566,1.1524720191955566,1.1524720191955566
1786069140.0,1.1524720191955566,1.1524720191955566,1.1524720191955566,1.1524720191955566
1786069200.0,1.1524720191955566,1.1524720191955566,1.1524720191955566,1.1524720191955566
1786069260.0,1.1524720191955566,1.1524720191955566,1.1524720191955566,1.1524720191955566
1786069320.0,1.1524720191955566,1.1524720191955566,1.1524720191955566,1.1524720191955566
1786069380.0,1.1526048183441162,1.1526048183441162,1.1526048183441162,1.1526048183441162
1786069440.0,1.1526048183441162,1.1526048183441162,1.1526048183441162,1.1526048183441162
1786069500.0,1.1526048183441162,1.1526048183441162,1.1526048183441162,1.1526048183441162
1786069560.0,1.1526048183441162,1.1526048183441162,1.1526048183441162,1.1526048183441162
1786069620.0,1.1526048183441162,1.1526048183441162,1.1526048183441162,1.1526048183441162
1786069680.0,1.1526048183441162,1.1526048183441162,1.1526048183441162,1.1526048183441162
1786069740.0,1.1526048183441162,1.1526048183441162,1.1526048183441162,1.1526048183441162
1786069800.0,1.1524720191955566,1.1524720191955566,1.1524720191955566,1.1524720191955566
1786069860.0,1.1524720191955566,1.1524720191955566,1.1524720191955566,1.1524720191955566
1786069920.0,1.1524720191955566,1.1524720191955566,1.1524720191955566,1.1524720191955566
1786069980.0,1.1524720191955566,1.1524720191955566,1.1524720191955566,1.1524720191955566
1786070040.0,1.1524720191955566,1.1524720191955566,1.1524720191955566,1.1524720191955566
1786070100.0,1.1524720191955566,1.1524720191955566,1.1524720191955566,1.1524720191955566
1786070160.0,1.1524720191955566,1.1524720191955566,1.1524720191955566,1.1524720191955566
1786070220.0,1.1524720191955566,1.1524720191955566,1.1524720191955566,1.1524720191955566
1786070280.0,1.1524720191955566,1.1524720191955566,1.1524720191955566,1.1524720191955566
1786070340.0,1.1524720191955566,1.1524720191955566,1.1524720191955566,1.1524720191955566
1786070400.0,1.1524720191955566,1.1524720191955566,1.1524720191955566,1.1524720191955566
1786070460.0,1.1524720191955566,1.1524720191955566,1.1524720191955566,1.1524720191955566
1786070520.0,1.1524720191955566,1.1524720191955566,1.1524720191955566,1.1524720191955566
1786070580.0,1.1526048183441162,1.1526048183441162,1.1526048183441162,1.1526048183441162
1786070640.0,1.1524720191955566,1.1524720191955566,1.1524720191955566,1.1524720191955566
1786070700.0,1.1524720191955566,1.1524720191955566,1.1524720191955566,1.1524720191955566
1786070760.0,1.1524720191955566,1.1524720191955566,1.1524720191955566,1.1524720191955566
1786070820.0,1.1526048183441162,1.1526048183441162,1.1526048183441162,1.1526048183441162
1786070880.0,1.1526048183441162,1.1526048183441162,1.1526048183441162,1.1526048183441162
1786070940.0,1.1526048183441162,1.1526048183441162,1.1526048183441162,1.1526048183441162
1786071000.0,1.1527377367019653,1.1527377367019653,1.1527377367019653,1.1527377367019653
1786071060.0,1.1526048183441162,1.1526048183441162,1.1526048183441162,1.1526048183441162
1786071120.0,1.1526048183441162,1.1526048183441162,1.1526048183441162,1.1526048183441162
1786071180.0,1.1526048183441162,1.1526048183441162,1.1526048183441162,1.1526048183441162
1786071240.0,1.1526048183441162,1.1526048183441162,1.1526048183441162,1.1526048183441162
1786071300.0,1.1526048183441162,1.1526048183441162,1.1526048183441162,1.1526048183441162
1786071360.0,1.1524720191955566,1.1524720191955566,1.1524720191955566,1.1524720191955566
1786071420.0,1.1526048183441162,1.1526048183441162,1.1526048183441162,1.1526048183441162
1786071480.0,1.1524720191955566,1.1524720191955566,1.1524720191955566,1.1524720191955566
1786071540.0,1.1524720191955566,1.1524720191955566,1.1524720191955566,1.1524720191955566
1786071600.0,1.1524720191955566,1.1524720191955566,1.1524720191955566,1.1524720191955566
1786071660.0,1.1524720191955566,1.1524720191955566,1.1524720191955566,1.1524720191955566
1786071720.0,1.1526048183441162,1.1526048183441162,1.1526048183441162,1.1526048183441162
1786071780.0,1.1526048183441162,1.1526048183441162,1.1526048183441162,1.1526048183441162
1786071840.0,1.1524720191955566,1.1524720191955566,1.1524720191955566,1.1524720191955566
1786071900.0,1.1524720191955566,1.1524720191955566,1.1524720191955566,1.1524720191955566
1786071960.0,1.1524720191955566,1.1524720191955566,1.1524720191955566,1.1524720191955566
1786072020.0,1.1524720191955566,1.1524720191955566,1.1524720191955566,1.1524720191955566
1786072080.0,1.152339220046997,1.152339220046997,1.152339220046997,1.152339220046997
1786072140.0,1.152339220046997,1.152339220046997,1.152339220046997,1.152339220046997
1786072200.0,1.152339220046997,1.152339220046997,1.152339220046997,1.152339220046997
1786072260.0,1.152339220046997,1.152339220046997,1.152339220046997,1.152339220046997
1786072320.0,1.1524720191955566,1.1524720191955566,1.1524720191955566,1.1524720191955566
1786072380.0,1.1524720191955566,1.1524720191955566,1.1524720191955566,1.1524720191955566
1786072440.0,1.1524720191955566,1.1524720191955566,1.1524720191955566,1.1524720191955566
1786072500.0,1.152339220046997,1.152339220046997,1.152339220046997,1.152339220046997
1786072560.0,1.152339220046997,1.152339220046997,1.152339220046997,1.152339220046997
1786072620.0,1.1524720191955566,1.1524720191955566,1.1524720191955566,1.1524720191955566
1786072680.0,1.1524720191955566,1.1524720191955566,1.1524720191955566,1.1524720191955566
1786072740.0,1.1524720191955566,1.1524720191955566,1.1524720191955566,1.1524720191955566
1786072800.0,1.1524720191955566,1.1524720191955566,1.1524720191955566,1.1524720191955566
1786072860.0,1.1524720191955566,1.1524720191955566,1.1524720191955566,1.1524720191955566
1786072920.0,1.1524720191955566,1.1524720191955566,1.1524720191955566,1.1524720191955566
1786072980.0,1.1524720191955566,1.1524720191955566,1.1524720191955566,1.1524720191955566
1786073040.0,1.1524720191955566,1.1524720191955566,1.1524720191955566,1.1524720191955566
1786073100.0,1.1524720191955566,1.1524720191955566,1.1524720191955566,1.1524720191955566
1786073160.0,1.1524720191955566,1.1524720191955566,1.1524720191955566,1.1524720191955566
1786073220.0,1.1524720191955566,1.1524720191955566,1.1524720191955566,1.1524720191955566
1786073280.0,1.1524720191955566,1.1524720191955566,1.1524720191955566,1.1524720191955566
1786073340.0,1.1524720191955566,1.1524720191955566,1.1524720191955566,1.1524720191955566
1786073400.0,1.1524720191955566,1.1524720191955566,1.1524720191955566,1.1524720191955566
1786073460.0,1.1524720191955566,1.1524720191955566,1.1524720191955566,1.1524720191955566
1786073520.0,1.1526048183441162,1.1526048183441162,1.1526048183441162,1.1526048183441162
1786073580.0,1.1524720191955566,1.1524720191955566,1.1524720191955566,1.1524720191955566
1786073640.0,1.1524720191955566,1.1524720191955566,1.1524720191955566,1.1524720191955566
1786073700.0,1.1524720191955566,1.1524720191955566,1.1524720191955566,1.1524720191955566
1786073760.0,1.1526048183441162,1.1526048183441162,1.1526048183441162,1.1526048183441162
1786073820.0,1.1526048183441162,1.1526048183441162,1.1526048183441162,1.1526048183441162
1786073880.0,1.1526048183441162,1.1526048183441162,1.1526048183441162,1.1526048183441162
1786073940.0,1.1524720191955566,1.1524720191955566,1.1524720191955566,1.1524720191955566
1786074000.0,1.1524720191955566,1.1524720191955566,1.1524720191955566,1.1524720191955566
1786074060.0,1.1524720191955566,1.1524720191955566,1.1524720191955566,1.1524720191955566
1786074120.0,1.1524720191955566,1.1524720191955566,1.1524720191955566,1.1524720191955566
1786074180.0,1.1524720191955566,1.1524720191955566,1.1524720191955566,1.1524720191955566
1786074240.0,1.1524720191955566,1.1524720191955566,1.1524720191955566,1.1524720191955566
1786074300.0,1.1524720191955566,1.1524720191955566,1.1524720191955566,1.1524720191955566
1786074360.0,1.1524720191955566,1.1524720191955566,1.1524720191955566,1.1524720191955566
1786074420.0,1.1524720191955566,1.1524720191955566,1.1524720191955566,1.1524720191955566
1786074480.0,1.1524720191955566,1.1524720191955566,1.1524720191955566,1.1524720191955566
1786074540.0,1.1526048183441162,1.1526048183441162,1.1526048183441162,1.1526048183441162
1786074600.0,1.1526048183441162,1.1526048183441162,1.1526048183441162,1.1526048183441162
1786074660.0,1.1526048183441162,1.1526048183441162,1.1526048183441162,1.1526048183441162
1786074720.0,1.1524720191955566,1.1524720191955566,1.1524720191955566,1.1524720191955566
1786074780.0,1.1524720191955566,1.1524720191955566,1.1524720191955566,1.1524720191955566
1786074840.0,1.1526048183441162,1.1526048183441162,1.1526048183441162,1.1526048183441162
1786074900.0,1.1526048183441162,1.1526048183441162,1.1526048183441162,1.1526048183441162
1786074960.0,1.1526048183441162,1.1526048183441162,1.1526048183441162,1.1526048183441162
1786075020.0,1.1526048183441162,1.1526048183441162,1.1526048183441162,1.1526048183441162
1786075080.0,1.1526048183441162,1.1526048183441162,1.1526048183441162,1.1526048183441162
1786075140.0,1.1526048183441162,1.1526048183441162,1.1526048183441162,1.1526048183441162
1786075200.0,1.1526048183441162,1.1526048183441162,1.1526048183441162,1.1526048183441162
1786075260.0,1.1526048183441162,1.1526048183441162,1.1526048183441162,1.1526048183441162
1786075320.0,1.1526048183441162,1.1526048183441162,1.1526048183441162,1.1526048183441162
1786075380.0,1.1526048183441162,1.1526048183441162,1.1526048183441162,1.1526048183441162
1786075440.0,1.1526048183441162,1.1526048183441162,1.1526048183441162,1.1526048183441162
1786075500.0,1.1526048183441162,1.1526048183441162,1.1526048183441162,1.1526048183441162
1786075560.0,1.1526048183441162,1.1526048183441162,1.1526048183441162,1.1526048183441162
1786075620.0,1.1526048183441162,1.1526048183441162,1.1526048183441162,1.1526048183441162
1786075680.0,1.1526048183441162,1.1526048183441162,1.1526048183441162,1.1526048183441162
1786075740.0,1.1526048183441162,1.1526048183441162,1.1526048183441162,1.1526048183441162
1786075800.0,1.1524720191955566,1.1524720191955566,1.1524720191955566,1.1524720191955566
1786075860.0,1.1526048183441162,1.1526048183441162,1.1526048183441162,1.1526048183441162
1786075920.0,1.1526048183441162,1.1526048183441162,1.1526048183441162,1.1526048183441162
1786075980.0,1.1524720191955566,1.1524720191955566,1.1524720191955566,1.1524720191955566
1786076040.0,1.1526048183441162,1.1526048183441162,1.1526048183441162,1.1526048183441162
1786076100.0,1.1526048183441162,1.1526048183441162,1.1526048183441162,1.1526048183441162
1786076160.0,1.1524720191955566,1.1524720191955566,1.1524720191955566,1.1524720191955566
1786076220.0,1.1526048183441162,1.1526048183441162,1.1526048183441162,1.1526048183441162
1786076280.0,1.1526048183441162,1.1526048183441162,1.1526048183441162,1.1526048183441162
1786076340.0,1.1524720191955566,1.1524720191955566,1.1524720191955566,1.1524720191955566
1786076400.0,1.1524720191955566,1.1524720191955566,1.1524720191955566,1.1524720191955566
1786076460.0,1.1526048183441162,1.1526048183441162,1.1526048183441162,1.1526048183441162
1786076520.0,1.1526048183441162,1.1526048183441162,1.1526048183441162,1.1526048183441162
1786076580.0,1.1526048183441162,1.1526048183441162,1.1526048183441162,1.1526048183441162
1786076640.0,1.1526048183441162,1.1526048183441162,1.1526048183441162,1.1526048183441162
1786076700.0,1.1526048183441162,1.1526048183441162,1.1526048183441162,1.1526048183441162
1786076760.0,1.1526048183441162,1.1526048183441162,1.1526048183441162,1.1526048183441162
1786076820.0,1.1526048183441162,1.1526048183441162,1.1526048183441162,1.1526048183441162
1786076880.0,1.1526048183441162,1.1526048183441162,1.1526048183441162,1.1526048183441162
1786076940.0,1.1526048183441162,1.1526048183441162,1.1526048183441162,1.1526048183441162
1786077000.0,1.1526048183441162,1.1526048183441162,1.1526048183441162,1.1526048183441162
1786077060.0,1.1526048183441162,1.1526048183441162,1.1526048183441162,1.1526048183441162
1786077120.0,1.1526048183441162,1.1526048183441162,1.1526048183441162,1.1526048183441162
1786077180.0,1.1526048183441162,1.1526048183441162,1.1526048183441162,1.1526048183441162
1786077240.0,1.1527377367019653,1.1527377367019653,1.1527377367019653,1.1527377367019653
1786077300.0,1.1526048183441162,1.1526048183441162,1.1526048183441162,1.1526048183441162
1786077360.0,1.1526048183441162,1.1526048183441162,1.1526048183441162,1.1526048183441162
1786077420.0,1.1526048183441162,1.1526048183441162,1.1526048183441162,1.1526048183441162
1786077480.0,1.1526048183441162,1.1526048183441162,1.1526048183441162,1.1526048183441162
1786077540.0,1.1526048183441162,1.1526048183441162,1.1526048183441162,1.1526048183441162
1786077600.0,1.1526048183441162,1.1526048183441162,1.1526048183441162,1.1526048183441162
1786077660.0,1.1526048183441162,1.1526048183441162,1.1526048183441162,1.1526048183441162
1786077720.0,1.1526048183441162,1.1526048183441162,1.1526048183441162,1.1526048183441162
1786077780.0,1.1526048183441162,1.1526048183441162,1.1526048183441162,1.1526048183441162
1786077840.0,1.1527377367019653,1.1527377367019653,1.1527377367019653,1.1527377367019653
1786077900.0,1.1527377367019653,1.1527377367019653,1.1527377367019653,1.1527377367019653
1786077960.0,1.1527377367019653,1.1527377367019653,1.1527377367019653,1.1527377367019653
1786078020.0,1.1526048183441162,1.1526048183441162,1.1526048183441162,1.1526048183441162
1786078080.0,1.1526048183441162,1.1526048183441162,1.1526048183441162,1.1526048183441162
1786078140.0,1.1527377367019653,1.1527377367019653,1.1527377367019653,1.1527377367019653
1786078200.0,1.1527377367019653,1.1527377367019653,1.1527377367019653,1.1527377367019653
1786078260.0,1.1527377367019653,1.1527377367019653,1.1527377367019653,1.1527377367019653
1786078320.0,1.1527377367019653,1.1527377367019653,1.1527377367019653,1.1527377367019653
1786078380.0,1.1527377367019653,1.1527377367019653,1.1527377367019653,1.1527377367019653
1786078440.0,1.1527377367019653,1.1527377367019653,1.1527377367019653,1.1527377367019653
1786078500.0,1.1527377367019653,1.1527377367019653,1.1527377367019653,1.1527377367019653
1786078560.0,1.1527377367019653,1.1527377367019653,1.1527377367019653,1.1527377367019653
1786078620.0,1.1527377367019653,1.1527377367019653,1.1527377367019653,1.1527377367019653
1786078680.0,1.1527377367019653,1.1527377367019653,1.1527377367019653,1.1527377367019653
1786078740.0,1.1527377367019653,1.1527377367019653,1.1527377367019653,1.1527377367019653
1786078800.0,1.1527377367019653,1.1527377367019653,1.1527377367019653,1.1527377367019653
1786078860.0,1.1527377367019653,1.1527377367019653,1.1527377367019653,1.1527377367019653
1786078920.0,1.1527377367019653,1.1527377367019653,1.1527377367019653,1.1527377367019653
1786078980.0,1.1527377367019653,1.1527377367019653,1.1527377367019653,1.1527377367019653
1786079040.0,1.1527377367019653,1.1527377367019653,1.1527377367019653,1.1527377367019653
1786079100.0,1.1527377367019653,1.1527377367019653,1.1527377367019653,1.1527377367019653
1786079160.0,1.1527377367019653,1.1527377367019653,1.1527377367019653,1.1527377367019653
1786079220.0,1.1527377367019653,1.1527377367019653,1.1527377367019653,1.1527377367019653
1786079280.0,1.1527377367019653,1.1527377367019653,1.1527377367019653,1.1527377367019653
1786079340.0,1.1527377367019653,1.1527377367019653,1.1527377367019653,1.1527377367019653
1786079400.0,1.1528706550598145,1.1528706550598145,1.1528706550598145,1.1528706550598145
1786079460.0,1.1528706550598145,1.1528706550598145,1.1528706550598145,1.1528706550598145
1786079520.0,1.1528706550598145,1.1528706550598145,1.1528706550598145,1.1528706550598145
1786079580.0,1.1528706550598145,1.1528706550598145,1.1528706550598145,1.1528706550598145
1786079640.0,1.1528706550598145,1.1528706550598145,1.1528706550598145,1.1528706550598145
1786079700.0,1.1528706550598145,1.1528706550598145,1.1528706550598145,1.1528706550598145
1786079760.0,1.1527377367019653,1.1527377367019653,1.1527377367019653,1.1527377367019653
1786079820.0,1.1527377367019653,1.1527377367019653,1.1527377367019653,1.1527377367019653
1786079880.0,1.1527377367019653,1.1527377367019653,1.1527377367019653,1.1527377367019653
1786079940.0,1.1527377367019653,1.1527377367019653,1.1527377367019653,1.1527377367019653
1786080000.0,1.1526048183441162,1.1526048183441162,1.1526048183441162,1.1526048183441162
1786080060.0,1.1526048183441162,1.1526048183441162,1.1526048183441162,1.1526048183441162
1786080120.0,1.1526048183441162,1.1526048183441162,1.1526048183441162,1.1526048183441162
1786080180.0,1.1526048183441162,1.1526048183441162,1.1526048183441162,1.1526048183441162
1786080240.0,1.1526048183441162,1.1526048183441162,1.1526048183441162,1.1526048183441162
1786080300.0,1.1526048183441162,1.1526048183441162,1.1526048183441162,1.1526048183441162
1786080360.0,1.1526048183441162,1.1526048183441162,1.1526048183441162,1.1526048183441162
1786080420.0,1.1526048183441162,1.1526048183441162,1.1526048183441162,1.1526048183441162
1786080480.0,1.1526048183441162,1.1526048183441162,1.1526048183441162,1.1526048183441162
1786080540.0,1.1524720191955566,1.1524720191955566,1.1524720191955566,1.1524720191955566
1786080600.0,1.1524720191955566,1.1524720191955566,1.1524720191955566,1.1524720191955566
1786080660.0,1.1524720191955566,1.1524720191955566,1.1524720191955566,1.1524720191955566
1786080720.0,1.1524720191955566,1.1524720191955566,1.1524720191955566,1.1524720191955566
1786080780.0,1.1526048183441162,1.1526048183441162,1.1526048183441162,1.1526048183441162
1786080840.0,1.1526048183441162,1.1526048183441162,1.1526048183441162,1.1526048183441162
1786080900.0,1.1526048183441162,1.1526048183441162,1.1526048183441162,1.1526048183441162
1786080960.0,1.1527377367019653,1.1527377367019653,1.1527377367019653,1.1527377367019653
1786081020.0,1.1527377367019653,1.1527377367019653,1.1527377367019653,1.1527377367019653
1786081080.0,1.1527377367019653,1.1527377367019653,1.1527377367019653,1.1527377367019653
1786081140.0,1.1527377367019653,1.1527377367019653,1.1527377367019653,1.1527377367019653
1786081200.0,1.1527377367019653,1.1527377367019653,1.1527377367019653,1.1527377367019653
1786081260.0,1.1527377367019653,1.1527377367019653,1.1527377367019653,1.1527377367019653
1786081320.0,1.1527377367019653,1.1527377367019653,1.1527377367019653,1.1527377367019653
1786081380.0,1.1527377367019653,1.1527377367019653,1.1527377367019653,1.1527377367019653
1786081440.0,1.1526048183441162,1.1526048183441162,1.1526048183441162,1.1526048183441162
1786081500.0,1.1527377367019653,1.1527377367019653,1.1527377367019653,1.1527377367019653
1786081560.0,1.1526048183441162,1.1526048183441162,1.1526048183441162,1.1526048183441162
1786081620.0,1.1526048183441162,1.1526048183441162,1.1526048183441162,1.1526048183441162
1786081680.0,1.1526048183441162,1.1526048183441162,1.1526048183441162,1.1526048183441162
1786081740.0,1.1527377367019653,1.1527377367019653,1.1527377367019653,1.1527377367019653
1786081800.0,1.1527377367019653,1.1527377367019653,1.1527377367019653,1.1527377367019653
1786081860.0,1.1527377367019653,1.1527377367019653,1.1527377367019653,1.1527377367019653
1786081920.0,1.1527377367019653,1.1527377367019653,1.1527377367019653,1.1527377367019653
1786081980.0,1.1527377367019653,1.1527377367019653,1.1527377367019653,1.1527377367019653
1786082040.0,1.1527377367019653,1.1527377367019653,1.1527377367019653,1.1527377367019653
1786082100.0,1.1526048183441162,1.1526048183441162,1.1526048183441162,1.1526048183441162
1786082160.0,1.1526048183441162,1.1526048183441162,1.1526048183441162,1.1526048183441162
1786082220.0,1.1526048183441162,1.1526048183441162,1.1526048183441162,1.1526048183441162
1786082280.0,1.1526048183441162,1.1526048183441162,1.1526048183441162,1.1526048183441162
1786082340.0,1.1526048183441162,1.1526048183441162,1.1526048183441162,1.1526048183441162
1786082400.0,1.1527377367019653,1.1527377367019653,1.1527377367019653,1.1527377367019653
1786082460.0,1.1526048183441162,1.1526048183441162,1.1526048183441162,1.1526048183441162
1786082520.0,1.1526048183441162,1.1526048183441162,1.1526048183441162,1.1526048183441162
1786082580.0,1.1524720191955566,1.1524720191955566,1.1524720191955566,1.1524720191955566
1786082640.0,1.1524720191955566,1.1524720191955566,1.1524720191955566,1.1524720191955566
1786082700.0,1.1524720191955566,1.1524720191955566,1.1524720191955566,1.1524720191955566
1786082760.0,1.1526048183441162,1.1526048183441162,1.1526048183441162,1.1526048183441162
1786082820.0,1.1524720191955566,1.1524720191955566,1.1524720191955566,1.1524720191955566
1786082880.0,1.1524720191955566,1.1524720191955566,1.1524720191955566,1.1524720191955566
1786082940.0,1.1526048183441162,1.1526048183441162,1.1526048183441162,1.1526048183441162
1786083000.0,1.1526048183441162,1.1526048183441162,1.1526048183441162,1.1526048183441162
1786083060.0,1.1526048183441162,1.1526048183441162,1.1526048183441162,1.1526048183441162
1786083120.0,1.1526048183441162,1.1526048183441162,1.1526048183441162,1.1526048183441162
1786083180.0,1.1526048183441162,1.1526048183441162,1.1526048183441162,1.1526048183441162
1786083240.0,1.1526048183441162,1.1526048183441162,1.1526048183441162,1.1526048183441162
1786083300.0,1.1527377367019653,1.1527377367019653,1.1527377367019653,1.1527377367019653
1786083360.0,1.1526048183441162,1.1526048183441162,1.1526048183441162,1.1526048183441162
1786083420.0,1.1526048183441162,1.1526048183441162,1.1526048183441162,1.1526048183441162
1786083480.0,1.1526048183441162,1.1526048183441162,1.1526048183441162,1.1526048183441162
1786083540.0,1.1526048183441162,1.1526048183441162,1.1526048183441162,1.1526048183441162
1786083600.0,1.1526048183441162,1.1526048183441162,1.1526048183441162,1.1526048183441162
1786083660.0,1.1526048183441162,1.1526048183441162,1.1526048183441162,1.1526048183441162
1786083720.0,1.1527377367019653,1.1527377367019653,1.1527377367019653,1.1527377367019653
1786083780.0,1.1527377367019653,1.1527377367019653,1.1527377367019653,1.1527377367019653
1786083840.0,1.1528706550598145,1.1528706550598145,1.1528706550598145,1.1528706550598145
1786083900.0,1.1527377367019653,1.1527377367019653,1.1527377367019653,1.1527377367019653
1786083960.0,1.1527377367019653,1.1527377367019653,1.1527377367019653,1.1527377367019653
1786084020.0,1.1527377367019653,1.1527377367019653,1.1527377367019653,1.1527377367019653
1786084080.0,1.1527377367019653,1.1527377367019653,1.1527377367019653,1.1527377367019653
1786084140.0,1.1527377367019653,1.1527377367019653,1.1527377367019653,1.1527377367019653
1786084200.0,1.1527377367019653,1.1527377367019653,1.1527377367019653,1.1527377367019653
1786084260.0,1.1527377367019653,1.1527377367019653,1.1527377367019653,1.1527377367019653
1786084320.0,1.1526048183441162,1.1526048183441162,1.1526048183441162,1.1526048183441162
1786084380.0,1.1526048183441162,1.1526048183441162,1.1526048183441162,1.1526048183441162
1786084440.0,1.1526048183441162,1.1526048183441162,1.1526048183441162,1.1526048183441162
1786084500.0,1.1526048183441162,1.1526048183441162,1.1526048183441162,1.1526048183441162
1786084560.0,1.1527377367019653,1.1527377367019653,1.1527377367019653,1.1527377367019653
1786084620.0,1.1527377367019653,1.1527377367019653,1.1527377367019653,1.1527377367019653
1786084680.0,1.1526048183441162,1.1526048183441162,1.1526048183441162,1.1526048183441162
1786084740.0,1.1526048183441162,1.1526048183441162,1.1526048183441162,1.1526048183441162
1786084800.0,1.1526048183441162,1.1526048183441162,1.1526048183441162,1.1526048183441162
1786084860.0,1.1526048183441162,1.1526048183441162,1.1526048183441162,1.1526048183441162
1786084920.0,1.1524720191955566,1.1524720191955566,1.1524720191955566,1.1524720191955566
1786084980.0,1.1526048183441162,1.1526048183441162,1.1526048183441162,1.1526048183441162
1786085040.0,1.1526048183441162,1.1526048183441162,1.1526048183441162,1.1526048183441162
1786085100.0,1.1526048183441162,1.1526048183441162,1.1526048183441162,1.1526048183441162
1786085160.0,1.1526048183441162,1.1526048183441162,1.1526048183441162,1.1526048183441162
1786085220.0,1.1526048183441162,1.1526048183441162,1.1526048183441162,1.1526048183441162
1786085280.0,1.1526048183441162,1.1526048183441162,1.1526048183441162,1.1526048183441162
1786085340.0,1.1524720191955566,1.1524720191955566,1.1524720191955566,1.1524720191955566
1786085400.0,1.1526048183441162,1.1526048183441162,1.1526048183441162,1.1526048183441162
1786085460.0,1.1526048183441162,1.1526048183441162,1.1526048183441162,1.1526048183441162
1786085520.0,1.1527377367019653,1.1527377367019653,1.1527377367019653,1.1527377367019653
1786085580.0,1.1527377367019653,1.1527377367019653,1.1527377367019653,1.1527377367019653
1786085640.0,1.1527377367019653,1.1527377367019653,1.1527377367019653,1.1527377367019653
1786085700.0,1.1527377367019653,1.1527377367019653,1.1527377367019653,1.1527377367019653
1786085760.0,1.1527377367019653,1.1527377367019653,1.1527377367019653,1.1527377367019653
1786085820.0,1.1526048183441162,1.1526048183441162,1.1526048183441162,1.1526048183441162
1786085880.0,1.1526048183441162,1.1526048183441162,1.1526048183441162,1.1526048183441162
1786085940.0,1.1526048183441162,1.1526048183441162,1.1526048183441162,1.1526048183441162
1786086000.0,1.1524720191955566,1.1524720191955566,1.1524720191955566,1.1524720191955566
1786086060.0,1.152339220046997,1.152339220046997,1.152339220046997,1.152339220046997
1786086120.0,1.152339220046997,1.152339220046997,1.152339220046997,1.152339220046997
1786086180.0,1.1524720191955566,1.1524720191955566,1.1524720191955566,1.1524720191955566
1786086240.0,1.1524720191955566,1.1524720191955566,1.1524720191955566,1.1524720191955566
1786086300.0,1.1522064208984375,1.1522064208984375,1.1522064208984375,1.1522064208984375
1786086360.0,1.1522064208984375,1.1522064208984375,1.1522064208984375,1.1522064208984375
1786086420.0,1.1524720191955566,1.1524720191955566,1.1524720191955566,1.1524720191955566
1786086480.0,1.1524720191955566,1.1524720191955566,1.1524720191955566,1.1524720191955566
1786086540.0,1.152339220046997,1.152339220046997,1.152339220046997,1.152339220046997
1786086600.0,1.1526048183441162,1.1526048183441162,1.1526048183441162,1.1526048183441162
1786086660.0,1.1526048183441162,1.1526048183441162,1.1526048183441162,1.1526048183441162
1786086720.0,1.1526048183441162,1.1526048183441162,1.1526048183441162,1.1526048183441162
1786086780.0,1.1527377367019653,1.1527377367019653,1.1527377367019653,1.1527377367019653
1786086840.0,1.1526048183441162,1.1526048183441162,1.1526048183441162,1.1526048183441162
1786086900.0,1.1527377367019653,1.1527377367019653,1.1527377367019653,1.1527377367019653
1786086960.0,1.1527377367019653,1.1527377367019653,1.1527377367019653,1.1527377367019653
1786087020.0,1.1527377367019653,1.1527377367019653,1.1527377367019653,1.1527377367019653
1786087080.0,1.1526048183441162,1.1526048183441162,1.1526048183441162,1.1526048183441162
1786087140.0,1.1526048183441162,1.1526048183441162,1.1526048183441162,1.1526048183441162
1786087200.0,1.1526048183441162,1.1526048183441162,1.1526048183441162,1.1526048183441162
1786087260.0,1.1526048183441162,1.1526048183441162,1.1526048183441162,1.1526048183441162
1786087320.0,1.1526048183441162,1.1526048183441162,1.1526048183441162,1.1526048183441162
1786087380.0,1.1526048183441162,1.1526048183441162,1.1526048183441162,1.1526048183441162
1786087440.0,1.1526048183441162,1.1526048183441162,1.1526048183441162,1.1526048183441162
1786087500.0,1.1527377367019653,1.1527377367019653,1.1527377367019653,1.1527377367019653
1786087560.0,1.1526048183441162,1.1526048183441162,1.1526048183441162,1.1526048183441162
1786087620.0,1.1526048183441162,1.1526048183441162,1.1526048183441162,1.1526048183441162
1786087680.0,1.1526048183441162,1.1526048183441162,1.1526048183441162,1.1526048183441162
1786087740.0,1.1526048183441162,1.1526048183441162,1.1526048183441162,1.1526048183441162
1786087800.0,1.1526048183441162,1.1526048183441162,1.1526048183441162,1.1526048183441162
1786087860.0,1.1526048183441162,1.1526048183441162,1.1526048183441162,1.1526048183441162
1786087920.0,1.1526048183441162,1.1526048183441162,1.1526048183441162,1.1526048183441162
1786087980.0,1.1524720191955566,1.1524720191955566,1.1524720191955566,1.1524720191955566
1786088040.0,1.1524720191955566,1.1524720191955566,1.1524720191955566,1.1524720191955566
1786088100.0,1.1524720191955566,1.1524720191955566,1.1524720191955566,1.1524720191955566
1786088160.0,1.1524720191955566,1.1524720191955566,1.1524720191955566,1.1524720191955566
1786088220.0,1.1524720191955566,1.1524720191955566,1.1524720191955566,1.1524720191955566
1786088280.0,1.1524720191955566,1.1524720191955566,1.1524720191955566,1.1524720191955566
1786088340.0,1.1524720191955566,1.1524720191955566,1.1524720191955566,1.1524720191955566
1786088400.0,1.1524720191955566,1.1524720191955566,1.1524720191955566,1.1524720191955566
1786088460.0,1.1524720191955566,1.1524720191955566,1.1524720191955566,1.1524720191955566
1786088520.0,1.152339220046997,1.152339220046997,1.152339220046997,1.152339220046997
1786088580.0,1.152339220046997,1.152339220046997,1.152339220046997,1.152339220046997
1786088640.0,1.152339220046997,1.152339220046997,1.152339220046997,1.152339220046997
1786088700.0,1.152339220046997,1.152339220046997,1.152339220046997,1.152339220046997
1786088760.0,1.152339220046997,1.152339220046997,1.152339220046997,1.152339220046997
1786088820.0,1.1524720191955566,1.1524720191955566,1.1524720191955566,1.1524720191955566
1786088880.0,1.1524720191955566,1.1524720191955566,1.1524720191955566,1.1524720191955566
1786088940.0,1.1524720191955566,1.1524720191955566,1.1524720191955566,1.1524720191955566
1786089000.0,1.1524720191955566,1.1524720191955566,1.1524720191955566,1.1524720191955566
1786089060.0,1.1524720191955566,1.1524720191955566,1.1524720191955566,1.1524720191955566
1786089120.0,1.1524720191955566,1.1524720191955566,1.1524720191955566,1.1524720191955566
1786089180.0,1.1526048183441162,1.1526048183441162,1.1526048183441162,1.1526048183441162
1786089240.0,1.1526048183441162,1.1526048183441162,1.1526048183441162,1.1526048183441162
1786089300.0,1.1526048183441162,1.1526048183441162,1.1526048183441162,1.1526048183441162
1786089360.0,1.1526048183441162,1.1526048183441162,1.1526048183441162,1.1526048183441162
1786089420.0,1.1526048183441162,1.1526048183441162,1.1526048183441162,1.1526048183441162
1786089480.0,1.1526048183441162,1.1526048183441162,1.1526048183441162,1.1526048183441162
1786089540.0,1.1526048183441162,1.1526048183441162,1.1526048183441162,1.1526048183441162
1786089600.0,1.1526048183441162,1.1526048183441162,1.1526048183441162,1.1526048183441162
1786089660.0,1.1524720191955566,1.1524720191955566,1.1524720191955566,1.1524720191955566
1786089720.0,1.1524720191955566,1.1524720191955566,1.1524720191955566,1.1524720191955566
1786089780.0,1.1524720191955566,1.1524720191955566,1.1524720191955566,1.1524720191955566
1786089840.0,1.1524720191955566,1.1524720191955566,1.1524720191955566,1.1524720191955566
1786089900.0,1.1524720191955566,1.1524720191955566,1.1524720191955566,1.1524720191955566
1786089960.0,1.1524720191955566,1.1524720191955566,1.1524720191955566,1.1524720191955566
1786090020.0,1.1524720191955566,1.1524720191955566,1.1524720191955566,1.1524720191955566
1786090080.0,1.1524720191955566,1.1524720191955566,1.1524720191955566,1.1524720191955566
1786090140.0,1.1524720191955566,1.1524720191955566,1.1524720191955566,1.1524720191955566
1786090200.0,1.152339220046997,1.152339220046997,1.152339220046997,1.152339220046997
1786090260.0,1.1522064208984375,1.1522064208984375,1.1522064208984375,1.1522064208984375
1786090320.0,1.1522064208984375,1.1522064208984375,1.1522064208984375,1.1522064208984375
1786090380.0,1.1522064208984375,1.1522064208984375,1.1522064208984375,1.1522064208984375
1786090440.0,1.1522064208984375,1.1522064208984375,1.1522064208984375,1.1522064208984375
1786090500.0,1.152339220046997,1.152339220046997,1.152339220046997,1.152339220046997
1786090560.0,1.152339220046997,1.152339220046997,1.152339220046997,1.152339220046997
1786090620.0,1.152339220046997,1.152339220046997,1.152339220046997,1.152339220046997
1786090680.0,1.152339220046997,1.152339220046997,1.152339220046997,1.152339220046997
1786090740.0,1.1524720191955566,1.1524720191955566,1.1524720191955566,1.1524720191955566
1786090800.0,1.152339220046997,1.152339220046997,1.152339220046997,1.152339220046997
1786090860.0,1.152339220046997,1.152339220046997,1.152339220046997,1.152339220046997
1786090920.0,1.1524720191955566,1.1524720191955566,1.1524720191955566,1.1524720191955566
1786090980.0,1.152339220046997,1.152339220046997,1.152339220046997,1.152339220046997
1786091040.0,1.152339220046997,1.152339220046997,1.152339220046997,1.152339220046997
1786091100.0,1.152339220046997,1.152339220046997,1.152339220046997,1.152339220046997
1786091160.0,1.152339220046997,1.152339220046997,1.152339220046997,1.152339220046997
1786091220.0,1.152339220046997,1.152339220046997,1.152339220046997,1.152339220046997
1786091280.0,1.152339220046997,1.152339220046997,1.152339220046997,1.152339220046997
1786091340.0,1.152339220046997,1.152339220046997,1.152339220046997,1.152339220046997
1786091400.0,1.152339220046997,1.152339220046997,1.152339220046997,1.152339220046997
1786091460.0,1.152339220046997,1.152339220046997,1.152339220046997,1.152339220046997
1786091520.0,1.152339220046997,1.152339220046997,1.152339220046997,1.152339220046997
1786091580.0,1.1526048183441162,1.1526048183441162,1.1526048183441162,1.1526048183441162
1786091640.0,1.1524720191955566,1.1524720191955566,1.1524720191955566,1.1524720191955566
1786091700.0,1.1524720191955566,1.1524720191955566,1.1524720191955566,1.1524720191955566
1786091760.0,1.152339220046997,1.152339220046997,1.152339220046997,1.152339220046997
1786091820.0,1.1524720191955566,1.1524720191955566,1.1524720191955566,1.1524720191955566
1786091880.0,1.1526048183441162,1.1526048183441162,1.1526048183441162,1.1526048183441162
1786091940.0,1.1526048183441162,1.1526048183441162,1.1526048183441162,1.1526048183441162
1786092000.0,1.1526048183441162,1.1526048183441162,1.1526048183441162,1.1526048183441162
1786092060.0,1.1526048183441162,1.1526048183441162,1.1526048183441162,1.1526048183441162
1786092120.0,1.1526048183441162,1.1526048183441162,1.1526048183441162,1.1526048183441162
1786092180.0,1.1527377367019653,1.1527377367019653,1.1527377367019653,1.1527377367019653
1786092240.0,1.1527377367019653,1.1527377367019653,1.1527377367019653,1.1527377367019653
1786092300.0,1.1527377367019653,1.1527377367019653,1.1527377367019653,1.1527377367019653
1786092360.0,1.1528706550598145,1.1528706550598145,1.1528706550598145,1.1528706550598145
1786092420.0,1.1527377367019653,1.1527377367019653,1.1527377367019653,1.1527377367019653
1786092480.0,1.1526048183441162,1.1526048183441162,1.1526048183441162,1.1526048183441162
1786092540.0,1.1526048183441162,1.1526048183441162,1.1526048183441162,1.1526048183441162
1786092600.0,1.1526048183441162,1.1526048183441162,1.1526048183441162,1.1526048183441162
1786092660.0,1.1527377367019653,1.1527377367019653,1.1527377367019653,1.1527377367019653
1786092720.0,1.1527377367019653,1.1527377367019653,1.1527377367019653,1.1527377367019653
1786092780.0,1.1527377367019653,1.1527377367019653,1.1527377367019653,1.1527377367019653
1786092840.0,1.1527377367019653,1.1527377367019653,1.1527377367019653,1.1527377367019653
1786092900.0,1.1527377367019653,1.1527377367019653,1.1527377367019653,1.1527377367019653
1786092960.0,1.1527377367019653,1.1527377367019653,1.1527377367019653,1.1527377367019653
1786093020.0,1.1527377367019653,1.1527377367019653,1.1527377367019653,1.1527377367019653
1786093080.0,1.1527377367019653,1.1527377367019653,1.1527377367019653,1.1527377367019653
1786093140.0,1.1526048183441162,1.1526048183441162,1.1526048183441162,1.1526048183441162
1786093200.0,1.1527377367019653,1.1527377367019653,1.1527377367019653,1.1527377367019653
1786093260.0,1.1527377367019653,1.1527377367019653,1.1527377367019653,1.1527377367019653
1786093320.0,1.1528706550598145,1.1528706550598145,1.1528706550598145,1.1528706550598145
1786093380.0,1.1527377367019653,1.1527377367019653,1.1527377367019653,1.1527377367019653
1786093440.0,1.1527377367019653,1.1527377367019653,1.1527377367019653,1.1527377367019653
1786093500.0,1.1527377367019653,1.1527377367019653,1.1527377367019653,1.1527377367019653
1786093560.0,1.1527377367019653,1.1527377367019653,1.1527377367019653,1.1527377367019653
1786093620.0,1.1527377367019653,1.1527377367019653,1.1527377367019653,1.1527377367019653
1786093680.0,1.1528706550598145,1.1528706550598145,1.1528706550598145,1.1528706550598145
1786093740.0,1.1528706550598145,1.1528706550598145,1.1528706550598145,1.1528706550598145
1786093800.0,1.1528706550598145,1.1528706550598145,1.1528706550598145,1.1528706550598145
1786093860.0,1.1530035734176636,1.1530035734176636,1.1530035734176636,1.1530035734176636
1786093920.0,1.1531364917755127,1.1531364917755127,1.1531364917755127,1.1531364917755127
1786093980.0,1.1531364917755127,1.1531364917755127,1.1531364917755127,1.1531364917755127
1786094040.0,1.1531364917755127,1.1531364917755127,1.1531364917755127,1.1531364917755127
1786094100.0,1.1532695293426514,1.1532695293426514,1.1532695293426514,1.1532695293426514
1786094160.0,1.1531364917755127,1.1531364917755127,1.1531364917755127,1.1531364917755127
1786094220.0,1.1531364917755127,1.1531364917755127,1.1531364917755127,1.1531364917755127
1786094280.0,1.1532695293426514,1.1532695293426514,1.1532695293426514,1.1532695293426514
1786094340.0,1.1532695293426514,1.1532695293426514,1.1532695293426514,1.1532695293426514
1786094400.0,1.1532695293426514,1.1532695293426514,1.1532695293426514,1.1532695293426514
1786094460.0,1.1532695293426514,1.1532695293426514,1.1532695293426514,1.1532695293426514
1786094520.0,1.1532695293426514,1.1532695293426514,1.1532695293426514,1.1532695293426514
1786094580.0,1.1532695293426514,1.1532695293426514,1.1532695293426514,1.1532695293426514
1786094640.0,1.1532695293426514,1.1532695293426514,1.1532695293426514,1.1532695293426514
1786094700.0,1.1532695293426514,1.1532695293426514,1.1532695293426514,1.1532695293426514
1786094760.0,1.1531364917755127,1.1531364917755127,1.1531364917755127,1.1531364917755127
1786094820.0,1.1531364917755127,1.1531364917755127,1.1531364917755127,1.1531364917755127
1786094880.0,1.1530035734176636,1.1530035734176636,1.1530035734176636,1.1530035734176636
1786094940.0,1.1531364917755127,1.1531364917755127,1.1531364917755127,1.1531364917755127
1786095000.0,1.1530035734176636,1.1530035734176636,1.1530035734176636,1.1530035734176636
1786095060.0,1.1530035734176636,1.1530035734176636,1.1530035734176636,1.1530035734176636
1786095120.0,1.1530035734176636,1.1530035734176636,1.1530035734176636,1.1530035734176636
1786095180.0,1.1530035734176636,1.1530035734176636,1.1530035734176636,1.1530035734176636
1786095240.0,1.1530035734176636,1.1530035734176636,1.1530035734176636,1.1530035734176636
1786095300.0,1.1530035734176636,1.1530035734176636,1.1530035734176636,1.1530035734176636
1786095360.0,1.1530035734176636,1.1530035734176636,1.1530035734176636,1.1530035734176636
1786095420.0,1.1530035734176636,1.1530035734176636,1.1530035734176636,1.1530035734176636
1786095480.0,1.1530035734176636,1.1530035734176636,1.1530035734176636,1.1530035734176636
1786095540.0,1.1530035734176636,1.1530035734176636,1.1530035734176636,1.1530035734176636
1786095600.0,1.1531364917755127,1.1531364917755127,1.1531364917755127,1.1531364917755127
1786095660.0,1.1531364917755127,1.1531364917755127,1.1531364917755127,1.1531364917755127
1786095720.0,1.1531364917755127,1.1531364917755127,1.1531364917755127,1.1531364917755127
1786095780.0,1.1531364917755127,1.1531364917755127,1.1531364917755127,1.1531364917755127
1786095840.0,1.1531364917755127,1.1531364917755127,1.1531364917755127,1.1531364917755127
1786095900.0,1.1531364917755127,1.1531364917755127,1.1531364917755127,1.1531364917755127
1786095960.0,1.1532695293426514,1.1532695293426514,1.1532695293426514,1.1532695293426514
1786096020.0,1.1531364917755127,1.1531364917755127,1.1531364917755127,1.1531364917755127
1786096080.0,1.1531364917755127,1.1531364917755127,1.1531364917755127,1.1531364917755127
1786096140.0,1.1532695293426514,1.1532695293426514,1.1532695293426514,1.1532695293426514
1786096200.0,1.1532695293426514,1.1532695293426514,1.1532695293426514,1.1532695293426514
1786096260.0,1.1532695293426514,1.1532695293426514,1.1532695293426514,1.1532695293426514
1786096320.0,1.1532695293426514,1.1532695293426514,1.1532695293426514,1.1532695293426514
1786096380.0,1.15340256690979,1.15340256690979,1.15340256690979,1.15340256690979
1786096440.0,1.15340256690979,1.15340256690979,1.15340256690979,1.15340256690979
1786096500.0,1.15340256690979,1.15340256690979,1.15340256690979,1.15340256690979
1786096560.0,1.15340256690979,1.15340256690979,1.15340256690979,1.15340256690979
1786096620.0,1.1532695293426514,1.1532695293426514,1.1532695293426514,1.1532695293426514
1786096680.0,1.1532695293426514,1.1532695293426514,1.1532695293426514,1.1532695293426514
1786096740.0,1.1531364917755127,1.1531364917755127,1.1531364917755127,1.1531364917755127
1786096800.0,1.1532695293426514,1.1532695293426514,1.1532695293426514,1.1532695293426514
1786096860.0,1.1531364917755127,1.1531364917755127,1.1531364917755127,1.1531364917755127
1786096920.0,1.1531364917755127,1.1531364917755127,1.1531364917755127,1.1531364917755127
1786096980.0,1.1530035734176636,1.1530035734176636,1.1530035734176636,1.1530035734176636
1786097040.0,1.1530035734176636,1.1530035734176636,1.1530035734176636,1.1530035734176636
1786097100.0,1.1531364917755127,1.1531364917755127,1.1531364917755127,1.1531364917755127
1786097160.0,1.1531364917755127,1.1531364917755127,1.1531364917755127,1.1531364917755127
1786097220.0,1.1531364917755127,1.1531364917755127,1.1531364917755127,1.1531364917755127
1786097280.0,1.1531364917755127,1.1531364917755127,1.1531364917755127,1.1531364917755127
1786097340.0,1.1531364917755127,1.1531364917755127,1.1531364917755127,1.1531364917755127
1786097400.0,1.1531364917755127,1.1531364917755127,1.1531364917755127,1.1531364917755127
1786097460.0,1.1530035734176636,1.1530035734176636,1.1530035734176636,1.1530035734176636
1786097520.0,1.1530035734176636,1.1530035734176636,1.1530035734176636,1.1530035734176636
1786097580.0,1.1530035734176636,1.1530035734176636,1.1530035734176636,1.1530035734176636
1786097640.0,1.1530035734176636,1.1530035734176636,1.1530035734176636,1.1530035734176636
1786097700.0,1.1531364917755127,1.1531364917755127,1.1531364917755127,1.1531364917755127
1786097760.0,1.1531364917755127,1.1531364917755127,1.1531364917755127,1.1531364917755127
1786097820.0,1.1530035734176636,1.1530035734176636,1.1530035734176636,1.1530035734176636
1786097880.0,1.1530035734176636,1.1530035734176636,1.1530035734176636,1.1530035734176636
1786097940.0,1.1531364917755127,1.1531364917755127,1.1531364917755127,1.1531364917755127
1786098000.0,1.1531364917755127,1.1531364917755127,1.1531364917755127,1.1531364917755127
1786098060.0,1.1531364917755127,1.1531364917755127,1.1531364917755127,1.1531364917755127
1786098120.0,1.1531364917755127,1.1531364917755127,1.1531364917755127,1.1531364917755127
1786098180.0,1.1531364917755127,1.1531364917755127,1.1531364917755127,1.1531364917755127
1786098240.0,1.1531364917755127,1.1531364917755127,1.1531364917755127,1.1531364917755127
1786098300.0,1.1530035734176636,1.1530035734176636,1.1530035734176636,1.1530035734176636
1786098360.0,1.1530035734176636,1.1530035734176636,1.1530035734176636,1.1530035734176636
1786098420.0,1.1530035734176636,1.1530035734176636,1.1530035734176636,1.1530035734176636
1786098480.0,1.1530035734176636,1.1530035734176636,1.1530035734176636,1.1530035734176636
1786098540.0,1.1531364917755127,1.1531364917755127,1.1531364917755127,1.1531364917755127
1786098600.0,1.1531364917755127,1.1531364917755127,1.1531364917755127,1.1531364917755127
1786098660.0,1.1531364917755127,1.1531364917755127,1.1531364917755127,1.1531364917755127
1786098720.0,1.1531364917755127,1.1531364917755127,1.1531364917755127,1.1531364917755127
1786098780.0,1.1531364917755127,1.1531364917755127,1.1531364917755127,1.1531364917755127
1786098840.0,1.1531364917755127,1.1531364917755127,1.1531364917755127,1.1531364917755127
1786098900.0,1.1530035734176636,1.1530035734176636,1.1530035734176636,1.1530035734176636
1786098960.0,1.1530035734176636,1.1530035734176636,1.1530035734176636,1.1530035734176636
1786099020.0,1.1531364917755127,1.1531364917755127,1.1531364917755127,1.1531364917755127
1786099080.0,1.1531364917755127,1.1531364917755127,1.1531364917755127,1.1531364917755127
1786099140.0,1.1531364917755127,1.1531364917755127,1.1531364917755127,1.1531364917755127
1786099200.0,1.1531364917755127,1.1531364917755127,1.1531364917755127,1.1531364917755127
1786099260.0,1.1531364917755127,1.1531364917755127,1.1531364917755127,1.1531364917755127
1786099320.0,1.1530035734176636,1.1530035734176636,1.1530035734176636,1.1530035734176636
1786099380.0,1.1530035734176636,1.1530035734176636,1.1530035734176636,1.1530035734176636
1786099440.0,1.1528706550598145,1.1528706550598145,1.1528706550598145,1.1528706550598145
1786099500.0,1.1530035734176636,1.1530035734176636,1.1530035734176636,1.1530035734176636
1786099560.0,1.1530035734176636,1.1530035734176636,1.1530035734176636,1.1530035734176636
1786099620.0,1.1530035734176636,1.1530035734176636,1.1530035734176636,1.1530035734176636
1786099680.0,1.1531364917755127,1.1531364917755127,1.1531364917755127,1.1531364917755127
1786099740.0,1.1531364917755127,1.1531364917755127,1.1531364917755127,1.1531364917755127
1786099800.0,1.1532695293426514,1.1532695293426514,1.1532695293426514,1.1532695293426514
1786099860.0,1.1531364917755127,1.1531364917755127,1.1531364917755127,1.1531364917755127
1786099920.0,1.1530035734176636,1.1530035734176636,1.1530035734176636,1.1530035734176636
1786099980.0,1.1531364917755127,1.1531364917755127,1.1531364917755127,1.1531364917755127
1786100040.0,1.1531364917755127,1.1531364917755127,1.1531364917755127,1.1531364917755127
1786100100.0,1.1531364917755127,1.1531364917755127,1.1531364917755127,1.1531364917755127
1786100160.0,1.1531364917755127,1.1531364917755127,1.1531364917755127,1.1531364917755127
1786100220.0,1.1530035734176636,1.1530035734176636,1.1530035734176636,1.1530035734176636
1786100280.0,1.1530035734176636,1.1530035734176636,1.1530035734176636,1.1530035734176636
1786100340.0,1.1530035734176636,1.1530035734176636,1.1530035734176636,1.1530035734176636
1786100400.0,1.1531364917755127,1.1531364917755127,1.1531364917755127,1.1531364917755127
1786100460.0,1.1532695293426514,1.1532695293426514,1.1532695293426514,1.1532695293426514
1786100520.0,1.1531364917755127,1.1531364917755127,1.1531364917755127,1.1531364917755127
1786100580.0,1.1532695293426514,1.1532695293426514,1.1532695293426514,1.1532695293426514
1786100640.0,1.1532695293426514,1.1532695293426514,1.1532695293426514,1.1532695293426514
1786100700.0,1.1532695293426514,1.1532695293426514,1.1532695293426514,1.1532695293426514
1786100760.0,1.1531364917755127,1.1531364917755127,1.1531364917755127,1.1531364917755127
1786100820.0,1.1531364917755127,1.1531364917755127,1.1531364917755127,1.1531364917755127
1786100880.0,1.1531364917755127,1.1531364917755127,1.1531364917755127,1.1531364917755127
1786100940.0,1.1532695293426514,1.1532695293426514,1.1532695293426514,1.1532695293426514
1786101000.0,1.1532695293426514,1.1532695293426514,1.1532695293426514,1.1532695293426514
1786101060.0,1.1532695293426514,1.1532695293426514,1.1532695293426514,1.1532695293426514
1786101120.0,1.1532695293426514,1.1532695293426514,1.1532695293426514,1.1532695293426514
1786101180.0,1.1531364917755127,1.1531364917755127,1.1531364917755127,1.1531364917755127
1786101240.0,1.1531364917755127,1.1531364917755127,1.1531364917755127,1.1531364917755127
1786101300.0,1.1531364917755127,1.1531364917755127,1.1531364917755127,1.1531364917755127
1786101360.0,1.1531364917755127,1.1531364917755127,1.1531364917755127,1.1531364917755127
1786101420.0,1.1531364917755127,1.1531364917755127,1.1531364917755127,1.1531364917755127
1786101480.0,1.1531364917755127,1.1531364917755127,1.1531364917755127,1.1531364917755127
1786101540.0,1.1532695293426514,1.1532695293426514,1.1532695293426514,1.1532695293426514
1786101600.0,1.1532695293426514,1.1532695293426514,1.1532695293426514,1.1532695293426514
1786101660.0,1.1532695293426514,1.1532695293426514,1.1532695293426514,1.1532695293426514
1786101720.0,1.1531364917755127,1.1531364917755127,1.1531364917755127,1.1531364917755127
1786101780.0,1.1531364917755127,1.1531364917755127,1.1531364917755127,1.1531364917755127
1786101840.0,1.1530035734176636,1.1530035734176636,1.1530035734176636,1.1530035734176636
1786101900.0,1.1531364917755127,1.1531364917755127,1.1531364917755127,1.1531364917755127
1786101960.0,1.1531364917755127,1.1531364917755127,1.1531364917755127,1.1531364917755127
1786102020.0,1.1530035734176636,1.1530035734176636,1.1530035734176636,1.1530035734176636
1786102080.0,1.1531364917755127,1.1531364917755127,1.1531364917755127,1.1531364917755127
1786102140.0,1.1530035734176636,1.1530035734176636,1.1530035734176636,1.1530035734176636
1786102200.0,1.1530035734176636,1.1530035734176636,1.1530035734176636,1.1530035734176636
1786102260.0,1.1531364917755127,1.1531364917755127,1.1531364917755127,1.1531364917755127
1786102320.0,1.1531364917755127,1.1531364917755127,1.1531364917755127,1.1531364917755127
1786102380.0,1.1532695293426514,1.1532695293426514,1.1532695293426514,1.1532695293426514
1786102440.0,1.1532695293426514,1.1532695293426514,1.1532695293426514,1.1532695293426514
1786102500.0,1.1532695293426514,1.1532695293426514,1.1532695293426514,1.1532695293426514
1786102560.0,1.1532695293426514,1.1532695293426514,1.1532695293426514,1.1532695293426514
1786102620.0,1.1532695293426514,1.1532695293426514,1.1532695293426514,1.1532695293426514
1786102680.0,1.15340256690979,1.15340256690979,1.15340256690979,1.15340256690979
1786102740.0,1.15340256690979,1.15340256690979,1.15340256690979,1.15340256690979
1786102800.0,1.15340256690979,1.15340256690979,1.15340256690979,1.15340256690979
1786102860.0,1.15340256690979,1.15340256690979,1.15340256690979,1.15340256690979
1786102920.0,1.15340256690979,1.15340256690979,1.15340256690979,1.15340256690979
1786102980.0,1.1535356044769287,1.1535356044769287,1.1535356044769287,1.1535356044769287
1786103040.0,1.1535356044769287,1.1535356044769287,1.1535356044769287,1.1535356044769287
1786103100.0,1.1535356044769287,1.1535356044769287,1.1535356044769287,1.1535356044769287
1786103160.0,1.1535356044769287,1.1535356044769287,1.1535356044769287,1.1535356044769287
1786103220.0,1.1535356044769287,1.1535356044769287,1.1535356044769287,1.1535356044769287
1786103280.0,1.1535356044769287,1.1535356044769287,1.1535356044769287,1.1535356044769287
1786103340.0,1.1536686420440674,1.1536686420440674,1.1536686420440674,1.1536686420440674
1786103400.0,1.1536686420440674,1.1536686420440674,1.1536686420440674,1.1536686420440674
1786103460.0,1.1535356044769287,1.1535356044769287,1.1535356044769287,1.1535356044769287
1786103520.0,1.1535356044769287,1.1535356044769287,1.1535356044769287,1.1535356044769287
1786103580.0,1.1535356044769287,1.1535356044769287,1.1535356044769287,1.1535356044769287
1786103640.0,1.1535356044769287,1.1535356044769287,1.1535356044769287,1.1535356044769287
1786103700.0,1.1535356044769287,1.1535356044769287,1.1535356044769287,1.1535356044769287
1786103760.0,1.1535356044769287,1.1535356044769287,1.1535356044769287,1.1535356044769287
1786103820.0,1.1535356044769287,1.1535356044769287,1.1535356044769287,1.1535356044769287
1786103880.0,1.1536686420440674,1.1536686420440674,1.1536686420440674,1.1536686420440674
1786103940.0,1.1536686420440674,1.1536686420440674,1.1536686420440674,1.1536686420440674
1786104000.0,1.1538017988204956,1.1538017988204956,1.1538017988204956,1.1538017988204956
1786104060.0,1.1539349555969238,1.1539349555969238,1.1539349555969238,1.1539349555969238
1786104120.0,1.1539349555969238,1.1539349555969238,1.1539349555969238,1.1539349555969238
1786104180.0,1.1539349555969238,1.1539349555969238,1.1539349555969238,1.1539349555969238
1786104240.0,1.1539349555969238,1.1539349555969238,1.1539349555969238,1.1539349555969238
1786104300.0,1.1539349555969238,1.1539349555969238,1.1539349555969238,1.1539349555969238
1786104360.0,1.1539349555969238,1.1539349555969238,1.1539349555969238,1.1539349555969238
1786104420.0,1.1539349555969238,1.1539349555969238,1.1539349555969238,1.1539349555969238
1786104480.0,1.1538017988204956,1.1538017988204956,1.1538017988204956,1.1538017988204956
1786104540.0,1.1538017988204956,1.1538017988204956,1.1538017988204956,1.1538017988204956
1786104600.0,1.154068112373352,1.154068112373352,1.154068112373352,1.154068112373352
1786104660.0,1.154068112373352,1.154068112373352,1.154068112373352,1.154068112373352
1786104720.0,1.1539349555969238,1.1539349555969238,1.1539349555969238,1.1539349555969238
1786104780.0,1.1539349555969238,1.1539349555969238,1.1539349555969238,1.1539349555969238
1786104840.0,1.1538017988204956,1.1538017988204956,1.1538017988204956,1.1538017988204956
1786104900.0,1.1538017988204956,1.1538017988204956,1.1538017988204956,1.1538017988204956
1786104960.0,1.1536686420440674,1.1536686420440674,1.1536686420440674,1.1536686420440674
1786105020.0,1.1538017988204956,1.1538017988204956,1.1538017988204956,1.1538017988204956
1786105080.0,1.1536686420440674,1.1536686420440674,1.1536686420440674,1.1536686420440674
1786105140.0,1.1536686420440674,1.1536686420440674,1.1536686420440674,1.1536686420440674
1786105200.0,1.1536686420440674,1.1536686420440674,1.1536686420440674,1.1536686420440674
1786105260.0,1.1536686420440674,1.1536686420440674,1.1536686420440674,1.1536686420440674
1786105320.0,1.1536686420440674,1.1536686420440674,1.1536686420440674,1.1536686420440674
1786105380.0,1.1535356044769287,1.1535356044769287,1.1535356044769287,1.1535356044769287
1786105440.0,1.15340256690979,1.15340256690979,1.15340256690979,1.15340256690979
1786105500.0,1.15340256690979,1.15340256690979,1.15340256690979,1.15340256690979
1786105560.0,1.15340256690979,1.15340256690979,1.15340256690979,1.15340256690979
1786105620.0,1.1532695293426514,1.1532695293426514,1.1532695293426514,1.1532695293426514
1786105680.0,1.1532695293426514,1.1532695293426514,1.1532695293426514,1.1532695293426514
1786105740.0,1.15340256690979,1.15340256690979,1.15340256690979,1.15340256690979
1786105800.0,1.156738042831421,1.156738042831421,1.156738042831421,1.156738042831421
1786105860.0,1.1566041707992554,1.1566041707992554,1.1566041707992554,1.1566041707992554
1786105920.0,1.156336784362793,1.156336784362793,1.156336784362793,1.156336784362793
1786105980.0,1.156738042831421,1.156738042831421,1.156738042831421,1.156738042831421
1786106040.0,1.1575413942337036,1.1575413942337036,1.1575413942337036,1.1575413942337036
1786106100.0,1.1568717956542969,1.1568717956542969,1.1568717956542969,1.1568717956542969
1786106160.0,1.1568717956542969,1.1568717956542969,1.1568717956542969,1.1568717956542969
1786106220.0,1.1568717956542969,1.1568717956542969,1.1568717956542969,1.1568717956542969
1786106280.0,1.157139539718628,1.157139539718628,1.157139539718628,1.157139539718628
1786106340.0,1.1576753854751587,1.1576753854751587,1.1576753854751587,1.1576753854751587
1786106400.0,1.1578094959259033,1.1578094959259033,1.1578094959259033,1.1578094959259033
1786106460.0,1.1578094959259033,1.1578094959259033,1.1578094959259033,1.1578094959259033
1786106520.0,1.1578094959259033,1.1578094959259033,1.1578094959259033,1.1578094959259033
1786106580.0,1.1578094959259033,1.1578094959259033,1.1578094959259033,1.1578094959259033
1786106640.0,1.1576753854751587,1.1576753854751587,1.1576753854751587,1.1576753854751587
1786106700.0,1.1582117080688477,1.1582117080688477,1.1582117080688477,1.1582117080688477
1786106760.0,1.1582117080688477,1.1582117080688477,1.1582117080688477,1.1582117080688477
1786106820.0,1.1582117080688477,1.1582117080688477,1.1582117080688477,1.1582117080688477
1786106880.0,1.1582117080688477,1.1582117080688477,1.1582117080688477,1.1582117080688477
1786106940.0,1.1582117080688477,1.1582117080688477,1.1582117080688477,1.1582117080688477
1786107000.0,1.158077597618103,1.158077597618103,1.158077597618103,1.158077597618103
1786107060.0,1.1579434871673584,1.1579434871673584,1.1579434871673584,1.1579434871673584
1786107120.0,1.1578094959259033,1.1578094959259033,1.1578094959259033,1.1578094959259033
1786107180.0,1.158077597618103,1.158077597618103,1.158077597618103,1.158077597618103
1786107240.0,1.1578094959259033,1.1578094959259033,1.1578094959259033,1.1578094959259033
1786107300.0,1.1578094959259033,1.1578094959259033,1.1578094959259033,1.1578094959259033
1786107360.0,1.1575413942337036,1.1575413942337036,1.1575413942337036,1.1575413942337036
1786107420.0,1.1575413942337036,1.1575413942337036,1.1575413942337036,1.1575413942337036
1786107480.0,1.1576753854751587,1.1576753854751587,1.1576753854751587,1.1576753854751587
1786107540.0,1.1576753854751587,1.1576753854751587,1.1576753854751587,1.1576753854751587
1786107600.0,1.1576753854751587,1.1576753854751587,1.1576753854751587,1.1576753854751587
1786107660.0,1.1576753854751587,1.1576753854751587,1.1576753854751587,1.1576753854751587
1786107720.0,1.1574074029922485,1.1574074029922485,1.1574074029922485,1.1574074029922485
1786107780.0,1.1574074029922485,1.1574074029922485,1.1574074029922485,1.1574074029922485
1786107840.0,1.157139539718628,1.157139539718628,1.157139539718628,1.157139539718628
1786107900.0,1.157273530960083,1.157273530960083,1.157273530960083,1.157273530960083
1786107960.0,1.1574074029922485,1.1574074029922485,1.1574074029922485,1.1574074029922485
1786108020.0,1.1574074029922485,1.1574074029922485,1.1574074029922485,1.1574074029922485
1786108080.0,1.1575413942337036,1.1575413942337036,1.1575413942337036,1.1575413942337036
1786108140.0,1.1574074029922485,1.1574074029922485,1.1574074029922485,1.1574074029922485
1786108200.0,1.157273530960083,1.157273530960083,1.157273530960083,1.157273530960083
1786108260.0,1.157273530960083,1.157273530960083,1.157273530960083,1.157273530960083
1786108320.0,1.1574074029922485,1.1574074029922485,1.1574074029922485,1.1574074029922485
1786108380.0,1.1575413942337036,1.1575413942337036,1.1575413942337036,1.1575413942337036
1786108440.0,1.1578094959259033,1.1578094959259033,1.1578094959259033,1.1578094959259033
1786108500.0,1.1575413942337036,1.1575413942337036,1.1575413942337036,1.1575413942337036
1786108560.0,1.157273530960083,1.157273530960083,1.157273530960083,1.157273530960083
1786108620.0,1.157273530960083,1.157273530960083,1.157273530960083,1.157273530960083
1786108680.0,1.157273530960083,1.157273530960083,1.157273530960083,1.157273530960083
1786108740.0,1.157273530960083,1.157273530960083,1.157273530960083,1.157273530960083
1786108800.0,1.1570056676864624,1.1570056676864624,1.1570056676864624,1.1570056676864624
1786108860.0,1.157139539718628,1.157139539718628,1.157139539718628,1.157139539718628
1786108920.0,1.1574074029922485,1.1574074029922485,1.1574074029922485,1.1574074029922485
1786108980.0,1.1575413942337036,1.1575413942337036,1.1575413942337036,1.1575413942337036
1786109040.0,1.1576753854751587,1.1576753854751587,1.1576753854751587,1.1576753854751587
1786109100.0,1.1576753854751587,1.1576753854751587,1.1576753854751587,1.1576753854751587
1786109160.0,1.1576753854751587,1.1576753854751587,1.1576753854751587,1.1576753854751587
1786109220.0,1.1575413942337036,1.1575413942337036,1.1575413942337036,1.1575413942337036
1786109280.0,1.1575413942337036,1.1575413942337036,1.1575413942337036,1.1575413942337036
1786109340.0,1.1574074029922485,1.1574074029922485,1.1574074029922485,1.1574074029922485
1786109400.0,1.157273530960083,1.157273530960083,1.157273530960083,1.157273530960083
1786109460.0,1.157139539718628,1.157139539718628,1.157139539718628,1.157139539718628
1786109520.0,1.1568717956542969,1.1568717956542969,1.1568717956542969,1.1568717956542969
1786109580.0,1.1566041707992554,1.1566041707992554,1.1566041707992554,1.1566041707992554
1786109640.0,1.156738042831421,1.156738042831421,1.156738042831421,1.156738042831421
1786109700.0,1.156738042831421,1.156738042831421,1.156738042831421,1.156738042831421
1786109760.0,1.1568717956542969,1.1568717956542969,1.1568717956542969,1.1568717956542969
1786109820.0,1.1570056676864624,1.1570056676864624,1.1570056676864624,1.1570056676864624
1786109880.0,1.157273530960083,1.157273530960083,1.157273530960083,1.157273530960083
1786109940.0,1.157273530960083,1.157273530960083,1.157273530960083,1.157273530960083
1786110000.0,1.1574074029922485,1.1574074029922485,1.1574074029922485,1.1574074029922485
1786110060.0,1.1575413942337036,1.1575413942337036,1.1575413942337036,1.1575413942337036
1786110120.0,1.1576753854751587,1.1576753854751587,1.1576753854751587,1.1576753854751587
1786110180.0,1.1575413942337036,1.1575413942337036,1.1575413942337036,1.1575413942337036
1786110240.0,1.1575413942337036,1.1575413942337036,1.1575413942337036,1.1575413942337036
1786110300.0,1.1575413942337036,1.1575413942337036,1.1575413942337036,1.1575413942337036
1786110360.0,1.157273530960083,1.157273530960083,1.157273530960083,1.157273530960083
1786110420.0,1.157273530960083,1.157273530960083,1.157273530960083,1.157273530960083
1786110480.0,1.1570056676864624,1.1570056676864624,1.1570056676864624,1.1570056676864624
1786110540.0,1.1568717956542969,1.1568717956542969,1.1568717956542969,1.1568717956542969
1786110600.0,1.1568717956542969,1.1568717956542969,1.1568717956542969,1.1568717956542969
1786110660.0,1.156738042831421,1.156738042831421,1.156738042831421,1.156738042831421
1786110720.0,1.156738042831421,1.156738042831421,1.156738042831421,1.156738042831421
1786110780.0,1.156738042831421,1.156738042831421,1.156738042831421,1.156738042831421
1786110840.0,1.1568717956542969,1.1568717956542969,1.1568717956542969,1.1568717956542969
1786110900.0,1.1566041707992554,1.1566041707992554,1.1566041707992554,1.1566041707992554
1786110960.0,1.1564704179763794,1.1564704179763794,1.1564704179763794,1.1564704179763794
1786111020.0,1.156336784362793,1.156336784362793,1.156336784362793,1.156336784362793
1786111080.0,1.1560693979263306,1.1560693979263306,1.1560693979263306,1.1560693979263306
1786111140.0,1.1560693979263306,1.1560693979263306,1.1560693979263306,1.1560693979263306
1786111200.0,1.1560693979263306,1.1560693979263306,1.1560693979263306,1.1560693979263306
1786111260.0,1.156203031539917,1.156203031539917,1.156203031539917,1.156203031539917
1786111320.0,1.1560693979263306,1.1560693979263306,1.1560693979263306,1.1560693979263306
1786111380.0,1.1559356451034546,1.1559356451034546,1.1559356451034546,1.1559356451034546
1786111440.0,1.1556684970855713,1.1556684970855713,1.1556684970855713,1.1556684970855713
1786111500.0,1.1556684970855713,1.1556684970855713,1.1556684970855713,1.1556684970855713
1786111560.0,1.1556684970855713,1.1556684970855713,1.1556684970855713,1.1556684970855713
1786111620.0,1.1556684970855713,1.1556684970855713,1.1556684970855713,1.1556684970855713
1786111680.0,1.1558021306991577,1.1558021306991577,1.1558021306991577,1.1558021306991577
1786111740.0,1.1560693979263306,1.1560693979263306,1.1560693979263306,1.1560693979263306
1786111800.0,1.156203031539917,1.156203031539917,1.156203031539917,1.156203031539917
1786111860.0,1.1559356451034546,1.1559356451034546,1.1559356451034546,1.1559356451034546
1786111920.0,1.1560693979263306,1.1560693979263306,1.1560693979263306,1.1560693979263306
1786111980.0,1.1560693979263306,1.1560693979263306,1.1560693979263306,1.1560693979263306
1786112040.0,1.1560693979263306,1.1560693979263306,1.1560693979263306,1.1560693979263306
1786112100.0,1.1560693979263306,1.1560693979263306,1.1560693979263306,1.1560693979263306
1786112160.0,1.156203031539917,1.156203031539917,1.156203031539917,1.156203031539917
1786112220.0,1.1564704179763794,1.1564704179763794,1.1564704179763794,1.1564704179763794
1786112280.0,1.1566041707992554,1.1566041707992554,1.1566041707992554,1.1566041707992554
1786112340.0,1.1566041707992554,1.1566041707992554,1.1566041707992554,1.1566041707992554
1786112400.0,1.156738042831421,1.156738042831421,1.156738042831421,1.156738042831421
1786112460.0,1.156738042831421,1.156738042831421,1.156738042831421,1.156738042831421
1786112520.0,1.1566041707992554,1.1566041707992554,1.1566041707992554,1.1566041707992554
1786112580.0,1.1566041707992554,1.1566041707992554,1.1566041707992554,1.1566041707992554
1786112640.0,1.1566041707992554,1.1566041707992554,1.1566041707992554,1.1566041707992554
1786112700.0,1.156336784362793,1.156336784362793,1.156336784362793,1.156336784362793
1786112760.0,1.156336784362793,1.156336784362793,1.156336784362793,1.156336784362793
1786112820.0,1.156336784362793,1.156336784362793,1.156336784362793,1.156336784362793
1786112880.0,1.156336784362793,1.156336784362793,1.156336784362793,1.156336784362793
1786112940.0,1.1560693979263306,1.1560693979263306,1.1560693979263306,1.1560693979263306
1786113000.0,1.1559356451034546,1.1559356451034546,1.1559356451034546,1.1559356451034546
1786113060.0,1.1559356451034546,1.1559356451034546,1.1559356451034546,1.1559356451034546
1786113120.0,1.156203031539917,1.156203031539917,1.156203031539917,1.156203031539917
1786113180.0,1.156203031539917,1.156203031539917,1.156203031539917,1.156203031539917
1786113240.0,1.156336784362793,1.156336784362793,1.156336784362793,1.156336784362793
1786113300.0,1.156203031539917,1.156203031539917,1.156203031539917,1.156203031539917
1786113360.0,1.156203031539917,1.156203031539917,1.156203031539917,1.156203031539917
1786113420.0,1.1560693979263306,1.1560693979263306,1.1560693979263306,1.1560693979263306
1786113480.0,1.1560693979263306,1.1560693979263306,1.1560693979263306,1.1560693979263306
1786113540.0,1.156203031539917,1.156203031539917,1.156203031539917,1.156203031539917
1786113600.0,1.156336784362793,1.156336784362793,1.156336784362793,1.156336784362793
1786113660.0,1.1560693979263306,1.1560693979263306,1.1560693979263306,1.1560693979263306
1786113720.0,1.1559356451034546,1.1559356451034546,1.1559356451034546,1.1559356451034546
1786113780.0,1.1558021306991577,1.1558021306991577,1.1558021306991577,1.1558021306991577
1786113840.0,1.1555349826812744,1.1555349826812744,1.1555349826812744,1.1555349826812744
1786113900.0,1.1556684970855713,1.1556684970855713,1.1556684970855713,1.1556684970855713
1786113960.0,1.1556684970855713,1.1556684970855713,1.1556684970855713,1.1556684970855713
1786114020.0,1.1555349826812744,1.1555349826812744,1.1555349826812744,1.1555349826812744
1786114080.0,1.155401587486267,1.155401587486267,1.155401587486267,1.155401587486267
1786114140.0,1.1556684970855713,1.1556684970855713,1.1556684970855713,1.1556684970855713
1786114200.0,1.1558021306991577,1.1558021306991577,1.1558021306991577,1.1558021306991577
1786114260.0,1.1555349826812744,1.1555349826812744,1.1555349826812744,1.1555349826812744
1786114320.0,1.1555349826812744,1.1555349826812744,1.1555349826812744,1.1555349826812744
1786114380.0,1.1556684970855713,1.1556684970855713,1.1556684970855713,1.1556684970855713
1786114440.0,1.1558021306991577,1.1558021306991577,1.1558021306991577,1.1558021306991577
1786114500.0,1.1558021306991577,1.1558021306991577,1.1558021306991577,1.1558021306991577
1786114560.0,1.1556684970855713,1.1556684970855713,1.1556684970855713,1.1556684970855713
1786114620.0,1.1556684970855713,1.1556684970855713,1.1556684970855713,1.1556684970855713
1786114680.0,1.1555349826812744,1.1555349826812744,1.1555349826812744,1.1555349826812744
1786114740.0,1.1556684970855713,1.1556684970855713,1.1556684970855713,1.1556684970855713
1786114800.0,1.1558021306991577,1.1558021306991577,1.1558021306991577,1.1558021306991577
1786114860.0,1.1556684970855713,1.1556684970855713,1.1556684970855713,1.1556684970855713
1786114920.0,1.1555349826812744,1.1555349826812744,1.1555349826812744,1.1555349826812744
1786114980.0,1.1555349826812744,1.1555349826812744,1.1555349826812744,1.1555349826812744
1786115040.0,1.155401587486267,1.155401587486267,1.155401587486267,1.155401587486267
1786115100.0,1.1555349826812744,1.1555349826812744,1.1555349826812744,1.1555349826812744
1786115160.0,1.1556684970855713,1.1556684970855713,1.1556684970855713,1.1556684970855713
1786115220.0,1.1559356451034546,1.1559356451034546,1.1559356451034546,1.1559356451034546
1786115280.0,1.1559356451034546,1.1559356451034546,1.1559356451034546,1.1559356451034546
1786115340.0,1.1559356451034546,1.1559356451034546,1.1559356451034546,1.1559356451034546
1786115400.0,1.156203031539917,1.156203031539917,1.156203031539917,1.156203031539917
1786115460.0,1.156203031539917,1.156203031539917,1.156203031539917,1.156203031539917
1786115520.0,1.1560693979263306,1.1560693979263306,1.1560693979263306,1.1560693979263306
1786115580.0,1.156203031539917,1.156203031539917,1.156203031539917,1.156203031539917
1786115640.0,1.1564704179763794,1.1564704179763794,1.1564704179763794,1.1564704179763794
1786115700.0,1.156336784362793,1.156336784362793,1.156336784362793,1.156336784362793
1786115760.0,1.1564704179763794,1.1564704179763794,1.1564704179763794,1.1564704179763794
1786115820.0,1.1566041707992554,1.1566041707992554,1.1566041707992554,1.1566041707992554
1786115880.0,1.1564704179763794,1.1564704179763794,1.1564704179763794,1.1564704179763794
1786115940.0,1.1566041707992554,1.1566041707992554,1.1566041707992554,1.1566041707992554
1786116000.0,1.156738042831421,1.156738042831421,1.156738042831421,1.156738042831421
1786116060.0,1.1566041707992554,1.1566041707992554,1.1566041707992554,1.1566041707992554
1786116120.0,1.1566041707992554,1.1566041707992554,1.1566041707992554,1.1566041707992554
1786116180.0,1.1564704179763794,1.1564704179763794,1.1564704179763794,1.1564704179763794
1786116240.0,1.1564704179763794,1.1564704179763794,1.1564704179763794,1.1564704179763794
1786116300.0,1.1564704179763794,1.1564704179763794,1.1564704179763794,1.1564704179763794
1786116360.0,1.156336784362793,1.156336784362793,1.156336784362793,1.156336784362793
1786116420.0,1.156203031539917,1.156203031539917,1.156203031539917,1.156203031539917
1786116480.0,1.1560693979263306,1.1560693979263306,1.1560693979263306,1.1560693979263306
1786116540.0,1.1560693979263306,1.1560693979263306,1.1560693979263306,1.1560693979263306
1786116600.0,1.1559356451034546,1.1559356451034546,1.1559356451034546,1.1559356451034546
1786116660.0,1.1558021306991577,1.1558021306991577,1.1558021306991577,1.1558021306991577
1786116720.0,1.1559356451034546,1.1559356451034546,1.1559356451034546,1.1559356451034546
1786116780.0,1.1559356451034546,1.1559356451034546,1.1559356451034546,1.1559356451034546
1786116840.0,1.1558021306991577,1.1558021306991577,1.1558021306991577,1.1558021306991577
1786116900.0,1.1560693979263306,1.1560693979263306,1.1560693979263306,1.1560693979263306
1786116960.0,1.1560693979263306,1.1560693979263306,1.1560693979263306,1.1560693979263306
1786117020.0,1.156203031539917,1.156203031539917,1.156203031539917,1.156203031539917
1786117080.0,1.156336784362793,1.156336784362793,1.156336784362793,1.156336784362793
1786117140.0,1.156203031539917,1.156203031539917,1.156203031539917,1.156203031539917
1786117200.0,1.1564704179763794,1.1564704179763794,1.1564704179763794,1.1564704179763794
1786117260.0,1.156336784362793,1.156336784362793,1.156336784362793,1.156336784362793
1786117320.0,1.1564704179763794,1.1564704179763794,1.1564704179763794,1.1564704179763794
1786117380.0,1.1564704179763794,1.1564704179763794,1.1564704179763794,1.1564704179763794
1786117440.0,1.1564704179763794,1.1564704179763794,1.1564704179763794,1.1564704179763794
1786117500.0,1.1564704179763794,1.1564704179763794,1.1564704179763794,1.1564704179763794
1786117560.0,1.1566041707992554,1.1566041707992554,1.1566041707992554,1.1566041707992554
1786117620.0,1.1564704179763794,1.1564704179763794,1.1564704179763794,1.1564704179763794
1786117680.0,1.156336784362793,1.156336784362793,1.156336784362793,1.156336784362793
1786117740.0,1.156203031539917,1.156203031539917,1.156203031539917,1.156203031539917
1786117800.0,1.156336784362793,1.156336784362793,1.156336784362793,1.156336784362793
1786117860.0,1.1560693979263306,1.1560693979263306,1.1560693979263306,1.1560693979263306
1786117920.0,1.1560693979263306,1.1560693979263306,1.1560693979263306,1.1560693979263306
1786117980.0,1.1560693979263306,1.1560693979263306,1.1560693979263306,1.1560693979263306
1786118040.0,1.156203031539917,1.156203031539917,1.156203031539917,1.156203031539917
1786118100.0,1.156203031539917,1.156203031539917,1.156203031539917,1.156203031539917
1786118160.0,1.156336784362793,1.156336784362793,1.156336784362793,1.156336784362793
1786118220.0,1.156336784362793,1.156336784362793,1.156336784362793,1.156336784362793
1786118280.0,1.156336784362793,1.156336784362793,1.156336784362793,1.156336784362793
1786118340.0,1.156203031539917,1.156203031539917,1.156203031539917,1.156203031539917
1786118400.0,1.156203031539917,1.156203031539917,1.156203031539917,1.156203031539917
1786118460.0,1.156203031539917,1.156203031539917,1.156203031539917,1.156203031539917
1786118520.0,1.156336784362793,1.156336784362793,1.156336784362793,1.156336784362793
1786118580.0,1.156336784362793,1.156336784362793,1.156336784362793,1.156336784362793
1786118640.0,1.1564704179763794,1.1564704179763794,1.1564704179763794,1.1564704179763794
1786118700.0,1.1564704179763794,1.1564704179763794,1.1564704179763794,1.1564704179763794
1786118760.0,1.1566041707992554,1.1566041707992554,1.1566041707992554,1.1566041707992554
1786118820.0,1.1566041707992554,1.1566041707992554,1.1566041707992554,1.1566041707992554
1786118880.0,1.1566041707992554,1.1566041707992554,1.1566041707992554,1.1566041707992554
1786118940.0,1.1564704179763794,1.1564704179763794,1.1564704179763794,1.1564704179763794
1786119000.0,1.1564704179763794,1.1564704179763794,1.1564704179763794,1.1564704179763794
1786119060.0,1.1566041707992554,1.1566041707992554,1.1566041707992554,1.1566041707992554
1786119120.0,1.1566041707992554,1.1566041707992554,1.1566041707992554,1.1566041707992554
1786119180.0,1.156738042831421,1.156738042831421,1.156738042831421,1.156738042831421
1786119240.0,1.1568717956542969,1.1568717956542969,1.1568717956542969,1.1568717956542969
1786119300.0,1.156738042831421,1.156738042831421,1.156738042831421,1.156738042831421
1786119360.0,1.156738042831421,1.156738042831421,1.156738042831421,1.156738042831421
1786119420.0,1.156738042831421,1.156738042831421,1.156738042831421,1.156738042831421
1786119480.0,1.156738042831421,1.156738042831421,1.156738042831421,1.156738042831421
1786119540.0,1.156738042831421,1.156738042831421,1.156738042831421,1.156738042831421
1786119600.0,1.1564704179763794,1.1564704179763794,1.1564704179763794,1.1564704179763794
1786119660.0,1.1564704179763794,1.1564704179763794,1.1564704179763794,1.1564704179763794
1786119720.0,1.1564704179763794,1.1564704179763794,1.1564704179763794,1.1564704179763794
1786119780.0,1.1564704179763794,1.1564704179763794,1.1564704179763794,1.1564704179763794
1786119840.0,1.1566041707992554,1.1566041707992554,1.1566041707992554,1.1566041707992554
1786119900.0,1.156738042831421,1.156738042831421,1.156738042831421,1.156738042831421
1786119960.0,1.1566041707992554,1.1566041707992554,1.1566041707992554,1.1566041707992554
1786120020.0,1.1564704179763794,1.1564704179763794,1.1564704179763794,1.1564704179763794
1786120080.0,1.1566041707992554,1.1566041707992554,1.1566041707992554,1.1566041707992554
1786120140.0,1.1566041707992554,1.1566041707992554,1.1566041707992554,1.1566041707992554
1786120200.0,1.1566041707992554,1.1566041707992554,1.1566041707992554,1.1566041707992554
1786120260.0,1.1566041707992554,1.1566041707992554,1.1566041707992554,1.1566041707992554
1786120320.0,1.156738042831421,1.156738042831421,1.156738042831421,1.156738042831421
1786120380.0,1.1566041707992554,1.1566041707992554,1.1566041707992554,1.1566041707992554
1786120440.0,1.1564704179763794,1.1564704179763794,1.1564704179763794,1.1564704179763794
1786120500.0,1.1564704179763794,1.1564704179763794,1.1564704179763794,1.1564704179763794
1786120560.0,1.1564704179763794,1.1564704179763794,1.1564704179763794,1.1564704179763794
1786120620.0,1.1566041707992554,1.1566041707992554,1.1566041707992554,1.1566041707992554
1786120680.0,1.1566041707992554,1.1566041707992554,1.1566041707992554,1.1566041707992554
1786120740.0,1.1566041707992554,1.1566041707992554,1.1566041707992554,1.1566041707992554
1786120800.0,1.1566041707992554,1.1566041707992554,1.1566041707992554,1.1566041707992554
1786120860.0,1.1566041707992554,1.1566041707992554,1.1566041707992554,1.1566041707992554
1786120920.0,1.1566041707992554,1.1566041707992554,1.1566041707992554,1.1566041707992554
1786120980.0,1.156738042831421,1.156738042831421,1.156738042831421,1.156738042831421
1786121040.0,1.1566041707992554,1.1566041707992554,1.1566041707992554,1.1566041707992554
1786121100.0,1.156738042831421,1.156738042831421,1.156738042831421,1.156738042831421
1786121160.0,1.156738042831421,1.156738042831421,1.156738042831421,1.156738042831421
1786121220.0,1.1568717956542969,1.1568717956542969,1.1568717956542969,1.1568717956542969
1786121280.0,1.1570056676864624,1.1570056676864624,1.1570056676864624,1.1570056676864624
1786121340.0,1.1570056676864624,1.1570056676864624,1.1570056676864624,1.1570056676864624
1786121400.0,1.1570056676864624,1.1570056676864624,1.1570056676864624,1.1570056676864624
1786121460.0,1.156738042831421,1.156738042831421,1.156738042831421,1.156738042831421
1786121520.0,1.1566041707992554,1.1566041707992554,1.1566041707992554,1.1566041707992554
1786121580.0,1.1564704179763794,1.1564704179763794,1.1564704179763794,1.1564704179763794
1786121640.0,1.1564704179763794,1.1564704179763794,1.1564704179763794,1.1564704179763794
1786121700.0,1.156336784362793,1.156336784362793,1.156336784362793,1.156336784362793
1786121760.0,1.156336784362793,1.156336784362793,1.156336784362793,1.156336784362793
1786121820.0,1.156203031539917,1.156203031539917,1.156203031539917,1.156203031539917
1786121880.0,1.156203031539917,1.156203031539917,1.156203031539917,1.156203031539917
1786121940.0,1.156203031539917,1.156203031539917,1.156203031539917,1.156203031539917
1786122000.0,1.156203031539917,1.156203031539917,1.156203031539917,1.156203031539917
1786122060.0,1.156336784362793,1.156336784362793,1.156336784362793,1.156336784362793
1786122120.0,1.156336784362793,1.156336784362793,1.156336784362793,1.156336784362793
1786122180.0,1.156336784362793,1.156336784362793,1.156336784362793,1.156336784362793
1786122240.0,1.156336784362793,1.156336784362793,1.156336784362793,1.156336784362793
1786122300.0,1.156336784362793,1.156336784362793,1.156336784362793,1.156336784362793
1786122360.0,1.156336784362793,1.156336784362793,1.156336784362793,1.156336784362793
1786122420.0,1.156336784362793,1.156336784362793,1.156336784362793,1.156336784362793
1786122480.0,1.156336784362793,1.156336784362793,1.156336784362793,1.156336784362793
1786122540.0,1.156336784362793,1.156336784362793,1.156336784362793,1.156336784362793
1786122600.0,1.156336784362793,1.156336784362793,1.156336784362793,1.156336784362793
1786122660.0,1.156336784362793,1.156336784362793,1.156336784362793,1.156336784362793
1786122720.0,1.156336784362793,1.156336784362793,1.156336784362793,1.156336784362793
1786122780.0,1.1564704179763794,1.1564704179763794,1.1564704179763794,1.1564704179763794
1786122840.0,1.1564704179763794,1.1564704179763794,1.1564704179763794,1.1564704179763794
1786122900.0,1.1564704179763794,1.1564704179763794,1.1564704179763794,1.1564704179763794
1786122960.0,1.156336784362793,1.156336784362793,1.156336784362793,1.156336784362793
1786123020.0,1.156336784362793,1.156336784362793,1.156336784362793,1.156336784362793
1786123080.0,1.156336784362793,1.156336784362793,1.156336784362793,1.156336784362793
1786123140.0,1.156336784362793,1.156336784362793,1.156336784362793,1.156336784362793
1786123200.0,1.156336784362793,1.156336784362793,1.156336784362793,1.156336784362793
1786123260.0,1.1564704179763794,1.1564704179763794,1.1564704179763794,1.1564704179763794
1786123320.0,1.156336784362793,1.156336784362793,1.156336784362793,1.156336784362793
1786123380.0,1.1564704179763794,1.1564704179763794,1.1564704179763794,1.1564704179763794
1786123440.0,1.1564704179763794,1.1564704179763794,1.1564704179763794,1.1564704179763794
1786123500.0,1.1564704179763794,1.1564704179763794,1.1564704179763794,1.1564704179763794
1786123560.0,1.1564704179763794,1.1564704179763794,1.1564704179763794,1.1564704179763794
1786123620.0,1.1566041707992554,1.1566041707992554,1.1566041707992554,1.1566041707992554
1786123680.0,1.1566041707992554,1.1566041707992554,1.1566041707992554,1.1566041707992554
1786123740.0,1.1564704179763794,1.1564704179763794,1.1564704179763794,1.1564704179763794
1786123800.0,1.1564704179763794,1.1564704179763794,1.1564704179763794,1.1564704179763794
1786123860.0,1.156336784362793,1.156336784362793,1.156336784362793,1.156336784362793
1786123920.0,1.1564704179763794,1.1564704179763794,1.1564704179763794,1.1564704179763794
1786123980.0,1.1564704179763794,1.1564704179763794,1.1564704179763794,1.1564704179763794
1786124040.0,1.1564704179763794,1.1564704179763794,1.1564704179763794,1.1564704179763794
1786124100.0,1.156336784362793,1.156336784362793,1.156336784362793,1.156336784362793
1786124160.0,1.156336784362793,1.156336784362793,1.156336784362793,1.156336784362793
1786124220.0,1.1564704179763794,1.1564704179763794,1.1564704179763794,1.1564704179763794
1786124280.0,1.1566041707992554,1.1566041707992554,1.1566041707992554,1.1566041707992554
1786124340.0,1.1566041707992554,1.1566041707992554,1.1566041707992554,1.1566041707992554
1786124400.0,1.1566041707992554,1.1566041707992554,1.1566041707992554,1.1566041707992554
1786124460.0,1.1566041707992554,1.1566041707992554,1.1566041707992554,1.1566041707992554
1786124520.0,1.1566041707992554,1.1566041707992554,1.1566041707992554,1.1566041707992554
1786124580.0,1.1566041707992554,1.1566041707992554,1.1566041707992554,1.1566041707992554
1786124640.0,1.1566041707992554,1.1566041707992554,1.1566041707992554,1.1566041707992554
1786124700.0,1.1566041707992554,1.1566041707992554,1.1566041707992554,1.1566041707992554
1786124760.0,1.1566041707992554,1.1566041707992554,1.1566041707992554,1.1566041707992554
1786124820.0,1.1566041707992554,1.1566041707992554,1.1566041707992554,1.1566041707992554
1786124880.0,1.1566041707992554,1.1566041707992554,1.1566041707992554,1.1566041707992554
1786124940.0,1.1566041707992554,1.1566041707992554,1.1566041707992554,1.1566041707992554
1786125000.0,1.1566041707992554,1.1566041707992554,1.1566041707992554,1.1566041707992554
1786125060.0,1.1566041707992554,1.1566041707992554,1.1566041707992554,1.1566041707992554
1786125120.0,1.1566041707992554,1.1566041707992554,1.1566041707992554,1.1566041707992554
1786125180.0,1.1566041707992554,1.1566041707992554,1.1566041707992554,1.1566041707992554
1786125240.0,1.1566041707992554,1.1566041707992554,1.1566041707992554,1.1566041707992554
1786125300.0,1.1566041707992554,1.1566041707992554,1.1566041707992554,1.1566041707992554
1786125360.0,1.1564704179763794,1.1564704179763794,1.1564704179763794,1.1564704179763794
1786125420.0,1.1564704179763794,1.1564704179763794,1.1564704179763794,1.1564704179763794
1786125480.0,1.1564704179763794,1.1564704179763794,1.1564704179763794,1.1564704179763794
1786125540.0,1.1564704179763794,1.1564704179763794,1.1564704179763794,1.1564704179763794
1786125600.0,1.156336784362793,1.156336784362793,1.156336784362793,1.156336784362793
1786125660.0,1.156336784362793,1.156336784362793,1.156336784362793,1.156336784362793
1786125720.0,1.156203031539917,1.156203031539917,1.156203031539917,1.156203031539917
1786125780.0,1.156203031539917,1.156203031539917,1.156203031539917,1.156203031539917
1786125840.0,1.156203031539917,1.156203031539917,1.156203031539917,1.156203031539917
1786125900.0,1.156336784362793,1.156336784362793,1.156336784362793,1.156336784362793
1786125960.0,1.1564704179763794,1.1564704179763794,1.1564704179763794,1.1564704179763794
1786126020.0,1.1564704179763794,1.1564704179763794,1.1564704179763794,1.1564704179763794
1786126080.0,1.1564704179763794,1.1564704179763794,1.1564704179763794,1.1564704179763794
1786126140.0,1.1566041707992554,1.1566041707992554,1.1566041707992554,1.1566041707992554
1786126200.0,1.1566041707992554,1.1566041707992554,1.1566041707992554,1.1566041707992554
1786126260.0,1.1566041707992554,1.1566041707992554,1.1566041707992554,1.1566041707992554
1786126320.0,1.1564704179763794,1.1564704179763794,1.1564704179763794,1.1564704179763794
1786126380.0,1.1564704179763794,1.1564704179763794,1.1564704179763794,1.1564704179763794
1786126440.0,1.1564704179763794,1.1564704179763794,1.1564704179763794,1.1564704179763794
1786126500.0,1.1564704179763794,1.1564704179763794,1.1564704179763794,1.1564704179763794
1786126560.0,1.1566041707992554,1.1566041707992554,1.1566041707992554,1.1566041707992554
1786126620.0,1.1564704179763794,1.1564704179763794,1.1564704179763794,1.1564704179763794
1786126680.0,1.1564704179763794,1.1564704179763794,1.1564704179763794,1.1564704179763794
1786126740.0,1.1564704179763794,1.1564704179763794,1.1564704179763794,1.1564704179763794
1786126800.0,1.156336784362793,1.156336784362793,1.156336784362793,1.156336784362793
1786126860.0,1.156336784362793,1.156336784362793,1.156336784362793,1.156336784362793
1786126920.0,1.1564704179763794,1.1564704179763794,1.1564704179763794,1.1564704179763794
1786126980.0,1.1564704179763794,1.1564704179763794,1.1564704179763794,1.1564704179763794
1786127040.0,1.1564704179763794,1.1564704179763794,1.1564704179763794,1.1564704179763794
1786127100.0,1.1564704179763794,1.1564704179763794,1.1564704179763794,1.1564704179763794
1786127160.0,1.1566041707992554,1.1566041707992554,1.1566041707992554,1.1566041707992554
1786127220.0,1.1566041707992554,1.1566041707992554,1.1566041707992554,1.1566041707992554
1786127280.0,1.1564704179763794,1.1564704179763794,1.1564704179763794,1.1564704179763794
1786127340.0,1.1564704179763794,1.1564704179763794,1.1564704179763794,1.1564704179763794
1786127400.0,1.1566041707992554,1.1566041707992554,1.1566041707992554,1.1566041707992554
1786127460.0,1.1566041707992554,1.1566041707992554,1.1566041707992554,1.1566041707992554