time,open,high,low,close
1783449000.0,1.1431183815002441,1.1432491540908813,1.142987847328186,1.1431183815002441
1783449900.0,1.1432491540908813,1.1432491540908813,1.1422044038772583,1.1422044038772583
1783450800.0,1.1420739889144897,1.1420739889144897,1.1415525674819946,1.1415525674819946
1783451700.0,1.141422152519226,1.1416828632354736,1.1411616802215576,1.1416828632354736
1783452600.0,1.1416828632354736,1.1419435739517212,1.1416828632354736,1.1419435739517212
1783453500.0,1.1418131589889526,1.1419435739517212,1.1418131589889526,1.1419435739517212
1783454400.0,1.1418131589889526,1.1420739889144897,1.1416828632354736,1.1416828632354736
1783455300.0,1.1416828632354736,1.1418131589889526,1.1416828632354736,1.1416828632354736
1783456200.0,1.1416828632354736,1.1416828632354736,1.141422152519226,1.1415525674819946
1783457100.0,1.1415525674819946,1.1415525674819946,1.141422152519226,1.1415525674819946
1783458000.0,1.1427265405654907,1.1427265405654907,1.141291856765747,1.141291856765747
1783458900.0,1.141422152519226,1.141422152519226,1.1409013271331787,1.1409013271331787
1783459800.0,1.1410315036773682,1.1410315036773682,1.140380859375,1.1410315036773682
1783460700.0,1.1410315036773682,1.1411616802215576,1.1407711505889893,1.1411616802215576
1783461600.0,1.1411616802215576,1.1411616802215576,1.1409013271331787,1.1409013271331787
1783462500.0,1.1409013271331787,1.1410315036773682,1.1407711505889893,1.1407711505889893
1783463400.0,1.1409013271331787,1.1409013271331787,1.1406410932540894,1.1407711505889893
1783464300.0,1.1407711505889893,1.1410315036773682,1.1407711505889893,1.1410315036773682
1783465200.0,1.1410315036773682,1.1411616802215576,1.1407711505889893,1.1407711505889893
1783466100.0,1.1407711505889893,1.1409013271331787,1.1407711505889893,1.1407711505889893
1783467000.0,1.1407711505889893,1.1410315036773682,1.1407711505889893,1.1407711505889893
1783467900.0,1.1407711505889893,1.1407711505889893,1.140380859375,1.1405109167099
1783468800.0,1.140380859375,1.1409013271331787,1.140380859375,1.1409013271331787
1783469700.0,1.1409013271331787,1.1411616802215576,1.1406410932540894,1.1410315036773682
1783470600.0,1.1410315036773682,1.1415525674819946,1.1410315036773682,1.141422152519226
1783471500.0,1.141291856765747,1.141422152519226,1.1410315036773682,1.1411616802215576
1783472400.0,1.1411616802215576,1.141291856765747,1.1410315036773682,1.1410315036773682
1783473300.0,1.1410315036773682,1.1410315036773682,1.1407711505889893,1.1407711505889893
1783474200.0,1.1407711505889893,1.1407711505889893,1.1402509212493896,1.1402509212493896
1783475100.0,1.1405109167099,1.1409013271331787,1.140380859375,1.1409013271331787
1783476000.0,1.1409013271331787,1.1410315036773682,1.1407711505889893,1.1409013271331787
1783476900.0,1.1411616802215576,1.1415525674819946,1.1411616802215576,1.141422152519226
1783477800.0,1.141422152519226,1.1415525674819946,1.141291856765747,1.1415525674819946
1783478700.0,1.1415525674819946,1.1415525674819946,1.141422152519226,1.1415525674819946
1783479600.0,1.1415525674819946,1.1418131589889526,1.1415525674819946,1.1418131589889526
1783480500.0,1.1419435739517212,1.1419435739517212,1.1418131589889526,1.1418131589889526
1783481400.0,1.1418131589889526,1.1418131589889526,1.1416828632354736,1.1416828632354736
1783482300.0,1.1418131589889526,1.1418131589889526,1.1416828632354736,1.1416828632354736
1783483200.0,1.1416828632354736,1.1416828632354736,1.1415525674819946,1.1415525674819946
1783484100.0,1.1415525674819946,1.1416828632354736,1.141422152519226,1.1416828632354736
1783485000.0,1.1416828632354736,1.1419435739517212,1.1416828632354736,1.1418131589889526
1783485900.0,1.1418131589889526,1.1418131589889526,1.1416828632354736,1.1418131589889526
1783486800.0,1.1418131589889526,1.1422044038772583,1.1418131589889526,1.1419435739517212
1783487700.0,1.1419435739517212,1.1419435739517212,1.1415525674819946,1.1416828632354736
1783488600.0,1.1418131589889526,1.1423349380493164,1.1418131589889526,1.1423349380493164
1783489500.0,1.1423349380493164,1.1423349380493164,1.1420739889144897,1.1423349380493164
1783490400.0,1.1424654722213745,1.1425960063934326,1.1422044038772583,1.1422044038772583
1783491300.0,1.1423349380493164,1.1425960063934326,1.1423349380493164,1.1425960063934326
1783492200.0,1.1425960063934326,1.1427265405654907,1.1423349380493164,1.1424654722213745
1783493100.0,1.1424654722213745,1.1424654722213745,1.1422044038772583,1.1424654722213745
1783494000.0,1.1425960063934326,1.1425960063934326,1.1422044038772583,1.1423349380493164
1783494900.0,1.1422044038772583,1.1431183815002441,1.1420739889144897,1.142987847328186
1783495800.0,1.1432491540908813,1.143379807472229,1.142987847328186,1.1432491540908813
1783496700.0,1.1432491540908813,1.1432491540908813,1.142987847328186,1.142987847328186
1783497600.0,1.1428571939468384,1.1431183815002441,1.1427265405654907,1.1427265405654907
1783498500.0,1.1428571939468384,1.1428571939468384,1.1409013271331787,1.1416828632354736
1783499400.0,1.1418131589889526,1.1419435739517212,1.1409013271331787,1.1411616802215576
1783500300.0,1.1416828632354736,1.1422044038772583,1.141422152519226,1.141422152519226
1783501200.0,1.1411616802215576,1.141291856765747,1.1401208639144897,1.1401208639144897
1783502100.0,1.1401208639144897,1.1410315036773682,1.1401208639144897,1.1407711505889893
1783503000.0,1.1409013271331787,1.141291856765747,1.1409013271331787,1.141291856765747
1783503900.0,1.141291856765747,1.141422152519226,1.1407711505889893,1.1409013271331787
1783504800.0,1.1409013271331787,1.1410315036773682,1.1405109167099,1.1406410932540894
1783505700.0,1.1405109167099,1.1416828632354736,1.1405109167099,1.141422152519226
1783506600.0,1.141422152519226,1.1416828632354736,1.141422152519226,1.1416828632354736
1783507500.0,1.1415525674819946,1.1416828632354736,1.1411616802215576,1.1411616802215576
1783508400.0,1.1411616802215576,1.1411616802215576,1.1409013271331787,1.1410315036773682
1783509300.0,1.1411616802215576,1.141291856765747,1.1409013271331787,1.1409013271331787
1783510200.0,1.1409013271331787,1.1409013271331787,1.1397310495376587,1.1407711505889893
1783511100.0,1.1406410932540894,1.1406410932540894,1.1399909257888794,1.1399909257888794
1783512000.0,1.1402509212493896,1.1407711505889893,1.1401208639144897,1.1405109167099
1783512900.0,1.1406410932540894,1.1409013271331787,1.1406410932540894,1.1407711505889893
1783513800.0,1.1409013271331787,1.1409013271331787,1.1406410932540894,1.1409013271331787
1783514700.0,1.1409013271331787,1.1410315036773682,1.1399909257888794,1.1399909257888794
1783515600.0,1.1401208639144897,1.1406410932540894,1.1401208639144897,1.1405109167099
1783516500.0,1.1402509212493896,1.1407711505889893,1.1401208639144897,1.1407711505889893
1783517400.0,1.1407711505889893,1.141422152519226,1.1407711505889893,1.141422152519226
1783518300.0,1.141422152519226,1.1416828632354736,1.1411616802215576,1.1411616802215576
1783519200.0,1.141291856765747,1.1415525674819946,1.1410315036773682,1.1411616802215576
1783520100.0,1.1410315036773682,1.141422152519226,1.1410315036773682,1.141291856765747
1783521000.0,1.1410315036773682,1.1411616802215576,1.1407711505889893,1.1409013271331787
1783521900.0,1.1409013271331787,1.1410315036773682,1.1409013271331787,1.1410315036773682
1783522800.0,1.1409013271331787,1.141422152519226,1.1406410932540894,1.1406410932540894
1783523700.0,1.140380859375,1.1405109167099,1.1402509212493896,1.140380859375
1783524600.0,1.1401208639144897,1.1402509212493896,1.1394712924957275,1.1396011114120483
1783525500.0,1.1396011114120483,1.1399909257888794,1.1396011114120483,1.1398608684539795
1783526400.0,1.1398608684539795,1.1402509212493896,1.1398608684539795,1.1402509212493896
1783527300.0,1.1399909257888794,1.1406410932540894,1.1399909257888794,1.1405109167099
1783528200.0,1.1405109167099,1.141422152519226,1.1405109167099,1.141422152519226
1783529100.0,1.141422152519226,1.1418131589889526,1.141422152519226,1.1416828632354736
1783530000.0,1.1418131589889526,1.1425960063934326,1.1418131589889526,1.1425960063934326
1783530900.0,1.1425960063934326,1.1428571939468384,1.1424654722213745,1.1428571939468384
1783531800.0,1.142987847328186,1.142987847328186,1.1424654722213745,1.1424654722213745
1783532700.0,1.1424654722213745,1.1425960063934326,1.1422044038772583,1.1422044038772583
1783533600.0,1.1422044038772583,1.1431183815002441,1.1422044038772583,1.1431183815002441
1783534500.0,1.142987847328186,1.1431183815002441,1.142987847328186,1.142987847328186
1783535400.0,1.1428571939468384,1.1431183815002441,1.1427265405654907,1.1431183815002441
1783536300.0,1.1431183815002441,1.1431183815002441,1.1428571939468384,1.142987847328186
1783537200.0,1.1431183815002441,1.1432491540908813,1.142987847328186,1.1431183815002441
1783538100.0,1.1432491540908813,1.1432491540908813,1.1431183815002441,1.1431183815002441
1783539000.0,1.1432491540908813,1.1432491540908813,1.1431183815002441,1.1431183815002441
1783539900.0,1.142987847328186,1.1432491540908813,1.1425960063934326,1.1431183815002441
1783540800.0,1.142987847328186,1.1431183815002441,1.1428571939468384,1.1428571939468384
1783541700.0,1.1428571939468384,1.1428571939468384,1.1423349380493164,1.1424654722213745
1783542600.0,1.1423349380493164,1.1423349380493164,1.1418131589889526,1.1419435739517212
1783543500.0,1.1419435739517212,1.1420739889144897,1.1419435739517212,1.1420739889144897
1783544400.0,1.1420739889144897,1.1425960063934326,1.1418131589889526,1.1424654722213745
1783545300.0,1.1423349380493164,1.1427265405654907,1.1420739889144897,1.1427265405654907
1783546200.0,1.1423349380493164,1.1425960063934326,1.1419435739517212,1.1420739889144897
1783547100.0,1.1420739889144897,1.1423349380493164,1.1419435739517212,1.1422044038772583
1783548000.0,1.1420739889144897,1.1420739889144897,1.1419435739517212,1.1420739889144897
1783548900.0,1.1420739889144897,1.1420739889144897,1.1420739889144897,1.1420739889144897
1783549800.0,1.1420739889144897,1.1422044038772583,1.1420739889144897,1.1422044038772583
1783550700.0,1.1422044038772583,1.1422044038772583,1.1420739889144897,1.1422044038772583
1783551600.0,1.1422044038772583,1.1423349380493164,1.1420739889144897,1.1420739889144897
1783552500.0,1.1420739889144897,1.1422044038772583,1.1420739889144897,1.1422044038772583
1783553400.0,1.1422044038772583,1.1423349380493164,1.1422044038772583,1.1423349380493164
1783554300.0,1.1424654722213745,1.1424654722213745,1.1423349380493164,1.1424654722213745
1783555200.0,1.1424654722213745,1.1432491540908813,1.1424654722213745,1.1431183815002441
1783556100.0,1.1431183815002441,1.1431183815002441,1.1428571939468384,1.142987847328186
1783557000.0,1.1432491540908813,1.1432491540908813,1.142987847328186,1.142987847328186
1783557900.0,1.142987847328186,1.142987847328186,1.1427265405654907,1.1428571939468384
1783558800.0,1.1428571939468384,1.142987847328186,1.1425960063934326,1.1425960063934326
1783559700.0,1.1427265405654907,1.1427265405654907,1.1424654722213745,1.1424654722213745
1783560600.0,1.1424654722213745,1.1428571939468384,1.1423349380493164,1.1427265405654907
1783561500.0,1.1425960063934326,1.1428571939468384,1.1424654722213745,1.1428571939468384
1783562400.0,1.1428571939468384,1.1431183815002441,1.1428571939468384,1.142987847328186
1783563300.0,1.1431183815002441,1.1431183815002441,1.142987847328186,1.142987847328186
1783564200.0,1.142987847328186,1.142987847328186,1.1427265405654907,1.1428571939468384
1783565100.0,1.142987847328186,1.142987847328186,1.1427265405654907,1.1427265405654907
1783566000.0,1.1427265405654907,1.1428571939468384,1.1427265405654907,1.1428571939468384
1783566900.0,1.1427265405654907,1.142987847328186,1.1425960063934326,1.1428571939468384
1783567800.0,1.1431183815002441,1.143379807472229,1.1431183815002441,1.1431183815002441
1783568700.0,1.1431183815002441,1.1431183815002441,1.142987847328186,1.142987847328186
1783569600.0,1.142987847328186,1.1431183815002441,1.1428571939468384,1.142987847328186
1783570500.0,1.142987847328186,1.1431183815002441,1.1427265405654907,1.1428571939468384
1783571400.0,1.1428571939468384,1.142987847328186,1.1428571939468384,1.1428571939468384
1783572300.0,1.1428571939468384,1.142987847328186,1.1428571939468384,1.142987847328186
1783573200.0,1.142987847328186,1.1435105800628662,1.142987847328186,1.1435105800628662
1783574100.0,1.1435105800628662,1.1435105800628662,1.1432491540908813,1.1435105800628662
1783575000.0,1.1435105800628662,1.1436413526535034,1.143379807472229,1.143379807472229
1783575900.0,1.1435105800628662,1.1436413526535034,1.143379807472229,1.143379807472229
1783576800.0,1.1437721252441406,1.1440337896347046,1.1437721252441406,1.1437721252441406
1783577700.0,1.1437721252441406,1.145081877708435,1.1437721252441406,1.1449507474899292
1783578600.0,1.144819736480713,1.145081877708435,1.1445575952529907,1.144688606262207
1783579500.0,1.144819736480713,1.144819736480713,1.144426703453064,1.144426703453064
1783580400.0,1.1445575952529907,1.1445575952529907,1.1439030170440674,1.1440337896347046
1783581300.0,1.1440337896347046,1.1442956924438477,1.1439030170440674,1.144164800643921
1783582200.0,1.144164800643921,1.144164800643921,1.1437721252441406,1.1437721252441406
1783583100.0,1.1439030170440674,1.1439030170440674,1.1436413526535034,1.1437721252441406
1783584000.0,1.1439030170440674,1.144164800643921,1.1437721252441406,1.1437721252441406
1783584900.0,1.1439030170440674,1.1440337896347046,1.1437721252441406,1.1440337896347046
1783585800.0,1.1440337896347046,1.1440337896347046,1.1435105800628662,1.1435105800628662
1783586700.0,1.1435105800628662,1.1435105800628662,1.1428571939468384,1.142987847328186
1783587600.0,1.142987847328186,1.1431183815002441,1.1427265405654907,1.142987847328186
1783588500.0,1.142987847328186,1.1431183815002441,1.1428571939468384,1.1431183815002441
1783589400.0,1.142987847328186,1.1431183815002441,1.1428571939468384,1.1428571939468384
1783590300.0,1.142987847328186,1.1435105800628662,1.142987847328186,1.143379807472229
1783591200.0,1.143379807472229,1.143379807472229,1.1431183815002441,1.1432491540908813
1783592100.0,1.1432491540908813,1.1432491540908813,1.142987847328186,1.1431183815002441
1783593000.0,1.142987847328186,1.1435105800628662,1.142987847328186,1.1431183815002441
1783593900.0,1.1431183815002441,1.1431183815002441,1.1424654722213745,1.1425960063934326
1783594800.0,1.1425960063934326,1.1428571939468384,1.1425960063934326,1.1428571939468384
1783595700.0,1.1428571939468384,1.142987847328186,1.1427265405654907,1.1427265405654907
1783596600.0,1.1427265405654907,1.142987847328186,1.1427265405654907,1.142987847328186
1783597500.0,1.142987847328186,1.1432491540908813,1.1428571939468384,1.1432491540908813
1783598400.0,1.143379807472229,1.1439030170440674,1.1432491540908813,1.1436413526535034
1783599300.0,1.1437721252441406,1.1437721252441406,1.1435105800628662,1.1435105800628662
1783600200.0,1.1436413526535034,1.1439030170440674,1.142987847328186,1.142987847328186
1783601100.0,1.1431183815002441,1.1431183815002441,1.1427265405654907,1.1427265405654907
1783602000.0,1.1428571939468384,1.143379807472229,1.1428571939468384,1.1432491540908813
1783602900.0,1.1435105800628662,1.1439030170440674,1.143379807472229,1.1437721252441406
1783603800.0,1.1437721252441406,1.1439030170440674,1.1435105800628662,1.1437721252441406
1783604700.0,1.1439030170440674,1.144164800643921,1.1437721252441406,1.144164800643921
1783605600.0,1.1442956924438477,1.144819736480713,1.1442956924438477,1.144426703453064
1783606500.0,1.1442956924438477,1.144426703453064,1.1440337896347046,1.1442956924438477
1783607400.0,1.1442956924438477,1.144426703453064,1.1439030170440674,1.1439030170440674
1783608300.0,1.1439030170440674,1.1439030170440674,1.1435105800628662,1.1436413526535034
1783609200.0,1.1436413526535034,1.1439030170440674,1.143379807472229,1.1435105800628662
1783610100.0,1.1435105800628662,1.1437721252441406,1.1432491540908813,1.1436413526535034
1783611000.0,1.1437721252441406,1.1440337896347046,1.1435105800628662,1.1440337896347046
1783611900.0,1.1439030170440674,1.1442956924438477,1.1439030170440674,1.144164800643921
1783612800.0,1.1442956924438477,1.1442956924438477,1.144164800643921,1.1442956924438477
1783613700.0,1.144426703453064,1.144426703453064,1.1439030170440674,1.1440337896347046
1783614600.0,1.1439030170440674,1.1442956924438477,1.1439030170440674,1.1442956924438477
1783615500.0,1.1442956924438477,1.144426703453064,1.1440337896347046,1.1440337896347046
1783616400.0,1.1440337896347046,1.144164800643921,1.1439030170440674,1.1440337896347046
1783617300.0,1.1439030170440674,1.144426703453064,1.1439030170440674,1.1442956924438477
1783618200.0,1.1442956924438477,1.1442956924438477,1.1439030170440674,1.1440337896347046
1783619100.0,1.1440337896347046,1.144164800643921,1.1440337896347046,1.1440337896347046
1783620000.0,1.144164800643921,1.144164800643921,1.1437721252441406,1.1437721252441406
1783620900.0,1.1439030170440674,1.1439030170440674,1.1435105800628662,1.1435105800628662
1783621800.0,1.1435105800628662,1.1436413526535034,1.1435105800628662,1.1436413526535034
1783622700.0,1.1436413526535034,1.1437721252441406,1.1435105800628662,1.1436413526535034
1783623600.0,1.1437721252441406,1.1437721252441406,1.143379807472229,1.1435105800628662
1783624500.0,1.1435105800628662,1.1435105800628662,1.1432491540908813,1.1432491540908813
1783625400.0,1.1432491540908813,1.1432491540908813,1.142987847328186,1.142987847328186
1783626300.0,1.142987847328186,1.1431183815002441,1.142987847328186,1.1431183815002441
1783627200.0,1.1431183815002441,1.1432491540908813,1.1431183815002441,1.1432491540908813
1783628100.0,1.1432491540908813,1.143379807472229,1.1432491540908813,1.1432491540908813
1783629000.0,1.1432491540908813,1.143379807472229,1.1432491540908813,1.143379807472229
1783629900.0,1.1432491540908813,1.1432491540908813,1.1431183815002441,1.1432491540908813
1783630800.0,1.1437721252441406,1.1437721252441406,1.1428571939468384,1.142987847328186
1783631700.0,1.1432491540908813,1.143379807472229,1.1424654722213745,1.1424654722213745
1783632600.0,1.1425960063934326,1.1437721252441406,1.1425960063934326,1.1432491540908813
1783633500.0,1.1431183815002441,1.1436413526535034,1.1431183815002441,1.1435105800628662
1783634400.0,1.143379807472229,1.1436413526535034,1.1432491540908813,1.1435105800628662
1783635300.0,1.1436413526535034,1.1436413526535034,1.1436413526535034,1.1436413526535034
1783636200.0,1.1436413526535034,1.1436413526535034,1.1436413526535034,1.1436413526535034
1783637100.0,1.1436413526535034,1.1436413526535034,1.1436413526535034,1.1436413526535034
1783638000.0,1.1436413526535034,1.1437721252441406,1.1436413526535034,1.1436413526535034
1783638900.0,1.1436413526535034,1.1436413526535034,1.1435105800628662,1.1435105800628662
1783639800.0,1.1435105800628662,1.1436413526535034,1.1435105800628662,1.1436413526535034
1783640700.0,1.1437721252441406,1.1437721252441406,1.1435105800628662,1.1436413526535034
1783641600.0,1.1436413526535034,1.1437721252441406,1.1435105800628662,1.1435105800628662
1783642500.0,1.1436413526535034,1.1436413526535034,1.143379807472229,1.143379807472229
1783643400.0,1.143379807472229,1.1437721252441406,1.143379807472229,1.1437721252441406
1783644300.0,1.1440337896347046,1.1445575952529907,1.1439030170440674,1.144426703453064
1783645200.0,1.1442956924438477,1.144688606262207,1.144164800643921,1.144688606262207
1783646100.0,1.144819736480713,1.145081877708435,1.1445575952529907,1.1445575952529907
1783647000.0,1.1445575952529907,1.144819736480713,1.1445575952529907,1.144688606262207
1783647900.0,1.144688606262207,1.145213007926941,1.1445575952529907,1.145213007926941
1783648800.0,1.145081877708435,1.1458691358566284,1.145081877708435,1.1458691358566284
1783649700.0,1.1461317539215088,1.1462632417678833,1.1460003852844238,1.1461317539215088
1783650600.0,1.1461317539215088,1.1461317539215088,1.1458691358566284,1.1461317539215088
1783651500.0,1.1462632417678833,1.1463946104049683,1.1461317539215088,1.1461317539215088
1783652400.0,1.1462632417678833,1.1462632417678833,1.1458691358566284,1.1458691358566284
1783653300.0,1.1458691358566284,1.1460003852844238,1.145737886428833,1.1458691358566284
1783654200.0,1.1460003852844238,1.1460003852844238,1.145737886428833,1.145737886428833
1783655100.0,1.145737886428833,1.145737886428833,1.145213007926941,1.1453442573547363
1783656000.0,1.145213007926941,1.145213007926941,1.145081877708435,1.145213007926941
1783656900.0,1.145213007926941,1.145213007926941,1.144819736480713,1.1449507474899292
1783657800.0,1.1449507474899292,1.1449507474899292,1.1445575952529907,1.1445575952529907
1783658700.0,1.1445575952529907,1.1445575952529907,1.144426703453064,1.1445575952529907
1783659600.0,1.1445575952529907,1.144688606262207,1.144426703453064,1.144426703453064
1783660500.0,1.144426703453064,1.144426703453064,1.1440337896347046,1.144164800643921
1783661400.0,1.1440337896347046,1.144164800643921,1.1439030170440674,1.1440337896347046
1783662300.0,1.144164800643921,1.144426703453064,1.144164800643921,1.1442956924438477
1783663200.0,1.1442956924438477,1.144688606262207,1.1442956924438477,1.144688606262207
1783664100.0,1.144688606262207,1.145081877708435,1.1445575952529907,1.1445575952529907
1783665000.0,1.1445575952529907,1.1449507474899292,1.144426703453064,1.144426703453064
1783665900.0,1.1442956924438477,1.1445575952529907,1.1442956924438477,1.1445575952529907
1783666800.0,1.144426703453064,1.1445575952529907,1.144164800643921,1.1442956924438477
1783667700.0,1.1440337896347046,1.1445575952529907,1.1440337896347046,1.1442956924438477
1783668600.0,1.144426703453064,1.144426703453064,1.144164800643921,1.144426703453064
1783669500.0,1.1442956924438477,1.144426703453064,1.1440337896347046,1.1440337896347046
1783670400.0,1.1440337896347046,1.1445575952529907,1.1440337896347046,1.1440337896347046
1783671300.0,1.1440337896347046,1.1440337896347046,1.1435105800628662,1.1437721252441406
1783672200.0,1.1439030170440674,1.1439030170440674,1.1435105800628662,1.1437721252441406
1783673100.0,1.1437721252441406,1.1437721252441406,1.143379807472229,1.143379807472229
1783674000.0,1.143379807472229,1.1436413526535034,1.143379807472229,1.1436413526535034
1783674900.0,1.1436413526535034,1.1436413526535034,1.143379807472229,1.1436413526535034
1783675800.0,1.1435105800628662,1.1436413526535034,1.1432491540908813,1.1432491540908813
1783676700.0,1.143379807472229,1.143379807472229,1.142987847328186,1.1431183815002441
1783677600.0,1.1431183815002441,1.1432491540908813,1.142987847328186,1.1432491540908813
1783678500.0,1.1432491540908813,1.1436413526535034,1.1432491540908813,1.1436413526535034
1783679400.0,1.1436413526535034,1.1436413526535034,1.143379807472229,1.1435105800628662
1783680300.0,1.1435105800628662,1.1439030170440674,1.143379807472229,1.1436413526535034
1783681200.0,1.1436413526535034,1.1437721252441406,1.143379807472229,1.1435105800628662
1783682100.0,1.143379807472229,1.1435105800628662,1.1431183815002441,1.1432491540908813
1783683000.0,1.1432491540908813,1.143379807472229,1.142987847328186,1.1432491540908813
1783683900.0,1.1432491540908813,1.1435105800628662,1.1432491540908813,1.1435105800628662
1783684800.0,1.1435105800628662,1.1440337896347046,1.142987847328186,1.1440337896347046
1783685700.0,1.1437721252441406,1.1437721252441406,1.1432491540908813,1.1432491540908813
1783686600.0,1.143379807472229,1.143379807472229,1.1428571939468384,1.142987847328186
1783687500.0,1.142987847328186,1.1432491540908813,1.1427265405654907,1.1432491540908813
1783688400.0,1.1432491540908813,1.1432491540908813,1.1423349380493164,1.1424654722213745
1783689300.0,1.1424654722213745,1.1425960063934326,1.1423349380493164,1.1424654722213745
1783690200.0,1.1424654722213745,1.142987847328186,1.1423349380493164,1.142987847328186
1783691100.0,1.1428571939468384,1.1428571939468384,1.1423349380493164,1.1423349380493164
1783692000.0,1.1422044038772583,1.1425960063934326,1.1420739889144897,1.1425960063934326
1783692900.0,1.1425960063934326,1.142987847328186,1.1424654722213745,1.1428571939468384
1783693800.0,1.142987847328186,1.1431183815002441,1.1418131589889526,1.1425960063934326
1783694700.0,1.1423349380493164,1.1425960063934326,1.1422044038772583,1.1425960063934326
1783695600.0,1.1425960063934326,1.1431183815002441,1.1425960063934326,1.1431183815002441
1783696500.0,1.1431183815002441,1.1437721252441406,1.1431183815002441,1.1435105800628662
1783697400.0,1.1436413526535034,1.1437721252441406,1.1435105800628662,1.1436413526535034
1783698300.0,1.1436413526535034,1.144164800643921,1.1435105800628662,1.144164800643921
1783699200.0,1.1440337896347046,1.1442956924438477,1.1440337896347046,1.1442956924438477
1783700100.0,1.1442956924438477,1.144426703453064,1.1440337896347046,1.1442956924438477
1783701000.0,1.144164800643921,1.1442956924438477,1.1439030170440674,1.1439030170440674
1783701900.0,1.1437721252441406,1.1439030170440674,1.143379807472229,1.143379807472229
1783702800.0,1.143379807472229,1.143379807472229,1.142987847328186,1.1431183815002441
1783703700.0,1.1431183815002441,1.1431183815002441,1.1425960063934326,1.1427265405654907
1783704600.0,1.1428571939468384,1.1428571939468384,1.1423349380493164,1.1424654722213745
1783705500.0,1.1424654722213745,1.1425960063934326,1.1420739889144897,1.1420739889144897
1783706400.0,1.1420739889144897,1.1420739889144897,1.1419435739517212,1.1419435739517212
1783707300.0,1.1420739889144897,1.1420739889144897,1.1418131589889526,1.1418131589889526
1783708200.0,1.1416828632354736,1.1418131589889526,1.1415525674819946,1.1415525674819946
1783709100.0,1.1416828632354736,1.1419435739517212,1.1416828632354736,1.1419435739517212
1783710000.0,1.1419435739517212,1.1419435739517212,1.1418131589889526,1.1419435739517212
1783710900.0,1.1418131589889526,1.1419435739517212,1.1418131589889526,1.1419435739517212
1783711800.0,1.1419435739517212,1.1419435739517212,1.1418131589889526,1.1418131589889526
1783712700.0,1.1418131589889526,1.1419435739517212,1.1416828632354736,1.1419435739517212
1783713600.0,1.1419435739517212,1.1422044038772583,1.1418131589889526,1.1419435739517212
1783714500.0,1.1419435739517212,1.1420739889144897,1.1416828632354736,1.1416828632354736
1783715400.0,1.1416828632354736,1.1416828632354736,1.1415525674819946,1.1416828632354736
1783716300.0,1.1416828632354736,1.1418131589889526,1.1416828632354736,1.1416828632354736
1783717200.0,1.1419435739517212,1.1419435739517212,1.1419435739517212,1.1419435739517212
1783718100.0,1.1419435739517212,1.1419435739517212,1.1419435739517212,1.1419435739517212
1783897200.0,1.1397310495376587,1.1398608684539795,1.1397310495376587,1.1398608684539795
1783898100.0,1.1399909257888794,1.1402509212493896,1.1399909257888794,1.1401208639144897
1783899000.0,1.1401208639144897,1.1402509212493896,1.1399909257888794,1.1402509212493896
1783899900.0,1.1402509212493896,1.1406410932540894,1.1402509212493896,1.1406410932540894
1783900800.0,1.1407711505889893,1.1407711505889893,1.140380859375,1.140380859375
1783901700.0,1.140380859375,1.1406410932540894,1.1401208639144897,1.1405109167099
1783902600.0,1.1405109167099,1.1406410932540894,1.1398608684539795,1.1398608684539795
1783903500.0,1.1399909257888794,1.1401208639144897,1.1398608684539795,1.1398608684539795
1783904400.0,1.1398608684539795,1.1398608684539795,1.1393414735794067,1.1394712924957275
1783905300.0,1.1394712924957275,1.1396011114120483,1.1389521360397339,1.1390818357467651
1783906200.0,1.139211654663086,1.1398608684539795,1.139211654663086,1.1398608684539795
1783907100.0,1.1398608684539795,1.1399909257888794,1.1397310495376587,1.1399909257888794
1783908000.0,1.1401208639144897,1.1401208639144897,1.1397310495376587,1.1398608684539795
1783908900.0,1.1397310495376587,1.1399909257888794,1.1397310495376587,1.1397310495376587
1783909800.0,1.1398608684539795,1.1402509212493896,1.1398608684539795,1.1402509212493896
1783910700.0,1.1402509212493896,1.1402509212493896,1.1398608684539795,1.1398608684539795
1783911600.0,1.1398608684539795,1.1398608684539795,1.1394712924957275,1.1394712924957275
1783912500.0,1.1396011114120483,1.1398608684539795,1.1396011114120483,1.1397310495376587
1783913400.0,1.1398608684539795,1.1399909257888794,1.1398608684539795,1.1399909257888794
1783914300.0,1.1399909257888794,1.1401208639144897,1.1398608684539795,1.1401208639144897
1783915200.0,1.1402509212493896,1.1402509212493896,1.1399909257888794,1.1401208639144897
1783916100.0,1.1402509212493896,1.1402509212493896,1.1401208639144897,1.1402509212493896
1783917000.0,1.1405109167099,1.1406410932540894,1.140380859375,1.140380859375
1783917900.0,1.140380859375,1.1407711505889893,1.140380859375,1.1407711505889893
1783918800.0,1.1407711505889893,1.1411616802215576,1.1407711505889893,1.1411616802215576
1783919700.0,1.1411616802215576,1.1411616802215576,1.1405109167099,1.1405109167099
1783920600.0,1.1405109167099,1.1406410932540894,1.140380859375,1.1405109167099
1783921500.0,1.140380859375,1.1407711505889893,1.1401208639144897,1.1401208639144897
1783922400.0,1.1402509212493896,1.1402509212493896,1.1399909257888794,1.1399909257888794
1783923300.0,1.1399909257888794,1.1405109167099,1.1399909257888794,1.1405109167099
1783924200.0,1.1406410932540894,1.1410315036773682,1.1406410932540894,1.1409013271331787
1783925100.0,1.1407711505889893,1.1410315036773682,1.140380859375,1.140380859375
1783926000.0,1.1405109167099,1.141291856765747,1.1405109167099,1.1410315036773682
1783926900.0,1.1411616802215576,1.1411616802215576,1.1410315036773682,1.1411616802215576
1783927800.0,1.1411616802215576,1.1424654722213745,1.1410315036773682,1.1420739889144897
1783928700.0,1.1419435739517212,1.1428571939468384,1.1419435739517212,1.1427265405654907
1783929600.0,1.1427265405654907,1.1445575952529907,1.1427265405654907,1.1442956924438477
1783930500.0,1.144426703453064,1.1449507474899292,1.144164800643921,1.144164800643921
1783931400.0,1.144164800643921,1.144426703453064,1.1439030170440674,1.1442956924438477
1783932300.0,1.1442956924438477,1.1442956924438477,1.1440337896347046,1.144164800643921
1783933200.0,1.1439030170440674,1.1440337896347046,1.1435105800628662,1.1435105800628662
1783934100.0,1.1435105800628662,1.1436413526535034,1.1432491540908813,1.1435105800628662
1783935000.0,1.1435105800628662,1.1436413526535034,1.1431183815002441,1.1432491540908813
1783935900.0,1.1432491540908813,1.143379807472229,1.1431183815002441,1.143379807472229
1783936800.0,1.1435105800628662,1.1437721252441406,1.143379807472229,1.1435105800628662
1783937700.0,1.1435105800628662,1.1435105800628662,1.1432491540908813,1.1432491540908813
1783938600.0,1.1432491540908813,1.143379807472229,1.142987847328186,1.143379807472229
1783939500.0,1.1432491540908813,1.1439030170440674,1.1432491540908813,1.1439030170440674
1783940400.0,1.1439030170440674,1.1440337896347046,1.1432491540908813,1.1432491540908813
1783941300.0,1.143379807472229,1.143379807472229,1.1428571939468384,1.1432491540908813
1783942200.0,1.1432491540908813,1.143379807472229,1.1431183815002441,1.1432491540908813
1783943100.0,1.1432491540908813,1.143379807472229,1.1431183815002441,1.1431183815002441
1783944000.0,1.1431183815002441,1.1432491540908813,1.1424654722213745,1.1425960063934326
1783944900.0,1.1425960063934326,1.1428571939468384,1.1424654722213745,1.1427265405654907
1783945800.0,1.1427265405654907,1.1432491540908813,1.1427265405654907,1.142987847328186
1783946700.0,1.1428571939468384,1.1432491540908813,1.1427265405654907,1.1432491540908813
1783947600.0,1.1435105800628662,1.1435105800628662,1.142987847328186,1.142987847328186
1783948500.0,1.142987847328186,1.142987847328186,1.1427265405654907,1.1428571939468384
1783949400.0,1.1427265405654907,1.1431183815002441,1.1423349380493164,1.1424654722213745
1783950300.0,1.1423349380493164,1.1424654722213745,1.1418131589889526,1.1418131589889526
1783951200.0,1.1418131589889526,1.1418131589889526,1.141422152519226,1.1416828632354736
1783952100.0,1.1416828632354736,1.1416828632354736,1.1406410932540894,1.1410315036773682
1783953000.0,1.1411616802215576,1.1411616802215576,1.1402509212493896,1.1405109167099
1783953900.0,1.1406410932540894,1.1409013271331787,1.1401208639144897,1.1406410932540894
1783954800.0,1.1409013271331787,1.1409013271331787,1.1401208639144897,1.1401208639144897
1783955700.0,1.1401208639144897,1.1405109167099,1.1399909257888794,1.1402509212493896
1783956600.0,1.1402509212493896,1.140380859375,1.1399909257888794,1.1402509212493896
1783957500.0,1.140380859375,1.1406410932540894,1.1401208639144897,1.1406410932540894
1783958400.0,1.1405109167099,1.1405109167099,1.140380859375,1.140380859375
1783959300.0,1.1405109167099,1.1405109167099,1.1396011114120483,1.1396011114120483
1783960200.0,1.1393414735794067,1.1393414735794067,1.1386927366256714,1.139211654663086
1783961100.0,1.1393414735794067,1.1393414735794067,1.1388224363327026,1.1390818357467651
1783962000.0,1.139211654663086,1.1393414735794067,1.1389521360397339,1.1390818357467651
1783962900.0,1.1390818357467651,1.139211654663086,1.1389521360397339,1.1390818357467651
1783963800.0,1.1390818357467651,1.139211654663086,1.1389521360397339,1.139211654663086
1783964700.0,1.139211654663086,1.1393414735794067,1.1389521360397339,1.1389521360397339
1783965600.0,1.1389521360397339,1.139211654663086,1.1388224363327026,1.1390818357467651
1783966500.0,1.1389521360397339,1.1390818357467651,1.1389521360397339,1.1389521360397339
1783967400.0,1.1389521360397339,1.139211654663086,1.1389521360397339,1.1390818357467651
1783968300.0,1.1390818357467651,1.1390818357467651,1.1389521360397339,1.1389521360397339
1783969200.0,1.1390818357467651,1.1390818357467651,1.1385631561279297,1.1385631561279297
1783970100.0,1.1385631561279297,1.1386927366256714,1.1385631561279297,1.1386927366256714
1783971000.0,1.1386927366256714,1.1388224363327026,1.1385631561279297,1.1386927366256714
1783971900.0,1.1386927366256714,1.1386927366256714,1.1385631561279297,1.1385631561279297
1783972800.0,1.1386927366256714,1.1388224363327026,1.1383039951324463,1.1383039951324463
1783973700.0,1.1383039951324463,1.1383039951324463,1.1381744146347046,1.1381744146347046
1783974600.0,1.1383039951324463,1.1383039951324463,1.1381744146347046,1.1383039951324463
1783975500.0,1.1383039951324463,1.1384334564208984,1.1381744146347046,1.1384334564208984
1783976400.0,1.1393414735794067,1.1393414735794067,1.1381744146347046,1.1385631561279297
1783977300.0,1.1385631561279297,1.1390818357467651,1.1385631561279297,1.1385631561279297
1783978200.0,1.1386927366256714,1.1390818357467651,1.1385631561279297,1.1385631561279297
1783979100.0,1.1386927366256714,1.1389521360397339,1.1384334564208984,1.1384334564208984
1783980000.0,1.1385631561279297,1.1386927366256714,1.1384334564208984,1.1385631561279297
1783980900.0,1.1386927366256714,1.1386927366256714,1.1386927366256714,1.1386927366256714
1783981800.0,1.1386927366256714,1.1388224363327026,1.1386927366256714,1.1388224363327026
1783982700.0,1.1388224363327026,1.1388224363327026,1.1384334564208984,1.1384334564208984
1783983600.0,1.1384334564208984,1.1385631561279297,1.1384334564208984,1.1385631561279297
1783984500.0,1.1384334564208984,1.1385631561279297,1.1383039951324463,1.1384334564208984
1783985400.0,1.1384334564208984,1.1386927366256714,1.1384334564208984,1.1385631561279297
1783986300.0,1.1386927366256714,1.1386927366256714,1.1385631561279297,1.1385631561279297
1783987200.0,1.1386927366256714,1.1388224363327026,1.1385631561279297,1.1388224363327026
1783988100.0,1.1388224363327026,1.1388224363327026,1.1381744146347046,1.1383039951324463
1783989000.0,1.1383039951324463,1.1388224363327026,1.1383039951324463,1.1388224363327026
1783989900.0,1.1389521360397339,1.139211654663086,1.1389521360397339,1.1389521360397339
1783990800.0,1.1388224363327026,1.1390818357467651,1.1388224363327026,1.1389521360397339
1783991700.0,1.1390818357467651,1.139211654663086,1.1388224363327026,1.1388224363327026
1783992600.0,1.1388224363327026,1.1390818357467651,1.1388224363327026,1.1390818357467651
1783993500.0,1.1390818357467651,1.1393414735794067,1.1389521360397339,1.139211654663086
1783994400.0,1.139211654663086,1.1393414735794067,1.139211654663086,1.1393414735794067
1783995300.0,1.1393414735794067,1.1397310495376587,1.1393414735794067,1.1397310495376587
1783996200.0,1.1397310495376587,1.1397310495376587,1.1396011114120483,1.1396011114120483
1783997100.0,1.1396011114120483,1.1396011114120483,1.1394712924957275,1.1394712924957275
1783998000.0,1.1394712924957275,1.1396011114120483,1.139211654663086,1.1394712924957275
1783998900.0,1.1394712924957275,1.1396011114120483,1.139211654663086,1.1396011114120483
1783999800.0,1.1396011114120483,1.1398608684539795,1.1396011114120483,1.1397310495376587
1784000700.0,1.1397310495376587,1.1398608684539795,1.1397310495376587,1.1397310495376587
1784001600.0,1.1397310495376587,1.1397310495376587,1.1394712924957275,1.1396011114120483
1784002500.0,1.1396011114120483,1.1397310495376587,1.1396011114120483,1.1397310495376587
1784003400.0,1.1396011114120483,1.1397310495376587,1.1394712924957275,1.1394712924957275
1784004300.0,1.1396011114120483,1.1396011114120483,1.1390818357467651,1.1393414735794067
1784005200.0,1.1394712924957275,1.1396011114120483,1.1394712924957275,1.1396011114120483
1784006100.0,1.1396011114120483,1.1397310495376587,1.1396011114120483,1.1397310495376587
1784007000.0,1.1397310495376587,1.1398608684539795,1.1396011114120483,1.1397310495376587
1784007900.0,1.1397310495376587,1.1397310495376587,1.1394712924957275,1.1394712924957275
1784008800.0,1.1394712924957275,1.1394712924957275,1.139211654663086,1.139211654663086
1784009700.0,1.139211654663086,1.139211654663086,1.1389521360397339,1.1389521360397339
1784010600.0,1.1390818357467651,1.1397310495376587,1.1390818357467651,1.139211654663086
1784011500.0,1.1390818357467651,1.1390818357467651,1.1388224363327026,1.1389521360397339
1784012400.0,1.1388224363327026,1.139211654663086,1.1388224363327026,1.1390818357467651
1784013300.0,1.1389521360397339,1.1397310495376587,1.1389521360397339,1.1397310495376587
1784014200.0,1.1396011114120483,1.1396011114120483,1.1393414735794067,1.1393414735794067
1784015100.0,1.1396011114120483,1.1399909257888794,1.1396011114120483,1.1398608684539795
1784016000.0,1.1398608684539795,1.1401208639144897,1.1397310495376587,1.1401208639144897
1784016900.0,1.1399909257888794,1.1402509212493896,1.1399909257888794,1.1402509212493896
1784017800.0,1.140380859375,1.1409013271331787,1.1401208639144897,1.1409013271331787
1784018700.0,1.1409013271331787,1.1409013271331787,1.140380859375,1.140380859375
1784019600.0,1.1402509212493896,1.1407711505889893,1.1402509212493896,1.1406410932540894
1784020500.0,1.1406410932540894,1.1406410932540894,1.1401208639144897,1.1402509212493896
1784021400.0,1.1401208639144897,1.1401208639144897,1.1398608684539795,1.1398608684539795
1784022300.0,1.1398608684539795,1.1406410932540894,1.1398608684539795,1.140380859375
1784023200.0,1.140380859375,1.1405109167099,1.1401208639144897,1.1401208639144897
1784024100.0,1.1401208639144897,1.1402509212493896,1.1397310495376587,1.1398608684539795
1784025000.0,1.1398608684539795,1.1399909257888794,1.1397310495376587,1.1397310495376587
1784025900.0,1.1398608684539795,1.1398608684539795,1.1394712924957275,1.1394712924957275
1784026800.0,1.1394712924957275,1.1401208639144897,1.1393414735794067,1.1396011114120483
1784027700.0,1.1397310495376587,1.1399909257888794,1.1396011114120483,1.1398608684539795
1784028600.0,1.1399909257888794,1.1407711505889893,1.1398608684539795,1.1407711505889893
1784029500.0,1.1405109167099,1.1411616802215576,1.1405109167099,1.1410315036773682
1784030400.0,1.1409013271331787,1.1410315036773682,1.1407711505889893,1.1409013271331787
1784031300.0,1.1409013271331787,1.1418131589889526,1.1407711505889893,1.1418131589889526
1784032200.0,1.1449507474899292,1.1462632417678833,1.1442956924438477,1.1461317539215088
1784033100.0,1.1460003852844238,1.1461317539215088,1.144688606262207,1.144688606262207
1784034000.0,1.144819736480713,1.145737886428833,1.144819736480713,1.144819736480713
1784034900.0,1.144819736480713,1.1454753875732422,1.144819736480713,1.1453442573547363
1784035800.0,1.1453442573547363,1.1456066370010376,1.145081877708435,1.1456066370010376
1784036700.0,1.1456066370010376,1.145737886428833,1.145213007926941,1.1456066370010376
1784037600.0,1.1453442573547363,1.1461317539215088,1.1453442573547363,1.1458691358566284
1784038500.0,1.1458691358566284,1.1458691358566284,1.144819736480713,1.1449507474899292
1784039400.0,1.144688606262207,1.1453442573547363,1.1445575952529907,1.1449507474899292
1784040300.0,1.145213007926941,1.1453442573547363,1.144426703453064,1.144819736480713
1784041200.0,1.144819736480713,1.1454753875732422,1.144688606262207,1.145213007926941
1784042100.0,1.145213007926941,1.145213007926941,1.144426703453064,1.144426703453064
1784043000.0,1.144426703453064,1.1445575952529907,1.1436413526535034,1.1436413526535034
1784043900.0,1.1436413526535034,1.1439030170440674,1.142987847328186,1.142987847328186
1784044800.0,1.1431183815002441,1.1431183815002441,1.1428571939468384,1.1431183815002441
1784045700.0,1.1431183815002441,1.143379807472229,1.142987847328186,1.1432491540908813
1784046600.0,1.143379807472229,1.1437721252441406,1.143379807472229,1.1436413526535034
1784047500.0,1.1435105800628662,1.1436413526535034,1.143379807472229,1.1436413526535034
1784048400.0,1.1435105800628662,1.1436413526535034,1.1428571939468384,1.1428571939468384
1784049300.0,1.1425960063934326,1.142987847328186,1.1423349380493164,1.1428571939468384
1784050200.0,1.1428571939468384,1.142987847328186,1.1427265405654907,1.1428571939468384
1784051100.0,1.142987847328186,1.1431183815002441,1.1425960063934326,1.1425960063934326
1784052000.0,1.1427265405654907,1.1428571939468384,1.1425960063934326,1.1427265405654907
1784052900.0,1.1427265405654907,1.1428571939468384,1.1424654722213745,1.1424654722213745
1784053800.0,1.1424654722213745,1.1425960063934326,1.1420739889144897,1.1420739889144897
1784054700.0,1.1422044038772583,1.1425960063934326,1.1422044038772583,1.1425960063934326
1784055600.0,1.1427265405654907,1.1428571939468384,1.1425960063934326,1.1428571939468384
1784056500.0,1.1428571939468384,1.1428571939468384,1.1427265405654907,1.1428571939468384
1784057400.0,1.1427265405654907,1.1427265405654907,1.1425960063934326,1.1425960063934326
1784058300.0,1.1425960063934326,1.1427265405654907,1.1424654722213745,1.1424654722213745
1784059200.0,1.1423349380493164,1.1425960063934326,1.1422044038772583,1.1424654722213745
1784060100.0,1.1423349380493164,1.1424654722213745,1.1423349380493164,1.1423349380493164
1784061000.0,1.1422044038772583,1.1424654722213745,1.1422044038772583,1.1423349380493164
1784061900.0,1.1423349380493164,1.1424654722213745,1.1423349380493164,1.1423349380493164
1784062800.0,1.1424654722213745,1.1431183815002441,1.1424654722213745,1.1428571939468384
1784063700.0,1.1428571939468384,1.142987847328186,1.1423349380493164,1.1428571939468384
1784064600.0,1.1427265405654907,1.1428571939468384,1.1424654722213745,1.1425960063934326
1784065500.0,1.1423349380493164,1.1427265405654907,1.1422044038772583,1.1425960063934326
1784066400.0,1.1424654722213745,1.1424654722213745,1.1420739889144897,1.1422044038772583
1784067300.0,1.1422044038772583,1.1423349380493164,1.1422044038772583,1.1423349380493164
1784068200.0,1.1423349380493164,1.1424654722213745,1.1423349380493164,1.1424654722213745
1784069100.0,1.1424654722213745,1.1424654722213745,1.1422044038772583,1.1424654722213745
1784070000.0,1.1423349380493164,1.1425960063934326,1.1423349380493164,1.1424654722213745
1784070900.0,1.1424654722213745,1.1425960063934326,1.1424654722213745,1.1425960063934326
1784071800.0,1.1425960063934326,1.1427265405654907,1.1424654722213745,1.1427265405654907
1784072700.0,1.1427265405654907,1.1428571939468384,1.1427265405654907,1.1427265405654907
1784073600.0,1.1427265405654907,1.142987847328186,1.1427265405654907,1.1428571939468384
1784074500.0,1.142987847328186,1.1432491540908813,1.1428571939468384,1.1432491540908813
1784075400.0,1.143379807472229,1.143379807472229,1.142987847328186,1.142987847328186
1784076300.0,1.142987847328186,1.1437721252441406,1.142987847328186,1.1437721252441406
1784077200.0,1.1437721252441406,1.1439030170440674,1.1435105800628662,1.1439030170440674
1784078100.0,1.1439030170440674,1.1440337896347046,1.1439030170440674,1.1439030170440674
1784079000.0,1.1439030170440674,1.1440337896347046,1.1436413526535034,1.1436413526535034
1784079900.0,1.1437721252441406,1.1439030170440674,1.1436413526535034,1.1439030170440674
1784080800.0,1.1439030170440674,1.1442956924438477,1.1437721252441406,1.1440337896347046
1784081700.0,1.1439030170440674,1.1439030170440674,1.1436413526535034,1.1437721252441406
1784082600.0,1.1439030170440674,1.144426703453064,1.1439030170440674,1.144426703453064
1784083500.0,1.144426703453064,1.144426703453064,1.1442956924438477,1.144426703453064
1784084400.0,1.1442956924438477,1.1445575952529907,1.144164800643921,1.144164800643921
1784085300.0,1.1440337896347046,1.1440337896347046,1.1437721252441406,1.1437721252441406
1784086200.0,1.1437721252441406,1.1440337896347046,1.1437721252441406,1.1437721252441406
1784087100.0,1.1437721252441406,1.144164800643921,1.1437721252441406,1.144164800643921
1784088000.0,1.144164800643921,1.144164800643921,1.1440337896347046,1.1440337896347046
1784088900.0,1.1440337896347046,1.1442956924438477,1.1440337896347046,1.1442956924438477
1784089800.0,1.144164800643921,1.144426703453064,1.1440337896347046,1.144164800643921
1784090700.0,1.144164800643921,1.1442956924438477,1.1440337896347046,1.1440337896347046
1784091600.0,1.1440337896347046,1.1440337896347046,1.1439030170440674,1.1440337896347046
1784092500.0,1.1440337896347046,1.144164800643921,1.1440337896347046,1.1440337896347046
1784093400.0,1.1440337896347046,1.144426703453064,1.1440337896347046,1.144426703453064
1784094300.0,1.144426703453064,1.144688606262207,1.144426703453064,1.144426703453064
1784095200.0,1.144426703453064,1.1445575952529907,1.1442956924438477,1.1442956924438477
1784096100.0,1.1442956924438477,1.144688606262207,1.1442956924438477,1.1445575952529907
1784097000.0,1.1445575952529907,1.1445575952529907,1.144164800643921,1.144164800643921
1784097900.0,1.144164800643921,1.144164800643921,1.1432491540908813,1.1432491540908813
1784098800.0,1.1432491540908813,1.1435105800628662,1.142987847328186,1.143379807472229
1784099700.0,1.143379807472229,1.143379807472229,1.1423349380493164,1.1423349380493164
1784100600.0,1.1425960063934326,1.1427265405654907,1.1425960063934326,1.1425960063934326
1784101500.0,1.1425960063934326,1.1428571939468384,1.1425960063934326,1.1425960063934326
1784102400.0,1.1427265405654907,1.1431183815002441,1.1425960063934326,1.1425960063934326
1784103300.0,1.1425960063934326,1.1428571939468384,1.1425960063934326,1.1427265405654907
1784104200.0,1.1428571939468384,1.142987847328186,1.1427265405654907,1.1427265405654907
1784105100.0,1.1428571939468384,1.1428571939468384,1.1424654722213745,1.1427265405654907
1784106000.0,1.1427265405654907,1.1428571939468384,1.1424654722213745,1.1428571939468384
1784106900.0,1.1427265405654907,1.1428571939468384,1.1425960063934326,1.1425960063934326
1784107800.0,1.1425960063934326,1.1425960063934326,1.1422044038772583,1.1424654722213745
1784108700.0,1.1424654722213745,1.1424654722213745,1.1420739889144897,1.1420739889144897
1784109600.0,1.1420739889144897,1.1422044038772583,1.1416828632354736,1.1418131589889526
1784110500.0,1.1418131589889526,1.1420739889144897,1.1415525674819946,1.1416828632354736
1784111400.0,1.1416828632354736,1.1418131589889526,1.141422152519226,1.141422152519226
1784112300.0,1.1415525674819946,1.1418131589889526,1.1415525674819946,1.1415525674819946
1784113200.0,1.1419435739517212,1.1422044038772583,1.1419435739517212,1.1420739889144897
1784114100.0,1.1420739889144897,1.1420739889144897,1.1419435739517212,1.1419435739517212
1784115000.0,1.1419435739517212,1.1422044038772583,1.1419435739517212,1.1419435739517212
1784115900.0,1.1418131589889526,1.1418131589889526,1.141422152519226,1.1416828632354736
1784116800.0,1.1416828632354736,1.1418131589889526,1.1410315036773682,1.1411616802215576
1784117700.0,1.141291856765747,1.1416828632354736,1.1411616802215576,1.1415525674819946
1784118600.0,1.1420739889144897,1.1428571939468384,1.1420739889144897,1.1428571939468384
1784119500.0,1.1428571939468384,1.1432491540908813,1.1428571939468384,1.1432491540908813
1784120400.0,1.1431183815002441,1.1436413526535034,1.1431183815002441,1.1431183815002441
1784121300.0,1.1431183815002441,1.1435105800628662,1.1427265405654907,1.1428571939468384
1784122200.0,1.1427265405654907,1.1431183815002441,1.1427265405654907,1.142987847328186
1784123100.0,1.142987847328186,1.1437721252441406,1.142987847328186,1.1436413526535034
1784124000.0,1.1435105800628662,1.1437721252441406,1.143379807472229,1.1435105800628662
1784124900.0,1.1436413526535034,1.1439030170440674,1.143379807472229,1.1435105800628662
1784125800.0,1.1436413526535034,1.1440337896347046,1.1436413526535034,1.1440337896347046
1784126700.0,1.1442956924438477,1.144426703453064,1.1437721252441406,1.1439030170440674
1784127600.0,1.1440337896347046,1.144426703453064,1.1440337896347046,1.144164800643921
1784128500.0,1.1439030170440674,1.1442956924438477,1.1437721252441406,1.144164800643921
1784129400.0,1.1442956924438477,1.1442956924438477,1.1435105800628662,1.1437721252441406
1784130300.0,1.1437721252441406,1.1440337896347046,1.1435105800628662,1.1439030170440674
1784131200.0,1.1439030170440674,1.1439030170440674,1.143379807472229,1.1437721252441406
1784132100.0,1.1437721252441406,1.1442956924438477,1.1437721252441406,1.1442956924438477
1784133000.0,1.144164800643921,1.144164800643921,1.1437721252441406,1.1437721252441406
1784133900.0,1.1439030170440674,1.1445575952529907,1.1437721252441406,1.1445575952529907
1784134800.0,1.1445575952529907,1.1453442573547363,1.1445575952529907,1.145213007926941
1784135700.0,1.145213007926941,1.1458691358566284,1.145213007926941,1.1458691358566284
1784136600.0,1.1460003852844238,1.147315263748169,1.1460003852844238,1.147315263748169
1784137500.0,1.1471836566925049,1.1477103233337402,1.1471836566925049,1.1477103233337402
1784138400.0,1.1477103233337402,1.1479737758636475,1.1475785970687866,1.1475785970687866
1784139300.0,1.1475785970687866,1.1481056213378906,1.1475785970687866,1.1481056213378906
1784140200.0,1.1482374668121338,1.148369312286377,1.1478420495986938,1.1478420495986938
1784141100.0,1.1475785970687866,1.1477103233337402,1.1471836566925049,1.1471836566925049
1784142000.0,1.1469204425811768,1.1477103233337402,1.1469204425811768,1.1477103233337402
1784142900.0,1.1477103233337402,1.1477103233337402,1.147446870803833,1.1477103233337402
1784143800.0,1.1475785970687866,1.1475785970687866,1.1466574668884277,1.1466574668884277
1784144700.0,1.1466574668884277,1.1467890739440918,1.1465259790420532,1.1467890739440918
1784145600.0,1.1467890739440918,1.1467890739440918,1.1463946104049683,1.1463946104049683
1784146500.0,1.1465259790420532,1.1466574668884277,1.1465259790420532,1.1466574668884277
1784147400.0,1.1467890739440918,1.1467890739440918,1.1465259790420532,1.1465259790420532
1784148300.0,1.1466574668884277,1.1467890739440918,1.1466574668884277,1.1466574668884277
1784149200.0,1.1467890739440918,1.147315263748169,1.1463946104049683,1.1469204425811768
1784150100.0,1.1469204425811768,1.1470520496368408,1.1466574668884277,1.1469204425811768
1784151000.0,1.1469204425811768,1.1470520496368408,1.1466574668884277,1.1467890739440918
1784151900.0,1.1469204425811768,1.1471836566925049,1.1466574668884277,1.1467890739440918
1784152800.0,1.1469204425811768,1.1470520496368408,1.1469204425811768,1.1470520496368408
1784153700.0,1.1470520496368408,1.1470520496368408,1.1469204425811768,1.1470520496368408
1784154600.0,1.1470520496368408,1.1471836566925049,1.1470520496368408,1.1470520496368408
1784155500.0,1.1470520496368408,1.1470520496368408,1.1469204425811768,1.1469204425811768
1784156400.0,1.1471836566925049,1.1471836566925049,1.1470520496368408,1.1471836566925049
1784157300.0,1.1471836566925049,1.147315263748169,1.1471836566925049,1.147315263748169
1784158200.0,1.147315263748169,1.147315263748169,1.1471836566925049,1.147315263748169
1784159100.0,1.147446870803833,1.147446870803833,1.147315263748169,1.147315263748169
1784160000.0,1.147315263748169,1.1477103233337402,1.147315263748169,1.1477103233337402
1784160900.0,1.1477103233337402,1.1477103233337402,1.147315263748169,1.1475785970687866
1784161800.0,1.147446870803833,1.1475785970687866,1.1471836566925049,1.147315263748169
1784162700.0,1.147315263748169,1.1477103233337402,1.1470520496368408,1.1477103233337402
1784163600.0,1.1477103233337402,1.1477103233337402,1.147446870803833,1.1475785970687866
1784164500.0,1.1475785970687866,1.1475785970687866,1.1471836566925049,1.147446870803833
1784165400.0,1.147315263748169,1.147315263748169,1.1469204425811768,1.1470520496368408
1784166300.0,1.1470520496368408,1.1470520496368408,1.1467890739440918,1.1469204425811768
1784167200.0,1.1469204425811768,1.1469204425811768,1.1463946104049683,1.1463946104049683
1784168100.0,1.1463946104049683,1.1467890739440918,1.1463946104049683,1.1466574668884277
1784169000.0,1.1467890739440918,1.1467890739440918,1.1465259790420532,1.1466574668884277
1784169900.0,1.1466574668884277,1.1467890739440918,1.1465259790420532,1.1467890739440918
1784170800.0,1.1467890739440918,1.1470520496368408,1.1466574668884277,1.1467890739440918
1784171700.0,1.1469204425811768,1.1471836566925049,1.1469204425811768,1.1471836566925049
1784172600.0,1.1471836566925049,1.1471836566925049,1.1470520496368408,1.1470520496368408
1784173500.0,1.1470520496368408,1.1470520496368408,1.1469204425811768,1.1469204425811768
1784174400.0,1.1469204425811768,1.1469204425811768,1.1467890739440918,1.1467890739440918
1784175300.0,1.1467890739440918,1.1467890739440918,1.1466574668884277,1.1466574668884277
1784176200.0,1.1466574668884277,1.1470520496368408,1.1466574668884277,1.1469204425811768
1784177100.0,1.1469204425811768,1.1469204425811768,1.1469204425811768,1.1469204425811768
1784178000.0,1.1469204425811768,1.1470520496368408,1.1469204425811768,1.1470520496368408
1784178900.0,1.1470520496368408,1.1471836566925049,1.1470520496368408,1.1470520496368408
1784179800.0,1.1470520496368408,1.1471836566925049,1.1470520496368408,1.1470520496368408
1784180700.0,1.1470520496368408,1.1470520496368408,1.1466574668884277,1.1466574668884277
1784181600.0,1.1467890739440918,1.1471836566925049,1.1467890739440918,1.1471836566925049
1784182500.0,1.1471836566925049,1.1471836566925049,1.1469204425811768,1.1471836566925049
1784183400.0,1.1471836566925049,1.1471836566925049,1.1469204425811768,1.1469204425811768
1784184300.0,1.1470520496368408,1.147446870803833,1.1469204425811768,1.1471836566925049
1784185200.0,1.1471836566925049,1.1471836566925049,1.1470520496368408,1.1471836566925049
1784186100.0,1.1471836566925049,1.1475785970687866,1.1471836566925049,1.1471836566925049
1784187000.0,1.147315263748169,1.1475785970687866,1.1471836566925049,1.147446870803833
1784187900.0,1.147446870803833,1.1479737758636475,1.1471836566925049,1.147315263748169
1784188800.0,1.1471836566925049,1.147446870803833,1.1467890739440918,1.1467890739440918
1784189700.0,1.1467890739440918,1.1470520496368408,1.1466574668884277,1.1467890739440918
1784190600.0,1.1469204425811768,1.1471836566925049,1.1469204425811768,1.1471836566925049
1784191500.0,1.1470520496368408,1.1470520496368408,1.1466574668884277,1.1469204425811768
1784192400.0,1.1469204425811768,1.1469204425811768,1.1466574668884277,1.1467890739440918
1784193300.0,1.1469204425811768,1.1470520496368408,1.1466574668884277,1.1466574668884277
1784194200.0,1.1466574668884277,1.1467890739440918,1.1463946104049683,1.1466574668884277
1784195100.0,1.1467890739440918,1.1470520496368408,1.1467890739440918,1.1469204425811768
1784196000.0,1.1469204425811768,1.1469204425811768,1.1467890739440918,1.1469204425811768
1784196900.0,1.1469204425811768,1.1471836566925049,1.1469204425811768,1.1469204425811768
1784197800.0,1.1469204425811768,1.1469204425811768,1.1466574668884277,1.1467890739440918
1784198700.0,1.1467890739440918,1.1469204425811768,1.1463946104049683,1.1463946104049683
1784199600.0,1.1462632417678833,1.1465259790420532,1.1462632417678833,1.1463946104049683
1784200500.0,1.1463946104049683,1.1466574668884277,1.1461317539215088,1.1462632417678833
1784201400.0,1.1463946104049683,1.1469204425811768,1.1463946104049683,1.1469204425811768
1784202300.0,1.1467890739440918,1.1471836566925049,1.1465259790420532,1.1471836566925049
1784203200.0,1.1471836566925049,1.147315263748169,1.1467890739440918,1.1467890739440918
1784204100.0,1.1467890739440918,1.1467890739440918,1.1465259790420532,1.1466574668884277
1784205000.0,1.1466574668884277,1.1467890739440918,1.145737886428833,1.145737886428833
1784205900.0,1.1456066370010376,1.1458691358566284,1.145081877708435,1.145081877708435
1784206800.0,1.145081877708435,1.1456066370010376,1.1449507474899292,1.1456066370010376
1784207700.0,1.1456066370010376,1.1461317539215088,1.1453442573547363,1.1461317539215088
1784208600.0,1.1462632417678833,1.1462632417678833,1.1458691358566284,1.1458691358566284
1784209500.0,1.1456066370010376,1.1458691358566284,1.1454753875732422,1.1454753875732422
1784210400.0,1.1453442573547363,1.145737886428833,1.1449507474899292,1.145081877708435
1784211300.0,1.145081877708435,1.1454753875732422,1.145081877708435,1.1453442573547363
1784212200.0,1.1453442573547363,1.1454753875732422,1.144688606262207,1.144688606262207
1784213100.0,1.1449507474899292,1.1449507474899292,1.1442956924438477,1.144688606262207
1784214000.0,1.1445575952529907,1.1445575952529907,1.1440337896347046,1.144426703453064
1784214900.0,1.1445575952529907,1.1445575952529907,1.144426703453064,1.144426703453064
1784215800.0,1.1442956924438477,1.1449507474899292,1.1442956924438477,1.1449507474899292
1784216700.0,1.145081877708435,1.145213007926941,1.1449507474899292,1.1449507474899292
1784217600.0,1.145081877708435,1.145081877708435,1.144426703453064,1.1445575952529907
1784218500.0,1.1445575952529907,1.144688606262207,1.1439030170440674,1.1439030170440674
1784219400.0,1.1440337896347046,1.144164800643921,1.1437721252441406,1.1439030170440674
1784220300.0,1.1440337896347046,1.1440337896347046,1.1437721252441406,1.1437721252441406
1784221200.0,1.1437721252441406,1.1437721252441406,1.1435105800628662,1.1435105800628662
1784222100.0,1.1435105800628662,1.1437721252441406,1.1435105800628662,1.1437721252441406
1784223000.0,1.1437721252441406,1.1439030170440674,1.1435105800628662,1.1437721252441406
1784223900.0,1.1437721252441406,1.144164800643921,1.1437721252441406,1.1440337896347046
1784224800.0,1.1440337896347046,1.144164800643921,1.1437721252441406,1.144164800643921
1784225700.0,1.1440337896347046,1.144164800643921,1.1440337896347046,1.1440337896347046
1784226600.0,1.1440337896347046,1.1440337896347046,1.1439030170440674,1.1440337896347046
1784227500.0,1.1440337896347046,1.144164800643921,1.1440337896347046,1.144164800643921
1784228400.0,1.144164800643921,1.1442956924438477,1.144164800643921,1.144164800643921
1784229300.0,1.144164800643921,1.144164800643921,1.1437721252441406,1.1439030170440674
1784230200.0,1.1437721252441406,1.144164800643921,1.1437721252441406,1.144164800643921
1784231100.0,1.1440337896347046,1.144426703453064,1.1440337896347046,1.144426703453064
1784232000.0,1.1442956924438477,1.1445575952529907,1.1442956924438477,1.1442956924438477
1784232900.0,1.144426703453064,1.144426703453064,1.144164800643921,1.1442956924438477
1784233800.0,1.1442956924438477,1.144688606262207,1.1442956924438477,1.144688606262207
1784234700.0,1.1445575952529907,1.144819736480713,1.1445575952529907,1.144819736480713
1784235600.0,1.144426703453064,1.144819736480713,1.1442956924438477,1.1445575952529907
1784236500.0,1.1445575952529907,1.1445575952529907,1.1442956924438477,1.1442956924438477
1784237400.0,1.1445575952529907,1.144688606262207,1.1442956924438477,1.1442956924438477
1784238300.0,1.1445575952529907,1.144688606262207,1.144426703453064,1.1445575952529907
1784239200.0,1.1445575952529907,1.144819736480713,1.1445575952529907,1.144819736480713
1784240100.0,1.144819736480713,1.144819736480713,1.144688606262207,1.144688606262207
1784241000.0,1.144688606262207,1.144688606262207,1.144688606262207,1.144688606262207
1784241900.0,1.144688606262207,1.144688606262207,1.1445575952529907,1.144688606262207
1784242800.0,1.144688606262207,1.144688606262207,1.1445575952529907,1.144688606262207
1784243700.0,1.144819736480713,1.144819736480713,1.144688606262207,1.144819736480713
1784244600.0,1.144819736480713,1.1449507474899292,1.144819736480713,1.1449507474899292
1784245500.0,1.144819736480713,1.144819736480713,1.144688606262207,1.144819736480713
1784246400.0,1.144819736480713,1.1449507474899292,1.144688606262207,1.144819736480713
1784247300.0,1.144819736480713,1.1449507474899292,1.1445575952529907,1.1445575952529907
1784248200.0,1.1445575952529907,1.144688606262207,1.144426703453064,1.1445575952529907
1784249100.0,1.1445575952529907,1.1449507474899292,1.1445575952529907,1.1449507474899292
1784250000.0,1.1449507474899292,1.145081877708435,1.144688606262207,1.144819736480713
1784250900.0,1.144819736480713,1.1449507474899292,1.144819736480713,1.144819736480713
1784251800.0,1.144688606262207,1.144688606262207,1.1445575952529907,1.144688606262207
1784252700.0,1.144688606262207,1.144688606262207,1.144164800643921,1.144164800643921
1784253600.0,1.1442956924438477,1.144426703453064,1.1442956924438477,1.144426703453064
1784254500.0,1.144426703453064,1.144426703453064,1.1442956924438477,1.1442956924438477
1784255400.0,1.1442956924438477,1.1442956924438477,1.1440337896347046,1.144164800643921
1784256300.0,1.144164800643921,1.144164800643921,1.1440337896347046,1.1440337896347046
1784257200.0,1.1440337896347046,1.1442956924438477,1.1440337896347046,1.144164800643921
1784258100.0,1.144164800643921,1.1442956924438477,1.144164800643921,1.144164800643921
1784259000.0,1.1442956924438477,1.1442956924438477,1.1439030170440674,1.1440337896347046
1784259900.0,1.1439030170440674,1.1442956924438477,1.1439030170440674,1.1442956924438477
1784260800.0,1.1442956924438477,1.1442956924438477,1.144164800643921,1.144164800643921
1784261700.0,1.144164800643921,1.144164800643921,1.1440337896347046,1.1440337896347046
1784262600.0,1.1440337896347046,1.144164800643921,1.1439030170440674,1.1440337896347046
1784263500.0,1.1440337896347046,1.1440337896347046,1.1439030170440674,1.1439030170440674
1784264400.0,1.1439030170440674,1.1440337896347046,1.1439030170440674,1.1440337896347046
1784265300.0,1.1440337896347046,1.1440337896347046,1.1439030170440674,1.1440337896347046
1784266200.0,1.1440337896347046,1.144688606262207,1.1440337896347046,1.1445575952529907
1784267100.0,1.144426703453064,1.1445575952529907,1.1442956924438477,1.1442956924438477
1784268000.0,1.1442956924438477,1.144819736480713,1.1442956924438477,1.144819736480713
1784268900.0,1.1449507474899292,1.1453442573547363,1.1449507474899292,1.145213007926941
1784269800.0,1.145213007926941,1.1453442573547363,1.145213007926941,1.1453442573547363
1784270700.0,1.145213007926941,1.1454753875732422,1.145213007926941,1.1453442573547363
1784271600.0,1.1453442573547363,1.1456066370010376,1.145081877708435,1.145081877708435
1784272500.0,1.145213007926941,1.145213007926941,1.144688606262207,1.1449507474899292
1784273400.0,1.145081877708435,1.145213007926941,1.144819736480713,1.1449507474899292
1784274300.0,1.145081877708435,1.145213007926941,1.1449507474899292,1.1449507474899292
1784275200.0,1.144819736480713,1.145081877708435,1.1445575952529907,1.1445575952529907
1784276100.0,1.1442956924438477,1.1442956924438477,1.1440337896347046,1.1442956924438477
1784277000.0,1.1442956924438477,1.144688606262207,1.1442956924438477,1.1445575952529907
1784277900.0,1.1445575952529907,1.144688606262207,1.1442956924438477,1.1445575952529907
1784278800.0,1.144426703453064,1.1445575952529907,1.1440337896347046,1.1440337896347046
1784279700.0,1.144164800643921,1.1445575952529907,1.144164800643921,1.1445575952529907
1784280600.0,1.1445575952529907,1.1445575952529907,1.1440337896347046,1.1440337896347046
1784281500.0,1.144164800643921,1.144426703453064,1.1440337896347046,1.1442956924438477
1784282400.0,1.1442956924438477,1.1442956924438477,1.1439030170440674,1.1442956924438477
1784283300.0,1.1442956924438477,1.1442956924438477,1.1435105800628662,1.1435105800628662
1784284200.0,1.1436413526535034,1.1436413526535034,1.143379807472229,1.1435105800628662
1784285100.0,1.1436413526535034,1.1436413526535034,1.142987847328186,1.142987847328186
1784286000.0,1.142987847328186,1.1432491540908813,1.1428571939468384,1.1432491540908813
1784286900.0,1.1432491540908813,1.143379807472229,1.1431183815002441,1.143379807472229
1784287800.0,1.143379807472229,1.1439030170440674,1.143379807472229,1.1436413526535034
1784288700.0,1.1436413526535034,1.1437721252441406,1.1432491540908813,1.143379807472229
1784289600.0,1.143379807472229,1.1439030170440674,1.143379807472229,1.1435105800628662
1784290500.0,1.1436413526535034,1.1437721252441406,1.1435105800628662,1.1437721252441406
1784291400.0,1.1436413526535034,1.1436413526535034,1.142987847328186,1.142987847328186
1784292300.0,1.142987847328186,1.1432491540908813,1.142987847328186,1.1431183815002441
1784293200.0,1.1432491540908813,1.1435105800628662,1.142987847328186,1.143379807472229
1784294100.0,1.1432491540908813,1.1432491540908813,1.1428571939468384,1.142987847328186
1784295000.0,1.1428571939468384,1.1435105800628662,1.1428571939468384,1.143379807472229
1784295900.0,1.1435105800628662,1.1440337896347046,1.1435105800628662,1.1439030170440674
1784296800.0,1.1439030170440674,1.1440337896347046,1.1436413526535034,1.1439030170440674
1784297700.0,1.1440337896347046,1.144426703453064,1.1439030170440674,1.1439030170440674
1784298600.0,1.1439030170440674,1.1445575952529907,1.1439030170440674,1.1445575952529907
1784299500.0,1.144426703453064,1.144688606262207,1.144164800643921,1.1442956924438477
1784300400.0,1.1442956924438477,1.1445575952529907,1.144164800643921,1.144164800643921
1784301300.0,1.1442956924438477,1.144688606262207,1.1442956924438477,1.1445575952529907
1784302200.0,1.144426703453064,1.1445575952529907,1.144164800643921,1.144164800643921
1784303100.0,1.1440337896347046,1.144426703453064,1.1440337896347046,1.1442956924438477
1784304000.0,1.1442956924438477,1.1442956924438477,1.1437721252441406,1.1442956924438477
1784304900.0,1.1442956924438477,1.144426703453064,1.144164800643921,1.144426703453064
1784305800.0,1.144426703453064,1.144426703453064,1.1442956924438477,1.1442956924438477
1784306700.0,1.1442956924438477,1.1442956924438477,1.1440337896347046,1.144164800643921
1784307600.0,1.144164800643921,1.144164800643921,1.1437721252441406,1.1437721252441406
1784308500.0,1.1437721252441406,1.1439030170440674,1.1436413526535034,1.1439030170440674
1784309400.0,1.1439030170440674,1.1439030170440674,1.1437721252441406,1.1437721252441406
1784310300.0,1.1437721252441406,1.1437721252441406,1.1437721252441406,1.1437721252441406
1784311200.0,1.1437721252441406,1.1439030170440674,1.1437721252441406,1.1437721252441406
1784312100.0,1.1439030170440674,1.1440337896347046,1.1437721252441406,1.1440337896347046
1784313000.0,1.1440337896347046,1.1440337896347046,1.1439030170440674,1.1439030170440674
1784313900.0,1.1439030170440674,1.1440337896347046,1.1439030170440674,1.1440337896347046
1784314800.0,1.1439030170440674,1.1440337896347046,1.1439030170440674,1.1439030170440674
1784315700.0,1.1439030170440674,1.1440337896347046,1.1437721252441406,1.1440337896347046
1784316600.0,1.1439030170440674,1.144164800643921,1.1437721252441406,1.144164800643921
1784317500.0,1.144164800643921,1.144426703453064,1.144164800643921,1.144426703453064
1784318400.0,1.144426703453064,1.1445575952529907,1.1442956924438477,1.1442956924438477
1784319300.0,1.1442956924438477,1.1442956924438477,1.1439030170440674,1.1440337896347046
1784320200.0,1.144164800643921,1.144164800643921,1.1440337896347046,1.1440337896347046
1784321100.0,1.1440337896347046,1.144164800643921,1.1440337896347046,1.1440337896347046
1784322000.0,1.1442956924438477,1.1445575952529907,1.1442956924438477,1.1445575952529907
1784322900.0,1.1445575952529907,1.1445575952529907,1.1445575952529907,1.1445575952529907
1784502000.0,1.142987847328186,1.142987847328186,1.1428571939468384,1.1428571939468384
1784502900.0,1.1428571939468384,1.1428571939468384,1.1427265405654907,1.1428571939468384
1784503800.0,1.1428571939468384,1.142987847328186,1.1428571939468384,1.142987847328186
1784504700.0,1.142987847328186,1.1431183815002441,1.1428571939468384,1.142987847328186
1784505600.0,1.142987847328186,1.143379807472229,1.142987847328186,1.1432491540908813
1784506500.0,1.143379807472229,1.1436413526535034,1.143379807472229,1.1435105800628662
1784507400.0,1.1435105800628662,1.1435105800628662,1.143379807472229,1.1435105800628662
1784508300.0,1.1435105800628662,1.1436413526535034,1.1435105800628662,1.1436413526535034
1784509200.0,1.1437721252441406,1.1439030170440674,1.1435105800628662,1.1435105800628662
1784510100.0,1.1435105800628662,1.1437721252441406,1.1435105800628662,1.1437721252441406
1784511000.0,1.1439030170440674,1.1439030170440674,1.1435105800628662,1.1435105800628662
1784511900.0,1.1436413526535034,1.1439030170440674,1.1436413526535034,1.1439030170440674
1784512800.0,1.1439030170440674,1.144164800643921,1.1439030170440674,1.1440337896347046
1784513700.0,1.1439030170440674,1.144164800643921,1.1439030170440674,1.144164800643921
1784514600.0,1.144164800643921,1.1445575952529907,1.144164800643921,1.1445575952529907
1784515500.0,1.144426703453064,1.1445575952529907,1.1442956924438477,1.144426703453064
1784516400.0,1.144426703453064,1.144426703453064,1.1442956924438477,1.144426703453064
1784517300.0,1.144426703453064,1.144426703453064,1.144426703453064,1.144426703453064
1784518200.0,1.144426703453064,1.1445575952529907,1.144426703453064,1.1445575952529907
1784519100.0,1.1445575952529907,1.1445575952529907,1.1445575952529907,1.1445575952529907
1784520000.0,1.1445575952529907,1.1445575952529907,1.144426703453064,1.1445575952529907
1784520900.0,1.1445575952529907,1.144819736480713,1.1445575952529907,1.144819736480713
1784521800.0,1.144688606262207,1.144819736480713,1.144688606262207,1.144819736480713
1784522700.0,1.144819736480713,1.144819736480713,1.144688606262207,1.144819736480713
1784523600.0,1.144819736480713,1.144819736480713,1.1445575952529907,1.144688606262207
1784524500.0,1.144688606262207,1.144688606262207,1.1445575952529907,1.1445575952529907
1784525400.0,1.1445575952529907,1.1445575952529907,1.144426703453064,1.144426703453064
1784526300.0,1.144426703453064,1.1445575952529907,1.1442956924438477,1.144426703453064
1784527200.0,1.144426703453064,1.1445575952529907,1.1439030170440674,1.1440337896347046
1784528100.0,1.1440337896347046,1.1442956924438477,1.1439030170440674,1.1440337896347046
1784529000.0,1.1440337896347046,1.144164800643921,1.1437721252441406,1.1439030170440674
1784529900.0,1.1440337896347046,1.1442956924438477,1.1437721252441406,1.1437721252441406
1784530800.0,1.1437721252441406,1.1442956924438477,1.1437721252441406,1.1437721252441406
1784531700.0,1.1437721252441406,1.144426703453064,1.1437721252441406,1.144426703453064
1784532600.0,1.1449507474899292,1.145213007926941,1.144688606262207,1.145081877708435
1784533500.0,1.145081877708435,1.145081877708435,1.1445575952529907,1.144688606262207
1784534400.0,1.144819736480713,1.144819736480713,1.1445575952529907,1.1445575952529907
1784535300.0,1.1445575952529907,1.1445575952529907,1.144164800643921,1.144164800643921
1784536200.0,1.144164800643921,1.144688606262207,1.144164800643921,1.1445575952529907
1784537100.0,1.144426703453064,1.144426703453064,1.144164800643921,1.1442956924438477
1784538000.0,1.1442956924438477,1.1442956924438477,1.1436413526535034,1.1437721252441406
1784538900.0,1.1437721252441406,1.1437721252441406,1.143379807472229,1.143379807472229
1784539800.0,1.143379807472229,1.1435105800628662,1.1432491540908813,1.1435105800628662
1784540700.0,1.143379807472229,1.143379807472229,1.1431183815002441,1.143379807472229
1784541600.0,1.143379807472229,1.1436413526535034,1.1432491540908813,1.1435105800628662
1784542500.0,1.1435105800628662,1.1436413526535034,1.1435105800628662,1.1436413526535034
1784543400.0,1.1435105800628662,1.1439030170440674,1.1435105800628662,1.1437721252441406
1784544300.0,1.1437721252441406,1.1437721252441406,1.1435105800628662,1.1435105800628662
1784545200.0,1.1435105800628662,1.1436413526535034,1.1432491540908813,1.143379807472229
1784546100.0,1.143379807472229,1.1436413526535034,1.143379807472229,1.1436413526535034
1784547000.0,1.1440337896347046,1.1442956924438477,1.1439030170440674,1.1439030170440674
1784547900.0,1.1437721252441406,1.1437721252441406,1.1432491540908813,1.1432491540908813
1784548800.0,1.1431183815002441,1.1432491540908813,1.1424654722213745,1.1424654722213745
1784549700.0,1.1424654722213745,1.1424654722213745,1.1420739889144897,1.1422044038772583
1784550600.0,1.1422044038772583,1.1425960063934326,1.1422044038772583,1.1423349380493164
1784551500.0,1.1424654722213745,1.142987847328186,1.1424654722213745,1.1427265405654907
1784552400.0,1.1427265405654907,1.1427265405654907,1.1422044038772583,1.1423349380493164
1784553300.0,1.1422044038772583,1.1423349380493164,1.1420739889144897,1.1423349380493164
1784554200.0,1.1422044038772583,1.1423349380493164,1.1418131589889526,1.1418131589889526
1784555100.0,1.1418131589889526,1.1420739889144897,1.1418131589889526,1.1420739889144897
1784556000.0,1.1419435739517212,1.1419435739517212,1.1415525674819946,1.1416828632354736
1784556900.0,1.1418131589889526,1.1420739889144897,1.1416828632354736,1.1419435739517212
1784557800.0,1.1419435739517212,1.1419435739517212,1.1410315036773682,1.1410315036773682
1784558700.0,1.1409013271331787,1.141422152519226,1.1406410932540894,1.1410315036773682
1784559600.0,1.1410315036773682,1.141291856765747,1.1410315036773682,1.1411616802215576
1784560500.0,1.1410315036773682,1.141291856765747,1.1409013271331787,1.1411616802215576
1784561400.0,1.141291856765747,1.141422152519226,1.1410315036773682,1.1410315036773682
1784562300.0,1.1411616802215576,1.1415525674819946,1.1411616802215576,1.1415525674819946
1784563200.0,1.141422152519226,1.1419435739517212,1.141422152519226,1.1419435739517212
1784564100.0,1.1419435739517212,1.1419435739517212,1.1416828632354736,1.1418131589889526
1784565000.0,1.1418131589889526,1.1418131589889526,1.141422152519226,1.141422152519226
1784565900.0,1.141422152519226,1.141422152519226,1.141291856765747,1.141422152519226
1784566800.0,1.1415525674819946,1.1418131589889526,1.141422152519226,1.141422152519226
1784567700.0,1.1415525674819946,1.1418131589889526,1.1415525674819946,1.1418131589889526
1784568600.0,1.1416828632354736,1.1418131589889526,1.1416828632354736,1.1416828632354736
1784569500.0,1.1416828632354736,1.1418131589889526,1.1416828632354736,1.1416828632354736
1784570400.0,1.1416828632354736,1.1419435739517212,1.1416828632354736,1.1419435739517212
1784571300.0,1.1419435739517212,1.1422044038772583,1.1419435739517212,1.1420739889144897
1784572200.0,1.1420739889144897,1.1420739889144897,1.1418131589889526,1.1418131589889526
1784573100.0,1.1416828632354736,1.1418131589889526,1.1416828632354736,1.1418131589889526
1784574000.0,1.1419435739517212,1.1419435739517212,1.1418131589889526,1.1418131589889526
1784574900.0,1.1418131589889526,1.1418131589889526,1.1416828632354736,1.1418131589889526
1784575800.0,1.1420739889144897,1.1420739889144897,1.1419435739517212,1.1419435739517212
1784576700.0,1.1419435739517212,1.1420739889144897,1.1418131589889526,1.1419435739517212
1784577600.0,1.1419435739517212,1.1419435739517212,1.1416828632354736,1.1418131589889526
1784578500.0,1.1416828632354736,1.1418131589889526,1.1415525674819946,1.1418131589889526
1784579400.0,1.1418131589889526,1.1418131589889526,1.1416828632354736,1.1416828632354736
1784580300.0,1.1416828632354736,1.1418131589889526,1.1416828632354736,1.1416828632354736
1784581200.0,1.1419435739517212,1.1423349380493164,1.1415525674819946,1.1419435739517212
1784582100.0,1.1416828632354736,1.1419435739517212,1.1415525674819946,1.1416828632354736
1784583000.0,1.1416828632354736,1.1416828632354736,1.141291856765747,1.1415525674819946
1784583900.0,1.1415525674819946,1.1416828632354736,1.141422152519226,1.1416828632354736
1784584800.0,1.141422152519226,1.1415525674819946,1.141291856765747,1.1415525674819946
1784585700.0,1.1415525674819946,1.1415525674819946,1.1415525674819946,1.1415525674819946
1784586600.0,1.1415525674819946,1.1415525674819946,1.141422152519226,1.1415525674819946
1784587500.0,1.1415525674819946,1.1416828632354736,1.1415525674819946,1.1416828632354736
1784588400.0,1.1416828632354736,1.1416828632354736,1.1415525674819946,1.1416828632354736
1784589300.0,1.1416828632354736,1.1416828632354736,1.1415525674819946,1.1416828632354736
1784590200.0,1.1416828632354736,1.1416828632354736,1.1416828632354736,1.1416828632354736
1784591100.0,1.1416828632354736,1.1418131589889526,1.1416828632354736,1.1418131589889526
1784592000.0,1.1419435739517212,1.1420739889144897,1.1418131589889526,1.1419435739517212
1784592900.0,1.1419435739517212,1.1419435739517212,1.1415525674819946,1.1415525674819946
1784593800.0,1.1415525674819946,1.1416828632354736,1.1415525674819946,1.1416828632354736
1784594700.0,1.1418131589889526,1.1419435739517212,1.1416828632354736,1.1416828632354736
1784595600.0,1.1415525674819946,1.1418131589889526,1.1415525674819946,1.1416828632354736
1784596500.0,1.1416828632354736,1.1418131589889526,1.1416828632354736,1.1418131589889526
1784597400.0,1.1419435739517212,1.1419435739517212,1.1416828632354736,1.1419435739517212
1784598300.0,1.1418131589889526,1.1419435739517212,1.1418131589889526,1.1418131589889526
1784599200.0,1.1418131589889526,1.1419435739517212,1.1418131589889526,1.1418131589889526
1784600100.0,1.1418131589889526,1.1419435739517212,1.1416828632354736,1.1416828632354736
1784601000.0,1.1416828632354736,1.1418131589889526,1.1416828632354736,1.1416828632354736
1784601900.0,1.1415525674819946,1.1416828632354736,1.141422152519226,1.141422152519226
1784602800.0,1.1415525674819946,1.1415525674819946,1.141291856765747,1.141291856765747
1784603700.0,1.141291856765747,1.141422152519226,1.141291856765747,1.141422152519226
1784604600.0,1.141422152519226,1.1416828632354736,1.141422152519226,1.1416828632354736
1784605500.0,1.1416828632354736,1.1418131589889526,1.1415525674819946,1.1415525674819946
1784606400.0,1.1415525674819946,1.1418131589889526,1.1415525674819946,1.1418131589889526
1784607300.0,1.1418131589889526,1.1419435739517212,1.1418131589889526,1.1418131589889526
1784608200.0,1.1418131589889526,1.1419435739517212,1.1418131589889526,1.1419435739517212
1784609100.0,1.1419435739517212,1.1420739889144897,1.1419435739517212,1.1420739889144897
1784610000.0,1.1420739889144897,1.1422044038772583,1.1419435739517212,1.1419435739517212
1784610900.0,1.1419435739517212,1.1420739889144897,1.1419435739517212,1.1420739889144897
1784611800.0,1.1420739889144897,1.1424654722213745,1.1420739889144897,1.1424654722213745
1784612700.0,1.1423349380493164,1.1423349380493164,1.1420739889144897,1.1420739889144897
1784613600.0,1.1422044038772583,1.1423349380493164,1.1420739889144897,1.1423349380493164
1784614500.0,1.1422044038772583,1.1424654722213745,1.1422044038772583,1.1423349380493164
1784615400.0,1.1423349380493164,1.1425960063934326,1.1423349380493164,1.1425960063934326
1784616300.0,1.1425960063934326,1.1425960063934326,1.1423349380493164,1.1425960063934326
1784617200.0,1.1425960063934326,1.142987847328186,1.1425960063934326,1.1425960063934326
1784618100.0,1.1425960063934326,1.142987847328186,1.1425960063934326,1.1428571939468384
1784619000.0,1.1427265405654907,1.1428571939468384,1.1425960063934326,1.1425960063934326
1784619900.0,1.1425960063934326,1.1425960063934326,1.1424654722213745,1.1425960063934326
1784620800.0,1.1425960063934326,1.1427265405654907,1.1425960063934326,1.1427265405654907
1784621700.0,1.1425960063934326,1.1428571939468384,1.1425960063934326,1.1425960063934326
1784622600.0,1.1424654722213745,1.1425960063934326,1.1423349380493164,1.1425960063934326
1784623500.0,1.1427265405654907,1.1427265405654907,1.1424654722213745,1.1424654722213745
1784624400.0,1.1424654722213745,1.1425960063934326,1.1424654722213745,1.1425960063934326
1784625300.0,1.1425960063934326,1.1428571939468384,1.1424654722213745,1.1424654722213745
1784626200.0,1.1424654722213745,1.1431183815002441,1.1424654722213745,1.1427265405654907
1784627100.0,1.1425960063934326,1.1428571939468384,1.1425960063934326,1.1425960063934326
1784628000.0,1.1425960063934326,1.1431183815002441,1.1425960063934326,1.1427265405654907
1784628900.0,1.1428571939468384,1.142987847328186,1.1427265405654907,1.142987847328186
1784629800.0,1.142987847328186,1.1431183815002441,1.1427265405654907,1.1428571939468384
1784630700.0,1.1427265405654907,1.1427265405654907,1.1423349380493164,1.1424654722213745
1784631600.0,1.1424654722213745,1.1424654722213745,1.1420739889144897,1.1423349380493164
1784632500.0,1.1422044038772583,1.1424654722213745,1.1422044038772583,1.1423349380493164
1784633400.0,1.1424654722213745,1.1425960063934326,1.1423349380493164,1.1425960063934326
1784634300.0,1.1425960063934326,1.1425960063934326,1.1420739889144897,1.1422044038772583
1784635200.0,1.1423349380493164,1.1423349380493164,1.1419435739517212,1.1420739889144897
1784636100.0,1.1419435739517212,1.1420739889144897,1.1419435739517212,1.1419435739517212
1784637000.0,1.1420739889144897,1.1422044038772583,1.1418131589889526,1.1418131589889526
1784637900.0,1.1419435739517212,1.1422044038772583,1.1418131589889526,1.1420739889144897
1784638800.0,1.1419435739517212,1.1420739889144897,1.1418131589889526,1.1420739889144897
1784639700.0,1.1419435739517212,1.1419435739517212,1.141291856765747,1.141291856765747
1784640600.0,1.141422152519226,1.1416828632354736,1.1409013271331787,1.1409013271331787
1784641500.0,1.1409013271331787,1.1415525674819946,1.1409013271331787,1.1415525674819946
1784642400.0,1.1415525674819946,1.1422044038772583,1.1415525674819946,1.1422044038772583
1784643300.0,1.1420739889144897,1.1420739889144897,1.141422152519226,1.141422152519226
1784644200.0,1.1411616802215576,1.141291856765747,1.1407711505889893,1.1411616802215576
1784645100.0,1.1410315036773682,1.1410315036773682,1.1406410932540894,1.1409013271331787
1784646000.0,1.1409013271331787,1.1409013271331787,1.1406410932540894,1.1407711505889893
1784646900.0,1.1409013271331787,1.141422152519226,1.1409013271331787,1.141291856765747
1784647800.0,1.141291856765747,1.141422152519226,1.1410315036773682,1.1410315036773682
1784648700.0,1.1409013271331787,1.1410315036773682,1.1407711505889893,1.1410315036773682
1784649600.0,1.1410315036773682,1.141291856765747,1.1410315036773682,1.1411616802215576
1784650500.0,1.1411616802215576,1.1411616802215576,1.1410315036773682,1.1411616802215576
1784651400.0,1.1410315036773682,1.141422152519226,1.1410315036773682,1.141422152519226
1784652300.0,1.141291856765747,1.141291856765747,1.1411616802215576,1.1411616802215576
1784653200.0,1.1411616802215576,1.141291856765747,1.1410315036773682,1.141291856765747
1784654100.0,1.1411616802215576,1.141291856765747,1.1411616802215576,1.141291856765747
1784655000.0,1.141291856765747,1.141291856765747,1.1410315036773682,1.1410315036773682
1784655900.0,1.1410315036773682,1.1411616802215576,1.1410315036773682,1.1410315036773682
1784656800.0,1.1409013271331787,1.1409013271331787,1.1405109167099,1.1405109167099
1784657700.0,1.1405109167099,1.1406410932540894,1.1402509212493896,1.1405109167099
1784658600.0,1.1406410932540894,1.1406410932540894,1.1402509212493896,1.1405109167099
1784659500.0,1.1405109167099,1.1406410932540894,1.140380859375,1.1406410932540894
1784660400.0,1.1407711505889893,1.1407711505889893,1.140380859375,1.140380859375
1784661300.0,1.1405109167099,1.1407711505889893,1.1405109167099,1.1406410932540894
1784662200.0,1.1406410932540894,1.1406410932540894,1.140380859375,1.1405109167099
1784663100.0,1.1405109167099,1.1406410932540894,1.140380859375,1.140380859375
1784664000.0,1.1405109167099,1.1406410932540894,1.140380859375,1.1405109167099
1784664900.0,1.140380859375,1.140380859375,1.1402509212493896,1.140380859375
1784665800.0,1.140380859375,1.140380859375,1.140380859375,1.140380859375
1784666700.0,1.1405109167099,1.1405109167099,1.1401208639144897,1.1401208639144897
1784667600.0,1.1399909257888794,1.1402509212493896,1.1398608684539795,1.1402509212493896
1784668500.0,1.1401208639144897,1.140380859375,1.1401208639144897,1.1402509212493896
1784669400.0,1.140380859375,1.1406410932540894,1.1402509212493896,1.1405109167099
1784670300.0,1.1405109167099,1.1406410932540894,1.1402509212493896,1.1406410932540894
1784671200.0,1.140380859375,1.140380859375,1.1402509212493896,1.1402509212493896
1784672100.0,1.1402509212493896,1.140380859375,1.1402509212493896,1.140380859375
1784673000.0,1.140380859375,1.140380859375,1.1402509212493896,1.140380859375
1784673900.0,1.140380859375,1.140380859375,1.1402509212493896,1.1402509212493896
1784674800.0,1.1402509212493896,1.1402509212493896,1.1401208639144897,1.1402509212493896
1784675700.0,1.1402509212493896,1.1402509212493896,1.1402509212493896,1.1402509212493896
1784676600.0,1.1402509212493896,1.140380859375,1.1402509212493896,1.140380859375
1784677500.0,1.140380859375,1.1405109167099,1.140380859375,1.1405109167099
1784678400.0,1.140380859375,1.1406410932540894,1.140380859375,1.1406410932540894
1784679300.0,1.1406410932540894,1.1410315036773682,1.1406410932540894,1.1410315036773682
1784680200.0,1.1410315036773682,1.1410315036773682,1.1405109167099,1.1405109167099
1784681100.0,1.1406410932540894,1.1407711505889893,1.1405109167099,1.1407711505889893
1784682000.0,1.1407711505889893,1.1410315036773682,1.1406410932540894,1.1409013271331787
1784682900.0,1.1409013271331787,1.1409013271331787,1.1406410932540894,1.1406410932540894
1784683800.0,1.1406410932540894,1.1406410932540894,1.1401208639144897,1.140380859375
1784684700.0,1.1405109167099,1.1406410932540894,1.1405109167099,1.1406410932540894
1784685600.0,1.1406410932540894,1.1407711505889893,1.1405109167099,1.1407711505889893
1784686500.0,1.1407711505889893,1.141291856765747,1.1407711505889893,1.1411616802215576
1784687400.0,1.1410315036773682,1.1411616802215576,1.1409013271331787,1.1410315036773682
1784688300.0,1.1410315036773682,1.1410315036773682,1.1409013271331787,1.1409013271331787
1784689200.0,1.1409013271331787,1.1410315036773682,1.1407711505889893,1.1409013271331787
1784690100.0,1.1409013271331787,1.1411616802215576,1.1409013271331787,1.1410315036773682
1784691000.0,1.1411616802215576,1.1411616802215576,1.1409013271331787,1.1409013271331787
1784691900.0,1.1410315036773682,1.1410315036773682,1.1409013271331787,1.1410315036773682
1784692800.0,1.1410315036773682,1.1410315036773682,1.1409013271331787,1.1409013271331787
1784693700.0,1.1410315036773682,1.1410315036773682,1.1409013271331787,1.1410315036773682
1784694600.0,1.1410315036773682,1.1411616802215576,1.1410315036773682,1.1411616802215576
1784695500.0,1.1411616802215576,1.1411616802215576,1.1410315036773682,1.1411616802215576
1784696400.0,1.1411616802215576,1.141291856765747,1.1411616802215576,1.1411616802215576
1784697300.0,1.1411616802215576,1.141291856765747,1.1410315036773682,1.1411616802215576
1784698200.0,1.1410315036773682,1.1410315036773682,1.1409013271331787,1.1410315036773682
1784699100.0,1.1410315036773682,1.141291856765747,1.1409013271331787,1.141291856765747
1784700000.0,1.141291856765747,1.1416828632354736,1.141291856765747,1.1415525674819946
1784700900.0,1.141422152519226,1.1415525674819946,1.1410315036773682,1.1410315036773682
1784701800.0,1.1410315036773682,1.141422152519226,1.1410315036773682,1.141422152519226
1784702700.0,1.141422152519226,1.1415525674819946,1.141291856765747,1.141422152519226
1784703600.0,1.141422152519226,1.1415525674819946,1.141291856765747,1.141422152519226
1784704500.0,1.1415525674819946,1.1418131589889526,1.141422152519226,1.1415525674819946
1784705400.0,1.1420739889144897,1.1420739889144897,1.1410315036773682,1.1410315036773682
1784706300.0,1.1409013271331787,1.141422152519226,1.1407711505889893,1.141291856765747
1784707200.0,1.141291856765747,1.141291856765747,1.1409013271331787,1.1409013271331787
1784708100.0,1.1407711505889893,1.1411616802215576,1.1407711505889893,1.1411616802215576
1784709000.0,1.141291856765747,1.1415525674819946,1.141291856765747,1.1415525674819946
1784709900.0,1.141422152519226,1.141422152519226,1.1411616802215576,1.141291856765747
1784710800.0,1.141422152519226,1.1415525674819946,1.141291856765747,1.141291856765747
1784711700.0,1.141291856765747,1.141291856765747,1.1411616802215576,1.1411616802215576
1784712600.0,1.141291856765747,1.1415525674819946,1.1411616802215576,1.141291856765747
1784713500.0,1.141291856765747,1.141291856765747,1.1407711505889893,1.1407711505889893
1784714400.0,1.1407711505889893,1.1409013271331787,1.140380859375,1.1406410932540894
1784715300.0,1.1406410932540894,1.1410315036773682,1.1405109167099,1.1409013271331787
1784716200.0,1.1407711505889893,1.1409013271331787,1.1407711505889893,1.1407711505889893
1784717100.0,1.1407711505889893,1.1410315036773682,1.1406410932540894,1.1406410932540894
1784718000.0,1.1407711505889893,1.1407711505889893,1.1406410932540894,1.1407711505889893
1784718900.0,1.1409013271331787,1.1409013271331787,1.1406410932540894,1.1407711505889893
1784719800.0,1.1407711505889893,1.1410315036773682,1.1407711505889893,1.1407711505889893
1784720700.0,1.1407711505889893,1.1410315036773682,1.1407711505889893,1.1409013271331787
1784721600.0,1.1410315036773682,1.141291856765747,1.1410315036773682,1.141291856765747
1784722500.0,1.141422152519226,1.141422152519226,1.141291856765747,1.141291856765747
1784723400.0,1.1415525674819946,1.1416828632354736,1.141422152519226,1.141422152519226
1784724300.0,1.141422152519226,1.141422152519226,1.1410315036773682,1.141291856765747
1784725200.0,1.1411616802215576,1.1415525674819946,1.1411616802215576,1.141291856765747
1784726100.0,1.141291856765747,1.1419435739517212,1.141291856765747,1.1418131589889526
1784727000.0,1.1419435739517212,1.1423349380493164,1.1419435739517212,1.1422044038772583
1784727900.0,1.1420739889144897,1.1420739889144897,1.1416828632354736,1.1416828632354736
1784728800.0,1.1418131589889526,1.1420739889144897,1.141422152519226,1.1420739889144897
1784729700.0,1.1419435739517212,1.1420739889144897,1.141422152519226,1.141422152519226
1784730600.0,1.141422152519226,1.1415525674819946,1.141291856765747,1.1415525674819946
1784731500.0,1.141422152519226,1.1416828632354736,1.1411616802215576,1.141291856765747
1784732400.0,1.1411616802215576,1.141422152519226,1.1411616802215576,1.141422152519226
1784733300.0,1.141291856765747,1.1416828632354736,1.1411616802215576,1.1416828632354736
1784734200.0,1.1416828632354736,1.1416828632354736,1.1411616802215576,1.141291856765747
1784735100.0,1.141291856765747,1.1416828632354736,1.141291856765747,1.1416828632354736
1784736000.0,1.1416828632354736,1.1416828632354736,1.1410315036773682,1.1410315036773682
1784736900.0,1.1411616802215576,1.141422152519226,1.1410315036773682,1.141422152519226
1784737800.0,1.141422152519226,1.1415525674819946,1.1411616802215576,1.1411616802215576
1784738700.0,1.1411616802215576,1.141291856765747,1.1411616802215576,1.141291856765747
1784739600.0,1.141291856765747,1.1415525674819946,1.141291856765747,1.141422152519226
1784740500.0,1.141422152519226,1.1415525674819946,1.141422152519226,1.141422152519226
1784741400.0,1.141422152519226,1.141422152519226,1.1411616802215576,1.141291856765747
1784742300.0,1.141291856765747,1.141422152519226,1.141291856765747,1.141291856765747
1784743200.0,1.141422152519226,1.141422152519226,1.1411616802215576,1.1411616802215576
1784744100.0,1.1411616802215576,1.141422152519226,1.1411616802215576,1.141291856765747
1784745000.0,1.141291856765747,1.141422152519226,1.141291856765747,1.141291856765747
1784745900.0,1.141291856765747,1.141422152519226,1.141291856765747,1.141422152519226
1784746800.0,1.141422152519226,1.1415525674819946,1.141291856765747,1.141291856765747
1784747700.0,1.141291856765747,1.1415525674819946,1.141291856765747,1.141422152519226
1784748600.0,1.141422152519226,1.141422152519226,1.141291856765747,1.141422152519226
1784749500.0,1.1415525674819946,1.1415525674819946,1.141291856765747,1.141422152519226
1784750400.0,1.141422152519226,1.1415525674819946,1.141422152519226,1.1415525674819946
1784751300.0,1.1415525674819946,1.1415525674819946,1.141422152519226,1.1415525674819946
1784752200.0,1.1415525674819946,1.1415525674819946,1.141422152519226,1.1415525674819946
1784753100.0,1.1415525674819946,1.1415525674819946,1.141422152519226,1.141422152519226
1784754000.0,1.1409013271331787,1.1415525674819946,1.1409013271331787,1.1411616802215576
1784754900.0,1.1415525674819946,1.1415525674819946,1.1410315036773682,1.1411616802215576
1784755800.0,1.1411616802215576,1.141291856765747,1.1409013271331787,1.141291856765747
1784756700.0,1.1410315036773682,1.141422152519226,1.1409013271331787,1.1409013271331787
1784757600.0,1.141291856765747,1.141291856765747,1.1410315036773682,1.1410315036773682
1784758500.0,1.1411616802215576,1.1411616802215576,1.1410315036773682,1.1410315036773682
1784759400.0,1.1410315036773682,1.1411616802215576,1.1409013271331787,1.1410315036773682
1784760300.0,1.1410315036773682,1.1411616802215576,1.1409013271331787,1.1410315036773682
1784761200.0,1.1411616802215576,1.141291856765747,1.1411616802215576,1.141291856765747
1784762100.0,1.141291856765747,1.141422152519226,1.141291856765747,1.141291856765747
1784763000.0,1.141291856765747,1.141422152519226,1.141291856765747,1.141422152519226
1784763900.0,1.141422152519226,1.1415525674819946,1.141291856765747,1.141422152519226
1784764800.0,1.1415525674819946,1.1416828632354736,1.141422152519226,1.141422152519226
1784765700.0,1.141422152519226,1.1416828632354736,1.141422152519226,1.1415525674819946
1784766600.0,1.1415525674819946,1.1416828632354736,1.1415525674819946,1.1416828632354736
1784767500.0,1.1416828632354736,1.1420739889144897,1.1415525674819946,1.1420739889144897
1784768400.0,1.1420739889144897,1.1423349380493164,1.1420739889144897,1.1420739889144897
1784769300.0,1.1422044038772583,1.1422044038772583,1.1420739889144897,1.1420739889144897
1784770200.0,1.1422044038772583,1.1423349380493164,1.1420739889144897,1.1422044038772583
1784771100.0,1.1420739889144897,1.1420739889144897,1.1419435739517212,1.1419435739517212
1784772000.0,1.1419435739517212,1.1422044038772583,1.1419435739517212,1.1422044038772583
1784772900.0,1.1422044038772583,1.1423349380493164,1.1422044038772583,1.1423349380493164
1784773800.0,1.1424654722213745,1.142987847328186,1.1424654722213745,1.1428571939468384
1784774700.0,1.1428571939468384,1.1431183815002441,1.1428571939468384,1.1431183815002441
1784775600.0,1.1432491540908813,1.1432491540908813,1.1428571939468384,1.1428571939468384
1784776500.0,1.1427265405654907,1.1432491540908813,1.1427265405654907,1.1432491540908813
1784777400.0,1.1431183815002441,1.143379807472229,1.1431183815002441,1.143379807472229
1784778300.0,1.1432491540908813,1.143379807472229,1.1432491540908813,1.1432491540908813
1784779200.0,1.1431183815002441,1.1439030170440674,1.1431183815002441,1.1436413526535034
1784780100.0,1.1437721252441406,1.1437721252441406,1.143379807472229,1.1437721252441406
1784781000.0,1.1437721252441406,1.1439030170440674,1.1435105800628662,1.1436413526535034
1784781900.0,1.1435105800628662,1.1437721252441406,1.143379807472229,1.1436413526535034
1784782800.0,1.1436413526535034,1.1437721252441406,1.1436413526535034,1.1436413526535034
1784783700.0,1.1435105800628662,1.1435105800628662,1.1432491540908813,1.143379807472229
1784784600.0,1.143379807472229,1.143379807472229,1.1432491540908813,1.1432491540908813
1784785500.0,1.143379807472229,1.1435105800628662,1.1432491540908813,1.143379807472229
1784786400.0,1.143379807472229,1.1436413526535034,1.1432491540908813,1.1435105800628662
1784787300.0,1.1435105800628662,1.1435105800628662,1.1431183815002441,1.1431183815002441
1784788200.0,1.1431183815002441,1.1431183815002441,1.1427265405654907,1.142987847328186
1784789100.0,1.142987847328186,1.1431183815002441,1.1427265405654907,1.1428571939468384
1784790000.0,1.1427265405654907,1.1428571939468384,1.1425960063934326,1.1428571939468384
1784790900.0,1.142987847328186,1.142987847328186,1.1427265405654907,1.1428571939468384
1784791800.0,1.1428571939468384,1.142987847328186,1.1425960063934326,1.1425960063934326
1784792700.0,1.1425960063934326,1.1428571939468384,1.1424654722213745,1.1427265405654907
1784793600.0,1.1428571939468384,1.1428571939468384,1.1423349380493164,1.1423349380493164
1784794500.0,1.1422044038772583,1.1422044038772583,1.1419435739517212,1.1420739889144897
1784795400.0,1.1419435739517212,1.1419435739517212,1.1411616802215576,1.1411616802215576
1784796300.0,1.141291856765747,1.1415525674819946,1.1411616802215576,1.141422152519226
1784797200.0,1.141291856765747,1.1418131589889526,1.141291856765747,1.1415525674819946
1784798100.0,1.141422152519226,1.1415525674819946,1.141291856765747,1.141291856765747
1784799000.0,1.141422152519226,1.1416828632354736,1.141422152519226,1.1416828632354736
1784799900.0,1.1418131589889526,1.1418131589889526,1.1415525674819946,1.1415525674819946
1784800800.0,1.1416828632354736,1.1416828632354736,1.141291856765747,1.141291856765747
1784801700.0,1.141422152519226,1.141422152519226,1.1410315036773682,1.1411616802215576
1784802600.0,1.141291856765747,1.141291856765747,1.1410315036773682,1.1410315036773682
1784803500.0,1.1410315036773682,1.1411616802215576,1.1407711505889893,1.1407711505889893
1784804400.0,1.1406410932540894,1.1409013271331787,1.1406410932540894,1.1409013271331787
1784805300.0,1.1409013271331787,1.1409013271331787,1.1401208639144897,1.1401208639144897
1784806200.0,1.1401208639144897,1.1401208639144897,1.1388224363327026,1.1389521360397339
1784807100.0,1.1390818357467651,1.1398608684539795,1.1390818357467651,1.1398608684539795
1784808000.0,1.1397310495376587,1.1397310495376587,1.1393414735794067,1.1397310495376587
1784808900.0,1.1394712924957275,1.1394712924957275,1.1384334564208984,1.1389521360397339
1784809800.0,1.1386927366256714,1.1388224363327026,1.1381744146347046,1.1383039951324463
1784810700.0,1.1381744146347046,1.1388224363327026,1.138044834136963,1.1388224363327026
1784811600.0,1.1389521360397339,1.1389521360397339,1.137268304824829,1.137268304824829
1784812500.0,1.137268304824829,1.1381744146347046,1.137268304824829,1.1381744146347046
1784813400.0,1.1381744146347046,1.1388224363327026,1.138044834136963,1.1384334564208984
1784814300.0,1.1381744146347046,1.1381744146347046,1.1377859115600586,1.1377859115600586
1784815200.0,1.1377859115600586,1.1377859115600586,1.1371389627456665,1.1375269889831543
1784816100.0,1.1373976469039917,1.1375269889831543,1.1367511749267578,1.137268304824829
1784817000.0,1.1373976469039917,1.1376564502716064,1.1371389627456665,1.1371389627456665
1784817900.0,1.1370097398757935,1.1373976469039917,1.1368803977966309,1.1373976469039917
1784818800.0,1.1373976469039917,1.1377859115600586,1.1373976469039917,1.1376564502716064
1784819700.0,1.1376564502716064,1.1377859115600586,1.137268304824829,1.1376564502716064
1784820600.0,1.1373976469039917,1.1377859115600586,1.1370097398757935,1.1376564502716064
1784821500.0,1.1376564502716064,1.1377859115600586,1.1373976469039917,1.1375269889831543
1784822400.0,1.1376564502716064,1.138044834136963,1.1376564502716064,1.138044834136963
1784823300.0,1.1379153728485107,1.138044834136963,1.1377859115600586,1.138044834136963
1784824200.0,1.1381744146347046,1.1383039951324463,1.1379153728485107,1.1381744146347046
1784825100.0,1.1381744146347046,1.1383039951324463,1.138044834136963,1.1383039951324463
1784826000.0,1.1383039951324463,1.1384334564208984,1.138044834136963,1.138044834136963
1784826900.0,1.1379153728485107,1.1381744146347046,1.1379153728485107,1.1379153728485107
1784827800.0,1.1379153728485107,1.1379153728485107,1.1376564502716064,1.1376564502716064
1784828700.0,1.1376564502716064,1.1377859115600586,1.1375269889831543,1.1375269889831543
1784829600.0,1.1375269889831543,1.1377859115600586,1.1373976469039917,1.1377859115600586
1784830500.0,1.1376564502716064,1.1377859115600586,1.1376564502716064,1.1377859115600586
1784831400.0,1.1377859115600586,1.1379153728485107,1.1376564502716064,1.1377859115600586
1784832300.0,1.1377859115600586,1.1379153728485107,1.1377859115600586,1.1377859115600586
1784833200.0,1.1381744146347046,1.1381744146347046,1.1377859115600586,1.1377859115600586
1784834100.0,1.1377859115600586,1.1379153728485107,1.1377859115600586,1.1379153728485107
1784835000.0,1.1381744146347046,1.1381744146347046,1.1379153728485107,1.1379153728485107
1784835900.0,1.1379153728485107,1.1381744146347046,1.1377859115600586,1.138044834136963
1784836800.0,1.1381744146347046,1.1383039951324463,1.1381744146347046,1.1381744146347046
1784837700.0,1.1381744146347046,1.1381744146347046,1.138044834136963,1.1381744146347046
1784838600.0,1.1383039951324463,1.1383039951324463,1.138044834136963,1.1381744146347046
1784839500.0,1.1381744146347046,1.1381744146347046,1.138044834136963,1.138044834136963
1784840400.0,1.1375269889831543,1.1384334564208984,1.1375269889831543,1.1375269889831543
1784841300.0,1.1377859115600586,1.1381744146347046,1.1377859115600586,1.138044834136963
1784842200.0,1.1383039951324463,1.1383039951324463,1.1379153728485107,1.138044834136963
1784843100.0,1.1381744146347046,1.1383039951324463,1.1379153728485107,1.1381744146347046
1784844000.0,1.1379153728485107,1.1381744146347046,1.1379153728485107,1.1381744146347046
1784844900.0,1.1381744146347046,1.1383039951324463,1.138044834136963,1.138044834136963
1784845800.0,1.138044834136963,1.1381744146347046,1.138044834136963,1.1381744146347046
1784846700.0,1.1381744146347046,1.1383039951324463,1.1381744146347046,1.1383039951324463
1784847600.0,1.1383039951324463,1.1383039951324463,1.1381744146347046,1.1381744146347046
1784848500.0,1.1381744146347046,1.1383039951324463,1.1381744146347046,1.1383039951324463
1784849400.0,1.1381744146347046,1.1383039951324463,1.138044834136963,1.138044834136963
1784850300.0,1.1381744146347046,1.1381744146347046,1.1379153728485107,1.138044834136963
1784851200.0,1.1379153728485107,1.1383039951324463,1.1379153728485107,1.1383039951324463
1784852100.0,1.1381744146347046,1.1383039951324463,1.1381744146347046,1.1383039951324463
1784853000.0,1.1381744146347046,1.1383039951324463,1.138044834136963,1.138044834136963
1784853900.0,1.138044834136963,1.1386927366256714,1.138044834136963,1.1386927366256714
1784854800.0,1.1388224363327026,1.1389521360397339,1.1385631561279297,1.1386927366256714
1784855700.0,1.1386927366256714,1.1389521360397339,1.1385631561279297,1.1385631561279297
1784856600.0,1.1385631561279297,1.1389521360397339,1.1385631561279297,1.1389521360397339
1784857500.0,1.1389521360397339,1.1390818357467651,1.1386927366256714,1.1386927366256714
1784858400.0,1.1388224363327026,1.1388224363327026,1.1386927366256714,1.1386927366256714
1784859300.0,1.1388224363327026,1.1389521360397339,1.1386927366256714,1.1386927366256714
1784860200.0,1.1388224363327026,1.1390818357467651,1.1388224363327026,1.1388224363327026
1784861100.0,1.1388224363327026,1.1388224363327026,1.1385631561279297,1.1385631561279297
1784862000.0,1.1384334564208984,1.1384334564208984,1.1381744146347046,1.1381744146347046
1784862900.0,1.1381744146347046,1.1383039951324463,1.1381744146347046,1.1381744146347046
1784863800.0,1.1383039951324463,1.1385631561279297,1.1383039951324463,1.1385631561279297
1784864700.0,1.1385631561279297,1.1385631561279297,1.1384334564208984,1.1385631561279297
1784865600.0,1.1385631561279297,1.1386927366256714,1.1385631561279297,1.1386927366256714
1784866500.0,1.1386927366256714,1.1386927366256714,1.1384334564208984,1.1384334564208984
1784867400.0,1.1384334564208984,1.1384334564208984,1.1381744146347046,1.1381744146347046
1784868300.0,1.1381744146347046,1.1381744146347046,1.138044834136963,1.1381744146347046
1784869200.0,1.1383039951324463,1.1384334564208984,1.1381744146347046,1.1383039951324463
1784870100.0,1.1383039951324463,1.1385631561279297,1.1383039951324463,1.1385631561279297
1784871000.0,1.1385631561279297,1.1386927366256714,1.1384334564208984,1.1384334564208984
1784871900.0,1.1384334564208984,1.1384334564208984,1.138044834136963,1.138044834136963
1784872800.0,1.1381744146347046,1.1383039951324463,1.138044834136963,1.1383039951324463
1784873700.0,1.1383039951324463,1.1389521360397339,1.1383039951324463,1.1388224363327026
1784874600.0,1.1388224363327026,1.1389521360397339,1.1386927366256714,1.1386927366256714
1784875500.0,1.1388224363327026,1.1389521360397339,1.1386927366256714,1.1389521360397339
1784876400.0,1.1390818357467651,1.1398608684539795,1.1389521360397339,1.1398608684539795
1784877300.0,1.1397310495376587,1.1401208639144897,1.1393414735794067,1.1401208639144897
1784878200.0,1.1402509212493896,1.140380859375,1.1393414735794067,1.1396011114120483
1784879100.0,1.1394712924957275,1.1396011114120483,1.1393414735794067,1.1393414735794067
1784880000.0,1.1393414735794067,1.1393414735794067,1.1389521360397339,1.1390818357467651
1784880900.0,1.1390818357467651,1.1390818357467651,1.1386927366256714,1.1390818357467651
1784881800.0,1.1389521360397339,1.1390818357467651,1.1388224363327026,1.1389521360397339
1784882700.0,1.1388224363327026,1.1388224363327026,1.1384334564208984,1.1386927366256714
1784883600.0,1.1385631561279297,1.1389521360397339,1.1385631561279297,1.1388224363327026
1784884500.0,1.1388224363327026,1.1390818357467651,1.1386927366256714,1.1390818357467651
1784885400.0,1.1389521360397339,1.1390818357467651,1.1386927366256714,1.1389521360397339
1784886300.0,1.1388224363327026,1.1390818357467651,1.1388224363327026,1.1390818357467651
1784887200.0,1.139211654663086,1.1393414735794067,1.1390818357467651,1.139211654663086
1784888100.0,1.1390818357467651,1.1396011114120483,1.1390818357467651,1.1394712924957275
1784889000.0,1.1393414735794067,1.1394712924957275,1.1390818357467651,1.1390818357467651
1784889900.0,1.1389521360397339,1.1390818357467651,1.1385631561279297,1.1386927366256714
1784890800.0,1.1385631561279297,1.1389521360397339,1.1385631561279297,1.1389521360397339
1784891700.0,1.1390818357467651,1.1390818357467651,1.1386927366256714,1.1386927366256714
1784892600.0,1.1385631561279297,1.1385631561279297,1.1381744146347046,1.1383039951324463
1784893500.0,1.1384334564208984,1.1384334564208984,1.1375269889831543,1.1377859115600586
1784894400.0,1.1379153728485107,1.1381744146347046,1.1375269889831543,1.138044834136963
1784895300.0,1.138044834136963,1.138044834136963,1.1376564502716064,1.1377859115600586
1784896200.0,1.1377859115600586,1.1379153728485107,1.1371389627456665,1.1371389627456665
1784897100.0,1.137268304824829,1.1375269889831543,1.1371389627456665,1.137268304824829
1784898000.0,1.1373976469039917,1.1375269889831543,1.1368803977966309,1.1373976469039917
1784898900.0,1.137268304824829,1.1376564502716064,1.137268304824829,1.1373976469039917
1784899800.0,1.1373976469039917,1.1376564502716064,1.1371389627456665,1.1375269889831543
1784900700.0,1.1375269889831543,1.1379153728485107,1.137268304824829,1.1379153728485107
1784901600.0,1.138044834136963,1.1383039951324463,1.1373976469039917,1.1375269889831543
1784902500.0,1.1376564502716064,1.138044834136963,1.1375269889831543,1.1379153728485107
1784903400.0,1.1379153728485107,1.1381744146347046,1.1379153728485107,1.1379153728485107
1784904300.0,1.1379153728485107,1.1383039951324463,1.1379153728485107,1.1383039951324463
1784905200.0,1.138044834136963,1.139211654663086,1.138044834136963,1.1389521360397339
1784906100.0,1.139211654663086,1.1393414735794067,1.1388224363327026,1.1388224363327026
1784907000.0,1.1386927366256714,1.139211654663086,1.1386927366256714,1.1388224363327026
1784907900.0,1.1389521360397339,1.1389521360397339,1.1386927366256714,1.1386927366256714
1784908800.0,1.1386927366256714,1.1389521360397339,1.1385631561279297,1.1389521360397339
1784909700.0,1.1388224363327026,1.1389521360397339,1.1385631561279297,1.1386927366256714
1784910600.0,1.1385631561279297,1.1386927366256714,1.1383039951324463,1.1384334564208984
1784911500.0,1.1383039951324463,1.1383039951324463,1.1381744146347046,1.1381744146347046
1784912400.0,1.138044834136963,1.138044834136963,1.1373976469039917,1.1375269889831543
1784913300.0,1.1375269889831543,1.1375269889831543,1.1371389627456665,1.1375269889831543
1784914200.0,1.1375269889831543,1.1375269889831543,1.1371389627456665,1.137268304824829
1784915100.0,1.137268304824829,1.137268304824829,1.1371389627456665,1.137268304824829
1784916000.0,1.137268304824829,1.1373976469039917,1.1371389627456665,1.137268304824829
1784916900.0,1.1373976469039917,1.1373976469039917,1.1371389627456665,1.137268304824829
1784917800.0,1.137268304824829,1.137268304824829,1.1370097398757935,1.137268304824829
1784918700.0,1.1371389627456665,1.1373976469039917,1.1371389627456665,1.137268304824829
1784919600.0,1.1373976469039917,1.1373976469039917,1.137268304824829,1.1373976469039917
1784920500.0,1.1373976469039917,1.1373976469039917,1.1371389627456665,1.1371389627456665
1784921400.0,1.1371389627456665,1.1375269889831543,1.1371389627456665,1.1375269889831543
1784922300.0,1.1373976469039917,1.1375269889831543,1.137268304824829,1.1373976469039917
1784923200.0,1.1373976469039917,1.1373976469039917,1.137268304824829,1.137268304824829
1784924100.0,1.137268304824829,1.137268304824829,1.1371389627456665,1.1371389627456665
1784925000.0,1.1371389627456665,1.137268304824829,1.1370097398757935,1.137268304824829
1784925900.0,1.137268304824829,1.1376564502716064,1.1371389627456665,1.1373976469039917
1784926800.0,1.1375269889831543,1.1375269889831543,1.1375269889831543,1.1375269889831543
1784927700.0,1.1375269889831543,1.1375269889831543,1.1375269889831543,1.1375269889831543
1785106800.0,1.1393414735794067,1.1394712924957275,1.139211654663086,1.139211654663086
1785107700.0,1.139211654663086,1.1393414735794067,1.139211654663086,1.139211654663086
1785108600.0,1.139211654663086,1.1396011114120483,1.139211654663086,1.1396011114120483
1785109500.0,1.1396011114120483,1.1398608684539795,1.1394712924957275,1.1398608684539795
1785110400.0,1.1399909257888794,1.1405109167099,1.1399909257888794,1.1405109167099
1785111300.0,1.1405109167099,1.141291856765747,1.1405109167099,1.1411616802215576
1785112200.0,1.141422152519226,1.1415525674819946,1.1407711505889893,1.1407711505889893
1785113100.0,1.1407711505889893,1.1409013271331787,1.140380859375,1.1405109167099
1785114000.0,1.1406410932540894,1.1410315036773682,1.1406410932540894,1.1409013271331787
1785114900.0,1.1409013271331787,1.1410315036773682,1.1409013271331787,1.1409013271331787
1785115800.0,1.1410315036773682,1.1411616802215576,1.1406410932540894,1.1410315036773682
1785116700.0,1.1411616802215576,1.1416828632354736,1.1411616802215576,1.1416828632354736
1785117600.0,1.1416828632354736,1.1416828632354736,1.141291856765747,1.141291856765747
1785118500.0,1.141422152519226,1.141422152519226,1.1411616802215576,1.141422152519226
1785119400.0,1.1411616802215576,1.141422152519226,1.1411616802215576,1.1411616802215576
1785120300.0,1.1411616802215576,1.1411616802215576,1.1409013271331787,1.1409013271331787
1785121200.0,1.1410315036773682,1.1410315036773682,1.1406410932540894,1.1406410932540894
1785122100.0,1.1406410932540894,1.1407711505889893,1.1406410932540894,1.1407711505889893
1785123000.0,1.1406410932540894,1.1406410932540894,1.1405109167099,1.1406410932540894
1785123900.0,1.1406410932540894,1.1407711505889893,1.1406410932540894,1.1406410932540894
1785124800.0,1.1406410932540894,1.1407711505889893,1.1406410932540894,1.1406410932540894
1785125700.0,1.1407711505889893,1.1409013271331787,1.1406410932540894,1.1406410932540894
1785126600.0,1.1406410932540894,1.1407711505889893,1.1406410932540894,1.1406410932540894
1785127500.0,1.1406410932540894,1.1407711505889893,1.1405109167099,1.1407711505889893
1785128400.0,1.1405109167099,1.1409013271331787,1.1405109167099,1.1409013271331787
1785129300.0,1.1410315036773682,1.1410315036773682,1.1407711505889893,1.1409013271331787
1785130200.0,1.1409013271331787,1.1409013271331787,1.1407711505889893,1.1407711505889893
1785131100.0,1.1407711505889893,1.1410315036773682,1.1406410932540894,1.1409013271331787
1785132000.0,1.1410315036773682,1.1416828632354736,1.1410315036773682,1.141422152519226
1785132900.0,1.1415525674819946,1.1416828632354736,1.1411616802215576,1.1415525674819946
1785133800.0,1.1415525674819946,1.1420739889144897,1.141291856765747,1.1418131589889526
1785134700.0,1.1418131589889526,1.1418131589889526,1.1411616802215576,1.141291856765747
1785135600.0,1.1411616802215576,1.141291856765747,1.1407711505889893,1.1411616802215576
1785136500.0,1.1411616802215576,1.1411616802215576,1.1409013271331787,1.1411616802215576
1785137400.0,1.1409013271331787,1.1410315036773682,1.1405109167099,1.1406410932540894
1785138300.0,1.1406410932540894,1.1406410932540894,1.1402509212493896,1.1402509212493896
1785139200.0,1.1401208639144897,1.1402509212493896,1.1399909257888794,1.1399909257888794
1785140100.0,1.1398608684539795,1.1399909257888794,1.1398608684539795,1.1399909257888794
1785141000.0,1.1398608684539795,1.140380859375,1.1398608684539795,1.1402509212493896
1785141900.0,1.1402509212493896,1.1406410932540894,1.1399909257888794,1.1406410932540894
1785142800.0,1.1405109167099,1.1406410932540894,1.1401208639144897,1.1401208639144897
1785143700.0,1.1401208639144897,1.1402509212493896,1.1399909257888794,1.1399909257888794
1785144600.0,1.1398608684539795,1.1402509212493896,1.1398608684539795,1.1399909257888794
1785145500.0,1.1399909257888794,1.1401208639144897,1.1399909257888794,1.1399909257888794
1785146400.0,1.1398608684539795,1.140380859375,1.1397310495376587,1.1398608684539795
1785147300.0,1.1399909257888794,1.1402509212493896,1.1399909257888794,1.1401208639144897
1785148200.0,1.1401208639144897,1.1405109167099,1.1399909257888794,1.140380859375
1785149100.0,1.140380859375,1.140380859375,1.1397310495376587,1.1397310495376587
1785150000.0,1.1398608684539795,1.1398608684539795,1.1394712924957275,1.1396011114120483
1785150900.0,1.1394712924957275,1.1397310495376587,1.1394712924957275,1.1396011114120483
1785151800.0,1.1396011114120483,1.1398608684539795,1.1396011114120483,1.1396011114120483
1785152700.0,1.1394712924957275,1.1394712924957275,1.1388224363327026,1.1389521360397339
1785153600.0,1.1390818357467651,1.1393414735794067,1.1388224363327026,1.1388224363327026
1785154500.0,1.1388224363327026,1.1389521360397339,1.1386927366256714,1.1386927366256714
1785155400.0,1.1386927366256714,1.1386927366256714,1.138044834136963,1.1383039951324463
1785156300.0,1.1383039951324463,1.1388224363327026,1.1383039951324463,1.1388224363327026
1785157200.0,1.1385631561279297,1.1389521360397339,1.1383039951324463,1.1388224363327026
1785158100.0,1.1386927366256714,1.1386927366256714,1.138044834136963,1.138044834136963
1785159000.0,1.1384334564208984,1.1386927366256714,1.1383039951324463,1.1383039951324463
1785159900.0,1.1383039951324463,1.1383039951324463,1.1376564502716064,1.1376564502716064
1785160800.0,1.1373976469039917,1.1379153728485107,1.1373976469039917,1.1379153728485107
1785161700.0,1.1379153728485107,1.1379153728485107,1.1375269889831543,1.1375269889831543
1785162600.0,1.1373976469039917,1.1376564502716064,1.1373976469039917,1.1373976469039917
1785163500.0,1.1375269889831543,1.1377859115600586,1.137268304824829,1.1373976469039917
1785164400.0,1.1375269889831543,1.1376564502716064,1.137268304824829,1.1373976469039917
1785165300.0,1.1373976469039917,1.1379153728485107,1.1373976469039917,1.1379153728485107
1785166200.0,1.1379153728485107,1.1379153728485107,1.1377859115600586,1.1379153728485107
1785167100.0,1.1377859115600586,1.138044834136963,1.1377859115600586,1.1379153728485107
1785168000.0,1.1377859115600586,1.138044834136963,1.1377859115600586,1.1379153728485107
1785168900.0,1.1379153728485107,1.1386927366256714,1.1379153728485107,1.1385631561279297
1785169800.0,1.1385631561279297,1.1388224363327026,1.1385631561279297,1.1385631561279297
1785170700.0,1.1385631561279297,1.1385631561279297,1.1383039951324463,1.1383039951324463
1785171600.0,1.1381744146347046,1.1383039951324463,1.1376564502716064,1.1377859115600586
1785172500.0,1.1376564502716064,1.1376564502716064,1.137268304824829,1.1373976469039917
1785173400.0,1.137268304824829,1.1376564502716064,1.137268304824829,1.137268304824829
1785174300.0,1.137268304824829,1.1376564502716064,1.1371389627456665,1.1376564502716064
1785175200.0,1.1375269889831543,1.1376564502716064,1.1375269889831543,1.1376564502716064
1785176100.0,1.1376564502716064,1.1376564502716064,1.137268304824829,1.137268304824829
1785177000.0,1.1373976469039917,1.1373976469039917,1.1371389627456665,1.1373976469039917
1785177900.0,1.137268304824829,1.137268304824829,1.1371389627456665,1.1371389627456665
1785178800.0,1.137268304824829,1.137268304824829,1.1370097398757935,1.1370097398757935
1785179700.0,1.1371389627456665,1.1373976469039917,1.1371389627456665,1.1373976469039917
1785180600.0,1.1375269889831543,1.1376564502716064,1.1373976469039917,1.1375269889831543
1785181500.0,1.1375269889831543,1.1375269889831543,1.1373976469039917,1.1373976469039917
1785182400.0,1.137268304824829,1.1375269889831543,1.137268304824829,1.1375269889831543
1785183300.0,1.1375269889831543,1.1375269889831543,1.1373976469039917,1.1373976469039917
1785184200.0,1.1373976469039917,1.1373976469039917,1.1371389627456665,1.1371389627456665
1785185100.0,1.1370097398757935,1.1371389627456665,1.1370097398757935,1.1371389627456665
1785186000.0,1.1364928483963013,1.1381744146347046,1.1364928483963013,1.1381744146347046
1785186900.0,1.1379153728485107,1.1381744146347046,1.1379153728485107,1.138044834136963
1785187800.0,1.1384334564208984,1.1384334564208984,1.1373976469039917,1.1377859115600586
1785188700.0,1.1379153728485107,1.1379153728485107,1.137268304824829,1.1375269889831543
1785189600.0,1.137268304824829,1.1375269889831543,1.137268304824829,1.137268304824829
1785190500.0,1.137268304824829,1.1373976469039917,1.137268304824829,1.137268304824829
1785191400.0,1.137268304824829,1.1373976469039917,1.137268304824829,1.137268304824829
1785192300.0,1.137268304824829,1.137268304824829,1.137268304824829,1.137268304824829
1785193200.0,1.137268304824829,1.1373976469039917,1.137268304824829,1.137268304824829
1785194100.0,1.1373976469039917,1.1373976469039917,1.137268304824829,1.1373976469039917
1785195000.0,1.1373976469039917,1.1373976469039917,1.137268304824829,1.137268304824829
1785195900.0,1.137268304824829,1.137268304824829,1.1371389627456665,1.137268304824829
1785196800.0,1.1371389627456665,1.137268304824829,1.1370097398757935,1.1371389627456665
1785197700.0,1.1371389627456665,1.1376564502716064,1.1371389627456665,1.1375269889831543
1785198600.0,1.1375269889831543,1.1376564502716064,1.1375269889831543,1.1375269889831543
1785199500.0,1.1375269889831543,1.1377859115600586,1.1373976469039917,1.1377859115600586
1785200400.0,1.1377859115600586,1.138044834136963,1.1377859115600586,1.1377859115600586
1785201300.0,1.1377859115600586,1.1379153728485107,1.1377859115600586,1.1379153728485107
1785202200.0,1.1379153728485107,1.1379153728485107,1.1376564502716064,1.1376564502716064
1785203100.0,1.1376564502716064,1.1376564502716064,1.1373976469039917,1.1376564502716064
1785204000.0,1.1376564502716064,1.1377859115600586,1.1375269889831543,1.1376564502716064
1785204900.0,1.1377859115600586,1.1377859115600586,1.1375269889831543,1.1375269889831543
1785205800.0,1.1375269889831543,1.1376564502716064,1.1375269889831543,1.1376564502716064
1785206700.0,1.1376564502716064,1.1381744146347046,1.1376564502716064,1.138044834136963
1785207600.0,1.138044834136963,1.138044834136963,1.1379153728485107,1.1379153728485107
1785208500.0,1.1379153728485107,1.1381744146347046,1.1379153728485107,1.138044834136963
1785209400.0,1.1381744146347046,1.1383039951324463,1.1379153728485107,1.1379153728485107
1785210300.0,1.1379153728485107,1.1379153728485107,1.1376564502716064,1.1377859115600586
1785211200.0,1.1376564502716064,1.1376564502716064,1.1373976469039917,1.1373976469039917
1785212100.0,1.1373976469039917,1.1375269889831543,1.137268304824829,1.1373976469039917
1785213000.0,1.1376564502716064,1.1376564502716064,1.1373976469039917,1.1373976469039917
1785213900.0,1.1373976469039917,1.1375269889831543,1.1371389627456665,1.137268304824829
1785214800.0,1.1371389627456665,1.1371389627456665,1.1366219520568848,1.1366219520568848
1785215700.0,1.1366219520568848,1.1367511749267578,1.1364928483963013,1.1367511749267578
1785216600.0,1.1368803977966309,1.1368803977966309,1.1366219520568848,1.1368803977966309
1785217500.0,1.1368803977966309,1.1370097398757935,1.1367511749267578,1.1370097398757935
1785218400.0,1.1370097398757935,1.1371389627456665,1.1368803977966309,1.1370097398757935
1785219300.0,1.1371389627456665,1.1373976469039917,1.1370097398757935,1.1373976469039917
1785220200.0,1.1373976469039917,1.1375269889831543,1.137268304824829,1.1373976469039917
1785221100.0,1.137268304824829,1.1373976469039917,1.1371389627456665,1.1371389627456665
1785222000.0,1.1371389627456665,1.1376564502716064,1.1370097398757935,1.1375269889831543
1785222900.0,1.1376564502716064,1.1376564502716064,1.137268304824829,1.137268304824829
1785223800.0,1.1373976469039917,1.1375269889831543,1.1371389627456665,1.1371389627456665
1785224700.0,1.1371389627456665,1.1371389627456665,1.1367511749267578,1.1368803977966309
1785225600.0,1.1368803977966309,1.1373976469039917,1.1368803977966309,1.1371389627456665
1785226500.0,1.1371389627456665,1.1375269889831543,1.1371389627456665,1.137268304824829
1785227400.0,1.1373976469039917,1.1373976469039917,1.1371389627456665,1.1373976469039917
1785228300.0,1.1373976469039917,1.1375269889831543,1.1373976469039917,1.1375269889831543
1785229200.0,1.1376564502716064,1.1376564502716064,1.1370097398757935,1.1370097398757935
1785230100.0,1.1370097398757935,1.1371389627456665,1.1368803977966309,1.1370097398757935
1785231000.0,1.1368803977966309,1.1368803977966309,1.1366219520568848,1.1366219520568848
1785231900.0,1.1363636255264282,1.1364928483963013,1.1359764337539673,1.1359764337539673
1785232800.0,1.1359764337539673,1.1359764337539673,1.1357183456420898,1.1359764337539673
1785233700.0,1.1358473300933838,1.1361054182052612,1.1358473300933838,1.1359764337539673
1785234600.0,1.1359764337539673,1.1363636255264282,1.1359764337539673,1.1361054182052612
1785235500.0,1.1361054182052612,1.1366219520568848,1.1361054182052612,1.1363636255264282
1785236400.0,1.1364928483963013,1.1364928483963013,1.1361054182052612,1.1362345218658447
1785237300.0,1.1363636255264282,1.1368803977966309,1.1363636255264282,1.1368803977966309
1785238200.0,1.1368803977966309,1.1368803977966309,1.1367511749267578,1.1367511749267578
1785239100.0,1.1367511749267578,1.1371389627456665,1.1364928483963013,1.1370097398757935
1785240000.0,1.1368803977966309,1.1368803977966309,1.1364928483963013,1.1368803977966309
1785240900.0,1.1368803977966309,1.1368803977966309,1.1366219520568848,1.1366219520568848
1785241800.0,1.1366219520568848,1.1368803977966309,1.1364928483963013,1.1368803977966309
1785242700.0,1.1368803977966309,1.1371389627456665,1.1368803977966309,1.1370097398757935
1785243600.0,1.1368803977966309,1.137268304824829,1.1368803977966309,1.1370097398757935
1785244500.0,1.1370097398757935,1.1373976469039917,1.1370097398757935,1.1371389627456665
1785245400.0,1.137268304824829,1.1373976469039917,1.1371389627456665,1.137268304824829
1785246300.0,1.1371389627456665,1.1376564502716064,1.1371389627456665,1.1373976469039917
1785247200.0,1.1375269889831543,1.1377859115600586,1.1375269889831543,1.1376564502716064
1785248100.0,1.1376564502716064,1.138044834136963,1.1375269889831543,1.138044834136963
1785249000.0,1.1381744146347046,1.1383039951324463,1.138044834136963,1.1383039951324463
1785249900.0,1.1381744146347046,1.1389521360397339,1.138044834136963,1.1389521360397339
1785250800.0,1.1389521360397339,1.1397310495376587,1.1388224363327026,1.1397310495376587
1785251700.0,1.1398608684539795,1.1401208639144897,1.1396011114120483,1.1399909257888794
1785252600.0,1.1399909257888794,1.140380859375,1.1398608684539795,1.140380859375
1785253500.0,1.1405109167099,1.1405109167099,1.1399909257888794,1.140380859375
1785254400.0,1.140380859375,1.1406410932540894,1.1402509212493896,1.1406410932540894
1785255300.0,1.1405109167099,1.1407711505889893,1.1405109167099,1.1407711505889893
1785256200.0,1.1407711505889893,1.1407711505889893,1.140380859375,1.140380859375
1785257100.0,1.140380859375,1.140380859375,1.1399909257888794,1.1399909257888794
1785258000.0,1.1398608684539795,1.1399909257888794,1.1397310495376587,1.1397310495376587
1785258900.0,1.1398608684539795,1.1399909257888794,1.1396011114120483,1.1396011114120483
1785259800.0,1.1396011114120483,1.1397310495376587,1.1394712924957275,1.1394712924957275
1785260700.0,1.1394712924957275,1.1394712924957275,1.139211654663086,1.1393414735794067
1785261600.0,1.139211654663086,1.1393414735794067,1.1390818357467651,1.139211654663086
1785262500.0,1.1393414735794067,1.1394712924957275,1.1390818357467651,1.1390818357467651
1785263400.0,1.139211654663086,1.139211654663086,1.1390818357467651,1.139211654663086
1785264300.0,1.1390818357467651,1.1390818357467651,1.1389521360397339,1.1389521360397339
1785265200.0,1.1389521360397339,1.1393414735794067,1.1389521360397339,1.1390818357467651
1785266100.0,1.1390818357467651,1.1393414735794067,1.1390818357467651,1.139211654663086
1785267000.0,1.139211654663086,1.1394712924957275,1.139211654663086,1.1393414735794067
1785267900.0,1.1393414735794067,1.1394712924957275,1.1390818357467651,1.1390818357467651
1785268800.0,1.1390818357467651,1.139211654663086,1.1390818357467651,1.139211654663086
1785269700.0,1.139211654663086,1.139211654663086,1.1389521360397339,1.1389521360397339
1785270600.0,1.1389521360397339,1.1390818357467651,1.1388224363327026,1.1390818357467651
1785271500.0,1.1390818357467651,1.1390818357467651,1.1389521360397339,1.1389521360397339
1785272400.0,1.1385631561279297,1.1398608684539795,1.1383039951324463,1.1393414735794067
1785273300.0,1.1394712924957275,1.1396011114120483,1.139211654663086,1.1394712924957275
1785274200.0,1.1393414735794067,1.1396011114120483,1.1393414735794067,1.1394712924957275
1785275100.0,1.1396011114120483,1.1396011114120483,1.139211654663086,1.1394712924957275
1785276000.0,1.139211654663086,1.1394712924957275,1.139211654663086,1.139211654663086
1785276900.0,1.139211654663086,1.139211654663086,1.1388224363327026,1.1388224363327026
1785277800.0,1.1388224363327026,1.1389521360397339,1.1388224363327026,1.1388224363327026
1785278700.0,1.1388224363327026,1.1388224363327026,1.1388224363327026,1.1388224363327026
1785279600.0,1.1388224363327026,1.1388224363327026,1.1385631561279297,1.1386927366256714
1785280500.0,1.1386927366256714,1.1388224363327026,1.1386927366256714,1.1388224363327026
1785281400.0,1.1388224363327026,1.1388224363327026,1.1388224363327026,1.1388224363327026
1785282300.0,1.1388224363327026,1.1389521360397339,1.1386927366256714,1.1389521360397339
1785283200.0,1.1388224363327026,1.1389521360397339,1.1385631561279297,1.1386927366256714
1785284100.0,1.1386927366256714,1.1393414735794067,1.1386927366256714,1.139211654663086
1785285000.0,1.139211654663086,1.1393414735794067,1.139211654663086,1.139211654663086
1785285900.0,1.139211654663086,1.1393414735794067,1.1390818357467651,1.1393414735794067
1785286800.0,1.1394712924957275,1.1394712924957275,1.139211654663086,1.139211654663086
1785287700.0,1.139211654663086,1.1396011114120483,1.139211654663086,1.1394712924957275
1785288600.0,1.1390818357467651,1.1393414735794067,1.1389521360397339,1.1389521360397339
1785289500.0,1.1389521360397339,1.1394712924957275,1.1389521360397339,1.1394712924957275
1785290400.0,1.1394712924957275,1.1397310495376587,1.1393414735794067,1.1397310495376587
1785291300.0,1.1397310495376587,1.1398608684539795,1.1396011114120483,1.1397310495376587
1785292200.0,1.1397310495376587,1.1398608684539795,1.1397310495376587,1.1398608684539795
1785293100.0,1.1397310495376587,1.1398608684539795,1.1396011114120483,1.1397310495376587
1785294000.0,1.1397310495376587,1.1399909257888794,1.1397310495376587,1.1398608684539795
1785294900.0,1.1398608684539795,1.1402509212493896,1.1398608684539795,1.1402509212493896
1785295800.0,1.1402509212493896,1.140380859375,1.1402509212493896,1.1402509212493896
1785296700.0,1.1402509212493896,1.140380859375,1.1399909257888794,1.1399909257888794
1785297600.0,1.1399909257888794,1.1402509212493896,1.1399909257888794,1.1402509212493896
1785298500.0,1.1402509212493896,1.1405109167099,1.1402509212493896,1.1402509212493896
1785299400.0,1.1402509212493896,1.1406410932540894,1.1402509212493896,1.1406410932540894
1785300300.0,1.1406410932540894,1.1406410932540894,1.1402509212493896,1.1405109167099
1785301200.0,1.1405109167099,1.1406410932540894,1.140380859375,1.1405109167099
1785302100.0,1.1405109167099,1.1405109167099,1.1402509212493896,1.1402509212493896
1785303000.0,1.1402509212493896,1.1402509212493896,1.1401208639144897,1.1402509212493896
1785303900.0,1.1402509212493896,1.1405109167099,1.1401208639144897,1.1401208639144897
1785304800.0,1.1402509212493896,1.140380859375,1.1398608684539795,1.1399909257888794
1785305700.0,1.1401208639144897,1.1401208639144897,1.1397310495376587,1.1397310495376587
1785306600.0,1.1396011114120483,1.1397310495376587,1.1396011114120483,1.1397310495376587
1785307500.0,1.1397310495376587,1.1397310495376587,1.1393414735794067,1.1394712924957275
1785308400.0,1.1394712924957275,1.1399909257888794,1.1394712924957275,1.1397310495376587
1785309300.0,1.1397310495376587,1.1401208639144897,1.1397310495376587,1.1399909257888794
1785310200.0,1.1399909257888794,1.140380859375,1.1399909257888794,1.1401208639144897
1785311100.0,1.1401208639144897,1.140380859375,1.1401208639144897,1.1401208639144897
1785312000.0,1.1401208639144897,1.1402509212493896,1.1398608684539795,1.1398608684539795
1785312900.0,1.1399909257888794,1.1399909257888794,1.1397310495376587,1.1398608684539795
1785313800.0,1.1398608684539795,1.1401208639144897,1.1396011114120483,1.1401208639144897
1785314700.0,1.1401208639144897,1.140380859375,1.1398608684539795,1.1399909257888794
1785315600.0,1.1398608684539795,1.1399909257888794,1.1398608684539795,1.1398608684539795
1785316500.0,1.1398608684539795,1.1399909257888794,1.1397310495376587,1.1398608684539795
1785317400.0,1.1398608684539795,1.1399909257888794,1.1396011114120483,1.1397310495376587
1785318300.0,1.1398608684539795,1.1398608684539795,1.1396011114120483,1.1396011114120483
1785319200.0,1.1394712924957275,1.1396011114120483,1.1393414735794067,1.1394712924957275
1785320100.0,1.1394712924957275,1.1394712924957275,1.1390818357467651,1.139211654663086
1785321000.0,1.1394712924957275,1.1394712924957275,1.1390818357467651,1.1390818357467651
1785321900.0,1.1390818357467651,1.1390818357467651,1.1386927366256714,1.1388224363327026
1785322800.0,1.1389521360397339,1.1390818357467651,1.1389521360397339,1.1390818357467651
1785323700.0,1.1390818357467651,1.139211654663086,1.1388224363327026,1.1390818357467651
1785324600.0,1.1390818357467651,1.1390818357467651,1.1385631561279297,1.1385631561279297
1785325500.0,1.1385631561279297,1.1388224363327026,1.1384334564208984,1.1384334564208984
1785326400.0,1.1385631561279297,1.1385631561279297,1.1383039951324463,1.1383039951324463
1785327300.0,1.1381744146347046,1.1383039951324463,1.1379153728485107,1.138044834136963
1785328200.0,1.1379153728485107,1.1383039951324463,1.1379153728485107,1.1383039951324463
1785329100.0,1.1381744146347046,1.1383039951324463,1.138044834136963,1.138044834136963
1785330000.0,1.1383039951324463,1.1383039951324463,1.138044834136963,1.1383039951324463
1785330900.0,1.1383039951324463,1.1389521360397339,1.1383039951324463,1.1389521360397339
1785331800.0,1.1388224363327026,1.1389521360397339,1.1386927366256714,1.1389521360397339
1785332700.0,1.1390818357467651,1.1394712924957275,1.1390818357467651,1.1393414735794067
1785333600.0,1.1396011114120483,1.1396011114120483,1.139211654663086,1.139211654663086
1785334500.0,1.139211654663086,1.1397310495376587,1.1390818357467651,1.1397310495376587
1785335400.0,1.1398608684539795,1.1399909257888794,1.1394712924957275,1.1394712924957275
1785336300.0,1.1394712924957275,1.1394712924957275,1.1384334564208984,1.1384334564208984
1785337200.0,1.1384334564208984,1.1388224363327026,1.1383039951324463,1.1388224363327026
1785338100.0,1.1388224363327026,1.1388224363327026,1.1381744146347046,1.1384334564208984
1785339000.0,1.1383039951324463,1.1384334564208984,1.1381744146347046,1.1384334564208984
1785339900.0,1.1384334564208984,1.1386927366256714,1.1384334564208984,1.1385631561279297
1785340800.0,1.1385631561279297,1.1385631561279297,1.1381744146347046,1.1383039951324463
1785341700.0,1.138044834136963,1.1385631561279297,1.138044834136963,1.1385631561279297
1785342600.0,1.1385631561279297,1.1385631561279297,1.1383039951324463,1.1385631561279297
1785343500.0,1.1385631561279297,1.1388224363327026,1.1385631561279297,1.1388224363327026
1785344400.0,1.1388224363327026,1.1393414735794067,1.1388224363327026,1.1393414735794067
1785345300.0,1.139211654663086,1.1396011114120483,1.139211654663086,1.1393414735794067
1785346200.0,1.1393414735794067,1.1398608684539795,1.1393414735794067,1.1398608684539795
1785347100.0,1.1399909257888794,1.1402509212493896,1.1398608684539795,1.1399909257888794
1785348000.0,1.1418131589889526,1.142987847328186,1.1418131589889526,1.1428571939468384
1785348900.0,1.1432491540908813,1.1432491540908813,1.1420739889144897,1.1423349380493164
1785349800.0,1.1428571939468384,1.1436413526535034,1.1411616802215576,1.1436413526535034
1785350700.0,1.1439030170440674,1.1454753875732422,1.1439030170440674,1.1453442573547363
1785351600.0,1.1456066370010376,1.145737886428833,1.144688606262207,1.1453442573547363
1785352500.0,1.1456066370010376,1.1469204425811768,1.1454753875732422,1.1456066370010376
1785353400.0,1.1454753875732422,1.1461317539215088,1.1449507474899292,1.1461317539215088
1785354300.0,1.1458691358566284,1.1460003852844238,1.145213007926941,1.145213007926941
1785355200.0,1.145081877708435,1.1454753875732422,1.145081877708435,1.1454753875732422
1785356100.0,1.1453442573547363,1.1458691358566284,1.1453442573547363,1.1458691358566284
1785357000.0,1.1458691358566284,1.1469204425811768,1.1458691358566284,1.1469204425811768
1785357900.0,1.1467890739440918,1.147315263748169,1.1467890739440918,1.1470520496368408
1785358800.0,1.1475785970687866,1.1492931842803955,1.1453442573547363,1.1465259790420532
1785359700.0,1.1463946104049683,1.1469204425811768,1.1463946104049683,1.1467890739440918
1785360600.0,1.1467890739440918,1.1469204425811768,1.1465259790420532,1.1469204425811768
1785361500.0,1.1467890739440918,1.1467890739440918,1.1463946104049683,1.1465259790420532
1785362400.0,1.1469204425811768,1.1471836566925049,1.1469204425811768,1.1471836566925049
1785363300.0,1.1471836566925049,1.147315263748169,1.1470520496368408,1.1470520496368408
1785364200.0,1.1471836566925049,1.147315263748169,1.1471836566925049,1.147315263748169
1785365100.0,1.147315263748169,1.147446870803833,1.147315263748169,1.147446870803833
1785366000.0,1.1475785970687866,1.1478420495986938,1.147315263748169,1.147315263748169
1785366900.0,1.147315263748169,1.147446870803833,1.1470520496368408,1.1470520496368408
1785367800.0,1.1470520496368408,1.1470520496368408,1.1469204425811768,1.1469204425811768
1785368700.0,1.1467890739440918,1.147315263748169,1.1467890739440918,1.1470520496368408
1785369600.0,1.1470520496368408,1.1471836566925049,1.1467890739440918,1.1470520496368408
1785370500.0,1.1470520496368408,1.1470520496368408,1.1460003852844238,1.1461317539215088
1785371400.0,1.1461317539215088,1.1461317539215088,1.1460003852844238,1.1460003852844238
1785372300.0,1.1460003852844238,1.1461317539215088,1.1460003852844238,1.1461317539215088
1785373200.0,1.1461317539215088,1.1463946104049683,1.1461317539215088,1.1462632417678833
1785374100.0,1.1462632417678833,1.1462632417678833,1.145737886428833,1.1458691358566284
1785375000.0,1.1458691358566284,1.1461317539215088,1.1458691358566284,1.1460003852844238
1785375900.0,1.1460003852844238,1.1461317539215088,1.1456066370010376,1.1456066370010376
1785376800.0,1.1458691358566284,1.1458691358566284,1.1456066370010376,1.1456066370010376
1785377700.0,1.1456066370010376,1.1456066370010376,1.1454753875732422,1.1456066370010376
1785378600.0,1.1456066370010376,1.1458691358566284,1.1456066370010376,1.145737886428833
1785379500.0,1.145737886428833,1.1458691358566284,1.1456066370010376,1.1456066370010376
1785380400.0,1.1456066370010376,1.145737886428833,1.1454753875732422,1.1454753875732422
1785381300.0,1.1454753875732422,1.1454753875732422,1.145213007926941,1.1453442573547363
1785382200.0,1.1453442573547363,1.1456066370010376,1.1453442573547363,1.1456066370010376
1785383100.0,1.1454753875732422,1.1454753875732422,1.1453442573547363,1.1453442573547363
1785384000.0,1.145213007926941,1.1456066370010376,1.145213007926941,1.1456066370010376
1785384900.0,1.1456066370010376,1.145737886428833,1.1456066370010376,1.1456066370010376
1785385800.0,1.1456066370010376,1.145737886428833,1.1456066370010376,1.1456066370010376
1785386700.0,1.1456066370010376,1.1456066370010376,1.1453442573547363,1.1453442573547363
1785387600.0,1.1453442573547363,1.1458691358566284,1.1453442573547363,1.1458691358566284
1785388500.0,1.1458691358566284,1.1460003852844238,1.145737886428833,1.1458691358566284
1785389400.0,1.1458691358566284,1.1458691358566284,1.1454753875732422,1.1454753875732422
1785390300.0,1.1456066370010376,1.145737886428833,1.145213007926941,1.1453442573547363
1785391200.0,1.1454753875732422,1.1454753875732422,1.144688606262207,1.144688606262207
1785392100.0,1.1449507474899292,1.1449507474899292,1.144688606262207,1.144819736480713
1785393000.0,1.144819736480713,1.145081877708435,1.144688606262207,1.145081877708435
1785393900.0,1.1449507474899292,1.1453442573547363,1.1449507474899292,1.145081877708435
1785394800.0,1.145081877708435,1.1454753875732422,1.1445575952529907,1.1445575952529907
1785395700.0,1.1445575952529907,1.144688606262207,1.1440337896347046,1.1440337896347046
1785396600.0,1.1439030170440674,1.144164800643921,1.1439030170440674,1.144164800643921
1785397500.0,1.1440337896347046,1.144164800643921,1.1440337896347046,1.144164800643921
1785398400.0,1.144426703453064,1.145081877708435,1.1442956924438477,1.145081877708435
1785399300.0,1.145081877708435,1.145737886428833,1.145081877708435,1.145737886428833
1785400200.0,1.145737886428833,1.145737886428833,1.1449507474899292,1.1453442573547363
1785401100.0,1.1454753875732422,1.145737886428833,1.145081877708435,1.145213007926941
1785402000.0,1.1453442573547363,1.1461317539215088,1.1453442573547363,1.1461317539215088
1785402900.0,1.1461317539215088,1.1466574668884277,1.1461317539215088,1.1466574668884277
1785403800.0,1.1463946104049683,1.1466574668884277,1.1463946104049683,1.1465259790420532
1785404700.0,1.1465259790420532,1.1470520496368408,1.1465259790420532,1.1467890739440918
1785405600.0,1.1467890739440918,1.147315263748169,1.1465259790420532,1.147315263748169
1785406500.0,1.1475785970687866,1.1479737758636475,1.147315263748169,1.1475785970687866
1785407400.0,1.1475785970687866,1.1485011577606201,1.1475785970687866,1.1485011577606201
1785408300.0,1.1485011577606201,1.1486331224441528,1.1477103233337402,1.1477103233337402
1785409200.0,1.1478420495986938,1.1479737758636475,1.1475785970687866,1.1475785970687866
1785410100.0,1.1475785970687866,1.1475785970687866,1.1470520496368408,1.1470520496368408
1785411000.0,1.1470520496368408,1.1470520496368408,1.1469204425811768,1.1469204425811768
1785411900.0,1.1469204425811768,1.1478420495986938,1.1469204425811768,1.1478420495986938
1785412800.0,1.1479737758636475,1.148369312286377,1.1479737758636475,1.148369312286377
1785413700.0,1.1482374668121338,1.1482374668121338,1.1478420495986938,1.1481056213378906
1785414600.0,1.1486331224441528,1.1486331224441528,1.1475785970687866,1.1485011577606201
1785415500.0,1.1485011577606201,1.1485011577606201,1.147446870803833,1.1477103233337402
1785416400.0,1.1477103233337402,1.1478420495986938,1.147315263748169,1.1477103233337402
1785417300.0,1.147446870803833,1.148369312286377,1.147446870803833,1.148369312286377
1785418200.0,1.148369312286377,1.150483250617981,1.148369312286377,1.150483250617981
1785419100.0,1.1506155729293823,1.1526048183441162,1.15035080909729,1.1526048183441162
1785420000.0,1.1526048183441162,1.1538017988204956,1.1522064208984375,1.1528706550598145
1785420900.0,1.1532695293426514,1.1535356044769287,1.152339220046997,1.152339220046997
1785421800.0,1.1524720191955566,1.1524720191955566,1.151410460472107,1.151410460472107
1785422700.0,1.1518083810806274,1.1518083810806274,1.1507480144500732,1.1507480144500732
1785423600.0,1.150483250617981,1.1508804559707642,1.15035080909729,1.1506155729293823
1785424500.0,1.151145339012146,1.1518083810806274,1.151145339012146,1.1518083810806274
1785425400.0,1.1519410610198975,1.1526048183441162,1.1518083810806274,1.1524720191955566
1785426300.0,1.1526048183441162,1.1527377367019653,1.1524720191955566,1.1524720191955566
1785427200.0,1.1527377367019653,1.1531364917755127,1.1527377367019653,1.1527377367019653
1785428100.0,1.1527377367019653,1.1532695293426514,1.1527377367019653,1.1532695293426514
1785429000.0,1.15340256690979,1.15340256690979,1.1528706550598145,1.1528706550598145
1785429900.0,1.1528706550598145,1.1531364917755127,1.1527377367019653,1.1531364917755127
1785430800.0,1.1532695293426514,1.1532695293426514,1.1524720191955566,1.1524720191955566
1785431700.0,1.152339220046997,1.152339220046997,1.1522064208984375,1.152339220046997
1785432600.0,1.1522064208984375,1.1531364917755127,1.1519410610198975,1.1531364917755127
1785433500.0,1.1532695293426514,1.1532695293426514,1.1530035734176636,1.1531364917755127
1785434400.0,1.1535356044769287,1.1538017988204956,1.1532695293426514,1.1538017988204956
1785435300.0,1.1538017988204956,1.1538017988204956,1.1531364917755127,1.1532695293426514
1785436200.0,1.15340256690979,1.1536686420440674,1.1532695293426514,1.15340256690979
1785437100.0,1.1535356044769287,1.1538017988204956,1.1535356044769287,1.1538017988204956
1785438000.0,1.1539349555969238,1.1539349555969238,1.1531364917755127,1.15340256690979
1785438900.0,1.1531364917755127,1.1536686420440674,1.1531364917755127,1.1535356044769287
1785439800.0,1.1535356044769287,1.1535356044769287,1.15340256690979,1.15340256690979
1785440700.0,1.1535356044769287,1.1535356044769287,1.1532695293426514,1.1535356044769287
1785441600.0,1.15340256690979,1.1535356044769287,1.1532695293426514,1.15340256690979
1785442500.0,1.15340256690979,1.15340256690979,1.1531364917755127,1.1531364917755127
1785443400.0,1.1530035734176636,1.1532695293426514,1.1530035734176636,1.1530035734176636
1785444300.0,1.1530035734176636,1.1532695293426514,1.1530035734176636,1.1531364917755127
1785445200.0,1.1531364917755127,1.1532695293426514,1.1528706550598145,1.1528706550598145
1785446100.0,1.1528706550598145,1.1530035734176636,1.1527377367019653,1.1527377367019653
1785447000.0,1.1527377367019653,1.1530035734176636,1.1527377367019653,1.1530035734176636
1785447900.0,1.1527377367019653,1.1530035734176636,1.1527377367019653,1.1528706550598145
1785448800.0,1.1530035734176636,1.1532695293426514,1.1528706550598145,1.1530035734176636
1785449700.0,1.1530035734176636,1.1531364917755127,1.1528706550598145,1.1530035734176636
1785450600.0,1.1530035734176636,1.15340256690979,1.1530035734176636,1.1532695293426514
1785451500.0,1.1532695293426514,1.15340256690979,1.1531364917755127,1.1531364917755127
1785452400.0,1.1532695293426514,1.15340256690979,1.1528706550598145,1.1528706550598145
1785453300.0,1.1528706550598145,1.1530035734176636,1.1527377367019653,1.1528706550598145
1785454200.0,1.1527377367019653,1.1528706550598145,1.1526048183441162,1.1527377367019653
1785455100.0,1.1528706550598145,1.1528706550598145,1.1526048183441162,1.1526048183441162
1785456000.0,1.1527377367019653,1.1527377367019653,1.152339220046997,1.1526048183441162
1785456900.0,1.1526048183441162,1.1530035734176636,1.1526048183441162,1.1526048183441162
1785457800.0,1.1526048183441162,1.1526048183441162,1.1519410610198975,1.1519410610198975
1785458700.0,1.1520737409591675,1.152339220046997,1.1519410610198975,1.1522064208984375
1785459600.0,1.1522064208984375,1.152339220046997,1.1519410610198975,1.1519410610198975
1785460500.0,1.1519410610198975,1.1522064208984375,1.1519410610198975,1.1520737409591675
1785461400.0,1.1519410610198975,1.152339220046997,1.1518083810806274,1.1518083810806274
1785462300.0,1.1518083810806274,1.1518083810806274,1.151410460472107,1.151410460472107
1785463200.0,1.151410460472107,1.1519410610198975,1.151410460472107,1.1519410610198975
1785464100.0,1.1518083810806274,1.1518083810806274,1.1516757011413574,1.1516757011413574
1785465000.0,1.1516757011413574,1.1518083810806274,1.151543140411377,1.151543140411377
1785465900.0,1.151543140411377,1.151543140411377,1.151410460472107,1.151543140411377
1785466800.0,1.151543140411377,1.151543140411377,1.1512778997421265,1.151410460472107
1785467700.0,1.151410460472107,1.151410460472107,1.151145339012146,1.1512778997421265
1785468600.0,1.1512778997421265,1.1512778997421265,1.151012897491455,1.151012897491455
1785469500.0,1.151145339012146,1.1516757011413574,1.151145339012146,1.1516757011413574
1785470400.0,1.1516757011413574,1.1516757011413574,1.151543140411377,1.151543140411377
1785471300.0,1.151543140411377,1.1516757011413574,1.151543140411377,1.151543140411377
1785472200.0,1.151410460472107,1.151410460472107,1.1508804559707642,1.151012897491455
1785473100.0,1.1508804559707642,1.151145339012146,1.1508804559707642,1.151145339012146
1785474000.0,1.151145339012146,1.1512778997421265,1.151012897491455,1.151012897491455
1785474900.0,1.1508804559707642,1.151012897491455,1.1508804559707642,1.151012897491455
1785475800.0,1.1508804559707642,1.1512778997421265,1.1508804559707642,1.151012897491455
1785476700.0,1.151012897491455,1.151012897491455,1.1508804559707642,1.151012897491455
1785477600.0,1.1508804559707642,1.1519410610198975,1.1508804559707642,1.1518083810806274
1785478500.0,1.1518083810806274,1.1524720191955566,1.1518083810806274,1.1524720191955566
1785479400.0,1.1520737409591675,1.1522064208984375,1.151410460472107,1.151543140411377
1785480300.0,1.1519410610198975,1.1524720191955566,1.1519410610198975,1.1520737409591675
1785481200.0,1.1520737409591675,1.1520737409591675,1.1518083810806274,1.1520737409591675
1785482100.0,1.1519410610198975,1.1519410610198975,1.1516757011413574,1.1519410610198975
1785483000.0,1.1516757011413574,1.1522064208984375,1.151543140411377,1.1522064208984375
1785483900.0,1.1522064208984375,1.1527377367019653,1.1516757011413574,1.1516757011413574
1785484800.0,1.1518083810806274,1.1519410610198975,1.151145339012146,1.151410460472107
1785485700.0,1.151410460472107,1.151543140411377,1.1512778997421265,1.1512778997421265
1785486600.0,1.151145339012146,1.1512778997421265,1.1508804559707642,1.151145339012146
1785487500.0,1.1512778997421265,1.1528706550598145,1.1512778997421265,1.1528706550598145
1785488400.0,1.1527377367019653,1.1527377367019653,1.1519410610198975,1.1519410610198975
1785489300.0,1.1518083810806274,1.1520737409591675,1.1512778997421265,1.1512778997421265
1785490200.0,1.1512778997421265,1.151410460472107,1.1508804559707642,1.1508804559707642
1785491100.0,1.1507480144500732,1.1512778997421265,1.1507480144500732,1.1508804559707642
1785492000.0,1.1507480144500732,1.151145339012146,1.1507480144500732,1.151145339012146
1785492900.0,1.151012897491455,1.151012897491455,1.1506155729293823,1.1506155729293823
1785493800.0,1.1506155729293823,1.1507480144500732,1.150483250617981,1.1507480144500732
1785494700.0,1.1506155729293823,1.1507480144500732,1.150483250617981,1.150483250617981
1785495600.0,1.150483250617981,1.150483250617981,1.1502184867858887,1.1502184867858887
1785496500.0,1.1502184867858887,1.1502184867858887,1.1495574712753296,1.1496896743774414
1785497400.0,1.1495574712753296,1.1495574712753296,1.1492931842803955,1.1494252681732178
1785498300.0,1.1494252681732178,1.1494252681732178,1.1488970518112183,1.1488970518112183
1785499200.0,1.1487650871276855,1.1490291357040405,1.1486331224441528,1.1490291357040405
1785500100.0,1.1490291357040405,1.1491611003875732,1.1487650871276855,1.1487650871276855
1785501000.0,1.1486331224441528,1.1490291357040405,1.1486331224441528,1.1488970518112183
1785501900.0,1.1488970518112183,1.1494252681732178,1.1487650871276855,1.1492931842803955
1785502800.0,1.1491611003875732,1.1494252681732178,1.1491611003875732,1.1491611003875732
1785503700.0,1.1491611003875732,1.1506155729293823,1.1490291357040405,1.15035080909729
1785504600.0,1.15035080909729,1.15035080909729,1.1461317539215088,1.147315263748169
1785505500.0,1.1471836566925049,1.1477103233337402,1.1469204425811768,1.1470520496368408
1785506400.0,1.1470520496368408,1.1477103233337402,1.1466574668884277,1.1477103233337402
1785507300.0,1.1477103233337402,1.1482374668121338,1.1475785970687866,1.1481056213378906
1785508200.0,1.148369312286377,1.1492931842803955,1.148369312286377,1.1492931842803955
1785509100.0,1.1495574712753296,1.1508804559707642,1.1495574712753296,1.1508804559707642
1785510000.0,1.151012897491455,1.151012897491455,1.1500862836837769,1.1506155729293823
1785510900.0,1.1507480144500732,1.151145339012146,1.15035080909729,1.1506155729293823
1785511800.0,1.1507480144500732,1.1512778997421265,1.150483250617981,1.1512778997421265
1785512700.0,1.151145339012146,1.1522064208984375,1.151145339012146,1.1522064208984375
1785513600.0,1.1520737409591675,1.1522064208984375,1.1516757011413574,1.1522064208984375
1785514500.0,1.1519410610198975,1.1520737409591675,1.1516757011413574,1.1516757011413574
1785515400.0,1.1516757011413574,1.1520737409591675,1.1516757011413574,1.1516757011413574
1785516300.0,1.1518083810806274,1.1520737409591675,1.1518083810806274,1.1520737409591675
1785517200.0,1.1522064208984375,1.1526048183441162,1.1520737409591675,1.1526048183441162
1785518100.0,1.1526048183441162,1.1530035734176636,1.152339220046997,1.1530035734176636
1785519000.0,1.1531364917755127,1.1538017988204956,1.1531364917755127,1.1538017988204956
1785519900.0,1.1538017988204956,1.154068112373352,1.1531364917755127,1.1538017988204956
1785520800.0,1.1536686420440674,1.1538017988204956,1.15340256690979,1.15340256690979
1785521700.0,1.1531364917755127,1.15340256690979,1.1531364917755127,1.1532695293426514
1785522600.0,1.1532695293426514,1.15340256690979,1.1530035734176636,1.1531364917755127
1785523500.0,1.1530035734176636,1.15340256690979,1.1528706550598145,1.15340256690979
1785524400.0,1.1535356044769287,1.1536686420440674,1.1535356044769287,1.1535356044769287
1785525300.0,1.1535356044769287,1.1535356044769287,1.15340256690979,1.1535356044769287
1785526200.0,1.15340256690979,1.1535356044769287,1.1530035734176636,1.1535356044769287
1785527100.0,1.1536686420440674,1.1539349555969238,1.15340256690979,1.15340256690979
1785528000.0,1.15340256690979,1.15340256690979,1.1528706550598145,1.1531364917755127
1785528900.0,1.15340256690979,1.1542012691497803,1.15340256690979,1.1539349555969238
1785529800.0,1.1539349555969238,1.154334545135498,1.1538017988204956,1.154334545135498
1785530700.0,1.1544678211212158,1.155001163482666,1.1532695293426514,1.1532695293426514
1785531600.0,1.1527377367019653,1.1527377367019653,1.1527377367019653,1.1527377367019653
1785532500.0,1.1527377367019653,1.1527377367019653,1.1527377367019653,1.1527377367019653
1785711600.0,1.1552680730819702,1.1552680730819702,1.1547343730926514,1.1548677682876587
1785712500.0,1.1548677682876587,1.1548677682876587,1.1546010971069336,1.1548677682876587
1785713400.0,1.1548677682876587,1.1548677682876587,1.1546010971069336,1.1547343730926514
1785714300.0,1.1547343730926514,1.1547343730926514,1.1546010971069336,1.1547343730926514
1785715200.0,1.154334545135498,1.154334545135498,1.1539349555969238,1.154068112373352
1785716100.0,1.154068112373352,1.1551345586776733,1.1539349555969238,1.1551345586776733
1785717000.0,1.1552680730819702,1.1558021306991577,1.1551345586776733,1.1558021306991577
1785717900.0,1.1558021306991577,1.1558021306991577,1.1546010971069336,1.1546010971069336
1785718800.0,1.154334545135498,1.1547343730926514,1.1539349555969238,1.1539349555969238
1785719700.0,1.1539349555969238,1.1539349555969238,1.1535356044769287,1.1535356044769287
1785720600.0,1.1535356044769287,1.1536686420440674,1.15340256690979,1.1535356044769287
1785721500.0,1.1535356044769287,1.1535356044769287,1.15340256690979,1.1535356044769287
1785722400.0,1.1535356044769287,1.1536686420440674,1.15340256690979,1.15340256690979
1785723300.0,1.1532695293426514,1.1536686420440674,1.1532695293426514,1.1536686420440674
1785724200.0,1.1536686420440674,1.1538017988204956,1.1535356044769287,1.1535356044769287
1785725100.0,1.1535356044769287,1.1536686420440674,1.15340256690979,1.15340256690979
1785726000.0,1.15340256690979,1.15340256690979,1.1531364917755127,1.1531364917755127
1785726900.0,1.1530035734176636,1.1532695293426514,1.1530035734176636,1.1532695293426514
1785727800.0,1.1531364917755127,1.1531364917755127,1.1530035734176636,1.1531364917755127
1785728700.0,1.1531364917755127,1.15340256690979,1.1531364917755127,1.15340256690979
1785729600.0,1.15340256690979,1.1535356044769287,1.1532695293426514,1.1535356044769287
1785730500.0,1.1535356044769287,1.1536686420440674,1.15340256690979,1.1536686420440674
1785731400.0,1.1536686420440674,1.1539349555969238,1.1535356044769287,1.1539349555969238
1785732300.0,1.1538017988204956,1.1538017988204956,1.1536686420440674,1.1538017988204956
1785733200.0,1.1538017988204956,1.1539349555969238,1.1535356044769287,1.1536686420440674
1785734100.0,1.1536686420440674,1.1538017988204956,1.1535356044769287,1.1536686420440674
1785735000.0,1.1538017988204956,1.1539349555969238,1.1536686420440674,1.1539349555969238
1785735900.0,1.1539349555969238,1.154068112373352,1.1538017988204956,1.154068112373352
1785736800.0,1.1542012691497803,1.1542012691497803,1.1536686420440674,1.1536686420440674
1785737700.0,1.1536686420440674,1.1538017988204956,1.1535356044769287,1.1536686420440674
1785738600.0,1.1536686420440674,1.1536686420440674,1.1528706550598145,1.1528706550598145
1785739500.0,1.1527377367019653,1.1531364917755127,1.1527377367019653,1.1530035734176636
1785740400.0,1.1531364917755127,1.1532695293426514,1.1526048183441162,1.1532695293426514
1785741300.0,1.1532695293426514,1.1532695293426514,1.1524720191955566,1.1532695293426514
1785742200.0,1.15340256690979,1.1535356044769287,1.1527377367019653,1.1530035734176636
1785743100.0,1.1530035734176636,1.1530035734176636,1.1527377367019653,1.1530035734176636
1785744000.0,1.1527377367019653,1.1530035734176636,1.1527377367019653,1.1530035734176636
1785744900.0,1.1528706550598145,1.1530035734176636,1.1526048183441162,1.1527377367019653
1785745800.0,1.1527377367019653,1.1528706550598145,1.1527377367019653,1.1528706550598145
1785746700.0,1.1527377367019653,1.1528706550598145,1.1524720191955566,1.1526048183441162
1785747600.0,1.1527377367019653,1.1528706550598145,1.152339220046997,1.1528706550598145
1785748500.0,1.1527377367019653,1.1527377367019653,1.1524720191955566,1.1527377367019653
1785749400.0,1.1527377367019653,1.1531364917755127,1.1527377367019653,1.1531364917755127
1785750300.0,1.1531364917755127,1.1532695293426514,1.1526048183441162,1.1526048183441162
1785751200.0,1.1524720191955566,1.1527377367019653,1.1524720191955566,1.1527377367019653
1785752100.0,1.1526048183441162,1.1527377367019653,1.1520737409591675,1.1526048183441162
1785753000.0,1.1526048183441162,1.1526048183441162,1.1524720191955566,1.1524720191955566
1785753900.0,1.152339220046997,1.1527377367019653,1.152339220046997,1.1526048183441162
1785754800.0,1.1527377367019653,1.1530035734176636,1.1527377367019653,1.1528706550598145
1785755700.0,1.1528706550598145,1.1528706550598145,1.1524720191955566,1.1524720191955566
1785756600.0,1.1526048183441162,1.1528706550598145,1.1526048183441162,1.1528706550598145
1785757500.0,1.1530035734176636,1.1535356044769287,1.1530035734176636,1.1535356044769287
1785758400.0,1.1536686420440674,1.1538017988204956,1.15340256690979,1.15340256690979
1785759300.0,1.1535356044769287,1.1536686420440674,1.1532695293426514,1.15340256690979
1785760200.0,1.15340256690979,1.1536686420440674,1.1528706550598145,1.1528706550598145
1785761100.0,1.1528706550598145,1.1531364917755127,1.1526048183441162,1.1531364917755127
1785762000.0,1.1532695293426514,1.1536686420440674,1.1531364917755127,1.1532695293426514
1785762900.0,1.1532695293426514,1.1535356044769287,1.1528706550598145,1.1535356044769287
1785763800.0,1.1535356044769287,1.1538017988204956,1.1530035734176636,1.1530035734176636
1785764700.0,1.1532695293426514,1.1532695293426514,1.1526048183441162,1.1530035734176636
1785765600.0,1.1526048183441162,1.1530035734176636,1.1519410610198975,1.1519410610198975
1785766500.0,1.1520737409591675,1.152339220046997,1.1519410610198975,1.1519410610198975
1785767400.0,1.1518083810806274,1.1520737409591675,1.151410460472107,1.1516757011413574
1785768300.0,1.1516757011413574,1.1519410610198975,1.151543140411377,1.1518083810806274
1785769200.0,1.151543140411377,1.151543140411377,1.1506155729293823,1.1506155729293823
1785770100.0,1.1507480144500732,1.151012897491455,1.1506155729293823,1.1507480144500732
1785771000.0,1.1507480144500732,1.1508804559707642,1.1506155729293823,1.1507480144500732
1785771900.0,1.1507480144500732,1.1512778997421265,1.1507480144500732,1.1512778997421265
1785772800.0,1.1512778997421265,1.151410460472107,1.151012897491455,1.151145339012146
1785773700.0,1.151012897491455,1.151145339012146,1.1508804559707642,1.1508804559707642
1785774600.0,1.1508804559707642,1.151145339012146,1.1508804559707642,1.151012897491455
1785775500.0,1.151012897491455,1.151145339012146,1.1508804559707642,1.151012897491455
1785776400.0,1.1508804559707642,1.1508804559707642,1.1507480144500732,1.1507480144500732
1785777300.0,1.1506155729293823,1.1507480144500732,1.1506155729293823,1.1507480144500732
1785778200.0,1.1507480144500732,1.1507480144500732,1.1506155729293823,1.1507480144500732
1785779100.0,1.1507480144500732,1.1508804559707642,1.150483250617981,1.150483250617981
1785780000.0,1.150483250617981,1.1508804559707642,1.150483250617981,1.1508804559707642
1785780900.0,1.151012897491455,1.1512778997421265,1.151012897491455,1.1512778997421265
1785781800.0,1.1512778997421265,1.151543140411377,1.1512778997421265,1.151543140411377
1785782700.0,1.151543140411377,1.1518083810806274,1.151410460472107,1.1516757011413574
1785783600.0,1.1516757011413574,1.1518083810806274,1.1516757011413574,1.1516757011413574
1785784500.0,1.1516757011413574,1.1516757011413574,1.151543140411377,1.1516757011413574
1785785400.0,1.151543140411377,1.1516757011413574,1.151543140411377,1.151543140411377
1785786300.0,1.151543140411377,1.1516757011413574,1.1512778997421265,1.151410460472107
1785787200.0,1.151410460472107,1.151410460472107,1.151145339012146,1.151145339012146
1785788100.0,1.151012897491455,1.151145339012146,1.151012897491455,1.151012897491455
1785789000.0,1.151145339012146,1.1512778997421265,1.151145339012146,1.1512778997421265
1785789900.0,1.1512778997421265,1.1512778997421265,1.151145339012146,1.151145339012146
1785790800.0,1.1516757011413574,1.1518083810806274,1.1512778997421265,1.151410460472107
1785791700.0,1.151012897491455,1.151543140411377,1.151012897491455,1.1512778997421265
1785792600.0,1.151410460472107,1.151543140411377,1.1512778997421265,1.151410460472107
1785793500.0,1.151410460472107,1.1516757011413574,1.1512778997421265,1.151410460472107
1785794400.0,1.151543140411377,1.151543140411377,1.151012897491455,1.151012897491455
1785795300.0,1.151145339012146,1.151145339012146,1.151012897491455,1.151012897491455
1785796200.0,1.151145339012146,1.151145339012146,1.151012897491455,1.151145339012146
1785797100.0,1.151145339012146,1.1512778997421265,1.151145339012146,1.151145339012146
1785798000.0,1.1512778997421265,1.1512778997421265,1.151145339012146,1.1512778997421265
1785798900.0,1.1512778997421265,1.151410460472107,1.1512778997421265,1.1512778997421265
1785799800.0,1.1512778997421265,1.1512778997421265,1.151012897491455,1.151145339012146
1785800700.0,1.151145339012146,1.151145339012146,1.151012897491455,1.151012897491455
1785801600.0,1.151145339012146,1.1516757011413574,1.151145339012146,1.1512778997421265
1785802500.0,1.1512778997421265,1.151543140411377,1.1512778997421265,1.151543140411377
1785803400.0,1.151410460472107,1.1518083810806274,1.151410460472107,1.151543140411377
1785804300.0,1.151543140411377,1.151543140411377,1.1508804559707642,1.1508804559707642
1785805200.0,1.1507480144500732,1.1508804559707642,1.1506155729293823,1.1508804559707642
1785806100.0,1.1508804559707642,1.1512778997421265,1.1508804559707642,1.151145339012146
1785807000.0,1.151410460472107,1.1518083810806274,1.151410460472107,1.1518083810806274
1785807900.0,1.1516757011413574,1.1518083810806274,1.151543140411377,1.151543140411377
1785808800.0,1.1516757011413574,1.1516757011413574,1.1512778997421265,1.151543140411377
1785809700.0,1.1516757011413574,1.1516757011413574,1.1512778997421265,1.1512778997421265
1785810600.0,1.151410460472107,1.151543140411377,1.1512778997421265,1.151543140411377
1785811500.0,1.151410460472107,1.151543140411377,1.151145339012146,1.151145339012146
1785812400.0,1.151410460472107,1.151410460472107,1.151145339012146,1.1512778997421265
1785813300.0,1.151410460472107,1.151543140411377,1.151410460472107,1.151543140411377
1785814200.0,1.151543140411377,1.151543140411377,1.151145339012146,1.151145339012146
1785815100.0,1.151145339012146,1.1512778997421265,1.151145339012146,1.151145339012146
1785816000.0,1.1512778997421265,1.1512778997421265,1.151012897491455,1.151012897491455
1785816900.0,1.151012897491455,1.151145339012146,1.151012897491455,1.151145339012146
1785817800.0,1.151145339012146,1.1512778997421265,1.151145339012146,1.1512778997421265
1785818700.0,1.1512778997421265,1.151410460472107,1.151145339012146,1.1512778997421265
1785819600.0,1.1512778997421265,1.151410460472107,1.151012897491455,1.151012897491455
1785820500.0,1.151012897491455,1.1512778997421265,1.151012897491455,1.1512778997421265
1785821400.0,1.1512778997421265,1.1512778997421265,1.1508804559707642,1.1508804559707642
1785822300.0,1.1508804559707642,1.151012897491455,1.1507480144500732,1.151012897491455
1785823200.0,1.151012897491455,1.151145339012146,1.1507480144500732,1.151145339012146
1785824100.0,1.151145339012146,1.1512778997421265,1.151012897491455,1.151012897491455
1785825000.0,1.151012897491455,1.151145339012146,1.1507480144500732,1.1507480144500732
1785825900.0,1.1507480144500732,1.151012897491455,1.1507480144500732,1.151012897491455
1785826800.0,1.151145339012146,1.1512778997421265,1.151145339012146,1.1512778997421265
1785827700.0,1.151410460472107,1.1519410610198975,1.151410460472107,1.151543140411377
1785828600.0,1.151543140411377,1.1516757011413574,1.1512778997421265,1.1512778997421265
1785829500.0,1.151410460472107,1.151543140411377,1.1512778997421265,1.151410460472107
1785830400.0,1.151543140411377,1.1516757011413574,1.1512778997421265,1.1512778997421265
1785831300.0,1.1512778997421265,1.151543140411377,1.151145339012146,1.151543140411377
1785832200.0,1.151410460472107,1.151410460472107,1.151012897491455,1.1512778997421265
1785833100.0,1.151145339012146,1.1512778997421265,1.151012897491455,1.151145339012146
1785834000.0,1.151145339012146,1.151145339012146,1.1507480144500732,1.151012897491455
1785834900.0,1.151012897491455,1.151410460472107,1.151012897491455,1.151410460472107
1785835800.0,1.1512778997421265,1.151410460472107,1.151145339012146,1.151145339012146
1785836700.0,1.151145339012146,1.1512778997421265,1.1508804559707642,1.151145339012146
1785837600.0,1.151145339012146,1.151410460472107,1.151145339012146,1.1512778997421265
1785838500.0,1.1512778997421265,1.1512778997421265,1.151145339012146,1.1512778997421265
1785839400.0,1.151410460472107,1.1516757011413574,1.1512778997421265,1.1516757011413574
1785840300.0,1.1519410610198975,1.1522064208984375,1.1516757011413574,1.1516757011413574
1785841200.0,1.1516757011413574,1.1519410610198975,1.151543140411377,1.1519410610198975
1785842100.0,1.1519410610198975,1.152339220046997,1.1519410610198975,1.152339220046997
1785843000.0,1.1522064208984375,1.1526048183441162,1.1522064208984375,1.1526048183441162
1785843900.0,1.1524720191955566,1.1524720191955566,1.1519410610198975,1.1519410610198975
1785844800.0,1.1520737409591675,1.1520737409591675,1.1518083810806274,1.1518083810806274
1785845700.0,1.1516757011413574,1.1520737409591675,1.1516757011413574,1.1518083810806274
1785846600.0,1.1519410610198975,1.1526048183441162,1.1519410610198975,1.1524720191955566
1785847500.0,1.152339220046997,1.152339220046997,1.1518083810806274,1.1518083810806274
1785848400.0,1.1518083810806274,1.1518083810806274,1.151543140411377,1.151543140411377
1785849300.0,1.1516757011413574,1.1522064208984375,1.151410460472107,1.1519410610198975
1785850200.0,1.1519410610198975,1.1528706550598145,1.1519410610198975,1.1527377367019653
1785851100.0,1.1526048183441162,1.1528706550598145,1.1526048183441162,1.1527377367019653
1785852000.0,1.1527377367019653,1.15340256690979,1.1526048183441162,1.1532695293426514
1785852900.0,1.1532695293426514,1.1532695293426514,1.1530035734176636,1.1531364917755127
1785853800.0,1.1530035734176636,1.1531364917755127,1.1527377367019653,1.1527377367019653
1785854700.0,1.1526048183441162,1.1527377367019653,1.152339220046997,1.1526048183441162
1785855600.0,1.1527377367019653,1.1528706550598145,1.1522064208984375,1.1522064208984375
1785856500.0,1.1520737409591675,1.1520737409591675,1.1518083810806274,1.1520737409591675
1785857400.0,1.1520737409591675,1.1524720191955566,1.1519410610198975,1.1524720191955566
1785858300.0,1.1524720191955566,1.1530035734176636,1.152339220046997,1.1528706550598145
1785859200.0,1.1528706550598145,1.1528706550598145,1.1524720191955566,1.1524720191955566
1785860100.0,1.1524720191955566,1.1524720191955566,1.152339220046997,1.152339220046997
1785861000.0,1.152339220046997,1.152339220046997,1.1520737409591675,1.1522064208984375
1785861900.0,1.1522064208984375,1.1522064208984375,1.1520737409591675,1.1522064208984375
1785862800.0,1.152339220046997,1.1526048183441162,1.152339220046997,1.1526048183441162
1785863700.0,1.1524720191955566,1.1526048183441162,1.152339220046997,1.1524720191955566
1785864600.0,1.1524720191955566,1.1528706550598145,1.1524720191955566,1.1528706550598145
1785865500.0,1.1528706550598145,1.1528706550598145,1.1527377367019653,1.1527377367019653
1785866400.0,1.1527377367019653,1.1530035734176636,1.1526048183441162,1.1527377367019653
1785867300.0,1.1527377367019653,1.1528706550598145,1.1526048183441162,1.1528706550598145
1785868200.0,1.1528706550598145,1.1530035734176636,1.1528706550598145,1.1530035734176636
1785869100.0,1.1531364917755127,1.1536686420440674,1.1530035734176636,1.1535356044769287
1785870000.0,1.1535356044769287,1.1536686420440674,1.15340256690979,1.15340256690979
1785870900.0,1.1535356044769287,1.1535356044769287,1.1532695293426514,1.1535356044769287
1785871800.0,1.1535356044769287,1.1535356044769287,1.15340256690979,1.1535356044769287
1785872700.0,1.1535356044769287,1.1535356044769287,1.1532695293426514,1.15340256690979
1785873600.0,1.15340256690979,1.1535356044769287,1.15340256690979,1.1535356044769287
1785874500.0,1.1535356044769287,1.1536686420440674,1.1535356044769287,1.1535356044769287
1785875400.0,1.1535356044769287,1.1536686420440674,1.15340256690979,1.15340256690979
1785876300.0,1.15340256690979,1.1536686420440674,1.15340256690979,1.1535356044769287
1785877200.0,1.1531364917755127,1.1532695293426514,1.1530035734176636,1.1531364917755127
1785878100.0,1.1531364917755127,1.15340256690979,1.1531364917755127,1.1531364917755127
1785879000.0,1.1532695293426514,1.15340256690979,1.1531364917755127,1.15340256690979
1785879900.0,1.1532695293426514,1.15340256690979,1.1532695293426514,1.1532695293426514
1785880800.0,1.15340256690979,1.1535356044769287,1.15340256690979,1.1535356044769287
1785881700.0,1.15340256690979,1.1535356044769287,1.15340256690979,1.15340256690979
1785882600.0,1.15340256690979,1.1535356044769287,1.15340256690979,1.1535356044769287
1785883500.0,1.1535356044769287,1.1535356044769287,1.15340256690979,1.1535356044769287
1785884400.0,1.1535356044769287,1.1536686420440674,1.15340256690979,1.1535356044769287
1785885300.0,1.1535356044769287,1.1535356044769287,1.15340256690979,1.15340256690979
1785886200.0,1.15340256690979,1.15340256690979,1.1532695293426514,1.15340256690979
1785887100.0,1.15340256690979,1.1535356044769287,1.15340256690979,1.1535356044769287
1785888000.0,1.1535356044769287,1.1538017988204956,1.1535356044769287,1.1536686420440674
1785888900.0,1.1536686420440674,1.1538017988204956,1.1536686420440674,1.1538017988204956
1785889800.0,1.1538017988204956,1.1538017988204956,1.1536686420440674,1.1536686420440674
1785890700.0,1.1535356044769287,1.1536686420440674,1.15340256690979,1.15340256690979
1785891600.0,1.1532695293426514,1.1535356044769287,1.1532695293426514,1.15340256690979
1785892500.0,1.15340256690979,1.1535356044769287,1.1531364917755127,1.1531364917755127
1785893400.0,1.1532695293426514,1.1532695293426514,1.1531364917755127,1.1531364917755127
1785894300.0,1.1531364917755127,1.1531364917755127,1.1530035734176636,1.1530035734176636
1785895200.0,1.1531364917755127,1.15340256690979,1.1531364917755127,1.1532695293426514
1785896100.0,1.1532695293426514,1.1538017988204956,1.1532695293426514,1.1536686420440674
1785897000.0,1.1536686420440674,1.154334545135498,1.1536686420440674,1.154334545135498
1785897900.0,1.154334545135498,1.154334545135498,1.1538017988204956,1.1538017988204956
1785898800.0,1.1538017988204956,1.1544678211212158,1.1538017988204956,1.154334545135498
1785899700.0,1.154334545135498,1.154334545135498,1.154068112373352,1.154068112373352
1785900600.0,1.1539349555969238,1.154068112373352,1.1539349555969238,1.1539349555969238
1785901500.0,1.1539349555969238,1.154068112373352,1.1539349555969238,1.154068112373352
1785902400.0,1.154068112373352,1.1542012691497803,1.154068112373352,1.1542012691497803
1785903300.0,1.1542012691497803,1.154334545135498,1.1542012691497803,1.1542012691497803
1785904200.0,1.1542012691497803,1.154334545135498,1.154068112373352,1.154068112373352
1785905100.0,1.154068112373352,1.154068112373352,1.1538017988204956,1.1539349555969238
1785906000.0,1.1538017988204956,1.1538017988204956,1.1535356044769287,1.1536686420440674
1785906900.0,1.1536686420440674,1.1538017988204956,1.1536686420440674,1.1538017988204956
1785907800.0,1.1538017988204956,1.154068112373352,1.1538017988204956,1.1539349555969238
1785908700.0,1.1539349555969238,1.154068112373352,1.1539349555969238,1.1539349555969238
1785909600.0,1.1538017988204956,1.154068112373352,1.1538017988204956,1.1539349555969238
1785910500.0,1.1539349555969238,1.1539349555969238,1.1535356044769287,1.1538017988204956
1785911400.0,1.1536686420440674,1.1546010971069336,1.1536686420440674,1.1546010971069336
1785912300.0,1.1546010971069336,1.1548677682876587,1.1546010971069336,1.1548677682876587
1785913200.0,1.1548677682876587,1.1548677682876587,1.154068112373352,1.1542012691497803
1785914100.0,1.154334545135498,1.1544678211212158,1.1538017988204956,1.1538017988204956
1785915000.0,1.1539349555969238,1.154068112373352,1.1539349555969238,1.1539349555969238
1785915900.0,1.1538017988204956,1.1542012691497803,1.1538017988204956,1.1542012691497803
1785916800.0,1.154334545135498,1.154334545135498,1.1539349555969238,1.154068112373352
1785917700.0,1.154068112373352,1.1546010971069336,1.154068112373352,1.1546010971069336
1785918600.0,1.1547343730926514,1.1547343730926514,1.1536686420440674,1.1538017988204956
1785919500.0,1.1535356044769287,1.154068112373352,1.1535356044769287,1.1539349555969238
1785920400.0,1.154068112373352,1.154068112373352,1.1536686420440674,1.154068112373352
1785921300.0,1.1539349555969238,1.1544678211212158,1.1539349555969238,1.154334545135498
1785922200.0,1.154334545135498,1.1546010971069336,1.154334545135498,1.1544678211212158
1785923100.0,1.1544678211212158,1.1544678211212158,1.154334545135498,1.154334545135498
1785924000.0,1.154334545135498,1.154334545135498,1.1538017988204956,1.1539349555969238
1785924900.0,1.1539349555969238,1.1544678211212158,1.1539349555969238,1.154068112373352
1785925800.0,1.1542012691497803,1.1542012691497803,1.154068112373352,1.154068112373352
1785926700.0,1.154068112373352,1.1544678211212158,1.1539349555969238,1.154334545135498
1785927600.0,1.1544678211212158,1.1548677682876587,1.1544678211212158,1.1548677682876587
1785928500.0,1.1548677682876587,1.155401587486267,1.1546010971069336,1.1551345586776733
1785929400.0,1.1551345586776733,1.1558021306991577,1.1551345586776733,1.1556684970855713
1785930300.0,1.1555349826812744,1.1556684970855713,1.1552680730819702,1.1555349826812744
1785931200.0,1.1556684970855713,1.1558021306991577,1.1555349826812744,1.1555349826812744
1785932100.0,1.1558021306991577,1.1559356451034546,1.1556684970855713,1.1556684970855713
1785933000.0,1.1556684970855713,1.1558021306991577,1.1551345586776733,1.1551345586776733
1785933900.0,1.1551345586776733,1.1552680730819702,1.1548677682876587,1.1548677682876587
1785934800.0,1.1547343730926514,1.1551345586776733,1.1546010971069336,1.1548677682876587
1785935700.0,1.155001163482666,1.1556684970855713,1.155001163482666,1.1555349826812744
1785936600.0,1.1555349826812744,1.1556684970855713,1.1548677682876587,1.155001163482666
1785937500.0,1.1547343730926514,1.1548677682876587,1.1544678211212158,1.1547343730926514
1785938400.0,1.1551345586776733,1.1558021306991577,1.1548677682876587,1.1556684970855713
1785939300.0,1.1558021306991577,1.1559356451034546,1.155401587486267,1.155401587486267
1785940200.0,1.1552680730819702,1.1555349826812744,1.1551345586776733,1.1555349826812744
1785941100.0,1.1552680730819702,1.1556684970855713,1.155001163482666,1.1556684970855713
1785942000.0,1.1558021306991577,1.1559356451034546,1.1552680730819702,1.1552680730819702
1785942900.0,1.1551345586776733,1.1551345586776733,1.155001163482666,1.155001163482666
1785943800.0,1.1548677682876587,1.155401587486267,1.1547343730926514,1.1552680730819702
1785944700.0,1.1551345586776733,1.1552680730819702,1.1546010971069336,1.155001163482666
1785945600.0,1.1551345586776733,1.1551345586776733,1.1547343730926514,1.155001163482666
1785946500.0,1.155001163482666,1.1551345586776733,1.155001163482666,1.1551345586776733
1785947400.0,1.1551345586776733,1.1551345586776733,1.1547343730926514,1.1548677682876587
1785948300.0,1.1548677682876587,1.155001163482666,1.1547343730926514,1.1548677682876587
1785949200.0,1.155001163482666,1.155001163482666,1.1547343730926514,1.1547343730926514
1785950100.0,1.1548677682876587,1.1552680730819702,1.1548677682876587,1.1552680730819702
1785951000.0,1.1551345586776733,1.1556684970855713,1.1551345586776733,1.1556684970855713
1785951900.0,1.1558021306991577,1.1560693979263306,1.1556684970855713,1.1559356451034546
1785952800.0,1.1559356451034546,1.156203031539917,1.1559356451034546,1.1559356451034546
1785953700.0,1.1558021306991577,1.156203031539917,1.1558021306991577,1.156203031539917
1785954600.0,1.156203031539917,1.156203031539917,1.1558021306991577,1.1558021306991577
1785955500.0,1.1558021306991577,1.1558021306991577,1.1558021306991577,1.1558021306991577
1785956400.0,1.1558021306991577,1.1558021306991577,1.155401587486267,1.1555349826812744
1785957300.0,1.155401587486267,1.155401587486267,1.1551345586776733,1.1551345586776733
1785958200.0,1.1552680730819702,1.155401587486267,1.1552680730819702,1.1552680730819702
1785959100.0,1.155401587486267,1.1555349826812744,1.1552680730819702,1.155401587486267
1785960000.0,1.1556684970855713,1.1556684970855713,1.155401587486267,1.155401587486267
1785960900.0,1.1552680730819702,1.1555349826812744,1.1552680730819702,1.155401587486267
1785961800.0,1.1555349826812744,1.1556684970855713,1.1555349826812744,1.1555349826812744
1785962700.0,1.1555349826812744,1.1556684970855713,1.1555349826812744,1.1556684970855713
1785963600.0,1.156336784362793,1.156336784362793,1.155401587486267,1.155401587486267
1785964500.0,1.1555349826812744,1.1558021306991577,1.155401587486267,1.1556684970855713
1785965400.0,1.1555349826812744,1.1558021306991577,1.155401587486267,1.1558021306991577
1785966300.0,1.1555349826812744,1.1558021306991577,1.1555349826812744,1.1555349826812744
1785967200.0,1.1556684970855713,1.1558021306991577,1.1555349826812744,1.1556684970855713
1785968100.0,1.1556684970855713,1.1559356451034546,1.1556684970855713,1.1558021306991577
1785969000.0,1.1558021306991577,1.1558021306991577,1.1556684970855713,1.1558021306991577
1785969900.0,1.1558021306991577,1.1558021306991577,1.1558021306991577,1.1558021306991577
1785970800.0,1.1558021306991577,1.1559356451034546,1.1558021306991577,1.1559356451034546
1785971700.0,1.1559356451034546,1.1559356451034546,1.1558021306991577,1.1558021306991577
1785972600.0,1.1558021306991577,1.1559356451034546,1.1558021306991577,1.1559356451034546
1785973500.0,1.1560693979263306,1.156203031539917,1.1559356451034546,1.1560693979263306
1785974400.0,1.1559356451034546,1.1559356451034546,1.1558021306991577,1.1558021306991577
1785975300.0,1.1559356451034546,1.1560693979263306,1.1559356451034546,1.1559356451034546
1785976200.0,1.1559356451034546,1.156203031539917,1.1559356451034546,1.1559356451034546
1785977100.0,1.1560693979263306,1.156203031539917,1.1559356451034546,1.1559356451034546
1785978000.0,1.1559356451034546,1.1560693979263306,1.1556684970855713,1.1559356451034546
1785978900.0,1.1558021306991577,1.1560693979263306,1.1558021306991577,1.1558021306991577
1785979800.0,1.1558021306991577,1.1560693979263306,1.1558021306991577,1.1559356451034546
1785980700.0,1.1559356451034546,1.1559356451034546,1.1558021306991577,1.1558021306991577
1785981600.0,1.1559356451034546,1.1560693979263306,1.1558021306991577,1.1559356451034546
1785982500.0,1.1559356451034546,1.1560693979263306,1.1558021306991577,1.1559356451034546
1785983400.0,1.1558021306991577,1.1560693979263306,1.1558021306991577,1.1560693979263306
1785984300.0,1.1560693979263306,1.1560693979263306,1.1556684970855713,1.1556684970855713
1785985200.0,1.1556684970855713,1.1556684970855713,1.1555349826812744,1.1555349826812744
1785986100.0,1.1555349826812744,1.1555349826812744,1.1552680730819702,1.155401587486267
1785987000.0,1.155401587486267,1.155401587486267,1.1551345586776733,1.1551345586776733
1785987900.0,1.1551345586776733,1.155401587486267,1.155001163482666,1.1552680730819702
1785988800.0,1.1551345586776733,1.1552680730819702,1.1551345586776733,1.1552680730819702
1785989700.0,1.1552680730819702,1.1552680730819702,1.1551345586776733,1.1551345586776733
1785990600.0,1.1552680730819702,1.1552680730819702,1.1551345586776733,1.1551345586776733
1785991500.0,1.1551345586776733,1.1552680730819702,1.155001163482666,1.1552680730819702
1785992400.0,1.1552680730819702,1.1552680730819702,1.1548677682876587,1.1548677682876587
1785993300.0,1.1548677682876587,1.155001163482666,1.1548677682876587,1.1548677682876587
1785994200.0,1.1548677682876587,1.1552680730819702,1.1548677682876587,1.1552680730819702
1785995100.0,1.1551345586776733,1.155401587486267,1.1551345586776733,1.1552680730819702
1785996000.0,1.1555349826812744,1.1555349826812744,1.155001163482666,1.155001163482666
1785996900.0,1.155001163482666,1.1551345586776733,1.1548677682876587,1.155001163482666
1785997800.0,1.155001163482666,1.155001163482666,1.1547343730926514,1.1548677682876587
1785998700.0,1.155001163482666,1.155001163482666,1.1547343730926514,1.1548677682876587
1785999600.0,1.1548677682876587,1.1548677682876587,1.1546010971069336,1.1548677682876587
1786000500.0,1.1548677682876587,1.155001163482666,1.1547343730926514,1.1548677682876587
1786001400.0,1.1547343730926514,1.1548677682876587,1.1546010971069336,1.1548677682876587
1786002300.0,1.1546010971069336,1.1548677682876587,1.1544678211212158,1.1547343730926514
1786003200.0,1.1547343730926514,1.1548677682876587,1.154334545135498,1.1546010971069336
1786004100.0,1.1547343730926514,1.1547343730926514,1.1544678211212158,1.1544678211212158
1786005000.0,1.1544678211212158,1.1547343730926514,1.154334545135498,1.1546010971069336
1786005900.0,1.1546010971069336,1.1547343730926514,1.1544678211212158,1.1546010971069336
1786006800.0,1.1546010971069336,1.1547343730926514,1.1544678211212158,1.1547343730926514
1786007700.0,1.1546010971069336,1.1546010971069336,1.1544678211212158,1.1546010971069336
1786008600.0,1.1546010971069336,1.1546010971069336,1.154068112373352,1.154068112373352
1786009500.0,1.154068112373352,1.154334545135498,1.154068112373352,1.1542012691497803
1786010400.0,1.1542012691497803,1.154334545135498,1.154068112373352,1.154068112373352
1786011300.0,1.1539349555969238,1.1544678211212158,1.1539349555969238,1.1544678211212158
1786012200.0,1.1546010971069336,1.1546010971069336,1.154334545135498,1.1544678211212158
1786013100.0,1.1544678211212158,1.1546010971069336,1.154334545135498,1.1544678211212158
1786014000.0,1.1546010971069336,1.1548677682876587,1.1546010971069336,1.1546010971069336
1786014900.0,1.1547343730926514,1.155001163482666,1.1546010971069336,1.1548677682876587
1786015800.0,1.1548677682876587,1.1548677682876587,1.1542012691497803,1.1542012691497803
1786016700.0,1.1542012691497803,1.1548677682876587,1.1542012691497803,1.1548677682876587
1786017600.0,1.1547343730926514,1.1548677682876587,1.1542012691497803,1.154334545135498
1786018500.0,1.1544678211212158,1.1547343730926514,1.1544678211212158,1.1546010971069336
1786019400.0,1.1546010971069336,1.1548677682876587,1.154334545135498,1.1544678211212158
1786020300.0,1.1546010971069336,1.1546010971069336,1.154068112373352,1.1542012691497803
1786021200.0,1.154334545135498,1.1544678211212158,1.1539349555969238,1.1542012691497803
1786022100.0,1.1542012691497803,1.154334545135498,1.154068112373352,1.1542012691497803
1786023000.0,1.1542012691497803,1.1547343730926514,1.1542012691497803,1.1546010971069336
1786023900.0,1.1544678211212158,1.1547343730926514,1.1542012691497803,1.1547343730926514
1786024800.0,1.1547343730926514,1.1547343730926514,1.1536686420440674,1.1538017988204956
1786025700.0,1.1539349555969238,1.1542012691497803,1.1538017988204956,1.1538017988204956
1786026600.0,1.1539349555969238,1.154068112373352,1.1536686420440674,1.1539349555969238
1786027500.0,1.1538017988204956,1.1538017988204956,1.15340256690979,1.1538017988204956
1786028400.0,1.1538017988204956,1.1538017988204956,1.1532695293426514,1.1532695293426514
1786029300.0,1.1531364917755127,1.1531364917755127,1.1524720191955566,1.1527377367019653
1786030200.0,1.1526048183441162,1.1526048183441162,1.152339220046997,1.1526048183441162
1786031100.0,1.1527377367019653,1.1527377367019653,1.1522064208984375,1.1524720191955566
1786032000.0,1.152339220046997,1.1526048183441162,1.1522064208984375,1.152339220046997
1786032900.0,1.1522064208984375,1.152339220046997,1.1519410610198975,1.152339220046997
1786033800.0,1.1522064208984375,1.152339220046997,1.1520737409591675,1.1520737409591675
1786034700.0,1.1522064208984375,1.1524720191955566,1.1522064208984375,1.152339220046997
1786035600.0,1.1524720191955566,1.1524720191955566,1.1522064208984375,1.152339220046997
1786036500.0,1.1522064208984375,1.152339220046997,1.1520737409591675,1.152339220046997
1786037400.0,1.1522064208984375,1.152339220046997,1.1522064208984375,1.1522064208984375
1786038300.0,1.1522064208984375,1.1526048183441162,1.1522064208984375,1.1526048183441162
1786039200.0,1.1526048183441162,1.1527377367019653,1.1526048183441162,1.1527377367019653
1786040100.0,1.1527377367019653,1.1527377367019653,1.1526048183441162,1.1526048183441162
1786041000.0,1.1526048183441162,1.1526048183441162,1.1524720191955566,1.1526048183441162
1786041900.0,1.1524720191955566,1.1527377367019653,1.1524720191955566,1.1527377367019653
1786042800.0,1.1527377367019653,1.1528706550598145,1.1526048183441162,1.1526048183441162
1786043700.0,1.1526048183441162,1.1527377367019653,1.1522064208984375,1.1522064208984375
1786044600.0,1.152339220046997,1.1524720191955566,1.1522064208984375,1.1522064208984375
1786045500.0,1.152339220046997,1.1528706550598145,1.1522064208984375,1.1526048183441162
1786046400.0,1.1526048183441162,1.1527377367019653,1.1524720191955566,1.1524720191955566
1786047300.0,1.1524720191955566,1.1524720191955566,1.1522064208984375,1.152339220046997
1786048200.0,1.1524720191955566,1.1526048183441162,1.152339220046997,1.1524720191955566
1786049100.0,1.1524720191955566,1.1527377367019653,1.1524720191955566,1.1527377367019653
1786050000.0,1.1530035734176636,1.1530035734176636,1.152339220046997,1.1524720191955566
1786050900.0,1.1524720191955566,1.1527377367019653,1.1522064208984375,1.1527377367019653
1786051800.0,1.1526048183441162,1.1526048183441162,1.1522064208984375,1.1522064208984375
1786052700.0,1.152339220046997,1.1526048183441162,1.152339220046997,1.1524720191955566
1786053600.0,1.1526048183441162,1.1526048183441162,1.1524720191955566,1.1524720191955566
1786054500.0,1.1526048183441162,1.1526048183441162,1.1524720191955566,1.1526048183441162
1786055400.0,1.1524720191955566,1.1526048183441162,1.1524720191955566,1.1526048183441162
1786056300.0,1.1526048183441162,1.1526048183441162,1.1524720191955566,1.1524720191955566
1786057200.0,1.1526048183441162,1.1526048183441162,1.1526048183441162,1.1526048183441162
1786058100.0,1.1527377367019653,1.1527377367019653,1.1526048183441162,1.1527377367019653
1786059000.0,1.1526048183441162,1.1527377367019653,1.1526048183441162,1.1527377367019653
1786059900.0,1.1527377367019653,1.1527377367019653,1.1527377367019653,1.1527377367019653
1786060800.0,1.1526048183441162,1.1527377367019653,1.1524720191955566,1.1524720191955566
1786061700.0,1.152339220046997,1.1526048183441162,1.152339220046997,1.1524720191955566
1786062600.0,1.1524720191955566,1.1526048183441162,1.152339220046997,1.1524720191955566
1786063500.0,1.1524720191955566,1.1524720191955566,1.1522064208984375,1.1522064208984375
1786064400.0,1.152339220046997,1.1526048183441162,1.1522064208984375,1.1526048183441162
1786065300.0,1.1524720191955566,1.1526048183441162,1.1524720191955566,1.1524720191955566
1786066200.0,1.1524720191955566,1.1528706550598145,1.152339220046997,1.1528706550598145
1786067100.0,1.1528706550598145,1.1528706550598145,1.1524720191955566,1.1524720191955566
1786068000.0,1.1526048183441162,1.1526048183441162,1.1524720191955566,1.1524720191955566
1786068900.0,1.1524720191955566,1.1526048183441162,1.1524720191955566,1.1526048183441162
1786069800.0,1.1524720191955566,1.1526048183441162,1.1524720191955566,1.1524720191955566
1786070700.0,1.1524720191955566,1.1527377367019653,1.1524720191955566,1.1524720191955566
1786071600.0,1.1524720191955566,1.1526048183441162,1.152339220046997,1.1524720191955566
1786072500.0,1.152339220046997,1.1524720191955566,1.152339220046997,1.1524720191955566
1786073400.0,1.1524720191955566,1.1526048183441162,1.1524720191955566,1.1524720191955566
1786074300.0,1.1524720191955566,1.1526048183441162,1.1524720191955566,1.1526048183441162
1786075200.0,1.1526048183441162,1.1526048183441162,1.1524720191955566,1.1526048183441162
1786076100.0,1.1526048183441162,1.1526048183441162,1.1524720191955566,1.1526048183441162
1786077000.0,1.1526048183441162,1.1527377367019653,1.1526048183441162,1.1527377367019653
1786077900.0,1.1527377367019653,1.1527377367019653,1.1526048183441162,1.1527377367019653
1786078800.0,1.1527377367019653,1.1528706550598145,1.1527377367019653,1.1528706550598145
1786079700.0,1.1528706550598145,1.1528706550598145,1.1524720191955566,1.1524720191955566
1786080600.0,1.1524720191955566,1.1527377367019653,1.1524720191955566,1.1526048183441162
1786081500.0,1.1527377367019653,1.1527377367019653,1.1526048183441162,1.1526048183441162
1786082400.0,1.1527377367019653,1.1527377367019653,1.1524720191955566,1.1526048183441162
1786083300.0,1.1527377367019653,1.1528706550598145,1.1526048183441162,1.1527377367019653
1786084200.0,1.1527377367019653,1.1527377367019653,1.1524720191955566,1.1526048183441162
1786085100.0,1.1526048183441162,1.1527377367019653,1.1524720191955566,1.1526048183441162
1786086000.0,1.1524720191955566,1.1527377367019653,1.1522064208984375,1.1526048183441162
1786086900.0,1.1527377367019653,1.1527377367019653,1.1526048183441162,1.1526048183441162
1786087800.0,1.1526048183441162,1.1526048183441162,1.152339220046997,1.152339220046997
1786088700.0,1.152339220046997,1.1526048183441162,1.152339220046997,1.1526048183441162
1786089600.0,1.1526048183441162,1.1526048183441162,1.1522064208984375,1.1522064208984375
1786090500.0,1.152339220046997,1.1524720191955566,1.152339220046997,1.152339220046997
1786091400.0,1.152339220046997,1.1527377367019653,1.152339220046997,1.1527377367019653
1786092300.0,1.1527377367019653,1.1528706550598145,1.1526048183441162,1.1526048183441162
1786093200.0,1.1527377367019653,1.1531364917755127,1.1527377367019653,1.1531364917755127
1786094100.0,1.1532695293426514,1.1532695293426514,1.1530035734176636,1.1531364917755127
1786095000.0,1.1530035734176636,1.1531364917755127,1.1530035734176636,1.1531364917755127
1786095900.0,1.1531364917755127,1.15340256690979,1.1531364917755127,1.1531364917755127
1786096800.0,1.1532695293426514,1.1532695293426514,1.1530035734176636,1.1530035734176636
1786097700.0,1.1531364917755127,1.1531364917755127,1.1530035734176636,1.1531364917755127
1786098600.0,1.1531364917755127,1.1531364917755127,1.1528706550598145,1.1528706550598145
1786099500.0,1.1530035734176636,1.1532695293426514,1.1530035734176636,1.1530035734176636
1786100400.0,1.1531364917755127,1.1532695293426514,1.1531364917755127,1.1531364917755127
1786101300.0,1.1531364917755127,1.1532695293426514,1.1530035734176636,1.1530035734176636
1786102200.0,1.1530035734176636,1.1535356044769287,1.1530035734176636,1.1535356044769287
1786103100.0,1.1535356044769287,1.1536686420440674,1.1535356044769287,1.1536686420440674
1786104000.0,1.1538017988204956,1.154068112373352,1.1538017988204956,1.1538017988204956
1786104900.0,1.1538017988204956,1.1538017988204956,1.1532695293426514,1.15340256690979
1786105800.0,1.156738042831421,1.1578094959259033,1.156336784362793,1.1576753854751587
1786106700.0,1.1582117080688477,1.1582117080688477,1.1575413942337036,1.1576753854751587
1786107600.0,1.1576753854751587,1.1578094959259033,1.157139539718628,1.1578094959259033
1786108500.0,1.1575413942337036,1.1576753854751587,1.1570056676864624,1.1574074029922485
1786109400.0,1.157273530960083,1.1576753854751587,1.1566041707992554,1.1575413942337036
1786110300.0,1.1575413942337036,1.1575413942337036,1.1560693979263306,1.1560693979263306
1786111200.0,1.1560693979263306,1.156203031539917,1.1556684970855713,1.1560693979263306
1786112100.0,1.1560693979263306,1.156738042831421,1.1560693979263306,1.1560693979263306
1786113000.0,1.1559356451034546,1.156336784362793,1.1555349826812744,1.1555349826812744
1786113900.0,1.1556684970855713,1.1558021306991577,1.155401587486267,1.1556684970855713
1786114800.0,1.1558021306991577,1.1564704179763794,1.155401587486267,1.1564704179763794
1786115700.0,1.156336784362793,1.156738042831421,1.1560693979263306,1.1560693979263306
1786116600.0,1.1559356451034546,1.1564704179763794,1.1558021306991577,1.1564704179763794
1786117500.0,1.1564704179763794,1.1566041707992554,1.1560693979263306,1.156203031539917
1786118400.0,1.156203031539917,1.1568717956542969,1.156203031539917,1.1568717956542969
1786119300.0,1.156738042831421,1.156738042831421,1.1564704179763794,1.1566041707992554
1786120200.0,1.1566041707992554,1.156738042831421,1.1564704179763794,1.1566041707992554
1786121100.0,1.156738042831421,1.1570056676864624,1.156203031539917,1.156203031539917
1786122000.0,1.156203031539917,1.1564704179763794,1.156203031539917,1.1564704179763794
1786122900.0,1.1564704179763794,1.1566041707992554,1.156336784362793,1.1564704179763794
1786123800.0,1.1564704179763794,1.1566041707992554,1.156336784362793,1.1566041707992554
1786124700.0,1.1566041707992554,1.1566041707992554,1.1564704179763794,1.1564704179763794
1786125600.0,1.156336784362793,1.1566041707992554,1.156203031539917,1.1564704179763794
1786126500.0,1.1564704179763794,1.1566041707992554,1.156336784362793,1.1564704179763794
1786127400.0,1.1566041707992554,1.1566041707992554,1.1566041707992554,1.1566041707992554