time,open,high,low,close
1770595200.0,1.1830118894577026,1.1835720539093018,1.182732105255127,1.18343186378479
1770598800.0,1.18343186378479,1.1835720539093018,1.1828720569610596,1.1828720569610596
1770602400.0,1.1828720569610596,1.1828720569610596,1.1820330619812012,1.1823126077651978
1770606000.0,1.1823126077651978,1.1828720569610596,1.1821727752685547,1.1821727752685547
1770609600.0,1.1823126077651978,1.1830118894577026,1.1823126077651978,1.1830118894577026
1770613200.0,1.1830118894577026,1.1839923858642578,1.1830118894577026,1.183712124824524
1770616800.0,1.183712124824524,1.1860989332199097,1.183712124824524,1.1856770515441895
1770620400.0,1.1856770515441895,1.186380386352539,1.1851149797439575,1.1859582662582397
1770624000.0,1.1859582662582397,1.1868027448654175,1.1855363845825195,1.186661958694458
1770627600.0,1.1868027448654175,1.1873664855957031,1.186380386352539,1.186521053314209
1770631200.0,1.186521053314209,1.1872254610061646,1.1859582662582397,1.186380386352539
1770634800.0,1.186380386352539,1.1875073909759521,1.1862396001815796,1.1872254610061646
1770638400.0,1.1873664855957031,1.1886366605758667,1.1873664855957031,1.1884952783584595
1770642000.0,1.1886366605758667,1.1907596588134766,1.1884952783584595,1.1906179189682007
1770645600.0,1.1906179189682007,1.1921793222427368,1.1906179189682007,1.1921793222427368
1770649200.0,1.1923214197158813,1.1928904056549072,1.1907596588134766,1.1913270950317383
1770652800.0,1.1914690732955933,1.1920371055603027,1.1897679567337036,1.1900511980056763
1770656400.0,1.1901928186416626,1.1913270950317383,1.1901928186416626,1.1911852359771729
1770660000.0,1.1911852359771729,1.1920371055603027,1.190901517868042,1.1918951272964478
1770663600.0,1.1920371055603027,1.1926058530807495,1.1916110515594482,1.1923214197158813
1770667200.0,1.1923214197158813,1.1924636363983154,1.1917530298233032,1.1918951272964478
1770670800.0,1.1918951272964478,1.1918951272964478,1.1914690732955933,1.1917530298233032
1770674400.0,1.1916110515594482,1.1920371055603027,1.1914690732955933,1.1920371055603027
1770678000.0,1.1918951272964478,1.1918951272964478,1.1906179189682007,1.1906179189682007
1770681600.0,1.1907596588134766,1.190901517868042,1.1901928186416626,1.1904761791229248
1770685200.0,1.1906179189682007,1.1913270950317383,1.1900511980056763,1.190901517868042
1770688800.0,1.190901517868042,1.1917530298233032,1.190901517868042,1.1917530298233032
1770692400.0,1.1917530298233032,1.1920371055603027,1.1913270950317383,1.1913270950317383
1770696000.0,1.1914690732955933,1.1916110515594482,1.190901517868042,1.1911852359771729
1770699600.0,1.1910432577133179,1.1913270950317383,1.1907596588134766,1.1911852359771729
1770703200.0,1.1910432577133179,1.1916110515594482,1.1904761791229248,1.1906179189682007
1770706800.0,1.190901517868042,1.1913270950317383,1.190334439277649,1.190901517868042
1770710400.0,1.1911852359771729,1.1920371055603027,1.1906179189682007,1.1913270950317383
1770714000.0,1.1913270950317383,1.1923214197158813,1.1911852359771729,1.1917530298233032
1770717600.0,1.1917530298233032,1.1920371055603027,1.1913270950317383,1.1914690732955933
1770721200.0,1.1913270950317383,1.1913270950317383,1.1904761791229248,1.1907596588134766
1770724800.0,1.1907596588134766,1.1911852359771729,1.18948495388031,1.1896264553070068
1770728400.0,1.1897679567337036,1.1914690732955933,1.1893434524536133,1.1907596588134766
1770732000.0,1.1910432577133179,1.1930327415466309,1.1907596588134766,1.1920371055603027
1770735600.0,1.1917530298233032,1.1921793222427368,1.1901928186416626,1.1918951272964478
1770739200.0,1.1917530298233032,1.1917530298233032,1.1900511980056763,1.1900511980056763
1770742800.0,1.1901928186416626,1.190901517868042,1.1897679567337036,1.1900511980056763
1770746400.0,1.18990957736969,1.1900511980056763,1.18948495388031,1.1896264553070068
1770750000.0,1.1896264553070068,1.1906179189682007,1.189202070236206,1.1904761791229248
1770753600.0,1.1906179189682007,1.1906179189682007,1.18990957736969,1.18990957736969
1770757200.0,1.18990957736969,1.1900511980056763,1.1896264553070068,1.18990957736969
1770760800.0,1.1900511980056763,1.1900511980056763,1.1884952783584595,1.18948495388031
1770764400.0,1.1896264553070068,1.1896264553070068,1.1890605688095093,1.189202070236206
1770768000.0,1.189202070236206,1.1904761791229248,1.1890605688095093,1.1900511980056763
1770771600.0,1.1900511980056763,1.1906179189682007,1.1897679567337036,1.1900511980056763
1770775200.0,1.1901928186416626,1.1916110515594482,1.1901928186416626,1.1910432577133179
1770778800.0,1.1911852359771729,1.1917530298233032,1.1907596588134766,1.1913270950317383
1770782400.0,1.1914690732955933,1.1917530298233032,1.1910432577133179,1.1911852359771729
1770786000.0,1.1911852359771729,1.1921793222427368,1.1910432577133179,1.1921793222427368
1770789600.0,1.1921793222427368,1.1928904056549072,1.1916110515594482,1.1918951272964478
1770793200.0,1.1917530298233032,1.1921793222427368,1.1914690732955933,1.1921793222427368
1770796800.0,1.1920371055603027,1.1923214197158813,1.1916110515594482,1.1920371055603027
1770800400.0,1.1921793222427368,1.1923214197158813,1.1914690732955933,1.1920371055603027
1770804000.0,1.1921793222427368,1.1930327415466309,1.1920371055603027,1.1927480697631836
1770807600.0,1.1924636363983154,1.1924636363983154,1.1910432577133179,1.1913270950317383
1770811200.0,1.1911852359771729,1.1911852359771729,1.190334439277649,1.190334439277649
1770814800.0,1.190334439277649,1.1907596588134766,1.1841325759887695,1.1872254610061646
1770818400.0,1.186521053314209,1.1884952783584595,1.1856770515441895,1.1860989332199097
1770822000.0,1.186521053314209,1.1875073909759521,1.1855363845825195,1.1862396001815796
1770825600.0,1.1862396001815796,1.1886366605758667,1.1858175992965698,1.1886366605758667
1770829200.0,1.1886366605758667,1.1896264553070068,1.1880717277526855,1.1889193058013916
1770832800.0,1.1889193058013916,1.189202070236206,1.1883541345596313,1.1887779235839844
1770836400.0,1.1884952783584595,1.1887779235839844,1.1882128715515137,1.1883541345596313
1770840000.0,1.1883541345596313,1.1884952783584595,1.1875073909759521,1.1875073909759521
1770843600.0,1.1873664855957031,1.1877895593643188,1.1872254610061646,1.1875073909759521
1770847200.0,1.1875073909759521,1.1880717277526855,1.1872254610061646,1.187930703163147
1770850800.0,1.187930703163147,1.187930703163147,1.1873664855957031,1.187930703163147
1770854400.0,1.1877895593643188,1.1880717277526855,1.1870845556259155,1.187930703163147
1770858000.0,1.187930703163147,1.1884952783584595,1.1877895593643188,1.1883541345596313
1770861600.0,1.1884952783584595,1.1887779235839844,1.187930703163147,1.1882128715515137
1770865200.0,1.1883541345596313,1.1883541345596313,1.1869436502456665,1.1872254610061646
1770868800.0,1.1873664855957031,1.1875073909759521,1.186380386352539,1.186521053314209
1770872400.0,1.186661958694458,1.1869436502456665,1.1862396001815796,1.1868027448654175
1770876000.0,1.1868027448654175,1.1870845556259155,1.1856770515441895,1.186661958694458
1770879600.0,1.186380386352539,1.187930703163147,1.186380386352539,1.1876484155654907
1770883200.0,1.1877895593643188,1.1883541345596313,1.1875073909759521,1.1883541345596313
1770886800.0,1.1883541345596313,1.1890605688095093,1.1883541345596313,1.1889193058013916
1770890400.0,1.1890605688095093,1.1890605688095093,1.187930703163147,1.1880717277526855
1770894000.0,1.1880717277526855,1.1887779235839844,1.187930703163147,1.1887779235839844
1770897600.0,1.1887779235839844,1.1889193058013916,1.1870845556259155,1.1876484155654907
1770901200.0,1.1876484155654907,1.1887779235839844,1.1876484155654907,1.1887779235839844
1770904800.0,1.1889193058013916,1.1890605688095093,1.1882128715515137,1.1884952783584595
1770908400.0,1.1886366605758667,1.189202070236206,1.1882128715515137,1.1890605688095093
1770912000.0,1.1889193058013916,1.1893434524536133,1.1868027448654175,1.1870845556259155
1770915600.0,1.1875073909759521,1.187930703163147,1.186380386352539,1.1868027448654175
1770919200.0,1.1869436502456665,1.1872254610061646,1.1860989332199097,1.1868027448654175
1770922800.0,1.186661958694458,1.1875073909759521,1.186521053314209,1.1873664855957031
1770926400.0,1.1873664855957031,1.1873664855957031,1.186661958694458,1.1873664855957031
1770930000.0,1.1873664855957031,1.1876484155654907,1.1872254610061646,1.1875073909759521
1770933600.0,1.1883541345596313,1.1883541345596313,1.1868027448654175,1.1869436502456665
1770937200.0,1.1877895593643188,1.1877895593643188,1.1869436502456665,1.1870845556259155
1770940800.0,1.1872254610061646,1.1875073909759521,1.1870845556259155,1.1875073909759521
1770944400.0,1.1876484155654907,1.1876484155654907,1.1868027448654175,1.1868027448654175
1770948000.0,1.1869436502456665,1.1875073909759521,1.186661958694458,1.1872254610061646
1770951600.0,1.1873664855957031,1.1873664855957031,1.1869436502456665,1.1870845556259155
1770955200.0,1.1870845556259155,1.1870845556259155,1.186380386352539,1.186521053314209
1770958800.0,1.186661958694458,1.1868027448654175,1.1862396001815796,1.1862396001815796
1770962400.0,1.1862396001815796,1.186521053314209,1.1858175992965698,1.1859582662582397
1770966000.0,1.1858175992965698,1.186380386352539,1.1851149797439575,1.1862396001815796
1770969600.0,1.1862396001815796,1.186661958694458,1.1859582662582397,1.186661958694458
1770973200.0,1.186521053314209,1.1869436502456665,1.186380386352539,1.186380386352539
1770976800.0,1.186380386352539,1.186380386352539,1.1856770515441895,1.1859582662582397
1770980400.0,1.1860989332199097,1.186380386352539,1.1859582662582397,1.1860989332199097
1770984000.0,1.1862396001815796,1.186661958694458,1.1859582662582397,1.186521053314209
1770987600.0,1.186661958694458,1.1883541345596313,1.1860989332199097,1.1877895593643188
1770991200.0,1.1876484155654907,1.1876484155654907,1.1860989332199097,1.186380386352539
1770994800.0,1.186380386352539,1.1873664855957031,1.1852554082870483,1.1852554082870483
1770998400.0,1.1852554082870483,1.1876484155654907,1.1852554082870483,1.1873664855957031
1771002000.0,1.1873664855957031,1.1886366605758667,1.1872254610061646,1.187930703163147
1771005600.0,1.187930703163147,1.1883541345596313,1.1876484155654907,1.1876484155654907
1771009200.0,1.1877895593643188,1.1877895593643188,1.1869436502456665,1.1869436502456665
1771012800.0,1.1869436502456665,1.1877895593643188,1.1868027448654175,1.1877895593643188
1771016400.0,1.1877895593643188,1.1880717277526855,1.1872254610061646,1.1872254610061646
1771020000.0,1.1870845556259155,1.1870845556259155,1.1870845556259155,1.1870845556259155
1771200000.0,1.1870845556259155,1.1870845556259155,1.186521053314209,1.186521053314209
1771203600.0,1.186521053314209,1.1869436502456665,1.186380386352539,1.1869436502456665
1771207200.0,1.1869436502456665,1.1870845556259155,1.186521053314209,1.1869436502456665
1771210800.0,1.1869436502456665,1.1872254610061646,1.1868027448654175,1.1870845556259155
1771214400.0,1.1870845556259155,1.1870845556259155,1.186521053314209,1.186661958694458
1771218000.0,1.186521053314209,1.1869436502456665,1.186521053314209,1.1868027448654175
1771221600.0,1.1868027448654175,1.1873664855957031,1.1868027448654175,1.1869436502456665
1771225200.0,1.1869436502456665,1.1869436502456665,1.186521053314209,1.186661958694458
1771228800.0,1.186661958694458,1.1873664855957031,1.1860989332199097,1.1869436502456665
1771232400.0,1.1868027448654175,1.1872254610061646,1.186521053314209,1.1868027448654175
1771236000.0,1.1868027448654175,1.1870845556259155,1.186661958694458,1.1870845556259155
1771239600.0,1.1870845556259155,1.1870845556259155,1.186380386352539,1.186521053314209
1771243200.0,1.186521053314209,1.186661958694458,1.1853959560394287,1.1855363845825195
1771246800.0,1.1859582662582397,1.1860989332199097,1.1852554082870483,1.1858175992965698
1771250400.0,1.1859582662582397,1.186521053314209,1.1856770515441895,1.1859582662582397
1771254000.0,1.1860989332199097,1.1860989332199097,1.1855363845825195,1.1858175992965698
1771257600.0,1.1856770515441895,1.1859582662582397,1.1851149797439575,1.1855363845825195
1771261200.0,1.1855363845825195,1.1856770515441895,1.1849744319915771,1.1852554082870483
1771264800.0,1.1853959560394287,1.1853959560394287,1.1852554082870483,1.1852554082870483
1771268400.0,1.1852554082870483,1.1858175992965698,1.1852554082870483,1.1858175992965698
1771272000.0,1.1858175992965698,1.1858175992965698,1.1855363845825195,1.1858175992965698
1771275600.0,1.1856770515441895,1.1858175992965698,1.1853959560394287,1.1855363845825195
1771279200.0,1.1848341226577759,1.1859582662582397,1.1848341226577759,1.1852554082870483
1771282800.0,1.1855363845825195,1.1855363845825195,1.1851149797439575,1.1852554082870483
1771286400.0,1.1853959560394287,1.1855363845825195,1.1845533847808838,1.1848341226577759
1771290000.0,1.1848341226577759,1.1848341226577759,1.184413194656372,1.1846938133239746
1771293600.0,1.1848341226577759,1.1849744319915771,1.184413194656372,1.1845533847808838
1771297200.0,1.1845533847808838,1.1845533847808838,1.1842728853225708,1.184413194656372
1771300800.0,1.1845533847808838,1.1845533847808838,1.1842728853225708,1.184413194656372
1771304400.0,1.1845533847808838,1.1845533847808838,1.1839923858642578,1.1845533847808838
1771308000.0,1.1845533847808838,1.1849744319915771,1.1845533847808838,1.1848341226577759
1771311600.0,1.1845533847808838,1.1845533847808838,1.1832919120788574,1.183712124824524
1771315200.0,1.183712124824524,1.1848341226577759,1.18343186378479,1.184413194656372
1771318800.0,1.1845533847808838,1.1852554082870483,1.184413194656372,1.1849744319915771
1771322400.0,1.1846938133239746,1.1851149797439575,1.1845533847808838,1.1846938133239746
1771326000.0,1.1846938133239746,1.1848341226577759,1.1831519603729248,1.1832919120788574
1771329600.0,1.18343186378479,1.1838523149490356,1.1831519603729248,1.1831519603729248
1771333200.0,1.1831519603729248,1.18343186378479,1.1820330619812012,1.1824523210525513
1771336800.0,1.1824523210525513,1.1830118894577026,1.1820330619812012,1.1825922727584839
1771340400.0,1.1824523210525513,1.1824523210525513,1.1809163093566895,1.1814744472503662
1771344000.0,1.1814744472503662,1.1838523149490356,1.1814744472503662,1.18343186378479
1771347600.0,1.1832919120788574,1.1845533847808838,1.1832919120788574,1.184413194656372
1771351200.0,1.184413194656372,1.1856770515441895,1.184413194656372,1.1852554082870483
1771354800.0,1.1852554082870483,1.1853959560394287,1.1846938133239746,1.1851149797439575
1771358400.0,1.1851149797439575,1.1855363845825195,1.1851149797439575,1.1855363845825195
1771362000.0,1.1855363845825195,1.1858175992965698,1.1853959560394287,1.1856770515441895
1771365600.0,1.1858175992965698,1.1859582662582397,1.1851149797439575,1.1856770515441895
1771369200.0,1.1859582662582397,1.1860989332199097,1.1853959560394287,1.1855363845825195
1771372800.0,1.1855363845825195,1.1856770515441895,1.1851149797439575,1.1851149797439575
1771376400.0,1.1849744319915771,1.1851149797439575,1.1846938133239746,1.1849744319915771
1771380000.0,1.1848341226577759,1.1851149797439575,1.1845533847808838,1.1848341226577759
1771383600.0,1.1848341226577759,1.1849744319915771,1.184413194656372,1.184413194656372
1771387200.0,1.1845533847808838,1.1846938133239746,1.1842728853225708,1.1845533847808838
1771390800.0,1.1845533847808838,1.1849744319915771,1.1845533847808838,1.1849744319915771
1771394400.0,1.1849744319915771,1.1849744319915771,1.184413194656372,1.1849744319915771
1771398000.0,1.1849744319915771,1.1849744319915771,1.183712124824524,1.1838523149490356
1771401600.0,1.1838523149490356,1.1841325759887695,1.1832919120788574,1.18343186378479
1771405200.0,1.18343186378479,1.1841325759887695,1.1832919120788574,1.1839923858642578
1771408800.0,1.1839923858642578,1.184413194656372,1.18343186378479,1.1835720539093018
1771412400.0,1.1835720539093018,1.1841325759887695,1.18343186378479,1.1838523149490356
1771416000.0,1.1838523149490356,1.1849744319915771,1.1838523149490356,1.184413194656372
1771419600.0,1.184413194656372,1.1852554082870483,1.182732105255127,1.182732105255127
1771423200.0,1.1828720569610596,1.1831519603729248,1.1816140413284302,1.1818934679031372
1771426800.0,1.1818934679031372,1.1828720569610596,1.1818934679031372,1.1825922727584839
1771430400.0,1.1824523210525513,1.1828720569610596,1.1813349723815918,1.1814744472503662
1771434000.0,1.1813349723815918,1.1817537546157837,1.1806375980377197,1.1807769536972046
1771437600.0,1.1809163093566895,1.1810559034347534,1.1791062355041504,1.1793843507766724
1771441200.0,1.1791062355041504,1.1795234680175781,1.178828239440918,1.1791062355041504
1771444800.0,1.1789672374725342,1.1793843507766724,1.178550362586975,1.1786893606185913
1771448400.0,1.1786893606185913,1.1791062355041504,1.1786893606185913,1.1786893606185913
1771452000.0,1.1795234680175781,1.1795234680175781,1.1784114837646484,1.1789672374725342
1771455600.0,1.1789672374725342,1.1792453527450562,1.1789672374725342,1.1792453527450562
1771459200.0,1.1792453527450562,1.1795234680175781,1.178828239440918,1.1792453527450562
1771462800.0,1.1793843507766724,1.1798018217086792,1.1793843507766724,1.1798018217086792
1771466400.0,1.1798018217086792,1.179940938949585,1.1793843507766724,1.1793843507766724
1771470000.0,1.1795234680175781,1.1796625852584839,1.1792453527450562,1.1795234680175781
1771473600.0,1.1795234680175781,1.1795234680175781,1.178828239440918,1.1792453527450562
1771477200.0,1.1792453527450562,1.1796625852584839,1.1791062355041504,1.1795234680175781
1771480800.0,1.1795234680175781,1.18035888671875,1.1793843507766724,1.1802195310592651
1771484400.0,1.179940938949585,1.1806375980377197,1.1796625852584839,1.1804981231689453
1771488000.0,1.18035888671875,1.1807769536972046,1.1800801753997803,1.18035888671875
1771491600.0,1.1804981231689453,1.1810559034347534,1.1802195310592651,1.18035888671875
1771495200.0,1.18035888671875,1.1806375980377197,1.1791062355041504,1.1791062355041504
1771498800.0,1.1792453527450562,1.1793843507766724,1.1781338453292847,1.1784114837646484
1771502400.0,1.1782727241516113,1.1784114837646484,1.177163004875183,1.177163004875183
1771506000.0,1.1773016452789307,1.1773016452789307,1.1756407022476196,1.176747441291809
1771509600.0,1.176747441291809,1.176747441291809,1.1745359897613525,1.175364375114441
1771513200.0,1.1756407022476196,1.1777175664901733,1.1756407022476196,1.1766090393066406
1771516800.0,1.1766090393066406,1.1773016452789307,1.1761938333511353,1.1763322353363037
1771520400.0,1.1764705181121826,1.177163004875183,1.1759172677993774,1.177024483680725
1771524000.0,1.176885962486267,1.1777175664901733,1.176885962486267,1.177163004875183
1771527600.0,1.1773016452789307,1.1774401664733887,1.1763322353363037,1.1766090393066406
1771531200.0,1.176747441291809,1.177163004875183,1.176747441291809,1.177163004875183
1771534800.0,1.177163004875183,1.1781338453292847,1.177163004875183,1.1775789260864258
1771538400.0,1.1773016452789307,1.1778563261032104,1.1773016452789307,1.1774401664733887
1771542000.0,1.1774401664733887,1.177994966506958,1.177163004875183,1.177163004875183
1771545600.0,1.1773016452789307,1.1775789260864258,1.177024483680725,1.1773016452789307
1771549200.0,1.1773016452789307,1.1774401664733887,1.1759172677993774,1.1761938333511353
1771552800.0,1.1761938333511353,1.1761938333511353,1.1757789850234985,1.1759172677993774
1771556400.0,1.1759172677993774,1.1761938333511353,1.1759172677993774,1.1761938333511353
1771560000.0,1.1761938333511353,1.1763322353363037,1.1756407022476196,1.1756407022476196
1771563600.0,1.1756407022476196,1.1759172677993774,1.175364375114441,1.1759172677993774
1771567200.0,1.1757789850234985,1.1760554313659668,1.1755025386810303,1.1759172677993774
1771570800.0,1.1760554313659668,1.1766090393066406,1.175364375114441,1.1755025386810303
1771574400.0,1.1756407022476196,1.176747441291809,1.1748120784759521,1.1764705181121826
1771578000.0,1.1764705181121826,1.177163004875183,1.1763322353363037,1.177024483680725
1771581600.0,1.176885962486267,1.177163004875183,1.1761938333511353,1.1766090393066406
1771585200.0,1.176747441291809,1.1773016452789307,1.1763322353363037,1.177024483680725
1771588800.0,1.177024483680725,1.1773016452789307,1.176747441291809,1.176885962486267
1771592400.0,1.176885962486267,1.177994966506958,1.1761938333511353,1.177024483680725
1771596000.0,1.1773016452789307,1.1773016452789307,1.1760554313659668,1.177163004875183
1771599600.0,1.177163004875183,1.1809163093566895,1.1760554313659668,1.1789672374725342
1771603200.0,1.1792453527450562,1.1800801753997803,1.1777175664901733,1.1782727241516113
1771606800.0,1.1782727241516113,1.178828239440918,1.177024483680725,1.1784114837646484
1771610400.0,1.1784114837646484,1.1800801753997803,1.1781338453292847,1.178828239440918
1771614000.0,1.1789672374725342,1.1792453527450562,1.1782727241516113,1.1784114837646484
1771617600.0,1.1782727241516113,1.1791062355041504,1.1781338453292847,1.1789672374725342
1771621200.0,1.1789672374725342,1.1795234680175781,1.178550362586975,1.178550362586975
1771624800.0,1.178550362586975,1.178550362586975,1.178550362586975,1.178550362586975
1771804800.0,1.1835720539093018,1.183712124824524,1.182732105255127,1.1832919120788574
1771808400.0,1.1835720539093018,1.1835720539093018,1.1824523210525513,1.1828720569610596
1771812000.0,1.1830118894577026,1.18343186378479,1.182732105255127,1.1830118894577026
1771815600.0,1.1831519603729248,1.1831519603729248,1.1821727752685547,1.182732105255127
1771819200.0,1.182732105255127,1.182732105255127,1.1821727752685547,1.1824523210525513
1771822800.0,1.1824523210525513,1.1824523210525513,1.1818934679031372,1.1824523210525513
1771826400.0,1.1823126077651978,1.183712124824524,1.1821727752685547,1.1828720569610596
1771830000.0,1.182732105255127,1.1830118894577026,1.1823126077651978,1.1825922727584839
1771833600.0,1.182732105255127,1.182732105255127,1.1810559034347534,1.1816140413284302
1771837200.0,1.1813349723815918,1.1816140413284302,1.18035888671875,1.1804981231689453
1771840800.0,1.1804981231689453,1.1804981231689453,1.179940938949585,1.1802195310592651
1771844400.0,1.1802195310592651,1.1802195310592651,1.1784114837646484,1.1789672374725342
1771848000.0,1.1789672374725342,1.1789672374725342,1.1778563261032104,1.1784114837646484
1771851600.0,1.178550362586975,1.1800801753997803,1.1784114837646484,1.179940938949585
1771855200.0,1.1800801753997803,1.1810559034347534,1.1798018217086792,1.1809163093566895
1771858800.0,1.1810559034347534,1.1813349723815918,1.1798018217086792,1.1798018217086792
1771862400.0,1.1796625852584839,1.1809163093566895,1.1792453527450562,1.1804981231689453
1771866000.0,1.1807769536972046,1.1810559034347534,1.1793843507766724,1.1802195310592651
1771869600.0,1.1802195310592651,1.18035888671875,1.179940938949585,1.1802195310592651
1771873200.0,1.1802195310592651,1.18035888671875,1.1792453527450562,1.1795234680175781
1771876800.0,1.1795234680175781,1.1796625852584839,1.1791062355041504,1.1792453527450562
1771880400.0,1.1792453527450562,1.1795234680175781,1.1789672374725342,1.1789672374725342
1771884000.0,1.178828239440918,1.179940938949585,1.178550362586975,1.178828239440918
1771887600.0,1.1791062355041504,1.1798018217086792,1.1791062355041504,1.1796625852584839
1771891200.0,1.1796625852584839,1.179940938949585,1.1791062355041504,1.1792453527450562
1771894800.0,1.1789672374725342,1.1789672374725342,1.1775789260864258,1.1782727241516113
1771898400.0,1.178550362586975,1.178828239440918,1.1781338453292847,1.1786893606185913
1771902000.0,1.1786893606185913,1.178828239440918,1.1778563261032104,1.1778563261032104
1771905600.0,1.1778563261032104,1.177994966506958,1.177163004875183,1.1773016452789307
1771909200.0,1.1773016452789307,1.1782727241516113,1.1773016452789307,1.1782727241516113
1771912800.0,1.1782727241516113,1.178550362586975,1.1781338453292847,1.1784114837646484
1771916400.0,1.1782727241516113,1.178550362586975,1.1774401664733887,1.1781338453292847
1771920000.0,1.1782727241516113,1.1792453527450562,1.1778563261032104,1.1789672374725342
1771923600.0,1.1786893606185913,1.1796625852584839,1.1786893606185913,1.1792453527450562
1771927200.0,1.1791062355041504,1.1793843507766724,1.1786893606185913,1.1789672374725342
1771930800.0,1.1789672374725342,1.1789672374725342,1.1782727241516113,1.1784114837646484
1771934400.0,1.1784114837646484,1.178550362586975,1.1777175664901733,1.1784114837646484
1771938000.0,1.1784114837646484,1.1784114837646484,1.177163004875183,1.1775789260864258
1771941600.0,1.1775789260864258,1.1781338453292847,1.177163004875183,1.1778563261032104
1771945200.0,1.1775789260864258,1.1784114837646484,1.177024483680725,1.1775789260864258
1771948800.0,1.1775789260864258,1.1793843507766724,1.1775789260864258,1.1791062355041504
1771952400.0,1.1792453527450562,1.1792453527450562,1.178550362586975,1.1789672374725342
1771956000.0,1.1789672374725342,1.1791062355041504,1.1781338453292847,1.1781338453292847
1771959600.0,1.1782727241516113,1.1786893606185913,1.177994966506958,1.1782727241516113
1771963200.0,1.1782727241516113,1.1786893606185913,1.177994966506958,1.177994966506958
1771966800.0,1.1778563261032104,1.177994966506958,1.1777175664901733,1.1777175664901733
1771970400.0,1.1774401664733887,1.1781338453292847,1.1773016452789307,1.1778563261032104
1771974000.0,1.1777175664901733,1.177994966506958,1.1777175664901733,1.1777175664901733
1771977600.0,1.1778563261032104,1.1782727241516113,1.1777175664901733,1.1782727241516113
1771981200.0,1.1781338453292847,1.178550362586975,1.177994966506958,1.1781338453292847
1771984800.0,1.1781338453292847,1.1796625852584839,1.1781338453292847,1.1793843507766724
1771988400.0,1.1796625852584839,1.1796625852584839,1.1789672374725342,1.1793843507766724
1771992000.0,1.1792453527450562,1.179940938949585,1.1792453527450562,1.1798018217086792
1771995600.0,1.179940938949585,1.1809163093566895,1.179940938949585,1.1804981231689453
1771999200.0,1.1804981231689453,1.1809163093566895,1.1802195310592651,1.1809163093566895
1772002800.0,1.1809163093566895,1.1810559034347534,1.1802195310592651,1.1802195310592651
1772006400.0,1.1800801753997803,1.18035888671875,1.1793843507766724,1.1795234680175781
1772010000.0,1.1792453527450562,1.1796625852584839,1.1789672374725342,1.1792453527450562
1772013600.0,1.1791062355041504,1.1791062355041504,1.1784114837646484,1.1784114837646484
1772017200.0,1.1781338453292847,1.1784114837646484,1.1774401664733887,1.1777175664901733
1772020800.0,1.1778563261032104,1.1789672374725342,1.1778563261032104,1.1789672374725342
1772024400.0,1.1789672374725342,1.1793843507766724,1.1777175664901733,1.1777175664901733
1772028000.0,1.1778563261032104,1.1792453527450562,1.1777175664901733,1.1792453527450562
1772031600.0,1.1789672374725342,1.18035888671875,1.178828239440918,1.1802195310592651
1772035200.0,1.1804981231689453,1.1810559034347534,1.1802195310592651,1.1807769536972046
1772038800.0,1.1807769536972046,1.1817537546157837,1.1806375980377197,1.1810559034347534
1772042400.0,1.1811953783035278,1.1814744472503662,1.1807769536972046,1.1807769536972046
1772046000.0,1.1807769536972046,1.1813349723815918,1.1806375980377197,1.1810559034347534
1772049600.0,1.1809163093566895,1.1811953783035278,1.1809163093566895,1.1809163093566895
1772053200.0,1.1809163093566895,1.1816140413284302,1.1806375980377197,1.1813349723815918
1772056800.0,1.1816140413284302,1.1817537546157837,1.1809163093566895,1.1814744472503662
1772060400.0,1.1816140413284302,1.1818934679031372,1.1814744472503662,1.1818934679031372
1772064000.0,1.1818934679031372,1.1823126077651978,1.1816140413284302,1.1820330619812012
1772067600.0,1.1821727752685547,1.1832919120788574,1.1821727752685547,1.1831519603729248
1772071200.0,1.1831519603729248,1.1831519603729248,1.1817537546157837,1.1821727752685547
1772074800.0,1.1821727752685547,1.1825922727584839,1.1820330619812012,1.1821727752685547
1772078400.0,1.1820330619812012,1.1821727752685547,1.1816140413284302,1.1821727752685547
1772082000.0,1.1821727752685547,1.1825922727584839,1.1820330619812012,1.1821727752685547
1772085600.0,1.1823126077651978,1.1825922727584839,1.1818934679031372,1.1823126077651978
1772089200.0,1.1821727752685547,1.1821727752685547,1.1811953783035278,1.1820330619812012
1772092800.0,1.1818934679031372,1.1818934679031372,1.1806375980377197,1.1807769536972046
1772096400.0,1.1806375980377197,1.1809163093566895,1.1800801753997803,1.1802195310592651
1772100000.0,1.1800801753997803,1.1802195310592651,1.1798018217086792,1.1802195310592651
1772103600.0,1.1802195310592651,1.1809163093566895,1.1802195310592651,1.1804981231689453
1772107200.0,1.1804981231689453,1.1813349723815918,1.18035888671875,1.1811953783035278
1772110800.0,1.1813349723815918,1.1820330619812012,1.1806375980377197,1.1810559034347534
1772114400.0,1.1810559034347534,1.1818934679031372,1.1806375980377197,1.1814744472503662
1772118000.0,1.1816140413284302,1.1816140413284302,1.178550362586975,1.1802195310592651
1772121600.0,1.1802195310592651,1.1802195310592651,1.1789672374725342,1.1795234680175781
1772125200.0,1.1795234680175781,1.1795234680175781,1.1777175664901733,1.1777175664901733
1772128800.0,1.177994966506958,1.1789672374725342,1.1778563261032104,1.1786893606185913
1772132400.0,1.178828239440918,1.1800801753997803,1.178828239440918,1.1800801753997803
1772136000.0,1.1800801753997803,1.1806375980377197,1.179940938949585,1.1806375980377197
1772139600.0,1.1804981231689453,1.1806375980377197,1.1800801753997803,1.1800801753997803
1772143200.0,1.1804981231689453,1.1804981231689453,1.1793843507766724,1.1802195310592651
1772146800.0,1.1800801753997803,1.1806375980377197,1.1800801753997803,1.1806375980377197
1772150400.0,1.1806375980377197,1.1809163093566895,1.179940938949585,1.179940938949585
1772154000.0,1.1800801753997803,1.1804981231689453,1.1793843507766724,1.1793843507766724
1772157600.0,1.1793843507766724,1.1804981231689453,1.1793843507766724,1.18035888671875
1772161200.0,1.18035888671875,1.1810559034347534,1.18035888671875,1.1807769536972046
1772164800.0,1.1807769536972046,1.1816140413284302,1.1806375980377197,1.1814744472503662
1772168400.0,1.1814744472503662,1.1814744472503662,1.1810559034347534,1.1811953783035278
1772172000.0,1.1811953783035278,1.1814744472503662,1.1806375980377197,1.1809163093566895
1772175600.0,1.1806375980377197,1.1821727752685547,1.1800801753997803,1.1818934679031372
1772179200.0,1.1818934679031372,1.1824523210525513,1.1811953783035278,1.1811953783035278
1772182800.0,1.1809163093566895,1.1814744472503662,1.1798018217086792,1.1798018217086792
1772186400.0,1.1798018217086792,1.1806375980377197,1.1798018217086792,1.1802195310592651
1772190000.0,1.1802195310592651,1.1807769536972046,1.179940938949585,1.18035888671875
1772193600.0,1.18035888671875,1.1811953783035278,1.1802195310592651,1.1806375980377197
1772197200.0,1.1806375980377197,1.1809163093566895,1.1795234680175781,1.1798018217086792
1772200800.0,1.1796625852584839,1.1817537546157837,1.1795234680175781,1.1800801753997803
1772204400.0,1.1800801753997803,1.1820330619812012,1.1800801753997803,1.1810559034347534
1772208000.0,1.1810559034347534,1.1828720569610596,1.1810559034347534,1.1824523210525513
1772211600.0,1.1825922727584839,1.1830118894577026,1.1820330619812012,1.1821727752685547
1772215200.0,1.1820330619812012,1.1821727752685547,1.1816140413284302,1.1821727752685547
1772218800.0,1.1821727752685547,1.1825922727584839,1.1820330619812012,1.1823126077651978
1772222400.0,1.1823126077651978,1.1828720569610596,1.1818934679031372,1.1818934679031372
1772226000.0,1.1818934679031372,1.1825922727584839,1.1814744472503662,1.1825922727584839
1772229600.0,1.1817537546157837,1.1817537546157837,1.1817537546157837,1.1817537546157837
1772409600.0,1.1761938333511353,1.1778563261032104,1.1761938333511353,1.1777175664901733
1772413200.0,1.1781338453292847,1.1798018217086792,1.1778563261032104,1.1793843507766724
1772416800.0,1.1795234680175781,1.1795234680175781,1.178550362586975,1.1792453527450562
1772420400.0,1.1792453527450562,1.179940938949585,1.1792453527450562,1.1792453527450562
1772424000.0,1.1792453527450562,1.1793843507766724,1.178550362586975,1.1789672374725342
1772427600.0,1.178828239440918,1.178828239440918,1.177024483680725,1.177024483680725
1772431200.0,1.177024483680725,1.177024483680725,1.173433542251587,1.1735711097717285
1772434800.0,1.1735711097717285,1.1737089157104492,1.1709601879119873,1.1719207763671875
1772438400.0,1.172195553779602,1.1727453470230103,1.1701380014419556,1.1726078987121582
1772442000.0,1.1724703311920166,1.1746740341186523,1.1724703311920166,1.1737089157104492
1772445600.0,1.17384672164917,1.1749500036239624,1.1737089157104492,1.1741223335266113
1772449200.0,1.1741223335266113,1.1743981838226318,1.1730204820632935,1.1737089157104492
1772452800.0,1.173433542251587,1.1737089157104492,1.1706860065460205,1.170823097229004
1772456400.0,1.170823097229004,1.1719207763671875,1.1700011491775513,1.1701380014419556
1772460000.0,1.1700011491775513,1.1724703311920166,1.169864296913147,1.17205810546875
1772463600.0,1.1716461181640625,1.171783447265625,1.1683608293533325,1.1683608293533325
1772467200.0,1.1683608293533325,1.1697274446487427,1.1675423383712769,1.1695905923843384
1772470800.0,1.1693171262741089,1.1710972785949707,1.1691803932189941,1.1710972785949707
1772474400.0,1.1709601879119873,1.1709601879119873,1.1690436601638794,1.169864296913147
1772478000.0,1.169864296913147,1.1716461181640625,1.169864296913147,1.1715089082717896
1772481600.0,1.1715089082717896,1.1716461181640625,1.1683608293533325,1.1694538593292236
1772485200.0,1.1693171262741089,1.169864296913147,1.1693171262741089,1.1693171262741089
1772488800.0,1.1695905923843384,1.1695905923843384,1.1690436601638794,1.1690436601638794
1772492400.0,1.1690436601638794,1.1701380014419556,1.1690436601638794,1.1700011491775513
1772496000.0,1.1697274446487427,1.169864296913147,1.1690436601638794,1.1697274446487427
1772499600.0,1.169864296913147,1.1709601879119873,1.1697274446487427,1.1700011491775513
1772503200.0,1.169864296913147,1.1701380014419556,1.1690436601638794,1.1697274446487427
1772506800.0,1.169864296913147,1.1700011491775513,1.1690436601638794,1.1694538593292236
1772510400.0,1.1694538593292236,1.1695905923843384,1.1683608293533325,1.1683608293533325
1772514000.0,1.1684973239898682,1.168770432472229,1.1668611764907837,1.1671334505081177
1772517600.0,1.1669973134994507,1.1674060821533203,1.1665889024734497,1.1672697067260742
1772521200.0,1.1672697067260742,1.1672697067260742,1.1648223400115967,1.1648223400115967
1772524800.0,1.164686679840088,1.164686679840088,1.16225004196167,1.162520408630371
1772528400.0,1.1627906560897827,1.1631964445114136,1.1603620052337646,1.1610356569290161
1772532000.0,1.1610356569290161,1.1615750789642334,1.1594202518463135,1.1594202518463135
1772535600.0,1.1595547199249268,1.160496711730957,1.1586142778396606,1.1599582433700562
1772539200.0,1.1599582433700562,1.1618449687957764,1.1594202518463135,1.1618449687957764
1772542800.0,1.1615750789642334,1.1617100238800049,1.1595547199249268,1.1595547199249268
1772546400.0,1.15968918800354,1.160092830657959,1.1570056676864624,1.1570056676864624
1772550000.0,1.157273530960083,1.1584800481796265,1.1535356044769287,1.1576753854751587
1772553600.0,1.1576753854751587,1.1609008312225342,1.1574074029922485,1.1609008312225342
1772557200.0,1.160496711730957,1.1606314182281494,1.159151554107666,1.1595547199249268
1772560800.0,1.1594202518463135,1.1623852252960205,1.1594202518463135,1.1619800329208374
1772564400.0,1.1619800329208374,1.1627906560897827,1.160496711730957,1.1618449687957764
1772568000.0,1.1617100238800049,1.1626555919647217,1.1615750789642334,1.1621150970458984
1772571600.0,1.1621150970458984,1.1621150970458984,1.16130530834198,1.1615750789642334
1772575200.0,1.1619800329208374,1.16225004196167,1.1609008312225342,1.161440134048462
1772578800.0,1.1618449687957764,1.1623852252960205,1.161440134048462,1.1615750789642334
1772582400.0,1.16130530834198,1.16130530834198,1.15968918800354,1.15968918800354
1772586000.0,1.15968918800354,1.160092830657959,1.1579434871673584,1.15968918800354
1772589600.0,1.15968918800354,1.1607661247253418,1.1595547199249268,1.1602274179458618
1772593200.0,1.160092830657959,1.16130530834198,1.1599582433700562,1.161170482635498
1772596800.0,1.16130530834198,1.16130530834198,1.1595547199249268,1.1598236560821533
1772600400.0,1.1595547199249268,1.1602274179458618,1.1590172052383423,1.1598236560821533
1772604000.0,1.15968918800354,1.1621150970458984,1.1592857837677002,1.161440134048462
1772607600.0,1.1615750789642334,1.1627906560897827,1.1615750789642334,1.1621150970458984
1772611200.0,1.1619800329208374,1.1619800329208374,1.160092830657959,1.1602274179458618
1772614800.0,1.1602274179458618,1.1623852252960205,1.1599582433700562,1.161170482635498
1772618400.0,1.16130530834198,1.1648223400115967,1.16130530834198,1.1637378931045532
1772622000.0,1.1637378931045532,1.1657729148864746,1.163602590560913,1.163873314857483
1772625600.0,1.163873314857483,1.1650937795639038,1.163061261177063,1.163061261177063
1772629200.0,1.163602590560913,1.1653653383255005,1.1634671688079834,1.163602590560913
1772632800.0,1.1634671688079834,1.1642799377441406,1.1626555919647217,1.1627906560897827
1772636400.0,1.1627906560897827,1.1642799377441406,1.1621150970458984,1.1641442775726318
1772640000.0,1.1644154787063599,1.1648223400115967,1.1633317470550537,1.1640088558197021
1772643600.0,1.1641442775726318,1.1645511388778687,1.163061261177063,1.163602590560913
1772647200.0,1.163602590560913,1.163602590560913,1.1626555919647217,1.1626555919647217
1772650800.0,1.1629259586334229,1.1644154787063599,1.1629259586334229,1.1644154787063599
1772654400.0,1.1644154787063599,1.164686679840088,1.1642799377441406,1.1645511388778687
1772658000.0,1.1644154787063599,1.1645511388778687,1.163873314857483,1.1642799377441406
1772661600.0,1.163602590560913,1.1640088558197021,1.1633317470550537,1.1637378931045532
1772665200.0,1.163873314857483,1.1642799377441406,1.1637378931045532,1.163873314857483
1772668800.0,1.1637378931045532,1.164958119392395,1.163602590560913,1.1648223400115967
1772672400.0,1.1648223400115967,1.164958119392395,1.1631964445114136,1.1631964445114136
1772676000.0,1.163061261177063,1.1634671688079834,1.1626555919647217,1.1629259586334229
1772679600.0,1.1629259586334229,1.163061261177063,1.16130530834198,1.1615750789642334
1772683200.0,1.1615750789642334,1.1618449687957764,1.1610356569290161,1.161170482635498
1772686800.0,1.161170482635498,1.1617100238800049,1.1598236560821533,1.1598236560821533
1772690400.0,1.1598236560821533,1.1617100238800049,1.159151554107666,1.1609008312225342
1772694000.0,1.161170482635498,1.1619800329208374,1.160496711730957,1.1609008312225342
1772697600.0,1.1606314182281494,1.1606314182281494,1.1586142778396606,1.1602274179458618
1772701200.0,1.160092830657959,1.1642799377441406,1.160092830657959,1.1626555919647217
1772704800.0,1.1626555919647217,1.163061261177063,1.1609008312225342,1.161440134048462
1772708400.0,1.161440134048462,1.1619800329208374,1.1607661247253418,1.161440134048462
1772712000.0,1.16130530834198,1.1627906560897827,1.1610356569290161,1.162520408630371
1772715600.0,1.16225004196167,1.1626555919647217,1.1594202518463135,1.160092830657959
1772719200.0,1.160092830657959,1.161170482635498,1.15968918800354,1.160496711730957
1772722800.0,1.1609008312225342,1.161170482635498,1.1574074029922485,1.1587486267089844
1772726400.0,1.1584800481796265,1.1590172052383423,1.156336784362793,1.1586142778396606
1772730000.0,1.1587486267089844,1.1592857837677002,1.1576753854751587,1.159151554107666
1772733600.0,1.159151554107666,1.1595547199249268,1.1575413942337036,1.1590172052383423
1772737200.0,1.1588828563690186,1.1590172052383423,1.1574074029922485,1.1574074029922485
1772740800.0,1.1576753854751587,1.16130530834198,1.1574074029922485,1.1607661247253418
1772744400.0,1.1607661247253418,1.16130530834198,1.1606314182281494,1.161170482635498
1772748000.0,1.161440134048462,1.1617100238800049,1.160092830657959,1.1615750789642334
1772751600.0,1.16130530834198,1.161440134048462,1.1607661247253418,1.161170482635498
1772755200.0,1.1609008312225342,1.1617100238800049,1.1607661247253418,1.161440134048462
1772758800.0,1.161440134048462,1.1623852252960205,1.1610356569290161,1.1618449687957764
1772762400.0,1.1618449687957764,1.16225004196167,1.1617100238800049,1.1619800329208374
1772766000.0,1.1619800329208374,1.1623852252960205,1.1618449687957764,1.1623852252960205
1772769600.0,1.1623852252960205,1.1623852252960205,1.1617100238800049,1.1617100238800049
1772773200.0,1.1615750789642334,1.1619800329208374,1.1609008312225342,1.1609008312225342
1772776800.0,1.161170482635498,1.1615750789642334,1.1606314182281494,1.161440134048462
1772780400.0,1.161440134048462,1.1621150970458984,1.1610356569290161,1.1617100238800049
1772784000.0,1.1617100238800049,1.1617100238800049,1.1606314182281494,1.1606314182281494
1772787600.0,1.160496711730957,1.160496711730957,1.1575413942337036,1.1578094959259033
1772791200.0,1.1578094959259033,1.1587486267089844,1.1576753854751587,1.1583458185195923
1772794800.0,1.1582117080688477,1.1583458185195923,1.1564704179763794,1.1566041707992554
1772798400.0,1.156738042831421,1.157139539718628,1.1556684970855713,1.1558021306991577
1772802000.0,1.1560693979263306,1.1594202518463135,1.1555349826812744,1.1560693979263306
1772805600.0,1.1560693979263306,1.1578094959259033,1.1551345586776733,1.1574074029922485
1772809200.0,1.1579434871673584,1.1594202518463135,1.1575413942337036,1.1582117080688477
1772812800.0,1.1583458185195923,1.1615750789642334,1.1583458185195923,1.1610356569290161
1772816400.0,1.1609008312225342,1.1610356569290161,1.1598236560821533,1.1599582433700562
1772820000.0,1.1599582433700562,1.16225004196167,1.15968918800354,1.160496711730957
1772823600.0,1.1602274179458618,1.161170482635498,1.160092830657959,1.1606314182281494
1772827200.0,1.1606314182281494,1.161170482635498,1.1599582433700562,1.1609008312225342
1772830800.0,1.1609008312225342,1.16225004196167,1.1609008312225342,1.1621150970458984
1772834400.0,1.162520408630371,1.162520408630371,1.1621150970458984,1.1621150970458984
1773014400.0,1.1526048183441162,1.15340256690979,1.1519410610198975,1.1520737409591675
1773018000.0,1.1519410610198975,1.1526048183441162,1.151145339012146,1.1512778997421265
1773021600.0,1.151543140411377,1.1530035734176636,1.1512778997421265,1.1528706550598145
1773025200.0,1.1531364917755127,1.1531364917755127,1.1516757011413574,1.1519410610198975
1773028800.0,1.1522064208984375,1.1532695293426514,1.1519410610198975,1.1528706550598145
1773032400.0,1.1528706550598145,1.1574074029922485,1.1528706550598145,1.157139539718628
1773036000.0,1.1568717956542969,1.157139539718628,1.155001163482666,1.155001163482666
1773039600.0,1.1555349826812744,1.156738042831421,1.154068112373352,1.1566041707992554
1773043200.0,1.1568717956542969,1.1568717956542969,1.1520737409591675,1.1538017988204956
1773046800.0,1.1539349555969238,1.1574074029922485,1.1535356044769287,1.1558021306991577
1773050400.0,1.1556684970855713,1.1566041707992554,1.1551345586776733,1.1564704179763794
1773054000.0,1.156336784362793,1.1570056676864624,1.1559356451034546,1.156336784362793
1773057600.0,1.1564704179763794,1.157139539718628,1.155401587486267,1.1556684970855713
1773061200.0,1.1559356451034546,1.1590172052383423,1.1558021306991577,1.1579434871673584
1773064800.0,1.1578094959259033,1.1579434871673584,1.1551345586776733,1.1576753854751587
1773068400.0,1.1579434871673584,1.15968918800354,1.1579434871673584,1.1595547199249268
1773072000.0,1.15968918800354,1.1602274179458618,1.1590172052383423,1.159151554107666
1773075600.0,1.159151554107666,1.159151554107666,1.1582117080688477,1.1582117080688477
1773079200.0,1.1583458185195923,1.1587486267089844,1.1579434871673584,1.1579434871673584
1773082800.0,1.1579434871673584,1.1634671688079834,1.1579434871673584,1.161170482635498
1773086400.0,1.1617100238800049,1.1640088558197021,1.1615750789642334,1.163873314857483
1773090000.0,1.1640088558197021,1.1642799377441406,1.1631964445114136,1.1640088558197021
1773093600.0,1.1644154787063599,1.1648223400115967,1.1626555919647217,1.1631964445114136
1773097200.0,1.1631964445114136,1.1634671688079834,1.1618449687957764,1.1619800329208374
1773100800.0,1.1619800329208374,1.163873314857483,1.1615750789642334,1.1629259586334229
1773104400.0,1.1629259586334229,1.1631964445114136,1.1615750789642334,1.1623852252960205
1773108000.0,1.162520408630371,1.163061261177063,1.1615750789642334,1.1615750789642334
1773111600.0,1.1617100238800049,1.1618449687957764,1.161170482635498,1.16130530834198
1773115200.0,1.1610356569290161,1.1618449687957764,1.1610356569290161,1.1615750789642334
1773118800.0,1.1615750789642334,1.16225004196167,1.1615750789642334,1.16225004196167
1773122400.0,1.162520408630371,1.1640088558197021,1.162520408630371,1.163602590560913
1773126000.0,1.1633317470550537,1.1665889024734497,1.1631964445114136,1.1664528846740723
1773129600.0,1.16604483127594,1.1663167476654053,1.164686679840088,1.164958119392395
1773133200.0,1.1648223400115967,1.1661807298660278,1.1648223400115967,1.1655012369155884
1773136800.0,1.1653653383255005,1.1653653383255005,1.1623852252960205,1.1642799377441406
1773140400.0,1.1642799377441406,1.1656370162963867,1.1640088558197021,1.1642799377441406
1773144000.0,1.1644154787063599,1.1644154787063599,1.162520408630371,1.1637378931045532
1773147600.0,1.1640088558197021,1.1650937795639038,1.1633317470550537,1.163602590560913
1773151200.0,1.1631964445114136,1.1652295589447021,1.1631964445114136,1.1652295589447021
1773154800.0,1.1653653383255005,1.1657729148864746,1.1644154787063599,1.1650937795639038
1773158400.0,1.1648223400115967,1.1657729148864746,1.1642799377441406,1.1655012369155884
1773162000.0,1.1656370162963867,1.1669973134994507,1.1645511388778687,1.1648223400115967
1773165600.0,1.1648223400115967,1.1648223400115967,1.1618449687957764,1.1627906560897827
1773169200.0,1.1627906560897827,1.1631964445114136,1.16130530834198,1.1617100238800049
1773172800.0,1.1617100238800049,1.1618449687957764,1.161170482635498,1.161440134048462
1773176400.0,1.1615750789642334,1.1619800329208374,1.1609008312225342,1.1609008312225342
1773180000.0,1.16130530834198,1.1615750789642334,1.1606314182281494,1.1609008312225342
1773183600.0,1.1610356569290161,1.161440134048462,1.1609008312225342,1.161440134048462
1773187200.0,1.1615750789642334,1.1627906560897827,1.1610356569290161,1.16225004196167
1773190800.0,1.16225004196167,1.163061261177063,1.1615750789642334,1.163061261177063
1773194400.0,1.163061261177063,1.1631964445114136,1.16225004196167,1.1629259586334229
1773198000.0,1.163061261177063,1.1634671688079834,1.1629259586334229,1.1633317470550537
1773201600.0,1.1633317470550537,1.163873314857483,1.1631964445114136,1.1637378931045532
1773205200.0,1.1637378931045532,1.163873314857483,1.1633317470550537,1.163602590560913
1773208800.0,1.1637378931045532,1.1642799377441406,1.1633317470550537,1.1637378931045532
1773212400.0,1.1637378931045532,1.1644154787063599,1.1618449687957764,1.1621150970458984
1773216000.0,1.1618449687957764,1.1623852252960205,1.1609008312225342,1.1615750789642334
1773219600.0,1.1609008312225342,1.1609008312225342,1.1594202518463135,1.1595547199249268
1773223200.0,1.1595547199249268,1.161440134048462,1.1595547199249268,1.1610356569290161
1773226800.0,1.1610356569290161,1.16130530834198,1.1599582433700562,1.1599582433700562
1773230400.0,1.1598236560821533,1.160496711730957,1.1582117080688477,1.1584800481796265
1773234000.0,1.1588828563690186,1.1595547199249268,1.1583458185195923,1.1595547199249268
1773237600.0,1.1602274179458618,1.16130530834198,1.1584800481796265,1.1584800481796265
1773241200.0,1.1586142778396606,1.1586142778396606,1.1570056676864624,1.1570056676864624
1773244800.0,1.1568717956542969,1.1578094959259033,1.156738042831421,1.1574074029922485
1773248400.0,1.1574074029922485,1.1579434871673584,1.156738042831421,1.1574074029922485
1773252000.0,1.1575413942337036,1.1578094959259033,1.156738042831421,1.1575413942337036
1773255600.0,1.1574074029922485,1.1579434871673584,1.157273530960083,1.1576753854751587
1773259200.0,1.1575413942337036,1.1575413942337036,1.1568717956542969,1.1570056676864624
1773262800.0,1.1570056676864624,1.1578094959259033,1.1570056676864624,1.1578094959259033
1773266400.0,1.1575413942337036,1.1575413942337036,1.1552680730819702,1.155401587486267
1773270000.0,1.1555349826812744,1.1555349826812744,1.154334545135498,1.1546010971069336
1773273600.0,1.1544678211212158,1.1552680730819702,1.1538017988204956,1.1548677682876587
1773277200.0,1.155001163482666,1.1558021306991577,1.1548677682876587,1.155401587486267
1773280800.0,1.155401587486267,1.1556684970855713,1.1536686420440674,1.1542012691497803
1773284400.0,1.1542012691497803,1.154334545135498,1.1536686420440674,1.1542012691497803
1773288000.0,1.1542012691497803,1.154334545135498,1.1535356044769287,1.1536686420440674
1773291600.0,1.1536686420440674,1.1548677682876587,1.1536686420440674,1.154334545135498
1773295200.0,1.1544678211212158,1.155401587486267,1.1544678211212158,1.1551345586776733
1773298800.0,1.155001163482666,1.1555349826812744,1.1546010971069336,1.155401587486267
1773302400.0,1.1556684970855713,1.1559356451034546,1.1547343730926514,1.155001163482666
1773306000.0,1.1548677682876587,1.156336784362793,1.1548677682876587,1.156336784362793
1773309600.0,1.156336784362793,1.1566041707992554,1.1552680730819702,1.156203031539917
1773313200.0,1.156203031539917,1.1568717956542969,1.1555349826812744,1.1559356451034546
1773316800.0,1.1559356451034546,1.1559356451034546,1.1536686420440674,1.1542012691497803
1773320400.0,1.1546010971069336,1.1552680730819702,1.1524720191955566,1.1530035734176636
1773324000.0,1.15340256690979,1.1536686420440674,1.1520737409591675,1.1524720191955566
1773327600.0,1.1519410610198975,1.1528706550598145,1.151410460472107,1.1524720191955566
1773331200.0,1.1526048183441162,1.1532695293426514,1.1518083810806274,1.1524720191955566
1773334800.0,1.1527377367019653,1.15340256690979,1.1524720191955566,1.1524720191955566
1773338400.0,1.1526048183441162,1.1526048183441162,1.151543140411377,1.151543140411377
1773342000.0,1.151410460472107,1.1522064208984375,1.151410460472107,1.1518083810806274
1773345600.0,1.1516757011413574,1.1519410610198975,1.151410460472107,1.151410460472107
1773349200.0,1.1516757011413574,1.1518083810806274,1.151145339012146,1.151410460472107
1773352800.0,1.1516757011413574,1.152339220046997,1.151543140411377,1.1522064208984375
1773356400.0,1.1522064208984375,1.1526048183441162,1.1519410610198975,1.1526048183441162
1773360000.0,1.1526048183441162,1.1531364917755127,1.1524720191955566,1.1527377367019653
1773363600.0,1.1528706550598145,1.1532695293426514,1.1518083810806274,1.1519410610198975
1773367200.0,1.1520737409591675,1.1524720191955566,1.151410460472107,1.1516757011413574
1773370800.0,1.1516757011413574,1.1516757011413574,1.1508804559707642,1.1512778997421265
1773374400.0,1.1512778997421265,1.1512778997421265,1.15035080909729,1.1507480144500732
1773378000.0,1.1507480144500732,1.1508804559707642,1.15035080909729,1.15035080909729
1773381600.0,1.1506155729293823,1.1506155729293823,1.1486331224441528,1.1486331224441528
1773385200.0,1.1481056213378906,1.1485011577606201,1.1458691358566284,1.1461317539215088
1773388800.0,1.145737886428833,1.145737886428833,1.1436413526535034,1.144819736480713
1773392400.0,1.145213007926941,1.1463946104049683,1.145081877708435,1.1456066370010376
1773396000.0,1.1458691358566284,1.147446870803833,1.1456066370010376,1.1461317539215088
1773399600.0,1.1463946104049683,1.147446870803833,1.1458691358566284,1.147315263748169
1773403200.0,1.1470520496368408,1.1488970518112183,1.1465259790420532,1.1481056213378906
1773406800.0,1.148369312286377,1.1491611003875732,1.1477103233337402,1.1482374668121338
1773410400.0,1.1478420495986938,1.1487650871276855,1.1460003852844238,1.1460003852844238
1773414000.0,1.1458691358566284,1.1463946104049683,1.1439030170440674,1.144688606262207
1773417600.0,1.1445575952529907,1.145213007926941,1.1440337896347046,1.1445575952529907
1773421200.0,1.144426703453064,1.144819736480713,1.1437721252441406,1.1445575952529907
1773424800.0,1.1445575952529907,1.1445575952529907,1.1436413526535034,1.1439030170440674
1773428400.0,1.1439030170440674,1.1440337896347046,1.1423349380493164,1.1425960063934326
1773432000.0,1.1424654722213745,1.1425960063934326,1.141422152519226,1.1419435739517212
1773435600.0,1.1419435739517212,1.1423349380493164,1.1419435739517212,1.1423349380493164
1773619200.0,1.144164800643921,1.1458691358566284,1.144164800643921,1.1458691358566284
1773622800.0,1.1458691358566284,1.1458691358566284,1.144426703453064,1.145213007926941
1773626400.0,1.145213007926941,1.1454753875732422,1.1449507474899292,1.145213007926941
1773630000.0,1.145213007926941,1.145737886428833,1.1449507474899292,1.1453442573547363
1773633600.0,1.1453442573547363,1.1454753875732422,1.1445575952529907,1.1445575952529907
1773637200.0,1.1445575952529907,1.144688606262207,1.1436413526535034,1.1437721252441406
1773640800.0,1.1436413526535034,1.1440337896347046,1.1428571939468384,1.1435105800628662
1773644400.0,1.143379807472229,1.1437721252441406,1.1419435739517212,1.1428571939468384
1773648000.0,1.1432491540908813,1.144819736480713,1.142987847328186,1.144688606262207
1773651600.0,1.144688606262207,1.1456066370010376,1.144426703453064,1.1453442573547363
1773655200.0,1.145213007926941,1.1479737758636475,1.145213007926941,1.1478420495986938
1773658800.0,1.1475785970687866,1.1488970518112183,1.147446870803833,1.1482374668121338
1773662400.0,1.1482374668121338,1.1491611003875732,1.1475785970687866,1.1477103233337402
1773666000.0,1.1479737758636475,1.15035080909729,1.1479737758636475,1.15035080909729
1773669600.0,1.1502184867858887,1.150483250617981,1.1485011577606201,1.1491611003875732
1773673200.0,1.1492931842803955,1.15035080909729,1.1485011577606201,1.1490291357040405
1773676800.0,1.1488970518112183,1.1502184867858887,1.1481056213378906,1.1496896743774414
1773680400.0,1.1502184867858887,1.1507480144500732,1.1494252681732178,1.1495574712753296
1773684000.0,1.1496896743774414,1.1526048183441162,1.1496896743774414,1.1520737409591675
1773687600.0,1.152339220046997,1.1527377367019653,1.151012897491455,1.151012897491455
1773691200.0,1.1512778997421265,1.1512778997421265,1.1506155729293823,1.151145339012146
1773694800.0,1.1508804559707642,1.1512778997421265,1.1506155729293823,1.1508804559707642
1773698400.0,1.1507480144500732,1.1507480144500732,1.1502184867858887,1.1502184867858887
1773702000.0,1.15035080909729,1.15035080909729,1.1498217582702637,1.1502184867858887
1773705600.0,1.1499539613723755,1.1499539613723755,1.1492931842803955,1.1495574712753296
1773709200.0,1.1495574712753296,1.1498217582702637,1.1490291357040405,1.1496896743774414
1773712800.0,1.1495574712753296,1.1502184867858887,1.1495574712753296,1.1498217582702637
1773716400.0,1.1496896743774414,1.150483250617981,1.1495574712753296,1.1495574712753296
1773720000.0,1.1495574712753296,1.15035080909729,1.1492931842803955,1.1500862836837769
1773723600.0,1.1499539613723755,1.1502184867858887,1.1482374668121338,1.148369312286377
1773727200.0,1.1482374668121338,1.1485011577606201,1.1470520496368408,1.1485011577606201
1773730800.0,1.1485011577606201,1.15035080909729,1.148369312286377,1.1498217582702637
1773734400.0,1.1498217582702637,1.1519410610198975,1.1491611003875732,1.151410460472107
1773738000.0,1.151543140411377,1.1527377367019653,1.1512778997421265,1.1519410610198975
1773741600.0,1.151410460472107,1.1518083810806274,1.1507480144500732,1.151012897491455
1773745200.0,1.1508804559707642,1.1522064208984375,1.1508804559707642,1.151012897491455
1773748800.0,1.151012897491455,1.1527377367019653,1.1507480144500732,1.1527377367019653
1773752400.0,1.1530035734176636,1.1544678211212158,1.1530035734176636,1.15340256690979
1773756000.0,1.1531364917755127,1.154068112373352,1.1524720191955566,1.1536686420440674
1773759600.0,1.1538017988204956,1.154068112373352,1.1524720191955566,1.1528706550598145
1773763200.0,1.1526048183441162,1.1535356044769287,1.152339220046997,1.1531364917755127
1773766800.0,1.1530035734176636,1.154334545135498,1.1530035734176636,1.1542012691497803
1773770400.0,1.1544678211212158,1.1551345586776733,1.1542012691497803,1.1542012691497803
1773774000.0,1.154334545135498,1.1544678211212158,1.1538017988204956,1.1538017988204956
1773777600.0,1.1539349555969238,1.1544678211212158,1.1539349555969238,1.1544678211212158
1773781200.0,1.154334545135498,1.1546010971069336,1.1536686420440674,1.154068112373352
1773784800.0,1.1542012691497803,1.1547343730926514,1.1542012691497803,1.154334545135498
1773788400.0,1.154334545135498,1.1544678211212158,1.1542012691497803,1.1542012691497803
1773792000.0,1.154068112373352,1.1546010971069336,1.1536686420440674,1.1536686420440674
1773795600.0,1.1536686420440674,1.154334545135498,1.1536686420440674,1.1536686420440674
1773799200.0,1.1538017988204956,1.1542012691497803,1.1535356044769287,1.1536686420440674
1773802800.0,1.1535356044769287,1.1539349555969238,1.1535356044769287,1.1539349555969238
1773806400.0,1.154068112373352,1.1546010971069336,1.154068112373352,1.1544678211212158
1773810000.0,1.1544678211212158,1.155001163482666,1.154334545135498,1.155001163482666
1773813600.0,1.155001163482666,1.1552680730819702,1.154334545135498,1.1546010971069336
1773817200.0,1.1544678211212158,1.1548677682876587,1.1527377367019653,1.1530035734176636
1773820800.0,1.1528706550598145,1.1536686420440674,1.1522064208984375,1.1535356044769287
1773824400.0,1.15340256690979,1.1542012691497803,1.1530035734176636,1.1542012691497803
1773828000.0,1.1542012691497803,1.1547343730926514,1.1538017988204956,1.154334545135498
1773831600.0,1.1544678211212158,1.1556684970855713,1.1536686420440674,1.155001163482666
1773835200.0,1.1548677682876587,1.1551345586776733,1.1508804559707642,1.151145339012146
1773838800.0,1.151012897491455,1.1518083810806274,1.1496896743774414,1.1518083810806274
1773842400.0,1.1518083810806274,1.1528706550598145,1.1508804559707642,1.1520737409591675
1773846000.0,1.1524720191955566,1.1530035734176636,1.151543140411377,1.151543140411377
1773849600.0,1.1516757011413574,1.1524720191955566,1.151012897491455,1.151410460472107
1773853200.0,1.151543140411377,1.1519410610198975,1.1506155729293823,1.1519410610198975
1773856800.0,1.1527377367019653,1.1527377367019653,1.1482374668121338,1.1482374668121338
1773860400.0,1.1481056213378906,1.1485011577606201,1.147315263748169,1.147315263748169
1773864000.0,1.1471836566925049,1.147315263748169,1.1454753875732422,1.1454753875732422
1773867600.0,1.145213007926941,1.1475785970687866,1.145213007926941,1.1470520496368408
1773871200.0,1.1466574668884277,1.1467890739440918,1.1454753875732422,1.1460003852844238
1773874800.0,1.1461317539215088,1.1469204425811768,1.1461317539215088,1.1466574668884277
1773878400.0,1.1466574668884277,1.1478420495986938,1.1466574668884277,1.1478420495986938
1773882000.0,1.1478420495986938,1.1486331224441528,1.1478420495986938,1.1479737758636475
1773885600.0,1.1478420495986938,1.1492931842803955,1.1475785970687866,1.1486331224441528
1773889200.0,1.1486331224441528,1.1486331224441528,1.1478420495986938,1.1478420495986938
1773892800.0,1.1477103233337402,1.1478420495986938,1.1470520496368408,1.1471836566925049
1773896400.0,1.147315263748169,1.147446870803833,1.1467890739440918,1.1469204425811768
1773900000.0,1.1469204425811768,1.1479737758636475,1.1463946104049683,1.1467890739440918
1773903600.0,1.1470520496368408,1.1477103233337402,1.1454753875732422,1.1456066370010376
1773907200.0,1.145737886428833,1.1461317539215088,1.144688606262207,1.1454753875732422
1773910800.0,1.145737886428833,1.1488970518112183,1.145737886428833,1.148369312286377
1773914400.0,1.1479737758636475,1.1481056213378906,1.1470520496368408,1.1477103233337402
1773918000.0,1.1477103233337402,1.148369312286377,1.1470520496368408,1.1482374668121338
1773921600.0,1.1482374668121338,1.1492931842803955,1.1467890739440918,1.1491611003875732
1773925200.0,1.1490291357040405,1.152339220046997,1.1475785970687866,1.1519410610198975
1773928800.0,1.1522064208984375,1.1528706550598145,1.1506155729293823,1.1520737409591675
1773932400.0,1.1518083810806274,1.1542012691497803,1.1502184867858887,1.1518083810806274
1773936000.0,1.1518083810806274,1.1539349555969238,1.1518083810806274,1.1539349555969238
1773939600.0,1.154068112373352,1.1568717956542969,1.154068112373352,1.156336784362793
1773943200.0,1.156203031539917,1.1586142778396606,1.1555349826812744,1.1584800481796265
1773946800.0,1.1588828563690186,1.1618449687957764,1.158077597618103,1.1590172052383423
1773950400.0,1.1588828563690186,1.1592857837677002,1.1584800481796265,1.159151554107666
1773954000.0,1.159151554107666,1.1599582433700562,1.1584800481796265,1.1586142778396606
1773957600.0,1.159151554107666,1.1598236560821533,1.158077597618103,1.158077597618103
1773961200.0,1.1584800481796265,1.1584800481796265,1.1579434871673584,1.158077597618103
1773964800.0,1.1579434871673584,1.1582117080688477,1.1575413942337036,1.1576753854751587
1773968400.0,1.1578094959259033,1.1579434871673584,1.156738042831421,1.1568717956542969
1773972000.0,1.1568717956542969,1.1570056676864624,1.1566041707992554,1.156738042831421
1773975600.0,1.1566041707992554,1.1566041707992554,1.1559356451034546,1.1560693979263306
1773979200.0,1.1560693979263306,1.156336784362793,1.1558021306991577,1.1559356451034546
1773982800.0,1.1559356451034546,1.156336784362793,1.1555349826812744,1.1555349826812744
1773986400.0,1.1558021306991577,1.1568717956542969,1.1558021306991577,1.156336784362793
1773990000.0,1.156203031539917,1.1578094959259033,1.1559356451034546,1.1576753854751587
1773993600.0,1.1576753854751587,1.1583458185195923,1.157273530960083,1.157273530960083
1773997200.0,1.1570056676864624,1.1575413942337036,1.1551345586776733,1.1552680730819702
1774000800.0,1.1548677682876587,1.1564704179763794,1.1539349555969238,1.156336784362793
1774004400.0,1.156203031539917,1.1583458185195923,1.156203031539917,1.1575413942337036
1774008000.0,1.1575413942337036,1.1582117080688477,1.1566041707992554,1.156738042831421
1774011600.0,1.1568717956542969,1.1568717956542969,1.1546010971069336,1.1546010971069336
1774015200.0,1.1542012691497803,1.1546010971069336,1.1527377367019653,1.1539349555969238
1774018800.0,1.154068112373352,1.1559356451034546,1.1539349555969238,1.1547343730926514
1774022400.0,1.1547343730926514,1.1568717956542969,1.1547343730926514,1.156203031539917
1774026000.0,1.156336784362793,1.157273530960083,1.1555349826812744,1.1560693979263306
1774029600.0,1.1564704179763794,1.157273530960083,1.1551345586776733,1.155401587486267
1774033200.0,1.1555349826812744,1.156336784362793,1.1551345586776733,1.1560693979263306
1774036800.0,1.156336784362793,1.1575413942337036,1.156336784362793,1.1574074029922485
1774040400.0,1.1574074029922485,1.1575413942337036,1.1574074029922485,1.1575413942337036
1774224000.0,1.1564704179763794,1.156738042831421,1.154334545135498,1.1548677682876587
1774227600.0,1.155001163482666,1.156336784362793,1.155001163482666,1.1556684970855713
1774231200.0,1.1558021306991577,1.1560693979263306,1.1547343730926514,1.155001163482666
1774234800.0,1.155001163482666,1.1552680730819702,1.1546010971069336,1.155001163482666
1774238400.0,1.1552680730819702,1.155401587486267,1.155001163482666,1.155401587486267
1774242000.0,1.1552680730819702,1.1555349826812744,1.1538017988204956,1.1538017988204956
1774245600.0,1.1536686420440674,1.1536686420440674,1.1524720191955566,1.15340256690979
1774249200.0,1.1535356044769287,1.1542012691497803,1.1527377367019653,1.1530035734176636
1774252800.0,1.1532695293426514,1.1548677682876587,1.1531364917755127,1.15340256690979
1774256400.0,1.1532695293426514,1.1532695293426514,1.1495574712753296,1.1498217582702637
1774260000.0,1.1496896743774414,1.1498217582702637,1.1488970518112183,1.1488970518112183
1774263600.0,1.1492931842803955,1.16225004196167,1.1490291357040405,1.1558021306991577
1774267200.0,1.1558021306991577,1.161440134048462,1.1551345586776733,1.161440134048462
1774270800.0,1.161440134048462,1.161440134048462,1.1583458185195923,1.1602274179458618
1774274400.0,1.15968918800354,1.1642799377441406,1.15968918800354,1.1619800329208374
1774278000.0,1.1621150970458984,1.1633317470550537,1.1587486267089844,1.1590172052383423
1774281600.0,1.1587486267089844,1.1603620052337646,1.158077597618103,1.1594202518463135
1774285200.0,1.15968918800354,1.161170482635498,1.1590172052383423,1.160496711730957
1774288800.0,1.1606314182281494,1.1640088558197021,1.1598236560821533,1.163873314857483
1774292400.0,1.1631964445114136,1.163602590560913,1.1617100238800049,1.1617100238800049
1774296000.0,1.1615750789642334,1.1618449687957764,1.16130530834198,1.1617100238800049
1774299600.0,1.1617100238800049,1.1626555919647217,1.161440134048462,1.1619800329208374
1774303200.0,1.1617100238800049,1.1621150970458984,1.16130530834198,1.1618449687957764
1774306800.0,1.1618449687957764,1.1618449687957764,1.1610356569290161,1.1610356569290161
1774310400.0,1.1610356569290161,1.1610356569290161,1.1587486267089844,1.1592857837677002
1774314000.0,1.1592857837677002,1.1599582433700562,1.1583458185195923,1.1588828563690186
1774317600.0,1.1587486267089844,1.1594202518463135,1.1586142778396606,1.1588828563690186
1774321200.0,1.1588828563690186,1.1592857837677002,1.1584800481796265,1.1586142778396606
1774324800.0,1.1586142778396606,1.1586142778396606,1.1579434871673584,1.1583458185195923
1774328400.0,1.1583458185195923,1.159151554107666,1.1579434871673584,1.1586142778396606
1774332000.0,1.1584800481796265,1.1595547199249268,1.1583458185195923,1.1595547199249268
1774335600.0,1.15968918800354,1.1618449687957764,1.1595547199249268,1.161170482635498
1774339200.0,1.161170482635498,1.161170482635498,1.1587486267089844,1.159151554107666
1774342800.0,1.159151554107666,1.1599582433700562,1.1583458185195923,1.1598236560821533
1774346400.0,1.1598236560821533,1.1598236560821533,1.1587486267089844,1.1595547199249268
1774350000.0,1.1595547199249268,1.1602274179458618,1.1584800481796265,1.1592857837677002
1774353600.0,1.1594202518463135,1.1598236560821533,1.1584800481796265,1.1587486267089844
1774357200.0,1.1587486267089844,1.1592857837677002,1.157273530960083,1.158077597618103
1774360800.0,1.1584800481796265,1.1606314182281494,1.1582117080688477,1.159151554107666
1774364400.0,1.1595547199249268,1.1599582433700562,1.158077597618103,1.158077597618103
1774368000.0,1.158077597618103,1.1594202518463135,1.1579434871673584,1.1586142778396606
1774371600.0,1.1586142778396606,1.1586142778396606,1.156336784362793,1.1579434871673584
1774375200.0,1.158077597618103,1.1595547199249268,1.157139539718628,1.1586142778396606
1774378800.0,1.1588828563690186,1.1595547199249268,1.1587486267089844,1.1590172052383423
1774382400.0,1.1588828563690186,1.163061261177063,1.1586142778396606,1.161170482635498
1774386000.0,1.161440134048462,1.1615750789642334,1.160496711730957,1.1615750789642334
1774389600.0,1.1617100238800049,1.16225004196167,1.1609008312225342,1.1618449687957764
1774393200.0,1.1617100238800049,1.1621150970458984,1.16130530834198,1.1617100238800049
1774396800.0,1.1618449687957764,1.1633317470550537,1.1618449687957764,1.1626555919647217
1774400400.0,1.162520408630371,1.1626555919647217,1.1615750789642334,1.1615750789642334
1774404000.0,1.161440134048462,1.161440134048462,1.160496711730957,1.1607661247253418
1774407600.0,1.1607661247253418,1.1609008312225342,1.160496711730957,1.1606314182281494
1774411200.0,1.1606314182281494,1.1607661247253418,1.160092830657959,1.160092830657959
1774414800.0,1.1599582433700562,1.160092830657959,1.1592857837677002,1.1595547199249268
1774418400.0,1.1595547199249268,1.1603620052337646,1.159151554107666,1.1599582433700562
1774422000.0,1.1602274179458618,1.1607661247253418,1.159151554107666,1.160092830657959
1774425600.0,1.15968918800354,1.1618449687957764,1.1595547199249268,1.1606314182281494
1774429200.0,1.1606314182281494,1.161170482635498,1.1595547199249268,1.1603620052337646
1774432800.0,1.1606314182281494,1.1607661247253418,1.1599582433700562,1.1607661247253418
1774436400.0,1.1609008312225342,1.161440134048462,1.1599582433700562,1.1609008312225342
1774440000.0,1.161170482635498,1.1615750789642334,1.1590172052383423,1.1594202518463135
1774443600.0,1.1598236560821533,1.160092830657959,1.1576753854751587,1.1576753854751587
1774447200.0,1.157273530960083,1.1590172052383423,1.1570056676864624,1.1588828563690186
1774450800.0,1.159151554107666,1.159151554107666,1.156738042831421,1.1574074029922485
1774454400.0,1.1574074029922485,1.1579434871673584,1.1559356451034546,1.157139539718628
1774458000.0,1.157139539718628,1.1584800481796265,1.1570056676864624,1.1582117080688477
1774461600.0,1.1582117080688477,1.1583458185195923,1.1564704179763794,1.1570056676864624
1774465200.0,1.156738042831421,1.1570056676864624,1.156336784362793,1.1566041707992554
1774468800.0,1.1564704179763794,1.1564704179763794,1.1559356451034546,1.156203031539917
1774472400.0,1.156203031539917,1.156738042831421,1.1560693979263306,1.156203031539917
1774476000.0,1.156203031539917,1.1566041707992554,1.1559356451034546,1.156336784362793
1774479600.0,1.1564704179763794,1.1564704179763794,1.156203031539917,1.1564704179763794
1774483200.0,1.1566041707992554,1.156738042831421,1.1558021306991577,1.156203031539917
1774486800.0,1.1564704179763794,1.1570056676864624,1.1564704179763794,1.156738042831421
1774490400.0,1.156738042831421,1.1568717956542969,1.1559356451034546,1.156203031539917
1774494000.0,1.1560693979263306,1.157273530960083,1.1560693979263306,1.157139539718628
1774497600.0,1.157139539718628,1.1575413942337036,1.1570056676864624,1.157273530960083
1774501200.0,1.157139539718628,1.157273530960083,1.156203031539917,1.156203031539917
1774504800.0,1.156203031539917,1.1570056676864624,1.1556684970855713,1.1570056676864624
1774508400.0,1.1566041707992554,1.1566041707992554,1.1555349826812744,1.1556684970855713
1774512000.0,1.155401587486267,1.156336784362793,1.1551345586776733,1.156336784362793
1774515600.0,1.156203031539917,1.156738042831421,1.1556684970855713,1.156336784362793
1774519200.0,1.156203031539917,1.156738042831421,1.1558021306991577,1.1560693979263306
1774522800.0,1.156203031539917,1.156203031539917,1.1527377367019653,1.1527377367019653
1774526400.0,1.1528706550598145,1.1538017988204956,1.1527377367019653,1.1538017988204956
1774530000.0,1.1539349555969238,1.155401587486267,1.1539349555969238,1.1546010971069336
1774533600.0,1.1546010971069336,1.1558021306991577,1.154068112373352,1.155001163482666
1774537200.0,1.1552680730819702,1.155401587486267,1.1535356044769287,1.1544678211212158
1774540800.0,1.1544678211212158,1.1546010971069336,1.1535356044769287,1.1539349555969238
1774544400.0,1.1539349555969238,1.1539349555969238,1.1528706550598145,1.1528706550598145
1774548000.0,1.1528706550598145,1.1536686420440674,1.1528706550598145,1.1536686420440674
1774551600.0,1.1536686420440674,1.1536686420440674,1.1524720191955566,1.1524720191955566
1774555200.0,1.1524720191955566,1.1560693979263306,1.152339220046997,1.1528706550598145
1774558800.0,1.1530035734176636,1.1542012691497803,1.1528706550598145,1.1538017988204956
1774562400.0,1.1538017988204956,1.154334545135498,1.1536686420440674,1.1542012691497803
1774566000.0,1.1542012691497803,1.154334545135498,1.1536686420440674,1.1536686420440674
1774569600.0,1.1538017988204956,1.1542012691497803,1.1527377367019653,1.15340256690979
1774573200.0,1.1535356044769287,1.154334545135498,1.15340256690979,1.154334545135498
1774576800.0,1.1544678211212158,1.1544678211212158,1.154068112373352,1.1542012691497803
1774580400.0,1.154334545135498,1.154334545135498,1.1536686420440674,1.1542012691497803
1774584000.0,1.1542012691497803,1.1546010971069336,1.154068112373352,1.1546010971069336
1774587600.0,1.1544678211212158,1.1548677682876587,1.154068112373352,1.154334545135498
1774591200.0,1.1544678211212158,1.1547343730926514,1.1538017988204956,1.1538017988204956
1774594800.0,1.1536686420440674,1.1538017988204956,1.1520737409591675,1.1522064208984375
1774598400.0,1.1522064208984375,1.1527377367019653,1.1520737409591675,1.1524720191955566
1774602000.0,1.1524720191955566,1.1530035734176636,1.1518083810806274,1.1522064208984375
1774605600.0,1.152339220046997,1.1528706550598145,1.151410460472107,1.151410460472107
1774609200.0,1.151410460472107,1.1516757011413574,1.1508804559707642,1.151145339012146
1774612800.0,1.151012897491455,1.1520737409591675,1.150483250617981,1.1519410610198975
1774616400.0,1.1519410610198975,1.1535356044769287,1.1518083810806274,1.1527377367019653
1774620000.0,1.1530035734176636,1.1538017988204956,1.1530035734176636,1.1532695293426514
1774623600.0,1.1532695293426514,1.155001163482666,1.1522064208984375,1.1524720191955566
1774627200.0,1.152339220046997,1.1528706550598145,1.1518083810806274,1.152339220046997
1774630800.0,1.1520737409591675,1.152339220046997,1.151012897491455,1.151543140411377
1774634400.0,1.1516757011413574,1.1519410610198975,1.151145339012146,1.1516757011413574
1774638000.0,1.1516757011413574,1.1520737409591675,1.151410460472107,1.1520737409591675
1774641600.0,1.1519410610198975,1.1522064208984375,1.151145339012146,1.151145339012146
1774645200.0,1.151012897491455,1.151012897491455,1.151012897491455,1.151012897491455
1774825200.0,1.1491611003875732,1.1496896743774414,1.1491611003875732,1.1494252681732178
1774828800.0,1.1495574712753296,1.151543140411377,1.1494252681732178,1.151012897491455
1774832400.0,1.151145339012146,1.151410460472107,1.1507480144500732,1.1507480144500732
1774836000.0,1.1507480144500732,1.1518083810806274,1.150483250617981,1.151410460472107
1774839600.0,1.151410460472107,1.1522064208984375,1.151410460472107,1.1519410610198975
1774843200.0,1.1519410610198975,1.1524720191955566,1.1516757011413574,1.1516757011413574
1774846800.0,1.1516757011413574,1.1520737409591675,1.1512778997421265,1.1519410610198975
1774850400.0,1.1518083810806274,1.152339220046997,1.151543140411377,1.151543140411377
1774854000.0,1.151543140411377,1.151543140411377,1.1498217582702637,1.1500862836837769
1774857600.0,1.1500862836837769,1.1502184867858887,1.1494252681732178,1.1499539613723755
1774861200.0,1.1498217582702637,1.1500862836837769,1.1488970518112183,1.1499539613723755
1774864800.0,1.1496896743774414,1.1500862836837769,1.1492931842803955,1.1492931842803955
1774868400.0,1.1492931842803955,1.1499539613723755,1.1488970518112183,1.1488970518112183
1774872000.0,1.1487650871276855,1.1488970518112183,1.1475785970687866,1.1486331224441528
1774875600.0,1.1487650871276855,1.1490291357040405,1.1465259790420532,1.1466574668884277
1774879200.0,1.1469204425811768,1.1471836566925049,1.1458691358566284,1.1467890739440918
1774882800.0,1.1467890739440918,1.1469204425811768,1.144819736480713,1.145737886428833
1774886400.0,1.145737886428833,1.1462632417678833,1.145213007926941,1.1461317539215088
1774890000.0,1.1463946104049683,1.1466574668884277,1.1458691358566284,1.1460003852844238
1774893600.0,1.1460003852844238,1.1469204425811768,1.1460003852844238,1.1465259790420532
1774897200.0,1.1463946104049683,1.1465259790420532,1.1458691358566284,1.1461317539215088
1774900800.0,1.1462632417678833,1.1465259790420532,1.1460003852844238,1.1465259790420532
1774904400.0,1.1461317539215088,1.1471836566925049,1.1458691358566284,1.1466574668884277
1774908000.0,1.1463946104049683,1.1469204425811768,1.1463946104049683,1.1463946104049683
1774911600.0,1.1461317539215088,1.1461317539215088,1.1456066370010376,1.1458691358566284
1774915200.0,1.1460003852844238,1.1479737758636475,1.145213007926941,1.1479737758636475
1774918800.0,1.1478420495986938,1.1492931842803955,1.1477103233337402,1.1479737758636475
1774922400.0,1.1478420495986938,1.1482374668121338,1.1477103233337402,1.1479737758636475
1774926000.0,1.1479737758636475,1.1479737758636475,1.1470520496368408,1.147315263748169
1774929600.0,1.147315263748169,1.1475785970687866,1.147315263748169,1.147315263748169
1774933200.0,1.147315263748169,1.147446870803833,1.1466574668884277,1.1466574668884277
1774936800.0,1.1467890739440918,1.1477103233337402,1.1463946104049683,1.1475785970687866
1774940400.0,1.147446870803833,1.1475785970687866,1.1467890739440918,1.1475785970687866
1774944000.0,1.1475785970687866,1.1478420495986938,1.1467890739440918,1.1471836566925049
1774947600.0,1.1470520496368408,1.1475785970687866,1.1465259790420532,1.1470520496368408
1774951200.0,1.1471836566925049,1.147315263748169,1.1461317539215088,1.1462632417678833
1774954800.0,1.1462632417678833,1.1494252681732178,1.1461317539215088,1.1491611003875732
1774958400.0,1.1495574712753296,1.1512778997421265,1.1492931842803955,1.1507480144500732
1774962000.0,1.1507480144500732,1.1535356044769287,1.150483250617981,1.15340256690979
1774965600.0,1.1536686420440674,1.1542012691497803,1.151543140411377,1.1524720191955566
1774969200.0,1.1524720191955566,1.1536686420440674,1.151543140411377,1.1519410610198975
1774972800.0,1.1519410610198975,1.1560693979263306,1.1518083810806274,1.154334545135498
1774976400.0,1.1546010971069336,1.1558021306991577,1.1546010971069336,1.1546010971069336
1774980000.0,1.154334545135498,1.1552680730819702,1.154334545135498,1.155001163482666
1774983600.0,1.1547343730926514,1.156336784362793,1.154334545135498,1.156336784362793
1774987200.0,1.156336784362793,1.1566041707992554,1.1556684970855713,1.1556684970855713
1774990800.0,1.1558021306991577,1.1560693979263306,1.155001163482666,1.1558021306991577
1774994400.0,1.1560693979263306,1.156336784362793,1.1556684970855713,1.156203031539917
1774998000.0,1.156203031539917,1.1576753854751587,1.1560693979263306,1.1576753854751587
1775001600.0,1.1576753854751587,1.1582117080688477,1.157273530960083,1.1578094959259033
1775005200.0,1.1576753854751587,1.1576753854751587,1.1559356451034546,1.1564704179763794
1775008800.0,1.1566041707992554,1.1574074029922485,1.1564704179763794,1.157273530960083
1775012400.0,1.157139539718628,1.157139539718628,1.156336784362793,1.1564704179763794
1775016000.0,1.156336784362793,1.1570056676864624,1.156336784362793,1.1568717956542969
1775019600.0,1.1568717956542969,1.1579434871673584,1.1568717956542969,1.1574074029922485
1775023200.0,1.157273530960083,1.1595547199249268,1.1566041707992554,1.1594202518463135
1775026800.0,1.1595547199249268,1.160092830657959,1.1582117080688477,1.1586142778396606
1775030400.0,1.1584800481796265,1.161440134048462,1.158077597618103,1.160092830657959
1775034000.0,1.1599582433700562,1.160496711730957,1.1584800481796265,1.1598236560821533
1775037600.0,1.1598236560821533,1.1607661247253418,1.15968918800354,1.1603620052337646
1775041200.0,1.1602274179458618,1.16130530834198,1.1602274179458618,1.1610356569290161
1775044800.0,1.161170482635498,1.1619800329208374,1.1598236560821533,1.1606314182281494
1775048400.0,1.1607661247253418,1.1626555919647217,1.1603620052337646,1.161440134048462
1775052000.0,1.1610356569290161,1.163061261177063,1.1609008312225342,1.1627906560897827
1775055600.0,1.1626555919647217,1.1629259586334229,1.1609008312225342,1.1617100238800049
1775059200.0,1.1617100238800049,1.16225004196167,1.1607661247253418,1.16225004196167
1775062800.0,1.16225004196167,1.162520408630371,1.1598236560821533,1.1598236560821533
1775066400.0,1.15968918800354,1.15968918800354,1.1582117080688477,1.1584800481796265
1775070000.0,1.158077597618103,1.1590172052383423,1.158077597618103,1.1588828563690186
1775073600.0,1.1588828563690186,1.1595547199249268,1.1586142778396606,1.1595547199249268
1775077200.0,1.159151554107666,1.1598236560821533,1.1584800481796265,1.1594202518463135
1775080800.0,1.1594202518463135,1.15968918800354,1.159151554107666,1.1594202518463135
1775084400.0,1.1595547199249268,1.1598236560821533,1.1592857837677002,1.1592857837677002
1775088000.0,1.1592857837677002,1.160092830657959,1.1590172052383423,1.160092830657959
1775091600.0,1.1599582433700562,1.1606314182281494,1.155001163482666,1.1555349826812744
1775095200.0,1.1555349826812744,1.156336784362793,1.1547343730926514,1.1551345586776733
1775098800.0,1.1548677682876587,1.1552680730819702,1.1542012691497803,1.154334545135498
1775102400.0,1.154334545135498,1.1544678211212158,1.1536686420440674,1.1539349555969238
1775106000.0,1.1542012691497803,1.1542012691497803,1.1528706550598145,1.1528706550598145
1775109600.0,1.1532695293426514,1.1539349555969238,1.1519410610198975,1.1539349555969238
1775113200.0,1.1538017988204956,1.1539349555969238,1.1522064208984375,1.1536686420440674
1775116800.0,1.1536686420440674,1.1538017988204956,1.1527377367019653,1.1528706550598145
1775120400.0,1.1528706550598145,1.15340256690979,1.1526048183441162,1.1527377367019653
1775124000.0,1.1528706550598145,1.1528706550598145,1.151543140411377,1.151543140411377
1775127600.0,1.1516757011413574,1.1522064208984375,1.1512778997421265,1.1522064208984375
1775131200.0,1.1522064208984375,1.15340256690979,1.1522064208984375,1.1527377367019653
1775134800.0,1.1527377367019653,1.15340256690979,1.152339220046997,1.15340256690979
1775138400.0,1.1532695293426514,1.1558021306991577,1.1531364917755127,1.1555349826812744
1775142000.0,1.1556684970855713,1.1560693979263306,1.1547343730926514,1.1548677682876587
1775145600.0,1.1548677682876587,1.155001163482666,1.154334545135498,1.1546010971069336
1775149200.0,1.154334545135498,1.1551345586776733,1.154068112373352,1.154068112373352
1775152800.0,1.1542012691497803,1.1542012691497803,1.1536686420440674,1.1542012691497803
1775156400.0,1.154068112373352,1.1544678211212158,1.1538017988204956,1.1538017988204956
1775160000.0,1.1536686420440674,1.154334545135498,1.1536686420440674,1.1542012691497803
1775163600.0,1.154334545135498,1.1546010971069336,1.1536686420440674,1.1546010971069336
1775167200.0,1.1547343730926514,1.1547343730926514,1.1542012691497803,1.154334545135498
1775170800.0,1.154334545135498,1.1546010971069336,1.154334545135498,1.1544678211212158
1775174400.0,1.1544678211212158,1.1547343730926514,1.1542012691497803,1.1542012691497803
1775178000.0,1.1542012691497803,1.154334545135498,1.1538017988204956,1.1538017988204956
1775181600.0,1.1538017988204956,1.1542012691497803,1.1535356044769287,1.1539349555969238
1775185200.0,1.1539349555969238,1.154068112373352,1.1538017988204956,1.1539349555969238
1775188800.0,1.1539349555969238,1.1539349555969238,1.1538017988204956,1.1538017988204956
1775192400.0,1.1538017988204956,1.1542012691497803,1.1532695293426514,1.1542012691497803
1775196000.0,1.154068112373352,1.154334545135498,1.1538017988204956,1.154334545135498
1775199600.0,1.154334545135498,1.155001163482666,1.154334545135498,1.1546010971069336
1775203200.0,1.1546010971069336,1.1548677682876587,1.154334545135498,1.1546010971069336
1775206800.0,1.1547343730926514,1.1548677682876587,1.1544678211212158,1.1546010971069336
1775210400.0,1.1547343730926514,1.1551345586776733,1.1546010971069336,1.1548677682876587
1775214000.0,1.1548677682876587,1.155001163482666,1.1544678211212158,1.1547343730926514
1775217600.0,1.1548677682876587,1.1548677682876587,1.1526048183441162,1.15340256690979
1775221200.0,1.1532695293426514,1.1542012691497803,1.1531364917755127,1.1539349555969238
1775224800.0,1.1539349555969238,1.1539349555969238,1.1524720191955566,1.1524720191955566
1775228400.0,1.1524720191955566,1.1531364917755127,1.1524720191955566,1.1524720191955566
1775232000.0,1.1524720191955566,1.1524720191955566,1.1520737409591675,1.152339220046997
1775235600.0,1.1522064208984375,1.1524720191955566,1.1520737409591675,1.1522064208984375
1775239200.0,1.152339220046997,1.152339220046997,1.1516757011413574,1.1518083810806274
1775242800.0,1.1518083810806274,1.1520737409591675,1.1518083810806274,1.1519410610198975
1775246400.0,1.1519410610198975,1.1532695293426514,1.1518083810806274,1.1522064208984375
1775250000.0,1.152339220046997,1.152339220046997,1.1522064208984375,1.1522064208984375
1775430000.0,1.1518083810806274,1.1519410610198975,1.1512778997421265,1.1512778997421265
1775433600.0,1.151410460472107,1.1522064208984375,1.151410460472107,1.151543140411377
1775437200.0,1.151543140411377,1.1516757011413574,1.151012897491455,1.151012897491455
1775440800.0,1.1512778997421265,1.1531364917755127,1.1512778997421265,1.1524720191955566
1775444400.0,1.1524720191955566,1.1526048183441162,1.1520737409591675,1.1522064208984375
1775448000.0,1.152339220046997,1.1528706550598145,1.1522064208984375,1.1527377367019653
1775451600.0,1.1527377367019653,1.1532695293426514,1.1527377367019653,1.1528706550598145
1775455200.0,1.1527377367019653,1.1539349555969238,1.1526048183441162,1.1536686420440674
1775458800.0,1.1536686420440674,1.157139539718628,1.1528706550598145,1.156738042831421
1775462400.0,1.1570056676864624,1.1570056676864624,1.1558021306991577,1.1559356451034546
1775466000.0,1.1559356451034546,1.156203031539917,1.1551345586776733,1.155401587486267
1775469600.0,1.155401587486267,1.1556684970855713,1.1546010971069336,1.1551345586776733
1775473200.0,1.1552680730819702,1.1552680730819702,1.1544678211212158,1.1548677682876587
1775476800.0,1.1548677682876587,1.1558021306991577,1.1546010971069336,1.1556684970855713
1775480400.0,1.1556684970855713,1.156336784362793,1.155401587486267,1.156336784362793
1775484000.0,1.1566041707992554,1.157273530960083,1.1546010971069336,1.1546010971069336
1775487600.0,1.1544678211212158,1.1547343730926514,1.1539349555969238,1.1547343730926514
1775491200.0,1.1548677682876587,1.1551345586776733,1.1546010971069336,1.1548677682876587
1775494800.0,1.1546010971069336,1.155001163482666,1.1538017988204956,1.1544678211212158
1775498400.0,1.154334545135498,1.1555349826812744,1.154334545135498,1.1548677682876587
1775502000.0,1.1547343730926514,1.155001163482666,1.1544678211212158,1.1546010971069336
1775505600.0,1.1546010971069336,1.1547343730926514,1.1544678211212158,1.1544678211212158
1775509200.0,1.1544678211212158,1.1551345586776733,1.1542012691497803,1.1546010971069336
1775512800.0,1.1547343730926514,1.1548677682876587,1.1546010971069336,1.1546010971069336
1775516400.0,1.1546010971069336,1.1547343730926514,1.154334545135498,1.1544678211212158
1775520000.0,1.1544678211212158,1.1546010971069336,1.154068112373352,1.154068112373352
1775523600.0,1.1539349555969238,1.154334545135498,1.1531364917755127,1.1532695293426514
1775527200.0,1.1532695293426514,1.1535356044769287,1.1528706550598145,1.1532695293426514
1775530800.0,1.1532695293426514,1.1538017988204956,1.1532695293426514,1.1538017988204956
1775534400.0,1.1538017988204956,1.1542012691497803,1.1536686420440674,1.1542012691497803
1775538000.0,1.1542012691497803,1.154334545135498,1.15340256690979,1.1538017988204956
1775541600.0,1.1539349555969238,1.1548677682876587,1.1536686420440674,1.1547343730926514
1775545200.0,1.1547343730926514,1.1548677682876587,1.154068112373352,1.1546010971069336
1775548800.0,1.1546010971069336,1.1578094959259033,1.1546010971069336,1.1578094959259033
1775552400.0,1.1578094959259033,1.1578094959259033,1.1566041707992554,1.1566041707992554
1775556000.0,1.1566041707992554,1.1566041707992554,1.1551345586776733,1.1556684970855713
1775559600.0,1.1556684970855713,1.1564704179763794,1.1552680730819702,1.156203031539917
1775563200.0,1.156336784362793,1.1570056676864624,1.1558021306991577,1.1564704179763794
1775566800.0,1.156336784362793,1.1568717956542969,1.1560693979263306,1.156738042831421
1775570400.0,1.156738042831421,1.1582117080688477,1.156203031539917,1.1575413942337036
1775574000.0,1.1574074029922485,1.1579434871673584,1.1570056676864624,1.1575413942337036
1775577600.0,1.1574074029922485,1.1582117080688477,1.157273530960083,1.1574074029922485
1775581200.0,1.1575413942337036,1.1582117080688477,1.1570056676864624,1.158077597618103
1775584800.0,1.1582117080688477,1.1586142778396606,1.1575413942337036,1.1578094959259033
1775588400.0,1.1578094959259033,1.160496711730957,1.1576753854751587,1.1598236560821533
1775592000.0,1.15968918800354,1.1607661247253418,1.15968918800354,1.1599582433700562
1775595600.0,1.1595547199249268,1.1607661247253418,1.1595547199249268,1.1602274179458618
1775599200.0,1.1606314182281494,1.1667250394821167,1.1606314182281494,1.1667250394821167
1775602800.0,1.1671334505081177,1.1693171262741089,1.1667250394821167,1.1689070463180542
1775606400.0,1.1690436601638794,1.169864296913147,1.1669973134994507,1.1675423383712769
1775610000.0,1.1675423383712769,1.1690436601638794,1.1675423383712769,1.1678149700164795
1775613600.0,1.1680878400802612,1.1684973239898682,1.1672697067260742,1.1676785945892334
1775617200.0,1.1678149700164795,1.1678149700164795,1.1671334505081177,1.1675423383712769
1775620800.0,1.1674060821533203,1.1683608293533325,1.1674060821533203,1.1678149700164795
1775624400.0,1.1679514646530151,1.1710972785949707,1.1678149700164795,1.1695905923843384
1775628000.0,1.1695905923843384,1.1710972785949707,1.1689070463180542,1.1700011491775513
1775631600.0,1.169864296913147,1.1702749729156494,1.1683608293533325,1.169864296913147
1775635200.0,1.169864296913147,1.1700011491775513,1.1675423383712769,1.1684973239898682
1775638800.0,1.1684973239898682,1.1691803932189941,1.1682243347167969,1.1683608293533325
1775642400.0,1.1682243347167969,1.1695905923843384,1.1682243347167969,1.1694538593292236
1775646000.0,1.1691803932189941,1.1710972785949707,1.1690436601638794,1.1704120635986328
1775649600.0,1.1704120635986328,1.17205810546875,1.1697274446487427,1.171783447265625
1775653200.0,1.1716461181640625,1.1724703311920166,1.1691803932189941,1.1695905923843384
1775656800.0,1.169864296913147,1.170548915863037,1.1694538593292236,1.169864296913147
1775660400.0,1.1697274446487427,1.1700011491775513,1.1689070463180542,1.1691803932189941
1775664000.0,1.1689070463180542,1.1690436601638794,1.1682243347167969,1.1684973239898682
1775667600.0,1.1684973239898682,1.1689070463180542,1.1674060821533203,1.1678149700164795
1775671200.0,1.1675423383712769,1.1683608293533325,1.1655012369155884,1.1655012369155884
1775674800.0,1.164958119392395,1.1674060821533203,1.164958119392395,1.1674060821533203
1775678400.0,1.1671334505081177,1.1671334505081177,1.1664528846740723,1.1665889024734497
1775682000.0,1.1667250394821167,1.1671334505081177,1.1659088134765625,1.1668611764907837
1775685600.0,1.1669973134994507,1.1669973134994507,1.1664528846740723,1.1665889024734497
1775689200.0,1.1664528846740723,1.1665889024734497,1.1661807298660278,1.1661807298660278
1775692800.0,1.1661807298660278,1.1663167476654053,1.1657729148864746,1.1661807298660278
1775696400.0,1.1661807298660278,1.1665889024734497,1.1653653383255005,1.1665889024734497
1775700000.0,1.1667250394821167,1.1669973134994507,1.1663167476654053,1.1668611764907837
1775703600.0,1.1668611764907837,1.1669973134994507,1.1664528846740723,1.1665889024734497
1775707200.0,1.1667250394821167,1.1674060821533203,1.1665889024734497,1.1669973134994507
1775710800.0,1.1669973134994507,1.1671334505081177,1.1663167476654053,1.1664528846740723
1775714400.0,1.1664528846740723,1.1665889024734497,1.1657729148864746,1.1665889024734497
1775718000.0,1.1668611764907837,1.1671334505081177,1.16604483127594,1.1665889024734497
1775721600.0,1.1665889024734497,1.1678149700164795,1.1663167476654053,1.1675423383712769
1775725200.0,1.1675423383712769,1.1682243347167969,1.1672697067260742,1.1678149700164795
1775728800.0,1.1678149700164795,1.1682243347167969,1.1678149700164795,1.1678149700164795
1775732400.0,1.1674060821533203,1.1693171262741089,1.1674060821533203,1.1691803932189941
1775736000.0,1.1691803932189941,1.1691803932189941,1.1683608293533325,1.1689070463180542
1775739600.0,1.1689070463180542,1.169864296913147,1.1686338186264038,1.1686338186264038
1775743200.0,1.1683608293533325,1.1691803932189941,1.1678149700164795,1.168770432472229
1775746800.0,1.168770432472229,1.1709601879119873,1.1680878400802612,1.170823097229004
1775750400.0,1.170823097229004,1.171783447265625,1.170823097229004,1.1713716983795166
1775754000.0,1.1715089082717896,1.1726078987121582,1.1713716983795166,1.171783447265625
1775757600.0,1.171783447265625,1.171783447265625,1.1701380014419556,1.1704120635986328
1775761200.0,1.1702749729156494,1.1712344884872437,1.1701380014419556,1.1704120635986328
1775764800.0,1.1702749729156494,1.1704120635986328,1.169864296913147,1.1702749729156494
1775768400.0,1.1702749729156494,1.1706860065460205,1.1695905923843384,1.1704120635986328
1775772000.0,1.1704120635986328,1.170548915863037,1.1695905923843384,1.1697274446487427
1775775600.0,1.1697274446487427,1.1700011491775513,1.1694538593292236,1.1694538593292236
1775779200.0,1.1694538593292236,1.1694538593292236,1.1689070463180542,1.1690436601638794
1775782800.0,1.1690436601638794,1.169864296913147,1.1690436601638794,1.1695905923843384
1775786400.0,1.1697274446487427,1.1697274446487427,1.1690436601638794,1.1694538593292236
1775790000.0,1.1694538593292236,1.1700011491775513,1.1693171262741089,1.169864296913147
1775793600.0,1.169864296913147,1.1700011491775513,1.1694538593292236,1.1695905923843384
1775797200.0,1.1695905923843384,1.1695905923843384,1.1691803932189941,1.1694538593292236
1775800800.0,1.1693171262741089,1.1695905923843384,1.168770432472229,1.168770432472229
1775804400.0,1.1689070463180542,1.1693171262741089,1.1682243347167969,1.1682243347167969
1775808000.0,1.1683608293533325,1.1693171262741089,1.1680878400802612,1.1689070463180542
1775811600.0,1.1690436601638794,1.1713716983795166,1.1689070463180542,1.1712344884872437
1775815200.0,1.1713716983795166,1.1719207763671875,1.1709601879119873,1.1716461181640625
1775818800.0,1.1716461181640625,1.172195553779602,1.1715089082717896,1.171783447265625
1775822400.0,1.171783447265625,1.1728830337524414,1.1713716983795166,1.172195553779602
1775826000.0,1.172195553779602,1.17384672164917,1.172195553779602,1.1730204820632935
1775829600.0,1.1730204820632935,1.1741223335266113,1.1726078987121582,1.1731581687927246
1775833200.0,1.1731581687927246,1.1741223335266113,1.1726078987121582,1.1726078987121582
1775836800.0,1.1724703311920166,1.1728830337524414,1.1716461181640625,1.1724703311920166
1775840400.0,1.172333002090454,1.1728830337524414,1.172333002090454,1.1727453470230103
1775844000.0,1.1726078987121582,1.17384672164917,1.172333002090454,1.173433542251587
1775847600.0,1.173433542251587,1.1735711097717285,1.1731581687927246,1.1731581687927246
1775851200.0,1.1730204820632935,1.173433542251587,1.1727453470230103,1.1727453470230103
1775854800.0,1.1728830337524414,1.1728830337524414,1.1728830337524414,1.1728830337524414
1776034800.0,1.1675423383712769,1.1678149700164795,1.1667250394821167,1.1676785945892334
1776038400.0,1.1679514646530151,1.1689070463180542,1.1674060821533203,1.1689070463180542
1776042000.0,1.1691803932189941,1.1691803932189941,1.1683608293533325,1.1690436601638794
1776045600.0,1.1690436601638794,1.1693171262741089,1.1689070463180542,1.1691803932189941
1776049200.0,1.1691803932189941,1.1691803932189941,1.1689070463180542,1.1691803932189941
1776052800.0,1.1691803932189941,1.1693171262741089,1.1689070463180542,1.1689070463180542
1776056400.0,1.1690436601638794,1.1691803932189941,1.168770432472229,1.1691803932189941
1776060000.0,1.1691803932189941,1.1697274446487427,1.1682243347167969,1.1689070463180542
1776063600.0,1.1690436601638794,1.1702749729156494,1.1690436601638794,1.1701380014419556
1776067200.0,1.1700011491775513,1.1700011491775513,1.168770432472229,1.1689070463180542
1776070800.0,1.1690436601638794,1.1694538593292236,1.168770432472229,1.1690436601638794
1776074400.0,1.1689070463180542,1.169864296913147,1.1686338186264038,1.1695905923843384
1776078000.0,1.169864296913147,1.1702749729156494,1.1686338186264038,1.1686338186264038
1776081600.0,1.1684973239898682,1.1701380014419556,1.1684973239898682,1.1701380014419556
1776085200.0,1.1702749729156494,1.1715089082717896,1.1700011491775513,1.1706860065460205
1776088800.0,1.1709601879119873,1.172195553779602,1.170548915863037,1.1715089082717896
1776092400.0,1.1713716983795166,1.1715089082717896,1.170548915863037,1.1712344884872437
1776096000.0,1.1713716983795166,1.1731581687927246,1.1710972785949707,1.1728830337524414
1776099600.0,1.1728830337524414,1.1741223335266113,1.1728830337524414,1.1737089157104492
1776103200.0,1.1737089157104492,1.1764705181121826,1.1737089157104492,1.1764705181121826
1776106800.0,1.176885962486267,1.176885962486267,1.1757789850234985,1.1764705181121826
1776110400.0,1.1764705181121826,1.1766090393066406,1.1760554313659668,1.1761938333511353
1776114000.0,1.1761938333511353,1.1764705181121826,1.1759172677993774,1.1760554313659668
1776117600.0,1.1763322353363037,1.176747441291809,1.1763322353363037,1.1763322353363037
1776121200.0,1.1764705181121826,1.177024483680725,1.1764705181121826,1.177024483680725
1776124800.0,1.177024483680725,1.177024483680725,1.1766090393066406,1.176885962486267
1776128400.0,1.177024483680725,1.177024483680725,1.1763322353363037,1.1763322353363037
1776132000.0,1.1763322353363037,1.1766090393066406,1.1760554313659668,1.1764705181121826
1776135600.0,1.1764705181121826,1.177163004875183,1.1763322353363037,1.177163004875183
1776139200.0,1.177024483680725,1.1773016452789307,1.176885962486267,1.177163004875183
1776142800.0,1.177024483680725,1.1773016452789307,1.1763322353363037,1.176747441291809
1776146400.0,1.176885962486267,1.1781338453292847,1.1761938333511353,1.1781338453292847
1776150000.0,1.1781338453292847,1.1796625852584839,1.1781338453292847,1.1784114837646484
1776153600.0,1.1782727241516113,1.1786893606185913,1.1778563261032104,1.178550362586975
1776157200.0,1.1786893606185913,1.1795234680175781,1.178550362586975,1.1789672374725342
1776160800.0,1.1792453527450562,1.1802195310592651,1.1792453527450562,1.1800801753997803
1776164400.0,1.179940938949585,1.1807769536972046,1.179940938949585,1.1807769536972046
1776168000.0,1.1800801753997803,1.1807769536972046,1.1796625852584839,1.1807769536972046
1776171600.0,1.1807769536972046,1.1810559034347534,1.1798018217086792,1.1802195310592651
1776175200.0,1.18035888671875,1.1813349723815918,1.1798018217086792,1.1813349723815918
1776178800.0,1.1811953783035278,1.1811953783035278,1.1791062355041504,1.1793843507766724
1776182400.0,1.1793843507766724,1.179940938949585,1.1792453527450562,1.1798018217086792
1776186000.0,1.1798018217086792,1.1802195310592651,1.1795234680175781,1.179940938949585
1776189600.0,1.1800801753997803,1.1800801753997803,1.1793843507766724,1.1796625852584839
1776193200.0,1.1795234680175781,1.1798018217086792,1.1793843507766724,1.1795234680175781
1776196800.0,1.1795234680175781,1.179940938949585,1.1795234680175781,1.179940938949585
1776200400.0,1.179940938949585,1.1802195310592651,1.1791062355041504,1.1793843507766724
1776204000.0,1.1796625852584839,1.1802195310592651,1.1796625852584839,1.1798018217086792
1776207600.0,1.179940938949585,1.18035888671875,1.1798018217086792,1.1802195310592651
1776211200.0,1.1802195310592651,1.1802195310592651,1.1793843507766724,1.1798018217086792
1776214800.0,1.1798018217086792,1.179940938949585,1.1793843507766724,1.1795234680175781
1776218400.0,1.1793843507766724,1.1793843507766724,1.1782727241516113,1.1786893606185913
1776222000.0,1.1786893606185913,1.1792453527450562,1.1784114837646484,1.1791062355041504
1776225600.0,1.1791062355041504,1.1793843507766724,1.1789672374725342,1.1792453527450562
1776229200.0,1.1792453527450562,1.1800801753997803,1.1792453527450562,1.1795234680175781
1776232800.0,1.1796625852584839,1.1802195310592651,1.178828239440918,1.1789672374725342
1776236400.0,1.178828239440918,1.1793843507766724,1.1786893606185913,1.178828239440918
1776240000.0,1.1789672374725342,1.1798018217086792,1.1789672374725342,1.1793843507766724
1776243600.0,1.1792453527450562,1.1795234680175781,1.177994966506958,1.178550362586975
1776247200.0,1.178550362586975,1.1789672374725342,1.1777175664901733,1.1781338453292847
1776250800.0,1.177994966506958,1.1786893606185913,1.1777175664901733,1.178550362586975
1776254400.0,1.1786893606185913,1.1793843507766724,1.1781338453292847,1.1792453527450562
1776258000.0,1.1792453527450562,1.179940938949585,1.178828239440918,1.1792453527450562
1776261600.0,1.1792453527450562,1.18035888671875,1.1789672374725342,1.1800801753997803
1776265200.0,1.1800801753997803,1.1810559034347534,1.179940938949585,1.18035888671875
1776268800.0,1.1802195310592651,1.1806375980377197,1.1800801753997803,1.1804981231689453
1776272400.0,1.1804981231689453,1.1804981231689453,1.1796625852584839,1.179940938949585
1776276000.0,1.1798018217086792,1.1804981231689453,1.1798018217086792,1.18035888671875
1776279600.0,1.18035888671875,1.1807769536972046,1.1802195310592651,1.1804981231689453
1776283200.0,1.18035888671875,1.18035888671875,1.179940938949585,1.1802195310592651
1776286800.0,1.1802195310592651,1.1806375980377197,1.179940938949585,1.1800801753997803
1776290400.0,1.1804981231689453,1.1806375980377197,1.1804981231689453,1.1806375980377197
1776294000.0,1.1806375980377197,1.1811953783035278,1.1806375980377197,1.1810559034347534
1776297600.0,1.1810559034347534,1.1810559034347534,1.1806375980377197,1.1810559034347534
1776301200.0,1.1810559034347534,1.1811953783035278,1.1800801753997803,1.1804981231689453
1776304800.0,1.1806375980377197,1.1820330619812012,1.1806375980377197,1.1820330619812012
1776308400.0,1.1820330619812012,1.182732105255127,1.1816140413284302,1.1816140413284302
1776312000.0,1.1816140413284302,1.1816140413284302,1.1811953783035278,1.1813349723815918
1776315600.0,1.1813349723815918,1.1813349723815918,1.1807769536972046,1.1807769536972046
1776319200.0,1.1809163093566895,1.1809163093566895,1.1796625852584839,1.1806375980377197
1776322800.0,1.1807769536972046,1.1807769536972046,1.1795234680175781,1.1796625852584839
1776326400.0,1.1795234680175781,1.1796625852584839,1.1781338453292847,1.1789672374725342
1776330000.0,1.178828239440918,1.1791062355041504,1.1781338453292847,1.1782727241516113
1776333600.0,1.1782727241516113,1.1784114837646484,1.1777175664901733,1.1782727241516113
1776337200.0,1.1784114837646484,1.1791062355041504,1.1784114837646484,1.178828239440918
1776340800.0,1.1786893606185913,1.1786893606185913,1.1778563261032104,1.178550362586975
1776344400.0,1.178550362586975,1.1786893606185913,1.177163004875183,1.1773016452789307
1776348000.0,1.1775789260864258,1.1784114837646484,1.1773016452789307,1.1775789260864258
1776351600.0,1.1775789260864258,1.1784114837646484,1.1774401664733887,1.1784114837646484
1776355200.0,1.178550362586975,1.1791062355041504,1.1774401664733887,1.1778563261032104
1776358800.0,1.1778563261032104,1.1778563261032104,1.177163004875183,1.1775789260864258
1776362400.0,1.1777175664901733,1.1784114837646484,1.1777175664901733,1.1782727241516113
1776366000.0,1.1784114837646484,1.178828239440918,1.1784114837646484,1.178550362586975
1776369600.0,1.178550362586975,1.1786893606185913,1.1782727241516113,1.178550362586975
1776373200.0,1.1786893606185913,1.1786893606185913,1.1777175664901733,1.1786893606185913
1776376800.0,1.1784114837646484,1.1791062355041504,1.1784114837646484,1.178828239440918
1776380400.0,1.178828239440918,1.1789672374725342,1.1784114837646484,1.1784114837646484
1776384000.0,1.1784114837646484,1.1786893606185913,1.1781338453292847,1.1782727241516113
1776387600.0,1.1782727241516113,1.1782727241516113,1.1778563261032104,1.177994966506958
1776391200.0,1.177994966506958,1.1781338453292847,1.1777175664901733,1.1781338453292847
1776394800.0,1.1781338453292847,1.178828239440918,1.1778563261032104,1.1786893606185913
1776398400.0,1.1786893606185913,1.178828239440918,1.178550362586975,1.1786893606185913
1776402000.0,1.178550362586975,1.178828239440918,1.1784114837646484,1.178550362586975
1776405600.0,1.1782727241516113,1.178550362586975,1.1777175664901733,1.1778563261032104
1776409200.0,1.177994966506958,1.178550362586975,1.1778563261032104,1.178550362586975
1776412800.0,1.1786893606185913,1.1798018217086792,1.1784114837646484,1.1798018217086792
1776416400.0,1.1798018217086792,1.1802195310592651,1.1795234680175781,1.1798018217086792
1776420000.0,1.1796625852584839,1.179940938949585,1.1795234680175781,1.1798018217086792
1776423600.0,1.1798018217086792,1.1802195310592651,1.1795234680175781,1.1798018217086792
1776427200.0,1.1798018217086792,1.1838523149490356,1.1798018217086792,1.183712124824524
1776430800.0,1.1839923858642578,1.1852554082870483,1.1828720569610596,1.183712124824524
1776434400.0,1.183712124824524,1.1838523149490356,1.1816140413284302,1.1818934679031372
1776438000.0,1.1816140413284302,1.1817537546157837,1.18035888671875,1.18035888671875
1776441600.0,1.18035888671875,1.1807769536972046,1.1796625852584839,1.1802195310592651
1776445200.0,1.1800801753997803,1.1800801753997803,1.1789672374725342,1.1798018217086792
1776448800.0,1.179940938949585,1.179940938949585,1.177994966506958,1.1782727241516113
1776452400.0,1.1782727241516113,1.1786893606185913,1.177163004875183,1.177163004875183
1776456000.0,1.1773016452789307,1.1774401664733887,1.1766090393066406,1.176747441291809
1776459600.0,1.176747441291809,1.176747441291809,1.176747441291809,1.176747441291809
1776639600.0,1.1743981838226318,1.1748120784759521,1.1739845275878906,1.1742602586746216
1776643200.0,1.1741223335266113,1.1760554313659668,1.1741223335266113,1.1757789850234985
1776646800.0,1.1759172677993774,1.1763322353363037,1.1755025386810303,1.1760554313659668
1776650400.0,1.1760554313659668,1.1764705181121826,1.1757789850234985,1.1760554313659668
1776654000.0,1.1760554313659668,1.1764705181121826,1.1757789850234985,1.1763322353363037
1776657600.0,1.1763322353363037,1.1764705181121826,1.1760554313659668,1.1763322353363037
1776661200.0,1.1763322353363037,1.1764705181121826,1.1750881671905518,1.1756407022476196
1776664800.0,1.1757789850234985,1.1757789850234985,1.1755025386810303,1.1755025386810303
1776675600.0,1.1763322353363037,1.176885962486267,1.1763322353363037,1.176885962486267
1776679200.0,1.176885962486267,1.1774401664733887,1.1766090393066406,1.1774401664733887
1776682800.0,1.1774401664733887,1.1778563261032104,1.177024483680725,1.177163004875183
1776686400.0,1.176885962486267,1.177024483680725,1.1760554313659668,1.176747441291809
1776690000.0,1.1766090393066406,1.178550362586975,1.1764705181121826,1.1778563261032104
1776693600.0,1.1775789260864258,1.1781338453292847,1.177024483680725,1.1775789260864258
1776697200.0,1.1777175664901733,1.1792453527450562,1.1773016452789307,1.178828239440918
1776700800.0,1.1789672374725342,1.1791062355041504,1.178550362586975,1.178828239440918
1776704400.0,1.1789672374725342,1.1792453527450562,1.178550362586975,1.1786893606185913
1776708000.0,1.178828239440918,1.1792453527450562,1.1784114837646484,1.1784114837646484
1776711600.0,1.178550362586975,1.1792453527450562,1.178550362586975,1.1789672374725342
1776715200.0,1.178828239440918,1.1792453527450562,1.178828239440918,1.1791062355041504
1776718800.0,1.1793843507766724,1.1793843507766724,1.178550362586975,1.1786893606185913
1776722400.0,1.1792453527450562,1.1793843507766724,1.178828239440918,1.1792453527450562
1776726000.0,1.1793843507766724,1.1793843507766724,1.1786893606185913,1.178828239440918
1776729600.0,1.178828239440918,1.178828239440918,1.1784114837646484,1.1786893606185913
1776733200.0,1.178550362586975,1.1789672374725342,1.1784114837646484,1.1784114837646484
1776736800.0,1.1784114837646484,1.178550362586975,1.1781338453292847,1.1782727241516113
1776740400.0,1.1782727241516113,1.1782727241516113,1.1777175664901733,1.1778563261032104
1776744000.0,1.177994966506958,1.177994966506958,1.1777175664901733,1.177994966506958
1776747600.0,1.177994966506958,1.178550362586975,1.1778563261032104,1.1782727241516113
1776751200.0,1.1781338453292847,1.1781338453292847,1.1775789260864258,1.1778563261032104
1776754800.0,1.1778563261032104,1.177994966506958,1.176747441291809,1.176747441291809
1776758400.0,1.176885962486267,1.177163004875183,1.1760554313659668,1.176747441291809
1776762000.0,1.176885962486267,1.176885962486267,1.1760554313659668,1.1763322353363037
1776765600.0,1.1761938333511353,1.1764705181121826,1.1760554313659668,1.1764705181121826
1776769200.0,1.1764705181121826,1.177163004875183,1.1760554313659668,1.177024483680725
1776772800.0,1.177163004875183,1.177163004875183,1.1760554313659668,1.1761938333511353
1776776400.0,1.1764705181121826,1.1773016452789307,1.1764705181121826,1.176885962486267
1776780000.0,1.177024483680725,1.1778563261032104,1.1756407022476196,1.1756407022476196
1776783600.0,1.1755025386810303,1.1761938333511353,1.1745359897613525,1.1755025386810303
1776787200.0,1.1755025386810303,1.1757789850234985,1.1743981838226318,1.1745359897613525
1776790800.0,1.1743981838226318,1.1761938333511353,1.1724703311920166,1.1746740341186523
1776794400.0,1.1749500036239624,1.1749500036239624,1.1732958555221558,1.1743981838226318
1776798000.0,1.1745359897613525,1.175364375114441,1.1724703311920166,1.1730204820632935
1776801600.0,1.1728830337524414,1.1756407022476196,1.1727453470230103,1.1746740341186523
1776805200.0,1.1748120784759521,1.1759172677993774,1.17384672164917,1.1741223335266113
1776808800.0,1.1745359897613525,1.1745359897613525,1.1742602586746216,1.1742602586746216
1776812400.0,1.1742602586746216,1.1748120784759521,1.1741223335266113,1.1746740341186523
1776816000.0,1.1749500036239624,1.1755025386810303,1.1746740341186523,1.1746740341186523
1776819600.0,1.1749500036239624,1.1750881671905518,1.1742602586746216,1.1748120784759521
1776823200.0,1.1749500036239624,1.1750881671905518,1.1743981838226318,1.1743981838226318
1776826800.0,1.1743981838226318,1.1746740341186523,1.1741223335266113,1.1742602586746216
1776830400.0,1.1742602586746216,1.1745359897613525,1.1742602586746216,1.1742602586746216
1776834000.0,1.1743981838226318,1.1764705181121826,1.1743981838226318,1.1755025386810303
1776837600.0,1.1755025386810303,1.1757789850234985,1.1749500036239624,1.1752262115478516
1776841200.0,1.1755025386810303,1.1759172677993774,1.1750881671905518,1.1759172677993774
1776844800.0,1.1759172677993774,1.1761938333511353,1.1750881671905518,1.1757789850234985
1776848400.0,1.1756407022476196,1.1760554313659668,1.1750881671905518,1.1750881671905518
1776852000.0,1.1749500036239624,1.1756407022476196,1.1749500036239624,1.1755025386810303
1776855600.0,1.175364375114441,1.175364375114441,1.1735711097717285,1.1737089157104492
1776859200.0,1.17384672164917,1.1741223335266113,1.1728830337524414,1.1731581687927246
1776862800.0,1.1730204820632935,1.1745359897613525,1.1728830337524414,1.1743981838226318
1776866400.0,1.1746740341186523,1.1746740341186523,1.172195553779602,1.172195553779602
1776870000.0,1.172195553779602,1.1726078987121582,1.1716461181640625,1.1716461181640625
1776873600.0,1.171783447265625,1.1719207763671875,1.1713716983795166,1.1716461181640625
1776877200.0,1.1715089082717896,1.17205810546875,1.1715089082717896,1.1715089082717896
1776880800.0,1.1712344884872437,1.1716461181640625,1.1710972785949707,1.1712344884872437
1776884400.0,1.1712344884872437,1.1715089082717896,1.170823097229004,1.170823097229004
1776888000.0,1.1709601879119873,1.1710972785949707,1.1706860065460205,1.1709601879119873
1776891600.0,1.1710972785949707,1.1713716983795166,1.1706860065460205,1.1710972785949707
1776895200.0,1.1710972785949707,1.1712344884872437,1.170823097229004,1.1709601879119873
1776898800.0,1.1709601879119873,1.1710972785949707,1.170823097229004,1.1709601879119873
1776902400.0,1.170823097229004,1.1716461181640625,1.1695905923843384,1.1715089082717896
1776906000.0,1.1715089082717896,1.1715089082717896,1.1710972785949707,1.1712344884872437
1776909600.0,1.1713716983795166,1.1713716983795166,1.1700011491775513,1.1701380014419556
1776913200.0,1.1700011491775513,1.1704120635986328,1.169864296913147,1.169864296913147
1776916800.0,1.1700011491775513,1.1704120635986328,1.169864296913147,1.1704120635986328
1776920400.0,1.1702749729156494,1.1709601879119873,1.1702749729156494,1.1709601879119873
1776924000.0,1.1709601879119873,1.1712344884872437,1.170548915863037,1.1706860065460205
1776927600.0,1.1706860065460205,1.1713716983795166,1.1700011491775513,1.170548915863037
1776931200.0,1.1706860065460205,1.170823097229004,1.1700011491775513,1.170548915863037
1776934800.0,1.170548915863037,1.170548915863037,1.1694538593292236,1.1697274446487427
1776938400.0,1.169864296913147,1.169864296913147,1.1683608293533325,1.1686338186264038
1776942000.0,1.1684973239898682,1.169864296913147,1.1682243347167969,1.1694538593292236
1776945600.0,1.1694538593292236,1.1701380014419556,1.1690436601638794,1.1695905923843384
1776949200.0,1.1695905923843384,1.1700011491775513,1.168770432472229,1.1695905923843384
1776952800.0,1.1693171262741089,1.1719207763671875,1.1691803932189941,1.1713716983795166
1776956400.0,1.1715089082717896,1.171783447265625,1.1704120635986328,1.170823097229004
1776960000.0,1.1706860065460205,1.1709601879119873,1.1702749729156494,1.1706860065460205
1776963600.0,1.170548915863037,1.170548915863037,1.1674060821533203,1.1695905923843384
1776967200.0,1.1697274446487427,1.1701380014419556,1.1691803932189941,1.1691803932189941
1776970800.0,1.1693171262741089,1.1693171262741089,1.1683608293533325,1.1690436601638794
1776974400.0,1.1689070463180542,1.1689070463180542,1.1683608293533325,1.168770432472229
1776978000.0,1.1697274446487427,1.1697274446487427,1.1682243347167969,1.1690436601638794
1776981600.0,1.1690436601638794,1.1690436601638794,1.1689070463180542,1.1689070463180542
1776985200.0,1.1689070463180542,1.1689070463180542,1.1684973239898682,1.1686338186264038
1776988800.0,1.1686338186264038,1.1691803932189941,1.1686338186264038,1.1689070463180542
1776992400.0,1.1689070463180542,1.1691803932189941,1.1686338186264038,1.1691803932189941
1776996000.0,1.1691803932189941,1.1691803932189941,1.1682243347167969,1.1682243347167969
1776999600.0,1.1683608293533325,1.1683608293533325,1.1676785945892334,1.1680878400802612
1777003200.0,1.1680878400802612,1.1684973239898682,1.1679514646530151,1.1682243347167969
1777006800.0,1.1683608293533325,1.1686338186264038,1.1680878400802612,1.1686338186264038
1777010400.0,1.1684973239898682,1.1686338186264038,1.1680878400802612,1.1680878400802612
1777014000.0,1.1680878400802612,1.1695905923843384,1.1679514646530151,1.1695905923843384
1777017600.0,1.1691803932189941,1.169864296913147,1.1689070463180542,1.1693171262741089
1777021200.0,1.1694538593292236,1.1694538593292236,1.168770432472229,1.1690436601638794
1777024800.0,1.1690436601638794,1.1706860065460205,1.1689070463180542,1.1706860065460205
1777028400.0,1.1706860065460205,1.172195553779602,1.1706860065460205,1.171783447265625
1777032000.0,1.1719207763671875,1.17205810546875,1.1706860065460205,1.1712344884872437
1777035600.0,1.1713716983795166,1.1715089082717896,1.1702749729156494,1.1710972785949707
1777039200.0,1.1710972785949707,1.1719207763671875,1.170823097229004,1.1709601879119873
1777042800.0,1.1709601879119873,1.172195553779602,1.1706860065460205,1.17205810546875
1777046400.0,1.172195553779602,1.172333002090454,1.171783447265625,1.172333002090454
1777050000.0,1.172333002090454,1.1724703311920166,1.1716461181640625,1.171783447265625
1777053600.0,1.1716461181640625,1.172195553779602,1.1715089082717896,1.17205810546875
1777057200.0,1.172195553779602,1.1724703311920166,1.1719207763671875,1.172195553779602
1777060800.0,1.172195553779602,1.1727453470230103,1.17205810546875,1.1724703311920166
1777064400.0,1.1726078987121582,1.1726078987121582,1.1726078987121582,1.1726078987121582
1777244400.0,1.1710972785949707,1.1713716983795166,1.1709601879119873,1.1709601879119873
1777248000.0,1.1709601879119873,1.1719207763671875,1.1709601879119873,1.1719207763671875
1777251600.0,1.17205810546875,1.1730204820632935,1.17205810546875,1.1727453470230103
1777255200.0,1.1728830337524414,1.1731581687927246,1.172333002090454,1.1730204820632935
1777258800.0,1.1730204820632935,1.1735711097717285,1.1730204820632935,1.1732958555221558
1777262400.0,1.1732958555221558,1.173433542251587,1.1728830337524414,1.1730204820632935
1777266000.0,1.1730204820632935,1.1731581687927246,1.1726078987121582,1.1726078987121582
1777269600.0,1.1726078987121582,1.1732958555221558,1.17205810546875,1.1732958555221558
1777273200.0,1.1732958555221558,1.1748120784759521,1.1732958555221558,1.1748120784759521
1777276800.0,1.1746740341186523,1.175364375114441,1.1743981838226318,1.1752262115478516
1777280400.0,1.1752262115478516,1.175364375114441,1.1743981838226318,1.1745359897613525
1777284000.0,1.1745359897613525,1.1750881671905518,1.1742602586746216,1.1749500036239624
1777287600.0,1.1749500036239624,1.1749500036239624,1.1741223335266113,1.1743981838226318
1777291200.0,1.1745359897613525,1.1757789850234985,1.1743981838226318,1.1748120784759521
1777294800.0,1.1746740341186523,1.1757789850234985,1.1739845275878906,1.1741223335266113
1777298400.0,1.1741223335266113,1.1750881671905518,1.1739845275878906,1.1739845275878906
1777302000.0,1.1739845275878906,1.1739845275878906,1.173433542251587,1.173433542251587
1777305600.0,1.173433542251587,1.1737089157104492,1.1728830337524414,1.1731581687927246
1777309200.0,1.1730204820632935,1.1732958555221558,1.1724703311920166,1.1727453470230103
1777312800.0,1.1727453470230103,1.1728830337524414,1.172195553779602,1.172333002090454
1777316400.0,1.172333002090454,1.1728830337524414,1.172333002090454,1.172333002090454
1777320000.0,1.1724703311920166,1.1727453470230103,1.172333002090454,1.1724703311920166
1777323600.0,1.1727453470230103,1.1727453470230103,1.172195553779602,1.1726078987121582
1777327200.0,1.1726078987121582,1.1727453470230103,1.172333002090454,1.1726078987121582
1777330800.0,1.1726078987121582,1.1726078987121582,1.1724703311920166,1.1726078987121582
1777334400.0,1.1727453470230103,1.1730204820632935,1.17205810546875,1.172195553779602
1777338000.0,1.17205810546875,1.172195553779602,1.1716461181640625,1.1716461181640625
1777341600.0,1.1716461181640625,1.1716461181640625,1.1712344884872437,1.1712344884872437
1777345200.0,1.1710972785949707,1.17205810546875,1.1710972785949707,1.171783447265625
1777348800.0,1.1716461181640625,1.1719207763671875,1.1715089082717896,1.1715089082717896
1777352400.0,1.1716461181640625,1.1716461181640625,1.1709601879119873,1.1709601879119873
1777356000.0,1.170823097229004,1.1710972785949707,1.1691803932189941,1.1691803932189941
1777359600.0,1.1690436601638794,1.1704120635986328,1.1690436601638794,1.1701380014419556
1777363200.0,1.1701380014419556,1.1710972785949707,1.1700011491775513,1.170548915863037
1777366800.0,1.1704120635986328,1.1704120635986328,1.1690436601638794,1.1695905923843384
1777370400.0,1.1695905923843384,1.169864296913147,1.1694538593292236,1.1695905923843384
1777374000.0,1.1697274446487427,1.1702749729156494,1.1686338186264038,1.1686338186264038
1777377600.0,1.1684973239898682,1.1702749729156494,1.1682243347167969,1.1700011491775513
1777381200.0,1.169864296913147,1.1706860065460205,1.1691803932189941,1.1700011491775513
1777384800.0,1.1700011491775513,1.1706860065460205,1.1694538593292236,1.1701380014419556
1777388400.0,1.170548915863037,1.1719207763671875,1.170548915863037,1.1716461181640625
1777392000.0,1.1716461181640625,1.1719207763671875,1.1709601879119873,1.1713716983795166
1777395600.0,1.1713716983795166,1.17205810546875,1.1709601879119873,1.1716461181640625
1777399200.0,1.171783447265625,1.1719207763671875,1.1715089082717896,1.1715089082717896
1777402800.0,1.1715089082717896,1.171783447265625,1.1710972785949707,1.1712344884872437
1777406400.0,1.1713716983795166,1.171783447265625,1.1713716983795166,1.1716461181640625
1777410000.0,1.1716461181640625,1.17205810546875,1.1716461181640625,1.171783447265625
1777413600.0,1.1719207763671875,1.172195553779602,1.1719207763671875,1.1719207763671875
1777417200.0,1.1719207763671875,1.172195553779602,1.1719207763671875,1.172195553779602
1777420800.0,1.172333002090454,1.1724703311920166,1.171783447265625,1.17205810546875
1777424400.0,1.1719207763671875,1.1719207763671875,1.1710972785949707,1.1715089082717896
1777428000.0,1.171783447265625,1.17205810546875,1.1710972785949707,1.1710972785949707
1777431600.0,1.1712344884872437,1.1715089082717896,1.1709601879119873,1.1709601879119873
1777435200.0,1.1709601879119873,1.1712344884872437,1.170823097229004,1.1709601879119873
1777438800.0,1.1709601879119873,1.1709601879119873,1.1702749729156494,1.170548915863037
1777442400.0,1.170548915863037,1.170823097229004,1.1701380014419556,1.1704120635986328
1777446000.0,1.1702749729156494,1.1710972785949707,1.1702749729156494,1.1709601879119873
1777449600.0,1.170823097229004,1.170823097229004,1.169864296913147,1.170548915863037
1777453200.0,1.1704120635986328,1.170823097229004,1.1701380014419556,1.1701380014419556
1777456800.0,1.1700011491775513,1.1710972785949707,1.1700011491775513,1.1710972785949707
1777460400.0,1.1710972785949707,1.1712344884872437,1.1704120635986328,1.170548915863037
1777464000.0,1.170548915863037,1.1710972785949707,1.169864296913147,1.1702749729156494
1777467600.0,1.1702749729156494,1.170548915863037,1.168770432472229,1.1691803932189941
1777471200.0,1.1693171262741089,1.170548915863037,1.168770432472229,1.170548915863037
1777474800.0,1.1704120635986328,1.170823097229004,1.1693171262741089,1.169864296913147
1777478400.0,1.169864296913147,1.1701380014419556,1.168770432472229,1.168770432472229
1777482000.0,1.168770432472229,1.1693171262741089,1.1684973239898682,1.1691803932189941
1777485600.0,1.1680878400802612,1.1689070463180542,1.1667250394821167,1.1676785945892334
1777489200.0,1.1678149700164795,1.1683608293533325,1.1672697067260742,1.1679514646530151
1777492800.0,1.1679514646530151,1.1680878400802612,1.1675423383712769,1.1679514646530151
1777496400.0,1.1671334505081177,1.1684973239898682,1.1671334505081177,1.1675423383712769
1777500000.0,1.1678149700164795,1.1682243347167969,1.1675423383712769,1.1680878400802612
1777503600.0,1.1682243347167969,1.1689070463180542,1.1679514646530151,1.1689070463180542
1777507200.0,1.1691803932189941,1.1693171262741089,1.1682243347167969,1.1682243347167969
1777510800.0,1.1680878400802612,1.1684973239898682,1.1676785945892334,1.1678149700164795
1777514400.0,1.1678149700164795,1.1680878400802612,1.1665889024734497,1.1669973134994507
1777518000.0,1.1671334505081177,1.1674060821533203,1.1668611764907837,1.1668611764907837
1777521600.0,1.1669973134994507,1.1669973134994507,1.1659088134765625,1.1663167476654053
1777525200.0,1.1664528846740723,1.1667250394821167,1.1663167476654053,1.1663167476654053
1777528800.0,1.1661807298660278,1.1674060821533203,1.1661807298660278,1.1672697067260742
1777532400.0,1.1674060821533203,1.1684973239898682,1.1674060821533203,1.1682243347167969
1777536000.0,1.1683608293533325,1.1700011491775513,1.1679514646530151,1.1682243347167969
1777539600.0,1.1684973239898682,1.1700011491775513,1.1678149700164795,1.169864296913147
1777543200.0,1.169864296913147,1.1716461181640625,1.1693171262741089,1.1716461181640625
1777546800.0,1.17205810546875,1.172195553779602,1.1706860065460205,1.170823097229004
1777550400.0,1.170823097229004,1.170823097229004,1.1693171262741089,1.1697274446487427
1777554000.0,1.1697274446487427,1.1702749729156494,1.168770432472229,1.1697274446487427
1777557600.0,1.1693171262741089,1.1737089157104492,1.1693171262741089,1.173433542251587
1777561200.0,1.1731581687927246,1.17384672164917,1.1727453470230103,1.1732958555221558
1777564800.0,1.1731581687927246,1.17384672164917,1.1727453470230103,1.1730204820632935
1777568400.0,1.1730204820632935,1.173433542251587,1.1727453470230103,1.1728830337524414
1777572000.0,1.1730204820632935,1.1743981838226318,1.1730204820632935,1.1739845275878906
1777575600.0,1.1742602586746216,1.1743981838226318,1.1735711097717285,1.1739845275878906
1777579200.0,1.17384672164917,1.1739845275878906,1.173433542251587,1.173433542251587
1777582800.0,1.1737089157104492,1.1741223335266113,1.173433542251587,1.17384672164917
1777586400.0,1.17384672164917,1.17384672164917,1.1732958555221558,1.173433542251587
1777590000.0,1.1735711097717285,1.1737089157104492,1.1732958555221558,1.1732958555221558
1777593600.0,1.1732958555221558,1.1732958555221558,1.1728830337524414,1.1731581687927246
1777597200.0,1.1731581687927246,1.1735711097717285,1.1728830337524414,1.173433542251587
1777600800.0,1.1735711097717285,1.17384672164917,1.173433542251587,1.1737089157104492
1777604400.0,1.17384672164917,1.1741223335266113,1.173433542251587,1.1735711097717285
1777608000.0,1.173433542251587,1.1735711097717285,1.1730204820632935,1.1731581687927246
1777611600.0,1.1730204820632935,1.1731581687927246,1.1726078987121582,1.1726078987121582
1777615200.0,1.1726078987121582,1.1748120784759521,1.172333002090454,1.1741223335266113
1777618800.0,1.17384672164917,1.1745359897613525,1.1737089157104492,1.17384672164917
1777622400.0,1.1739845275878906,1.1750881671905518,1.1737089157104492,1.1746740341186523
1777626000.0,1.1746740341186523,1.1746740341186523,1.1735711097717285,1.1737089157104492
1777629600.0,1.1735711097717285,1.1749500036239624,1.1735711097717285,1.1748120784759521
1777633200.0,1.1749500036239624,1.1760554313659668,1.1748120784759521,1.1755025386810303
1777636800.0,1.1756407022476196,1.1773016452789307,1.175364375114441,1.1763322353363037
1777640400.0,1.1761938333511353,1.1766090393066406,1.1748120784759521,1.1766090393066406
1777644000.0,1.176747441291809,1.178828239440918,1.176747441291809,1.177163004875183
1777647600.0,1.177024483680725,1.1774401664733887,1.1760554313659668,1.1760554313659668
1777651200.0,1.1759172677993774,1.1760554313659668,1.1743981838226318,1.1743981838226318
1777654800.0,1.1742602586746216,1.1743981838226318,1.173433542251587,1.1737089157104492
1777658400.0,1.1737089157104492,1.1737089157104492,1.1724703311920166,1.1732958555221558
1777662000.0,1.1731581687927246,1.1731581687927246,1.172195553779602,1.172333002090454
1777665600.0,1.172333002090454,1.1726078987121582,1.17205810546875,1.1726078987121582
1777669200.0,1.172333002090454,1.172333002090454,1.172333002090454,1.172333002090454
1777867200.0,1.1732958555221558,1.1732958555221558,1.1731581687927246,1.1731581687927246
1777870800.0,1.1731581687927246,1.1735711097717285,1.1730204820632935,1.173433542251587
1777874400.0,1.1735711097717285,1.1739845275878906,1.1727453470230103,1.1732958555221558
1777878000.0,1.1731581687927246,1.1731581687927246,1.17205810546875,1.172333002090454
1777881600.0,1.1719207763671875,1.1726078987121582,1.1715089082717896,1.172333002090454
1777885200.0,1.172333002090454,1.1726078987121582,1.17205810546875,1.17205810546875
1777888800.0,1.1719207763671875,1.17205810546875,1.1693171262741089,1.170823097229004
1777892400.0,1.1709601879119873,1.1710972785949707,1.1697274446487427,1.1697274446487427
1777896000.0,1.1695905923843384,1.1715089082717896,1.1695905923843384,1.1715089082717896
1777899600.0,1.1709601879119873,1.17205810546875,1.1706860065460205,1.171783447265625
1777903200.0,1.171783447265625,1.1719207763671875,1.1709601879119873,1.1712344884872437
1777906800.0,1.1709601879119873,1.171783447265625,1.1697274446487427,1.1701380014419556
1777910400.0,1.1701380014419556,1.1701380014419556,1.1684973239898682,1.1686338186264038
1777914000.0,1.1686338186264038,1.1700011491775513,1.1686338186264038,1.1697274446487427
1777917600.0,1.1695905923843384,1.1700011491775513,1.1693171262741089,1.1695905923843384
1777921200.0,1.1700011491775513,1.170548915863037,1.1697274446487427,1.169864296913147
1777924800.0,1.1697274446487427,1.1697274446487427,1.1690436601638794,1.1695905923843384
1777928400.0,1.1701380014419556,1.1702749729156494,1.1691803932189941,1.1695905923843384
1777932000.0,1.1693171262741089,1.1695905923843384,1.1693171262741089,1.1693171262741089
1777935600.0,1.1693171262741089,1.1695905923843384,1.1693171262741089,1.1695905923843384
1777939200.0,1.1695905923843384,1.1697274446487427,1.1689070463180542,1.1690436601638794
1777942800.0,1.1689070463180542,1.1691803932189941,1.1683608293533325,1.1689070463180542
1777946400.0,1.1690436601638794,1.1694538593292236,1.1690436601638794,1.1690436601638794
1777950000.0,1.1691803932189941,1.1691803932189941,1.168770432472229,1.168770432472229
1777953600.0,1.168770432472229,1.1690436601638794,1.1680878400802612,1.1680878400802612
1777957200.0,1.1679514646530151,1.168770432472229,1.1679514646530151,1.1684973239898682
1777960800.0,1.1686338186264038,1.1691803932189941,1.1683608293533325,1.1689070463180542
1777964400.0,1.1689070463180542,1.169864296913147,1.1689070463180542,1.1694538593292236
1777968000.0,1.1693171262741089,1.169864296913147,1.1689070463180542,1.1691803932189941
1777971600.0,1.1689070463180542,1.1695905923843384,1.1686338186264038,1.1694538593292236
1777975200.0,1.1693171262741089,1.169864296913147,1.1690436601638794,1.1693171262741089
1777978800.0,1.1693171262741089,1.1697274446487427,1.168770432472229,1.1691803932189941
1777982400.0,1.1691803932189941,1.1700011491775513,1.1689070463180542,1.1695905923843384
1777986000.0,1.1695905923843384,1.1706860065460205,1.1695905923843384,1.1700011491775513
1777989600.0,1.1701380014419556,1.170823097229004,1.169864296913147,1.170823097229004
1777993200.0,1.1709601879119873,1.1716461181640625,1.170548915863037,1.1710972785949707
1777996800.0,1.1709601879119873,1.1710972785949707,1.1701380014419556,1.1702749729156494
1778000400.0,1.1702749729156494,1.1706860065460205,1.1700011491775513,1.1702749729156494
1778004000.0,1.1702749729156494,1.1704120635986328,1.1701380014419556,1.1704120635986328
1778007600.0,1.1704120635986328,1.1704120635986328,1.1697274446487427,1.169864296913147
1778011200.0,1.169864296913147,1.1700011491775513,1.1695905923843384,1.1695905923843384
1778014800.0,1.169864296913147,1.1701380014419556,1.1689070463180542,1.1695905923843384
1778018400.0,1.1697274446487427,1.1712344884872437,1.1694538593292236,1.170823097229004
1778022000.0,1.1709601879119873,1.1727453470230103,1.1709601879119873,1.171783447265625
1778025600.0,1.171783447265625,1.1724703311920166,1.1715089082717896,1.172333002090454
1778029200.0,1.1724703311920166,1.1728830337524414,1.172195553779602,1.1724703311920166
1778032800.0,1.1726078987121582,1.1727453470230103,1.1719207763671875,1.17205810546875
1778036400.0,1.17205810546875,1.1726078987121582,1.17205810546875,1.17205810546875
1778040000.0,1.17205810546875,1.1746740341186523,1.1719207763671875,1.1742602586746216
1778043600.0,1.1739845275878906,1.1741223335266113,1.1732958555221558,1.1735711097717285
1778047200.0,1.17384672164917,1.17384672164917,1.1731581687927246,1.1737089157104492
1778050800.0,1.1737089157104492,1.17384672164917,1.1728830337524414,1.17384672164917
1778054400.0,1.1742602586746216,1.1773016452789307,1.1737089157104492,1.176747441291809
1778058000.0,1.176747441291809,1.177994966506958,1.1760554313659668,1.1778563261032104
1778061600.0,1.177994966506958,1.179940938949585,1.177024483680725,1.1793843507766724
1778065200.0,1.1792453527450562,1.1795234680175781,1.177163004875183,1.1773016452789307
1778068800.0,1.1773016452789307,1.1773016452789307,1.1755025386810303,1.1756407022476196
1778072400.0,1.1756407022476196,1.1761938333511353,1.1750881671905518,1.1755025386810303
1778076000.0,1.1755025386810303,1.1766090393066406,1.1749500036239624,1.1759172677993774
1778079600.0,1.1757789850234985,1.1760554313659668,1.1752262115478516,1.1756407022476196
1778083200.0,1.1756407022476196,1.1756407022476196,1.1748120784759521,1.1748120784759521
1778086800.0,1.1746740341186523,1.1759172677993774,1.1746740341186523,1.1750881671905518
1778090400.0,1.1752262115478516,1.1755025386810303,1.1748120784759521,1.1752262115478516
1778094000.0,1.175364375114441,1.1759172677993774,1.1752262115478516,1.1752262115478516
1778097600.0,1.1749500036239624,1.175364375114441,1.1748120784759521,1.1752262115478516
1778101200.0,1.1752262115478516,1.1756407022476196,1.1748120784759521,1.1752262115478516
1778104800.0,1.1752262115478516,1.1755025386810303,1.1752262115478516,1.175364375114441
1778108400.0,1.175364375114441,1.1756407022476196,1.1750881671905518,1.1750881671905518
1778112000.0,1.1752262115478516,1.1757789850234985,1.1750881671905518,1.1752262115478516
1778115600.0,1.1752262115478516,1.1766090393066406,1.1749500036239624,1.1763322353363037
1778119200.0,1.1761938333511353,1.1763322353363037,1.1759172677993774,1.1760554313659668
1778122800.0,1.1759172677993774,1.1759172677993774,1.1752262115478516,1.1752262115478516
1778126400.0,1.1752262115478516,1.1756407022476196,1.1752262115478516,1.1755025386810303
1778130000.0,1.1755025386810303,1.1756407022476196,1.175364375114441,1.1755025386810303
1778133600.0,1.1755025386810303,1.1759172677993774,1.1749500036239624,1.1750881671905518
1778137200.0,1.1752262115478516,1.177163004875183,1.1752262115478516,1.177024483680725
1778140800.0,1.177024483680725,1.1777175664901733,1.176747441291809,1.1774401664733887
1778144400.0,1.1774401664733887,1.1781338453292847,1.177024483680725,1.1773016452789307
1778148000.0,1.1773016452789307,1.177994966506958,1.177024483680725,1.177163004875183
1778151600.0,1.177024483680725,1.1773016452789307,1.1766090393066406,1.1773016452789307
1778155200.0,1.1774401664733887,1.1781338453292847,1.177163004875183,1.1777175664901733
1778158800.0,1.1775789260864258,1.177994966506958,1.177024483680725,1.1773016452789307
1778162400.0,1.1773016452789307,1.177994966506958,1.176885962486267,1.177994966506958
1778166000.0,1.177994966506958,1.1781338453292847,1.176747441291809,1.176747441291809
1778169600.0,1.1766090393066406,1.176885962486267,1.1760554313659668,1.1763322353363037
1778173200.0,1.1763322353363037,1.1763322353363037,1.1741223335266113,1.1752262115478516
1778176800.0,1.1752262115478516,1.1755025386810303,1.1745359897613525,1.1752262115478516
1778180400.0,1.175364375114441,1.1756407022476196,1.17384672164917,1.17384672164917
1778184000.0,1.1737089157104492,1.1746740341186523,1.1727453470230103,1.1727453470230103
1778187600.0,1.1731581687927246,1.17384672164917,1.1728830337524414,1.1730204820632935
1778191200.0,1.1730204820632935,1.173433542251587,1.1728830337524414,1.1728830337524414
1778194800.0,1.1728830337524414,1.173433542251587,1.1728830337524414,1.173433542251587
1778198400.0,1.1735711097717285,1.17384672164917,1.1730204820632935,1.1731581687927246
1778202000.0,1.1732958555221558,1.1737089157104492,1.1731581687927246,1.1735711097717285
1778205600.0,1.1735711097717285,1.1735711097717285,1.1728830337524414,1.1731581687927246
1778209200.0,1.1731581687927246,1.1737089157104492,1.1730204820632935,1.1732958555221558
1778212800.0,1.173433542251587,1.17384672164917,1.1731581687927246,1.17384672164917
1778216400.0,1.17384672164917,1.1741223335266113,1.1737089157104492,1.1741223335266113
1778220000.0,1.1742602586746216,1.1750881671905518,1.1741223335266113,1.1748120784759521
1778223600.0,1.1749500036239624,1.1750881671905518,1.1745359897613525,1.1746740341186523
1778227200.0,1.1746740341186523,1.176747441291809,1.1746740341186523,1.1766090393066406
1778230800.0,1.176747441291809,1.1777175664901733,1.176747441291809,1.1773016452789307
1778234400.0,1.1773016452789307,1.1775789260864258,1.1766090393066406,1.176747441291809
1778238000.0,1.176747441291809,1.177163004875183,1.1766090393066406,1.176885962486267
1778241600.0,1.176885962486267,1.1781338453292847,1.1763322353363037,1.1778563261032104
1778245200.0,1.1777175664901733,1.1789672374725342,1.177163004875183,1.1781338453292847
1778248800.0,1.1781338453292847,1.1781338453292847,1.177163004875183,1.1777175664901733
1778252400.0,1.1777175664901733,1.1781338453292847,1.177024483680725,1.1777175664901733
1778256000.0,1.1777175664901733,1.1781338453292847,1.1774401664733887,1.1775789260864258
1778259600.0,1.1774401664733887,1.177994966506958,1.1774401664733887,1.1777175664901733
1778263200.0,1.1774401664733887,1.178550362586975,1.1774401664733887,1.1782727241516113
1778266800.0,1.1782727241516113,1.1786893606185913,1.1781338453292847,1.1784114837646484
1778270400.0,1.1782727241516113,1.1791062355041504,1.1782727241516113,1.178828239440918
1778274000.0,1.1789672374725342,1.1789672374725342,1.1789672374725342,1.1789672374725342
1778454000.0,1.176747441291809,1.1773016452789307,1.176747441291809,1.177024483680725
1778457600.0,1.177163004875183,1.1775789260864258,1.177024483680725,1.1773016452789307
1778461200.0,1.1773016452789307,1.1773016452789307,1.1766090393066406,1.1766090393066406
1778464800.0,1.176747441291809,1.176885962486267,1.1763322353363037,1.1763322353363037
1778468400.0,1.1761938333511353,1.1761938333511353,1.1760554313659668,1.1760554313659668
1778472000.0,1.1760554313659668,1.1760554313659668,1.175364375114441,1.175364375114441
1778475600.0,1.1755025386810303,1.1757789850234985,1.1752262115478516,1.175364375114441
1778479200.0,1.1755025386810303,1.177163004875183,1.1755025386810303,1.177163004875183
1778482800.0,1.177163004875183,1.1777175664901733,1.176885962486267,1.1774401664733887
1778486400.0,1.1774401664733887,1.178550362586975,1.1774401664733887,1.1775789260864258
1778490000.0,1.1774401664733887,1.1777175664901733,1.177163004875183,1.177163004875183
1778493600.0,1.177024483680725,1.1777175664901733,1.176885962486267,1.1773016452789307
1778497200.0,1.1773016452789307,1.1778563261032104,1.176885962486267,1.177024483680725
1778500800.0,1.177163004875183,1.1778563261032104,1.176885962486267,1.1775789260864258
1778504400.0,1.1777175664901733,1.1791062355041504,1.1777175664901733,1.178828239440918
1778508000.0,1.1789672374725342,1.1791062355041504,1.1782727241516113,1.1782727241516113
1778511600.0,1.1782727241516113,1.178828239440918,1.177994966506958,1.1784114837646484
1778515200.0,1.1784114837646484,1.1784114837646484,1.1775789260864258,1.1777175664901733
1778518800.0,1.1777175664901733,1.1782727241516113,1.1775789260864258,1.1781338453292847
1778522400.0,1.1782727241516113,1.1784114837646484,1.1778563261032104,1.1778563261032104
1778526000.0,1.1778563261032104,1.1781338453292847,1.1778563261032104,1.177994966506958
1778529600.0,1.1781338453292847,1.1786893606185913,1.177994966506958,1.178550362586975
1778533200.0,1.1778563261032104,1.1791062355041504,1.1778563261032104,1.178828239440918
1778536800.0,1.1789672374725342,1.1791062355041504,1.178828239440918,1.178828239440918
1778540400.0,1.178828239440918,1.178828239440918,1.1781338453292847,1.1781338453292847
1778544000.0,1.177994966506958,1.177994966506958,1.177024483680725,1.177024483680725
1778547600.0,1.177024483680725,1.1773016452789307,1.1761938333511353,1.1764705181121826
1778551200.0,1.1764705181121826,1.176747441291809,1.1763322353363037,1.1766090393066406
1778554800.0,1.1766090393066406,1.1766090393066406,1.1759172677993774,1.1759172677993774
1778558400.0,1.1760554313659668,1.1763322353363037,1.1759172677993774,1.1760554313659668
1778562000.0,1.1759172677993774,1.1766090393066406,1.1756407022476196,1.1766090393066406
1778565600.0,1.176747441291809,1.176747441291809,1.1755025386810303,1.1755025386810303
1778569200.0,1.175364375114441,1.1756407022476196,1.1746740341186523,1.1750881671905518
1778572800.0,1.1750881671905518,1.175364375114441,1.1743981838226318,1.1749500036239624
1778576400.0,1.1749500036239624,1.175364375114441,1.1748120784759521,1.1750881671905518
1778580000.0,1.1750881671905518,1.1752262115478516,1.1745359897613525,1.1745359897613525
1778583600.0,1.1743981838226318,1.1750881671905518,1.17384672164917,1.1748120784759521
1778587200.0,1.1746740341186523,1.175364375114441,1.1739845275878906,1.1750881671905518
1778590800.0,1.1752262115478516,1.1752262115478516,1.1731581687927246,1.173433542251587
1778594400.0,1.173433542251587,1.17384672164917,1.1731581687927246,1.17384672164917
1778598000.0,1.1739845275878906,1.1739845275878906,1.1727453470230103,1.1737089157104492
1778601600.0,1.1735711097717285,1.1741223335266113,1.1731581687927246,1.1731581687927246
1778605200.0,1.1731581687927246,1.1737089157104492,1.1731581687927246,1.1735711097717285
1778608800.0,1.1737089157104492,1.1743981838226318,1.1732958555221558,1.1743981838226318
1778612400.0,1.1745359897613525,1.1749500036239624,1.1743981838226318,1.1743981838226318
1778616000.0,1.1742602586746216,1.1743981838226318,1.1741223335266113,1.1743981838226318
1778619600.0,1.17384672164917,1.1745359897613525,1.17384672164917,1.1742602586746216
1778623200.0,1.1742602586746216,1.1743981838226318,1.1741223335266113,1.1742602586746216
1778626800.0,1.1742602586746216,1.1745359897613525,1.17384672164917,1.17384672164917
1778630400.0,1.17384672164917,1.1741223335266113,1.1735711097717285,1.1741223335266113
1778634000.0,1.1741223335266113,1.1745359897613525,1.1735711097717285,1.1741223335266113
1778637600.0,1.1742602586746216,1.1745359897613525,1.1739845275878906,1.1739845275878906
1778641200.0,1.1741223335266113,1.1741223335266113,1.1737089157104492,1.17384672164917
1778644800.0,1.17384672164917,1.17384672164917,1.1735711097717285,1.17384672164917
1778648400.0,1.17384672164917,1.1739845275878906,1.1735711097717285,1.1737089157104492
1778652000.0,1.1737089157104492,1.1737089157104492,1.172195553779602,1.172195553779602
1778655600.0,1.172333002090454,1.1726078987121582,1.1710972785949707,1.1710972785949707
1778659200.0,1.1710972785949707,1.1715089082717896,1.1704120635986328,1.1706860065460205
1778662800.0,1.1706860065460205,1.1709601879119873,1.1700011491775513,1.1709601879119873
1778666400.0,1.1709601879119873,1.171783447265625,1.1706860065460205,1.1715089082717896
1778670000.0,1.1716461181640625,1.17205810546875,1.1715089082717896,1.1715089082717896
1778673600.0,1.1716461181640625,1.1719207763671875,1.1701380014419556,1.1704120635986328
1778677200.0,1.170548915863037,1.1715089082717896,1.170548915863037,1.1715089082717896
1778680800.0,1.1713716983795166,1.1715089082717896,1.1706860065460205,1.1712344884872437
1778684400.0,1.1712344884872437,1.1719207763671875,1.1710972785949707,1.1715089082717896
1778688000.0,1.1713716983795166,1.17205810546875,1.1712344884872437,1.1712344884872437
1778691600.0,1.1712344884872437,1.1713716983795166,1.170823097229004,1.170823097229004
1778695200.0,1.170823097229004,1.1713716983795166,1.170823097229004,1.1712344884872437
1778698800.0,1.1712344884872437,1.1716461181640625,1.1712344884872437,1.1713716983795166
1778702400.0,1.1713716983795166,1.171783447265625,1.1712344884872437,1.1716461181640625
1778706000.0,1.1716461181640625,1.17205810546875,1.1715089082717896,1.1719207763671875
1778709600.0,1.171783447265625,1.172195553779602,1.171783447265625,1.17205810546875
1778713200.0,1.172195553779602,1.172195553779602,1.1719207763671875,1.1719207763671875
1778716800.0,1.1719207763671875,1.172195553779602,1.171783447265625,1.17205810546875
1778720400.0,1.1719207763671875,1.17205810546875,1.1716461181640625,1.1716461181640625
1778724000.0,1.171783447265625,1.1719207763671875,1.1715089082717896,1.1716461181640625
1778727600.0,1.1716461181640625,1.171783447265625,1.1713716983795166,1.1715089082717896
1778731200.0,1.1715089082717896,1.17205810546875,1.1715089082717896,1.171783447265625
1778734800.0,1.171783447265625,1.1719207763671875,1.1713716983795166,1.1713716983795166
1778738400.0,1.1715089082717896,1.1724703311920166,1.1710972785949707,1.172195553779602
1778742000.0,1.172195553779602,1.172195553779602,1.1710972785949707,1.1710972785949707
1778745600.0,1.1710972785949707,1.1716461181640625,1.170823097229004,1.1715089082717896
1778749200.0,1.1713716983795166,1.1716461181640625,1.1709601879119873,1.1712344884872437
1778752800.0,1.1709601879119873,1.1713716983795166,1.1709601879119873,1.1712344884872437
1778756400.0,1.1710972785949707,1.1710972785949707,1.1702749729156494,1.170548915863037
1778760000.0,1.170548915863037,1.170823097229004,1.1700011491775513,1.1701380014419556
1778763600.0,1.1701380014419556,1.1701380014419556,1.1689070463180542,1.1694538593292236
1778767200.0,1.1690436601638794,1.1702749729156494,1.1683608293533325,1.1683608293533325
1778770800.0,1.1680878400802612,1.1684973239898682,1.1675423383712769,1.1680878400802612
1778774400.0,1.1680878400802612,1.1683608293533325,1.1675423383712769,1.1679514646530151
1778778000.0,1.1680878400802612,1.1683608293533325,1.1680878400802612,1.1680878400802612
1778781600.0,1.1680878400802612,1.1682243347167969,1.1678149700164795,1.1680878400802612
1778785200.0,1.1680878400802612,1.1682243347167969,1.1672697067260742,1.1674060821533203
1778788800.0,1.1675423383712769,1.1675423383712769,1.1669973134994507,1.1672697067260742
1778792400.0,1.1669973134994507,1.1676785945892334,1.1669973134994507,1.1675423383712769
1778796000.0,1.1674060821533203,1.1675423383712769,1.1672697067260742,1.1672697067260742
1778799600.0,1.1672697067260742,1.1672697067260742,1.1664528846740723,1.1664528846740723
1778803200.0,1.1664528846740723,1.1665889024734497,1.1656370162963867,1.16604483127594
1778806800.0,1.1659088134765625,1.1659088134765625,1.164958119392395,1.1650937795639038
1778810400.0,1.164958119392395,1.16604483127594,1.164958119392395,1.1656370162963867
1778814000.0,1.1656370162963867,1.1657729148864746,1.1653653383255005,1.1656370162963867
1778817600.0,1.1655012369155884,1.1656370162963867,1.164958119392395,1.1650937795639038
1778821200.0,1.1650937795639038,1.1650937795639038,1.1637378931045532,1.1637378931045532
1778824800.0,1.1637378931045532,1.164686679840088,1.1637378931045532,1.163873314857483
1778828400.0,1.163602590560913,1.1650937795639038,1.163602590560913,1.163873314857483
1778832000.0,1.1640088558197021,1.1641442775726318,1.1634671688079834,1.163602590560913
1778835600.0,1.163602590560913,1.163602590560913,1.1621150970458984,1.1631964445114136
1778839200.0,1.163061261177063,1.1657729148864746,1.163061261177063,1.1653653383255005
1778842800.0,1.1652295589447021,1.1652295589447021,1.1633317470550537,1.1634671688079834
1778846400.0,1.1634671688079834,1.1634671688079834,1.16225004196167,1.163061261177063
1778850000.0,1.1629259586334229,1.1633317470550537,1.16225004196167,1.1626555919647217
1778853600.0,1.1627906560897827,1.1640088558197021,1.162520408630371,1.1633317470550537
1778857200.0,1.1633317470550537,1.1633317470550537,1.1623852252960205,1.1629259586334229
1778860800.0,1.1629259586334229,1.1634671688079834,1.1626555919647217,1.1633317470550537
1778864400.0,1.1631964445114136,1.163873314857483,1.163061261177063,1.163061261177063
1778868000.0,1.163061261177063,1.163061261177063,1.1621150970458984,1.162520408630371
1778871600.0,1.162520408630371,1.1626555919647217,1.16225004196167,1.1623852252960205
1778875200.0,1.1623852252960205,1.1629259586334229,1.16225004196167,1.1629259586334229
1778878800.0,1.163061261177063,1.163061261177063,1.163061261177063,1.163061261177063
1779058800.0,1.1626555919647217,1.1626555919647217,1.1615750789642334,1.1617100238800049
1779062400.0,1.1618449687957764,1.1623852252960205,1.161170482635498,1.161440134048462
1779066000.0,1.1615750789642334,1.16225004196167,1.161170482635498,1.1621150970458984
1779069600.0,1.1619800329208374,1.16225004196167,1.1617100238800049,1.1618449687957764
1779073200.0,1.1619800329208374,1.162520408630371,1.1619800329208374,1.162520408630371
1779076800.0,1.162520408630371,1.1629259586334229,1.16225004196167,1.1623852252960205
1779080400.0,1.162520408630371,1.162520408630371,1.1621150970458984,1.162520408630371
1779084000.0,1.1626555919647217,1.1640088558197021,1.1626555919647217,1.163873314857483
1779087600.0,1.163873314857483,1.1642799377441406,1.1634671688079834,1.163602590560913
1779091200.0,1.1637378931045532,1.1648223400115967,1.1633317470550537,1.1645511388778687
1779094800.0,1.1645511388778687,1.1645511388778687,1.163873314857483,1.163873314857483
1779098400.0,1.163873314857483,1.1640088558197021,1.163061261177063,1.163061261177063
1779102000.0,1.163061261177063,1.1652295589447021,1.163061261177063,1.1644154787063599
1779105600.0,1.1644154787063599,1.16604483127594,1.1644154787063599,1.1655012369155884
1779109200.0,1.1655012369155884,1.1659088134765625,1.1648223400115967,1.1655012369155884
1779112800.0,1.1656370162963867,1.1656370162963867,1.1645511388778687,1.164686679840088
1779116400.0,1.1645511388778687,1.1655012369155884,1.1637378931045532,1.1653653383255005
1779120000.0,1.1650937795639038,1.1659088134765625,1.1648223400115967,1.1656370162963867
1779123600.0,1.1655012369155884,1.1656370162963867,1.1652295589447021,1.1652295589447021
1779127200.0,1.1652295589447021,1.1652295589447021,1.1634671688079834,1.1634671688079834
1779130800.0,1.1633317470550537,1.1659088134765625,1.1633317470550537,1.1656370162963867
1779134400.0,1.1655012369155884,1.1663167476654053,1.1655012369155884,1.1659088134765625
1779138000.0,1.1656370162963867,1.1664528846740723,1.1655012369155884,1.1663167476654053
1779141600.0,1.1664528846740723,1.1664528846740723,1.1661807298660278,1.1661807298660278
1779145200.0,1.1661807298660278,1.1661807298660278,1.1657729148864746,1.1657729148864746
1779148800.0,1.1659088134765625,1.1659088134765625,1.164686679840088,1.1648223400115967
1779152400.0,1.164686679840088,1.1656370162963867,1.164686679840088,1.1650937795639038
1779156000.0,1.1648223400115967,1.1650937795639038,1.1645511388778687,1.164686679840088
1779159600.0,1.164686679840088,1.164958119392395,1.1644154787063599,1.1645511388778687
1779163200.0,1.1645511388778687,1.164686679840088,1.163873314857483,1.1640088558197021
1779166800.0,1.1640088558197021,1.1645511388778687,1.1637378931045532,1.1645511388778687
1779170400.0,1.1644154787063599,1.164958119392395,1.1640088558197021,1.1640088558197021
1779174000.0,1.1640088558197021,1.1640088558197021,1.1633317470550537,1.163873314857483
1779177600.0,1.163873314857483,1.163873314857483,1.1626555919647217,1.1626555919647217
1779181200.0,1.1626555919647217,1.1626555919647217,1.1618449687957764,1.16225004196167
1779184800.0,1.16225004196167,1.1629259586334229,1.161440134048462,1.162520408630371
1779188400.0,1.162520408630371,1.162520408630371,1.1621150970458984,1.1621150970458984
1779192000.0,1.1619800329208374,1.1627906560897827,1.1618449687957764,1.1621150970458984
1779195600.0,1.1619800329208374,1.1619800329208374,1.160496711730957,1.1618449687957764
1779199200.0,1.1615750789642334,1.1617100238800049,1.1599582433700562,1.1599582433700562
1779202800.0,1.1599582433700562,1.160496711730957,1.15968918800354,1.160496711730957
1779206400.0,1.160496711730957,1.16130530834198,1.160092830657959,1.1610356569290161
1779210000.0,1.161170482635498,1.1615750789642334,1.1610356569290161,1.1615750789642334
1779213600.0,1.161440134048462,1.1617100238800049,1.1606314182281494,1.1607661247253418
1779217200.0,1.1607661247253418,1.161170482635498,1.1606314182281494,1.1609008312225342
1779220800.0,1.1609008312225342,1.1610356569290161,1.1607661247253418,1.1609008312225342
1779224400.0,1.1602274179458618,1.161440134048462,1.1602274179458618,1.161170482635498
1779228000.0,1.1610356569290161,1.161170482635498,1.1609008312225342,1.161170482635498
1779231600.0,1.161170482635498,1.1615750789642334,1.1610356569290161,1.1610356569290161
1779235200.0,1.1610356569290161,1.16130530834198,1.160496711730957,1.160496711730957
1779238800.0,1.160496711730957,1.160496711730957,1.15968918800354,1.1599582433700562
1779242400.0,1.160092830657959,1.1606314182281494,1.1598236560821533,1.1602274179458618
1779246000.0,1.1599582433700562,1.1609008312225342,1.1599582433700562,1.160496711730957
1779249600.0,1.1606314182281494,1.1609008312225342,1.160092830657959,1.160092830657959
1779253200.0,1.160092830657959,1.1603620052337646,1.1595547199249268,1.1598236560821533
1779256800.0,1.1598236560821533,1.1609008312225342,1.15968918800354,1.160092830657959
1779260400.0,1.1599582433700562,1.160496711730957,1.1595547199249268,1.15968918800354
1779264000.0,1.1595547199249268,1.1598236560821533,1.1587486267089844,1.1594202518463135
1779267600.0,1.1594202518463135,1.1598236560821533,1.1592857837677002,1.1592857837677002
1779271200.0,1.159151554107666,1.1606314182281494,1.159151554107666,1.160496711730957
1779274800.0,1.1603620052337646,1.1607661247253418,1.1599582433700562,1.1603620052337646
1779278400.0,1.160496711730957,1.1606314182281494,1.15968918800354,1.15968918800354
1779282000.0,1.1598236560821533,1.1599582433700562,1.1592857837677002,1.1594202518463135
1779285600.0,1.1594202518463135,1.1626555919647217,1.1586142778396606,1.16225004196167
1779289200.0,1.16225004196167,1.164686679840088,1.1617100238800049,1.16225004196167
1779292800.0,1.16225004196167,1.1633317470550537,1.16225004196167,1.1627906560897827
1779296400.0,1.1627906560897827,1.1629259586334229,1.16225004196167,1.16225004196167
1779300000.0,1.1619800329208374,1.163873314857483,1.1619800329208374,1.163602590560913
1779303600.0,1.1634671688079834,1.1637378931045532,1.163061261177063,1.163061261177063
1779307200.0,1.163061261177063,1.1631964445114136,1.1626555919647217,1.1629259586334229
1779310800.0,1.1626555919647217,1.163061261177063,1.162520408630371,1.1629259586334229
1779314400.0,1.1629259586334229,1.163061261177063,1.1627906560897827,1.1629259586334229
1779318000.0,1.1629259586334229,1.163061261177063,1.1626555919647217,1.1627906560897827
1779321600.0,1.1627906560897827,1.1631964445114136,1.1626555919647217,1.1631964445114136
1779325200.0,1.1633317470550537,1.163873314857483,1.1626555919647217,1.1629259586334229
1779328800.0,1.163061261177063,1.1631964445114136,1.1621150970458984,1.1621150970458984
1779332400.0,1.1621150970458984,1.1626555919647217,1.1621150970458984,1.16225004196167
1779336000.0,1.16225004196167,1.1626555919647217,1.16225004196167,1.1626555919647217
1779339600.0,1.1626555919647217,1.1626555919647217,1.16225004196167,1.162520408630371
1779343200.0,1.162520408630371,1.1629259586334229,1.1619800329208374,1.1623852252960205
1779346800.0,1.1623852252960205,1.1623852252960205,1.1599582433700562,1.1610356569290161
1779350400.0,1.1610356569290161,1.1637378931045532,1.1610356569290161,1.162520408630371
1779354000.0,1.1626555919647217,1.163602590560913,1.162520408630371,1.163061261177063
1779357600.0,1.163061261177063,1.1633317470550537,1.1603620052337646,1.161170482635498
1779361200.0,1.1610356569290161,1.1618449687957764,1.160092830657959,1.160092830657959
1779364800.0,1.1603620052337646,1.161170482635498,1.15968918800354,1.160092830657959
1779368400.0,1.160092830657959,1.1603620052337646,1.1582117080688477,1.1598236560821533
1779372000.0,1.1598236560821533,1.1599582433700562,1.1588828563690186,1.1598236560821533
1779375600.0,1.15968918800354,1.15968918800354,1.1586142778396606,1.1592857837677002
1779379200.0,1.1592857837677002,1.1599582433700562,1.1590172052383423,1.1599582433700562
1779382800.0,1.1599582433700562,1.1633317470550537,1.1595547199249268,1.1627906560897827
1779386400.0,1.1629259586334229,1.1633317470550537,1.161170482635498,1.1615750789642334
1779390000.0,1.1615750789642334,1.1627906560897827,1.161440134048462,1.162520408630371
1779393600.0,1.162520408630371,1.1626555919647217,1.1619800329208374,1.1621150970458984
1779397200.0,1.1619800329208374,1.1626555919647217,1.161440134048462,1.162520408630371
1779400800.0,1.162520408630371,1.162520408630371,1.1619800329208374,1.1621150970458984
1779404400.0,1.16225004196167,1.16225004196167,1.1619800329208374,1.1621150970458984
1779408000.0,1.1621150970458984,1.1621150970458984,1.1617100238800049,1.1618449687957764
1779411600.0,1.1618449687957764,1.1619800329208374,1.161440134048462,1.161440134048462
1779415200.0,1.161440134048462,1.1618449687957764,1.161440134048462,1.1615750789642334
1779418800.0,1.1617100238800049,1.1617100238800049,1.16130530834198,1.1615750789642334
1779422400.0,1.1615750789642334,1.1619800329208374,1.1615750789642334,1.1619800329208374
1779426000.0,1.1619800329208374,1.1621150970458984,1.16130530834198,1.16130530834198
1779429600.0,1.16130530834198,1.1618449687957764,1.1609008312225342,1.161440134048462
1779433200.0,1.1610356569290161,1.16130530834198,1.1606314182281494,1.16130530834198
1779436800.0,1.16130530834198,1.1617100238800049,1.1609008312225342,1.161170482635498
1779440400.0,1.161170482635498,1.161170482635498,1.160092830657959,1.1607661247253418
1779444000.0,1.1609008312225342,1.161170482635498,1.1599582433700562,1.160092830657959
1779447600.0,1.160092830657959,1.160496711730957,1.15968918800354,1.1599582433700562
1779451200.0,1.160092830657959,1.1610356569290161,1.1598236560821533,1.1606314182281494
1779454800.0,1.1607661247253418,1.1621150970458984,1.1603620052337646,1.1607661247253418
1779458400.0,1.1603620052337646,1.160496711730957,1.1592857837677002,1.1602274179458618
1779462000.0,1.160092830657959,1.1609008312225342,1.160092830657959,1.1606314182281494
1779465600.0,1.160496711730957,1.161440134048462,1.1603620052337646,1.161440134048462
1779469200.0,1.1615750789642334,1.16225004196167,1.16130530834198,1.1617100238800049
1779472800.0,1.1617100238800049,1.1618449687957764,1.16130530834198,1.1615750789642334
1779476400.0,1.1615750789642334,1.1617100238800049,1.1609008312225342,1.1610356569290161
1779480000.0,1.1610356569290161,1.1610356569290161,1.1603620052337646,1.160496711730957
1779483600.0,1.1606314182281494,1.1606314182281494,1.160496711730957,1.160496711730957
1779663600.0,1.164686679840088,1.164958119392395,1.1644154787063599,1.1644154787063599
1779667200.0,1.1644154787063599,1.1650937795639038,1.1640088558197021,1.1640088558197021
1779670800.0,1.163873314857483,1.164958119392395,1.163873314857483,1.1642799377441406
1779674400.0,1.1642799377441406,1.1645511388778687,1.1640088558197021,1.1641442775726318
1779678000.0,1.1642799377441406,1.1642799377441406,1.1640088558197021,1.1640088558197021
1779681600.0,1.1641442775726318,1.164686679840088,1.163873314857483,1.1645511388778687
1779685200.0,1.1645511388778687,1.1648223400115967,1.1641442775726318,1.1642799377441406
1779688800.0,1.1641442775726318,1.164686679840088,1.1641442775726318,1.1644154787063599
1779692400.0,1.1644154787063599,1.1645511388778687,1.1634671688079834,1.1640088558197021
1779696000.0,1.163873314857483,1.164686679840088,1.1637378931045532,1.164686679840088
1779699600.0,1.164686679840088,1.1648223400115967,1.1644154787063599,1.1644154787063599
1779703200.0,1.1645511388778687,1.1648223400115967,1.1645511388778687,1.164686679840088
1779706800.0,1.1645511388778687,1.1653653383255005,1.1644154787063599,1.164686679840088
1779710400.0,1.164686679840088,1.1655012369155884,1.164686679840088,1.1652295589447021
1779714000.0,1.1650937795639038,1.1653653383255005,1.1642799377441406,1.1642799377441406
1779717600.0,1.1642799377441406,1.164958119392395,1.1641442775726318,1.1645511388778687
1779721200.0,1.1645511388778687,1.1650937795639038,1.1642799377441406,1.1645511388778687
1779724800.0,1.1645511388778687,1.1645511388778687,1.1640088558197021,1.1644154787063599
1779728400.0,1.1644154787063599,1.164686679840088,1.1644154787063599,1.164686679840088
1779732000.0,1.164686679840088,1.164686679840088,1.1645511388778687,1.164686679840088
1779735600.0,1.164686679840088,1.164686679840088,1.1645511388778687,1.1645511388778687
1779739200.0,1.1645511388778687,1.164686679840088,1.1645511388778687,1.164686679840088
1779742800.0,1.1650937795639038,1.1650937795639038,1.1640088558197021,1.1644154787063599
1779746400.0,1.1642799377441406,1.1645511388778687,1.1642799377441406,1.1644154787063599
1779750000.0,1.1644154787063599,1.164686679840088,1.163873314857483,1.1640088558197021
1779753600.0,1.1640088558197021,1.1642799377441406,1.1637378931045532,1.1642799377441406
1779757200.0,1.1641442775726318,1.1642799377441406,1.1633317470550537,1.1637378931045532
1779760800.0,1.1637378931045532,1.163873314857483,1.1634671688079834,1.1637378931045532
1779764400.0,1.1637378931045532,1.1640088558197021,1.1637378931045532,1.1640088558197021
1779768000.0,1.163873314857483,1.163873314857483,1.1633317470550537,1.1633317470550537
1779771600.0,1.1633317470550537,1.1633317470550537,1.163061261177063,1.1631964445114136
1779775200.0,1.163061261177063,1.1640088558197021,1.163061261177063,1.1637378931045532
1779778800.0,1.163873314857483,1.1642799377441406,1.163061261177063,1.1641442775726318
1779782400.0,1.1640088558197021,1.1644154787063599,1.1637378931045532,1.1640088558197021
1779786000.0,1.163873314857483,1.164686679840088,1.1637378931045532,1.164686679840088
1779789600.0,1.164686679840088,1.164686679840088,1.1641442775726318,1.1645511388778687
1779793200.0,1.1645511388778687,1.1648223400115967,1.1637378931045532,1.1637378931045532
1779796800.0,1.1637378931045532,1.1640088558197021,1.1634671688079834,1.163602590560913
1779800400.0,1.1634671688079834,1.163602590560913,1.16225004196167,1.1627906560897827
1779804000.0,1.1626555919647217,1.1631964445114136,1.162520408630371,1.1627906560897827
1779807600.0,1.1627906560897827,1.1627906560897827,1.1621150970458984,1.16225004196167
1779811200.0,1.1623852252960205,1.1631964445114136,1.1623852252960205,1.1627906560897827
1779814800.0,1.1626555919647217,1.163061261177063,1.162520408630371,1.1626555919647217
1779818400.0,1.1626555919647217,1.1633317470550537,1.1626555919647217,1.1633317470550537
1779822000.0,1.163061261177063,1.163602590560913,1.163061261177063,1.1634671688079834
1779825600.0,1.163602590560913,1.163602590560913,1.1634671688079834,1.163602590560913
1779829200.0,1.1631964445114136,1.163602590560913,1.163061261177063,1.1633317470550537
1779832800.0,1.1637378931045532,1.1640088558197021,1.1634671688079834,1.1637378931045532
1779836400.0,1.1637378931045532,1.164686679840088,1.1637378931045532,1.1640088558197021
1779840000.0,1.1640088558197021,1.164686679840088,1.1640088558197021,1.1641442775726318
1779843600.0,1.1644154787063599,1.1645511388778687,1.163602590560913,1.1637378931045532
1779847200.0,1.1642799377441406,1.1644154787063599,1.1637378931045532,1.1641442775726318
1779850800.0,1.1641442775726318,1.1648223400115967,1.1640088558197021,1.1645511388778687
1779854400.0,1.1645511388778687,1.164958119392395,1.1641442775726318,1.1645511388778687
1779858000.0,1.1644154787063599,1.1650937795639038,1.1642799377441406,1.1642799377441406
1779861600.0,1.1645511388778687,1.1655012369155884,1.1641442775726318,1.164958119392395
1779865200.0,1.1650937795639038,1.1655012369155884,1.1644154787063599,1.1644154787063599
1779868800.0,1.1641442775726318,1.1653653383255005,1.1641442775726318,1.1648223400115967
1779872400.0,1.164686679840088,1.1653653383255005,1.164686679840088,1.1648223400115967
1779876000.0,1.164686679840088,1.1650937795639038,1.1640088558197021,1.1642799377441406
1779879600.0,1.1642799377441406,1.164686679840088,1.1637378931045532,1.1642799377441406
1779883200.0,1.1640088558197021,1.1664528846740723,1.163873314857483,1.164686679840088
1779886800.0,1.1653653383255005,1.1655012369155884,1.1641442775726318,1.1644154787063599
1779890400.0,1.1644154787063599,1.1656370162963867,1.163061261177063,1.163061261177063
1779894000.0,1.1626555919647217,1.1642799377441406,1.1626555919647217,1.163602590560913
1779897600.0,1.163602590560913,1.163873314857483,1.1629259586334229,1.163602590560913
1779901200.0,1.163873314857483,1.163873314857483,1.162520408630371,1.163061261177063
1779904800.0,1.163061261177063,1.1634671688079834,1.1626555919647217,1.1633317470550537
1779908400.0,1.1633317470550537,1.163873314857483,1.163061261177063,1.1631964445114136
1779912000.0,1.1631964445114136,1.1637378931045532,1.1629259586334229,1.1629259586334229
1779915600.0,1.1640088558197021,1.1640088558197021,1.1629259586334229,1.1631964445114136
1779919200.0,1.163061261177063,1.1633317470550537,1.1629259586334229,1.1629259586334229
1779922800.0,1.1629259586334229,1.1633317470550537,1.1619800329208374,1.1621150970458984
1779926400.0,1.1619800329208374,1.1626555919647217,1.1619800329208374,1.162520408630371
1779930000.0,1.1623852252960205,1.1623852252960205,1.16130530834198,1.16130530834198
1779933600.0,1.161440134048462,1.1618449687957764,1.16130530834198,1.1615750789642334
1779937200.0,1.1615750789642334,1.1617100238800049,1.159151554107666,1.159151554107666
1779940800.0,1.159151554107666,1.1595547199249268,1.1590172052383423,1.1595547199249268
1779944400.0,1.1595547199249268,1.160496711730957,1.1592857837677002,1.1602274179458618
1779948000.0,1.1602274179458618,1.1615750789642334,1.1602274179458618,1.161440134048462
1779951600.0,1.1615750789642334,1.1621150970458984,1.161440134048462,1.161440134048462
1779955200.0,1.1615750789642334,1.1619800329208374,1.1610356569290161,1.1619800329208374
1779958800.0,1.1619800329208374,1.16225004196167,1.1615750789642334,1.1615750789642334
1779962400.0,1.1617100238800049,1.1618449687957764,1.1607661247253418,1.1607661247253418
1779966000.0,1.1607661247253418,1.162520408630371,1.1607661247253418,1.1621150970458984
1779969600.0,1.1621150970458984,1.1640088558197021,1.1619800329208374,1.1640088558197021
1779973200.0,1.1641442775726318,1.1645511388778687,1.1633317470550537,1.1633317470550537
1779976800.0,1.1631964445114136,1.16604483127594,1.163061261177063,1.164958119392395
1779980400.0,1.1653653383255005,1.1659088134765625,1.1652295589447021,1.1652295589447021
1779984000.0,1.1652295589447021,1.1663167476654053,1.164958119392395,1.16604483127594
1779987600.0,1.16604483127594,1.16604483127594,1.1655012369155884,1.1657729148864746
1779991200.0,1.1656370162963867,1.1657729148864746,1.164958119392395,1.1650937795639038
1779994800.0,1.1650937795639038,1.1655012369155884,1.1650937795639038,1.1650937795639038
1779998400.0,1.164958119392395,1.1653653383255005,1.1648223400115967,1.1653653383255005
1780002000.0,1.1653653383255005,1.1656370162963867,1.1650937795639038,1.1653653383255005
1780005600.0,1.1655012369155884,1.1656370162963867,1.1653653383255005,1.1653653383255005
1780009200.0,1.1653653383255005,1.1656370162963867,1.1653653383255005,1.1656370162963867
1780012800.0,1.1656370162963867,1.1659088134765625,1.1650937795639038,1.1652295589447021
1780016400.0,1.1652295589447021,1.16604483127594,1.164686679840088,1.1648223400115967
1780020000.0,1.164958119392395,1.1653653383255005,1.1648223400115967,1.1648223400115967
1780023600.0,1.1648223400115967,1.1648223400115967,1.1640088558197021,1.1640088558197021
1780027200.0,1.1641442775726318,1.1642799377441406,1.163873314857483,1.1642799377441406
1780030800.0,1.1642799377441406,1.164686679840088,1.1641442775726318,1.1645511388778687
1780034400.0,1.1645511388778687,1.1657729148864746,1.1645511388778687,1.1657729148864746
1780038000.0,1.1655012369155884,1.1656370162963867,1.1641442775726318,1.1645511388778687
1780041600.0,1.1640088558197021,1.1642799377441406,1.1629259586334229,1.1631964445114136
1780045200.0,1.163061261177063,1.1645511388778687,1.163061261177063,1.1645511388778687
1780048800.0,1.1644154787063599,1.1648223400115967,1.1641442775726318,1.164686679840088
1780052400.0,1.1645511388778687,1.1652295589447021,1.1644154787063599,1.1652295589447021
1780056000.0,1.1652295589447021,1.1652295589447021,1.1645511388778687,1.1652295589447021
1780059600.0,1.1650937795639038,1.1656370162963867,1.1648223400115967,1.1650937795639038
1780063200.0,1.1650937795639038,1.1676785945892334,1.1644154787063599,1.1675423383712769
1780066800.0,1.1671334505081177,1.168770432472229,1.1671334505081177,1.1680878400802612
1780070400.0,1.1680878400802612,1.1680878400802612,1.1671334505081177,1.1675423383712769
1780074000.0,1.1675423383712769,1.1676785945892334,1.1665889024734497,1.1665889024734497
1780077600.0,1.1665889024734497,1.1671334505081177,1.1665889024734497,1.1668611764907837
1780081200.0,1.1668611764907837,1.1672697067260742,1.1667250394821167,1.1667250394821167
1780084800.0,1.1667250394821167,1.1667250394821167,1.1661807298660278,1.1661807298660278
1780088400.0,1.1659088134765625,1.1659088134765625,1.1659088134765625,1.1659088134765625
1780268400.0,1.1657729148864746,1.1659088134765625,1.1652295589447021,1.1652295589447021
1780272000.0,1.1652295589447021,1.1656370162963867,1.1648223400115967,1.1650937795639038
1780275600.0,1.164958119392395,1.164958119392395,1.1645511388778687,1.1648223400115967
1780279200.0,1.1648223400115967,1.164958119392395,1.164686679840088,1.164958119392395
1780282800.0,1.164958119392395,1.1652295589447021,1.1645511388778687,1.164686679840088
1780286400.0,1.164686679840088,1.1652295589447021,1.164686679840088,1.1650937795639038
1780290000.0,1.1652295589447021,1.1656370162963867,1.1652295589447021,1.1653653383255005
1780293600.0,1.1656370162963867,1.1668611764907837,1.1653653383255005,1.1668611764907837
1780297200.0,1.1665889024734497,1.1665889024734497,1.1655012369155884,1.16604483127594
1780300800.0,1.1659088134765625,1.1663167476654053,1.1656370162963867,1.1661807298660278
1780304400.0,1.1663167476654053,1.1663167476654053,1.1652295589447021,1.1653653383255005
1780308000.0,1.1653653383255005,1.1653653383255005,1.164958119392395,1.1650937795639038
1780311600.0,1.1650937795639038,1.1650937795639038,1.1645511388778687,1.164958119392395
1780315200.0,1.1650937795639038,1.1653653383255005,1.164958119392395,1.1650937795639038
1780318800.0,1.1650937795639038,1.1650937795639038,1.161440134048462,1.161440134048462
1780322400.0,1.161170482635498,1.1621150970458984,1.1610356569290161,1.1619800329208374
1780326000.0,1.1621150970458984,1.163061261177063,1.1618449687957764,1.1626555919647217
1780329600.0,1.1627906560897827,1.1633317470550537,1.1619800329208374,1.1633317470550537
1780333200.0,1.1633317470550537,1.1640088558197021,1.1629259586334229,1.163873314857483
1780336800.0,1.163873314857483,1.163873314857483,1.1634671688079834,1.1634671688079834
1780340400.0,1.1634671688079834,1.1637378931045532,1.163061261177063,1.1634671688079834
1780344000.0,1.163602590560913,1.1637378931045532,1.1633317470550537,1.163602590560913
1780347600.0,1.1637378931045532,1.1644154787063599,1.1633317470550537,1.163873314857483
1780351200.0,1.1637378931045532,1.163873314857483,1.163602590560913,1.1637378931045532
1780354800.0,1.163873314857483,1.1640088558197021,1.163602590560913,1.163873314857483
1780358400.0,1.163873314857483,1.163873314857483,1.1633317470550537,1.1634671688079834
1780362000.0,1.163602590560913,1.1641442775726318,1.1631964445114136,1.1634671688079834
1780365600.0,1.1634671688079834,1.1637378931045532,1.1634671688079834,1.1634671688079834
1780369200.0,1.1634671688079834,1.163873314857483,1.1634671688079834,1.1637378931045532
1780372800.0,1.1637378931045532,1.1642799377441406,1.1637378931045532,1.1641442775726318
1780376400.0,1.1641442775726318,1.1642799377441406,1.1640088558197021,1.1640088558197021
1780380000.0,1.1641442775726318,1.1655012369155884,1.1641442775726318,1.1653653383255005
1780383600.0,1.1652295589447021,1.1653653383255005,1.1648223400115967,1.1652295589447021
1780387200.0,1.1652295589447021,1.1655012369155884,1.1645511388778687,1.164686679840088
1780390800.0,1.1645511388778687,1.1648223400115967,1.1644154787063599,1.164686679840088
1780394400.0,1.1645511388778687,1.164958119392395,1.1642799377441406,1.164686679840088
1780398000.0,1.164686679840088,1.1656370162963867,1.164686679840088,1.1653653383255005
1780401600.0,1.1653653383255005,1.1659088134765625,1.1652295589447021,1.1653653383255005
1780405200.0,1.1655012369155884,1.1655012369155884,1.1642799377441406,1.164686679840088
1780408800.0,1.1640088558197021,1.1652295589447021,1.1640088558197021,1.164686679840088
1780412400.0,1.164686679840088,1.1648223400115967,1.1640088558197021,1.1644154787063599
1780416000.0,1.1641442775726318,1.1642799377441406,1.163061261177063,1.1631964445114136
1780419600.0,1.1633317470550537,1.1633317470550537,1.1623852252960205,1.162520408630371
1780423200.0,1.162520408630371,1.1633317470550537,1.1617100238800049,1.1631964445114136
1780426800.0,1.1633317470550537,1.163602590560913,1.1631964445114136,1.163602590560913
1780430400.0,1.163602590560913,1.1637378931045532,1.1633317470550537,1.1634671688079834
1780434000.0,1.1631964445114136,1.1637378931045532,1.163061261177063,1.1633317470550537
1780437600.0,1.1633317470550537,1.1634671688079834,1.163061261177063,1.163061261177063
1780441200.0,1.163061261177063,1.163061261177063,1.16225004196167,1.162520408630371
1780444800.0,1.162520408630371,1.1633317470550537,1.162520408630371,1.1631964445114136
1780448400.0,1.163061261177063,1.163602590560913,1.1629259586334229,1.1633317470550537
1780452000.0,1.1633317470550537,1.163602590560913,1.1629259586334229,1.1631964445114136
1780455600.0,1.163061261177063,1.1633317470550537,1.163061261177063,1.163061261177063
1780459200.0,1.163061261177063,1.163061261177063,1.1627906560897827,1.1629259586334229
1780462800.0,1.1629259586334229,1.163061261177063,1.16225004196167,1.16225004196167
1780466400.0,1.16225004196167,1.162520408630371,1.1617100238800049,1.1619800329208374
1780470000.0,1.1618449687957764,1.162520408630371,1.1617100238800049,1.1619800329208374
1780473600.0,1.1618449687957764,1.1619800329208374,1.1609008312225342,1.161170482635498
1780477200.0,1.16130530834198,1.1619800329208374,1.16130530834198,1.1617100238800049
1780480800.0,1.1617100238800049,1.162520408630371,1.1617100238800049,1.1619800329208374
1780484400.0,1.1619800329208374,1.162520408630371,1.1619800329208374,1.1621150970458984
1780488000.0,1.1619800329208374,1.1619800329208374,1.160092830657959,1.1603620052337646
1780491600.0,1.1603620052337646,1.1609008312225342,1.160092830657959,1.1606314182281494
1780495200.0,1.1609008312225342,1.1615750789642334,1.1598236560821533,1.1615750789642334
1780498800.0,1.161440134048462,1.161440134048462,1.1606314182281494,1.1607661247253418
1780502400.0,1.1607661247253418,1.1607661247253418,1.1598236560821533,1.1603620052337646
1780506000.0,1.1603620052337646,1.1606314182281494,1.160092830657959,1.1602274179458618
1780509600.0,1.1602274179458618,1.1602274179458618,1.1599582433700562,1.1602274179458618
1780513200.0,1.1602274179458618,1.1603620052337646,1.160092830657959,1.160092830657959
1780516800.0,1.1602274179458618,1.1603620052337646,1.160092830657959,1.1602274179458618
1780520400.0,1.160496711730957,1.1607661247253418,1.160092830657959,1.1602274179458618
1780524000.0,1.1602274179458618,1.1610356569290161,1.1598236560821533,1.1607661247253418
1780527600.0,1.1609008312225342,1.161440134048462,1.160496711730957,1.16130530834198
1780531200.0,1.16130530834198,1.1615750789642334,1.1609008312225342,1.1610356569290161
1780534800.0,1.1607661247253418,1.16130530834198,1.1607661247253418,1.16130530834198
1780538400.0,1.16130530834198,1.161440134048462,1.1610356569290161,1.16130530834198
1780542000.0,1.161170482635498,1.16130530834198,1.1606314182281494,1.1609008312225342
1780545600.0,1.1609008312225342,1.161440134048462,1.1607661247253418,1.16130530834198
1780549200.0,1.16130530834198,1.16130530834198,1.1609008312225342,1.16130530834198
1780552800.0,1.16130530834198,1.1618449687957764,1.1610356569290161,1.161440134048462
1780556400.0,1.161440134048462,1.1615750789642334,1.1602274179458618,1.1607661247253418
1780560000.0,1.1607661247253418,1.1617100238800049,1.1607661247253418,1.1617100238800049
1780563600.0,1.1618449687957764,1.163061261177063,1.1618449687957764,1.1629259586334229
1780567200.0,1.1629259586334229,1.1637378931045532,1.1629259586334229,1.1634671688079834
1780570800.0,1.163602590560913,1.1648223400115967,1.163602590560913,1.1645511388778687
1780574400.0,1.1648223400115967,1.1648223400115967,1.163873314857483,1.1641442775726318
1780578000.0,1.1640088558197021,1.1642799377441406,1.1637378931045532,1.1640088558197021
1780581600.0,1.1642799377441406,1.1642799377441406,1.1633317470550537,1.1634671688079834
1780585200.0,1.1634671688079834,1.1634671688079834,1.1626555919647217,1.1631964445114136
1780588800.0,1.1631964445114136,1.1633317470550537,1.1626555919647217,1.1626555919647217
1780592400.0,1.1626555919647217,1.1626555919647217,1.1623852252960205,1.1623852252960205
1780596000.0,1.1623852252960205,1.162520408630371,1.1617100238800049,1.1618449687957764
1780599600.0,1.1618449687957764,1.1619800329208374,1.161440134048462,1.1615750789642334
1780603200.0,1.1615750789642334,1.1617100238800049,1.161170482635498,1.161440134048462
1780606800.0,1.161440134048462,1.1621150970458984,1.161440134048462,1.1615750789642334
1780610400.0,1.1615750789642334,1.1617100238800049,1.161440134048462,1.1615750789642334
1780614000.0,1.1615750789642334,1.1617100238800049,1.1615750789642334,1.1615750789642334
1780617600.0,1.1615750789642334,1.1617100238800049,1.161440134048462,1.1617100238800049
1780621200.0,1.1615750789642334,1.1618449687957764,1.16130530834198,1.1617100238800049
1780624800.0,1.1617100238800049,1.1619800329208374,1.1615750789642334,1.1618449687957764
1780628400.0,1.1617100238800049,1.1618449687957764,1.1617100238800049,1.1618449687957764
1780632000.0,1.1618449687957764,1.1619800329208374,1.1617100238800049,1.1619800329208374
1780635600.0,1.1619800329208374,1.16225004196167,1.1618449687957764,1.1619800329208374
1780639200.0,1.1618449687957764,1.1626555919647217,1.1617100238800049,1.162520408630371
1780642800.0,1.1626555919647217,1.1640088558197021,1.1626555919647217,1.163602590560913
1780646400.0,1.1637378931045532,1.1642799377441406,1.1637378931045532,1.1640088558197021
1780650000.0,1.163873314857483,1.164686679840088,1.163873314857483,1.1642799377441406
1780653600.0,1.1642799377441406,1.164686679840088,1.1641442775726318,1.1644154787063599
1780657200.0,1.1644154787063599,1.1645511388778687,1.1637378931045532,1.1644154787063599
1780660800.0,1.1645511388778687,1.1645511388778687,1.1590172052383423,1.1590172052383423
1780664400.0,1.1590172052383423,1.160092830657959,1.1575413942337036,1.1575413942337036
1780668000.0,1.1574074029922485,1.1582117080688477,1.155401587486267,1.156203031539917
1780671600.0,1.156203031539917,1.156203031539917,1.1535356044769287,1.1535356044769287
1780675200.0,1.15340256690979,1.1535356044769287,1.1526048183441162,1.1535356044769287
1780678800.0,1.1535356044769287,1.1535356044769287,1.152339220046997,1.1527377367019653
1780682400.0,1.1527377367019653,1.1530035734176636,1.152339220046997,1.1526048183441162
1780686000.0,1.1526048183441162,1.1530035734176636,1.1522064208984375,1.1528706550598145
1780689600.0,1.1528706550598145,1.1528706550598145,1.1522064208984375,1.1527377367019653
1780693200.0,1.1527377367019653,1.1527377367019653,1.1527377367019653,1.1527377367019653
1780873200.0,1.1518083810806274,1.1526048183441162,1.1518083810806274,1.1526048183441162
1780876800.0,1.1526048183441162,1.1535356044769287,1.1524720191955566,1.1535356044769287
1780880400.0,1.1536686420440674,1.1538017988204956,1.151543140411377,1.1528706550598145
1780884000.0,1.1530035734176636,1.15340256690979,1.1524720191955566,1.1532695293426514
1780887600.0,1.1532695293426514,1.1535356044769287,1.1530035734176636,1.1535356044769287
1780891200.0,1.1535356044769287,1.1536686420440674,1.15340256690979,1.15340256690979
1780894800.0,1.1535356044769287,1.154334545135498,1.1520737409591675,1.1522064208984375
1780898400.0,1.1522064208984375,1.1527377367019653,1.1516757011413574,1.1519410610198975
1780902000.0,1.1519410610198975,1.1530035734176636,1.1518083810806274,1.1520737409591675
1780905600.0,1.1519410610198975,1.1524720191955566,1.1512778997421265,1.151410460472107
1780909200.0,1.151145339012146,1.1516757011413574,1.15035080909729,1.1516757011413574
1780912800.0,1.151543140411377,1.1531364917755127,1.151410460472107,1.1528706550598145
1780916400.0,1.1527377367019653,1.1546010971069336,1.1527377367019653,1.1539349555969238
1780920000.0,1.154068112373352,1.1547343730926514,1.1539349555969238,1.1544678211212158
1780923600.0,1.1546010971069336,1.1558021306991577,1.1544678211212158,1.1546010971069336
1780927200.0,1.1544678211212158,1.1547343730926514,1.1536686420440674,1.1544678211212158
1780930800.0,1.1547343730926514,1.155001163482666,1.154068112373352,1.1548677682876587
1780934400.0,1.1547343730926514,1.1548677682876587,1.154334545135498,1.154334545135498
1780938000.0,1.154334545135498,1.1544678211212158,1.1539349555969238,1.1542012691497803
1780941600.0,1.1542012691497803,1.1546010971069336,1.1532695293426514,1.1532695293426514
1780945200.0,1.1531364917755127,1.1538017988204956,1.1531364917755127,1.15340256690979
1780948800.0,1.15340256690979,1.1536686420440674,1.15340256690979,1.1535356044769287
1780952400.0,1.1536686420440674,1.154334545135498,1.1531364917755127,1.154068112373352
1780956000.0,1.1538017988204956,1.1538017988204956,1.1535356044769287,1.1536686420440674
1780959600.0,1.1536686420440674,1.1538017988204956,1.1531364917755127,1.1531364917755127
1780963200.0,1.1531364917755127,1.15340256690979,1.1531364917755127,1.15340256690979
1780966800.0,1.15340256690979,1.1542012691497803,1.15340256690979,1.1542012691497803
1780970400.0,1.154334545135498,1.154334545135498,1.154068112373352,1.154068112373352
1780974000.0,1.154068112373352,1.154334545135498,1.1538017988204956,1.154068112373352
1780977600.0,1.1542012691497803,1.1551345586776733,1.154068112373352,1.1548677682876587
1780981200.0,1.1548677682876587,1.1551345586776733,1.154334545135498,1.1547343730926514
1780984800.0,1.1547343730926514,1.1555349826812744,1.1547343730926514,1.1547343730926514
1780988400.0,1.1548677682876587,1.1548677682876587,1.154068112373352,1.154334545135498
1780992000.0,1.1542012691497803,1.1555349826812744,1.154068112373352,1.155401587486267
1780995600.0,1.155401587486267,1.1566041707992554,1.155401587486267,1.1564704179763794
1780999200.0,1.1564704179763794,1.157273530960083,1.1564704179763794,1.1568717956542969
1781002800.0,1.1568717956542969,1.1576753854751587,1.1568717956542969,1.1575413942337036
1781006400.0,1.1576753854751587,1.1578094959259033,1.157273530960083,1.1578094959259033
1781010000.0,1.1579434871673584,1.158077597618103,1.156738042831421,1.157139539718628
1781013600.0,1.157139539718628,1.1576753854751587,1.156336784362793,1.1566041707992554
1781017200.0,1.1566041707992554,1.1570056676864624,1.155001163482666,1.1559356451034546
1781020800.0,1.1559356451034546,1.1560693979263306,1.1532695293426514,1.1542012691497803
1781024400.0,1.1544678211212158,1.1555349826812744,1.1544678211212158,1.1551345586776733
1781028000.0,1.1551345586776733,1.1556684970855713,1.155001163482666,1.1552680730819702
1781031600.0,1.1552680730819702,1.1552680730819702,1.154334545135498,1.1544678211212158
1781035200.0,1.1544678211212158,1.1548677682876587,1.1544678211212158,1.1547343730926514
1781038800.0,1.1546010971069336,1.1551345586776733,1.1539349555969238,1.1542012691497803
1781042400.0,1.1542012691497803,1.1544678211212158,1.1539349555969238,1.154068112373352
1781046000.0,1.1539349555969238,1.1542012691497803,1.1538017988204956,1.1538017988204956
1781049600.0,1.1538017988204956,1.1546010971069336,1.1536686420440674,1.1546010971069336
1781053200.0,1.1544678211212158,1.1546010971069336,1.1539349555969238,1.154068112373352
1781056800.0,1.1542012691497803,1.1547343730926514,1.154068112373352,1.1546010971069336
1781060400.0,1.1546010971069336,1.155401587486267,1.1546010971069336,1.155401587486267
1781064000.0,1.155401587486267,1.155401587486267,1.1548677682876587,1.1548677682876587
1781067600.0,1.155001163482666,1.1558021306991577,1.1548677682876587,1.1556684970855713
1781071200.0,1.1558021306991577,1.1560693979263306,1.155401587486267,1.155401587486267
1781074800.0,1.1551345586776733,1.156203031539917,1.1551345586776733,1.1556684970855713
1781078400.0,1.1556684970855713,1.1556684970855713,1.1552680730819702,1.1555349826812744
1781082000.0,1.1556684970855713,1.156203031539917,1.155401587486267,1.1560693979263306
1781085600.0,1.1560693979263306,1.156203031539917,1.1555349826812744,1.1555349826812744
1781089200.0,1.1555349826812744,1.1555349826812744,1.1539349555969238,1.154068112373352
1781092800.0,1.154068112373352,1.1566041707992554,1.1539349555969238,1.155401587486267
1781096400.0,1.1552680730819702,1.1575413942337036,1.1551345586776733,1.1566041707992554
1781100000.0,1.1564704179763794,1.1570056676864624,1.155401587486267,1.1555349826812744
1781103600.0,1.1555349826812744,1.1559356451034546,1.1547343730926514,1.1551345586776733
1781107200.0,1.155401587486267,1.156203031539917,1.155401587486267,1.1556684970855713
1781110800.0,1.1556684970855713,1.1559356451034546,1.1548677682876587,1.1556684970855713
1781114400.0,1.1556684970855713,1.1560693979263306,1.1551345586776733,1.1552680730819702
1781118000.0,1.1551345586776733,1.1551345586776733,1.1544678211212158,1.1544678211212158
1781121600.0,1.1544678211212158,1.1544678211212158,1.1538017988204956,1.1539349555969238
1781125200.0,1.1539349555969238,1.1551345586776733,1.1538017988204956,1.1538017988204956
1781128800.0,1.1538017988204956,1.1539349555969238,1.1531364917755127,1.1535356044769287
1781132400.0,1.1532695293426514,1.154068112373352,1.1530035734176636,1.1538017988204956
1781136000.0,1.1539349555969238,1.1546010971069336,1.1539349555969238,1.1546010971069336
1781139600.0,1.1547343730926514,1.1559356451034546,1.1546010971069336,1.1556684970855713
1781143200.0,1.1556684970855713,1.1556684970855713,1.155001163482666,1.1551345586776733
1781146800.0,1.1551345586776733,1.1552680730819702,1.1547343730926514,1.1548677682876587
1781150400.0,1.1548677682876587,1.155401587486267,1.1546010971069336,1.1551345586776733
1781154000.0,1.1551345586776733,1.155401587486267,1.1548677682876587,1.1551345586776733
1781157600.0,1.155001163482666,1.1551345586776733,1.1544678211212158,1.1544678211212158
1781161200.0,1.1546010971069336,1.1558021306991577,1.1544678211212158,1.1548677682876587
1781164800.0,1.1548677682876587,1.1548677682876587,1.1535356044769287,1.1536686420440674
1781168400.0,1.1535356044769287,1.154068112373352,1.15340256690979,1.1538017988204956
1781172000.0,1.1538017988204956,1.1538017988204956,1.1527377367019653,1.15340256690979
1781175600.0,1.1535356044769287,1.154334545135498,1.1535356044769287,1.1542012691497803
1781179200.0,1.1542012691497803,1.1544678211212158,1.152339220046997,1.154334545135498
1781182800.0,1.1542012691497803,1.1542012691497803,1.1522064208984375,1.15340256690979
1781186400.0,1.15340256690979,1.15340256690979,1.1519410610198975,1.1520737409591675
1781190000.0,1.152339220046997,1.1527377367019653,1.1518083810806274,1.1518083810806274
1781193600.0,1.1518083810806274,1.1519410610198975,1.151145339012146,1.1512778997421265
1781197200.0,1.1512778997421265,1.1566041707992554,1.1506155729293823,1.1555349826812744
1781200800.0,1.1555349826812744,1.1568717956542969,1.1546010971069336,1.1564704179763794
1781204400.0,1.1564704179763794,1.1588828563690186,1.1564704179763794,1.1582117080688477
1781208000.0,1.1582117080688477,1.1586142778396606,1.1579434871673584,1.1582117080688477
1781211600.0,1.158077597618103,1.1586142778396606,1.1576753854751587,1.1582117080688477
1781215200.0,1.1582117080688477,1.1587486267089844,1.1576753854751587,1.1586142778396606
1781218800.0,1.1587486267089844,1.1588828563690186,1.1578094959259033,1.1578094959259033
1781222400.0,1.1579434871673584,1.1579434871673584,1.1570056676864624,1.157139539718628
1781226000.0,1.157273530960083,1.157273530960083,1.1564704179763794,1.1566041707992554
1781229600.0,1.1566041707992554,1.157273530960083,1.1566041707992554,1.1570056676864624
1781233200.0,1.1570056676864624,1.1578094959259033,1.1568717956542969,1.1575413942337036
1781236800.0,1.1575413942337036,1.1578094959259033,1.157273530960083,1.1574074029922485
1781240400.0,1.1575413942337036,1.1575413942337036,1.156203031539917,1.156203031539917
1781244000.0,1.156336784362793,1.1576753854751587,1.156336784362793,1.1576753854751587
1781247600.0,1.1575413942337036,1.1575413942337036,1.1560693979263306,1.1570056676864624
1781251200.0,1.1570056676864624,1.1587486267089844,1.1570056676864624,1.158077597618103
1781254800.0,1.158077597618103,1.1592857837677002,1.1576753854751587,1.1588828563690186
1781258400.0,1.1587486267089844,1.1588828563690186,1.1575413942337036,1.1576753854751587
1781262000.0,1.1578094959259033,1.1583458185195923,1.1575413942337036,1.1575413942337036
1781265600.0,1.1574074029922485,1.1575413942337036,1.1564704179763794,1.156738042831421
1781269200.0,1.156738042831421,1.158077597618103,1.1566041707992554,1.157273530960083
1781272800.0,1.157139539718628,1.158077597618103,1.157139539718628,1.1579434871673584
1781276400.0,1.1575413942337036,1.1586142778396606,1.1575413942337036,1.1576753854751587
1781280000.0,1.1576753854751587,1.1578094959259033,1.157273530960083,1.1578094959259033
1781283600.0,1.1579434871673584,1.158077597618103,1.1575413942337036,1.1578094959259033
1781287200.0,1.1578094959259033,1.1582117080688477,1.1575413942337036,1.1579434871673584
1781290800.0,1.1576753854751587,1.158077597618103,1.157273530960083,1.1574074029922485
1781294400.0,1.1574074029922485,1.1574074029922485,1.1570056676864624,1.157139539718628
1781298000.0,1.157139539718628,1.157273530960083,1.157139539718628,1.157273530960083
1781478000.0,1.161170482635498,1.161170482635498,1.1606314182281494,1.1606314182281494
1781481600.0,1.1609008312225342,1.161440134048462,1.1602274179458618,1.1602274179458618
1781485200.0,1.160092830657959,1.160496711730957,1.1598236560821533,1.160092830657959
1781488800.0,1.1602274179458618,1.1603620052337646,1.1598236560821533,1.1602274179458618
1781492400.0,1.1603620052337646,1.1607661247253418,1.1602274179458618,1.1607661247253418
1781496000.0,1.1607661247253418,1.1617100238800049,1.1606314182281494,1.1615750789642334
1781499600.0,1.1617100238800049,1.1623852252960205,1.1617100238800049,1.1619800329208374
1781503200.0,1.1621150970458984,1.1621150970458984,1.1603620052337646,1.1609008312225342
1781506800.0,1.1607661247253418,1.161440134048462,1.1606314182281494,1.1610356569290161
1781510400.0,1.1609008312225342,1.16130530834198,1.160092830657959,1.160496711730957
1781514000.0,1.160496711730957,1.16130530834198,1.160496711730957,1.1609008312225342
1781517600.0,1.1609008312225342,1.1617100238800049,1.1607661247253418,1.16130530834198
1781521200.0,1.1615750789642334,1.1617100238800049,1.1609008312225342,1.16130530834198
1781524800.0,1.16130530834198,1.1621150970458984,1.1607661247253418,1.1618449687957764
1781528400.0,1.1617100238800049,1.1623852252960205,1.1617100238800049,1.1619800329208374
1781532000.0,1.1619800329208374,1.1621150970458984,1.1609008312225342,1.16130530834198
1781535600.0,1.1609008312225342,1.1610356569290161,1.160092830657959,1.1602274179458618
1781539200.0,1.160092830657959,1.1609008312225342,1.160092830657959,1.1607661247253418
1781542800.0,1.1607661247253418,1.1607661247253418,1.1602274179458618,1.1602274179458618
1781546400.0,1.1602274179458618,1.160496711730957,1.1598236560821533,1.1598236560821533
1781550000.0,1.1599582433700562,1.1599582433700562,1.1588828563690186,1.1588828563690186
1781553600.0,1.1587486267089844,1.1592857837677002,1.1587486267089844,1.159151554107666
1781557200.0,1.15968918800354,1.1603620052337646,1.1590172052383423,1.1594202518463135
1781560800.0,1.159151554107666,1.1594202518463135,1.1588828563690186,1.159151554107666
1781564400.0,1.159151554107666,1.15968918800354,1.159151554107666,1.1594202518463135
1781568000.0,1.1595547199249268,1.15968918800354,1.159151554107666,1.15968918800354
1781571600.0,1.15968918800354,1.1598236560821533,1.1590172052383423,1.159151554107666
1781575200.0,1.1590172052383423,1.159151554107666,1.1586142778396606,1.159151554107666
1781578800.0,1.1590172052383423,1.159151554107666,1.1588828563690186,1.1590172052383423
1781582400.0,1.1590172052383423,1.1590172052383423,1.1579434871673584,1.1582117080688477
1781586000.0,1.1582117080688477,1.1583458185195923,1.1579434871673584,1.1579434871673584
1781589600.0,1.1579434871673584,1.1590172052383423,1.1578094959259033,1.1590172052383423
1781593200.0,1.1588828563690186,1.1598236560821533,1.1588828563690186,1.1598236560821533
1781596800.0,1.1598236560821533,1.1610356569290161,1.15968918800354,1.1609008312225342
1781600400.0,1.1610356569290161,1.16130530834198,1.1603620052337646,1.160496711730957
1781604000.0,1.160496711730957,1.1615750789642334,1.1603620052337646,1.1615750789642334
1781607600.0,1.161440134048462,1.161440134048462,1.160092830657959,1.1602274179458618
1781611200.0,1.1602274179458618,1.160496711730957,1.1595547199249268,1.1603620052337646
1781614800.0,1.1603620052337646,1.1606314182281494,1.1595547199249268,1.1595547199249268
1781618400.0,1.1599582433700562,1.161170482635498,1.159151554107666,1.1610356569290161
1781622000.0,1.1610356569290161,1.1621150970458984,1.1603620052337646,1.1617100238800049
1781625600.0,1.1617100238800049,1.16225004196167,1.1615750789642334,1.1617100238800049
1781629200.0,1.1615750789642334,1.1617100238800049,1.161440134048462,1.161440134048462
1781632800.0,1.1615750789642334,1.1617100238800049,1.1610356569290161,1.161440134048462
1781636400.0,1.1615750789642334,1.1617100238800049,1.1610356569290161,1.161170482635498
1781640000.0,1.1610356569290161,1.16130530834198,1.1610356569290161,1.16130530834198
1781643600.0,1.161170482635498,1.1618449687957764,1.1610356569290161,1.161170482635498
1781647200.0,1.161440134048462,1.1617100238800049,1.16130530834198,1.1615750789642334
1781650800.0,1.1615750789642334,1.1618449687957764,1.16130530834198,1.16130530834198
1781654400.0,1.16130530834198,1.1619800329208374,1.16130530834198,1.1618449687957764
1781658000.0,1.1617100238800049,1.1619800329208374,1.161440134048462,1.1615750789642334
1781661600.0,1.1615750789642334,1.1618449687957764,1.16130530834198,1.16130530834198
1781665200.0,1.16130530834198,1.1615750789642334,1.16130530834198,1.161440134048462
1781668800.0,1.16130530834198,1.1617100238800049,1.16130530834198,1.1615750789642334
1781672400.0,1.1615750789642334,1.1618449687957764,1.161440134048462,1.1615750789642334
1781676000.0,1.161440134048462,1.1618449687957764,1.1607661247253418,1.161170482635498
1781679600.0,1.161170482635498,1.1618449687957764,1.1607661247253418,1.161170482635498
1781683200.0,1.1610356569290161,1.1610356569290161,1.1602274179458618,1.160496711730957
1781686800.0,1.160496711730957,1.1609008312225342,1.160496711730957,1.1607661247253418
1781690400.0,1.1606314182281494,1.1607661247253418,1.1599582433700562,1.160092830657959
1781694000.0,1.1599582433700562,1.1599582433700562,1.1588828563690186,1.1594202518463135
1781697600.0,1.1595547199249268,1.1606314182281494,1.1594202518463135,1.1606314182281494
1781701200.0,1.160496711730957,1.1606314182281494,1.1599582433700562,1.160092830657959
1781704800.0,1.160092830657959,1.160092830657959,1.1587486267089844,1.1592857837677002
1781708400.0,1.159151554107666,1.15968918800354,1.1590172052383423,1.1595547199249268
1781712000.0,1.1595547199249268,1.1595547199249268,1.1592857837677002,1.1595547199249268
1781715600.0,1.1594202518463135,1.1599582433700562,1.1592857837677002,1.1599582433700562
1781719200.0,1.1552680730819702,1.1566041707992554,1.154068112373352,1.1542012691497803
1781722800.0,1.154334545135498,1.154334545135498,1.1482374668121338,1.1496896743774414
1781726400.0,1.1500862836837769,1.1508804559707642,1.1490291357040405,1.150483250617981
1781730000.0,1.1508804559707642,1.151012897491455,1.1502184867858887,1.1506155729293823
1781733600.0,1.1506155729293823,1.151012897491455,1.15035080909729,1.1508804559707642
1781737200.0,1.1507480144500732,1.151145339012146,1.1507480144500732,1.151012897491455
1781740800.0,1.1512778997421265,1.152339220046997,1.1512778997421265,1.1519410610198975
1781744400.0,1.1519410610198975,1.1526048183441162,1.1519410610198975,1.1519410610198975
1781748000.0,1.1520737409591675,1.1526048183441162,1.1516757011413574,1.1522064208984375
1781751600.0,1.1522064208984375,1.1527377367019653,1.1520737409591675,1.1527377367019653
1781755200.0,1.1528706550598145,1.1528706550598145,1.1524720191955566,1.1526048183441162
1781758800.0,1.1526048183441162,1.1527377367019653,1.151410460472107,1.151410460472107
1781762400.0,1.1516757011413574,1.1531364917755127,1.1516757011413574,1.152339220046997
1781766000.0,1.1522064208984375,1.152339220046997,1.151012897491455,1.151543140411377
1781769600.0,1.151543140411377,1.1516757011413574,1.1486331224441528,1.1486331224441528
1781773200.0,1.1482374668121338,1.1488970518112183,1.1478420495986938,1.1481056213378906
1781776800.0,1.1479737758636475,1.1479737758636475,1.1462632417678833,1.1463946104049683
1781780400.0,1.1465259790420532,1.1469204425811768,1.145737886428833,1.1461317539215088
1781784000.0,1.1458691358566284,1.148369312286377,1.145737886428833,1.147315263748169
1781787600.0,1.1471836566925049,1.1486331224441528,1.1466574668884277,1.147446870803833
1781791200.0,1.1475785970687866,1.1490291357040405,1.1470520496368408,1.1488970518112183
1781794800.0,1.1490291357040405,1.1490291357040405,1.147315263748169,1.147315263748169
1781798400.0,1.147446870803833,1.147446870803833,1.1465259790420532,1.1469204425811768
1781802000.0,1.1467890739440918,1.1477103233337402,1.1465259790420532,1.1465259790420532
1781805600.0,1.1465259790420532,1.1469204425811768,1.1462632417678833,1.1463946104049683
1781809200.0,1.1462632417678833,1.1465259790420532,1.1454753875732422,1.1461317539215088
1781812800.0,1.1460003852844238,1.1466574668884277,1.1460003852844238,1.1460003852844238
1781816400.0,1.1461317539215088,1.1471836566925049,1.1454753875732422,1.1463946104049683
1781820000.0,1.1463946104049683,1.1467890739440918,1.1462632417678833,1.1466574668884277
1781823600.0,1.1465259790420532,1.1465259790420532,1.1461317539215088,1.1461317539215088
1781827200.0,1.1465259790420532,1.1467890739440918,1.1463946104049683,1.1466574668884277
1781830800.0,1.1466574668884277,1.1466574668884277,1.1456066370010376,1.1456066370010376
1781834400.0,1.1456066370010376,1.1461317539215088,1.1454753875732422,1.145737886428833
1781838000.0,1.145737886428833,1.145737886428833,1.1445575952529907,1.1445575952529907
1781841600.0,1.1445575952529907,1.144688606262207,1.1431183815002441,1.1432491540908813
1781845200.0,1.1431183815002441,1.1436413526535034,1.1422044038772583,1.143379807472229
1781848800.0,1.1435105800628662,1.1445575952529907,1.1435105800628662,1.1445575952529907
1781852400.0,1.144688606262207,1.145213007926941,1.1445575952529907,1.1449507474899292
1781856000.0,1.145213007926941,1.1469204425811768,1.145213007926941,1.1467890739440918
1781859600.0,1.1466574668884277,1.1469204425811768,1.1462632417678833,1.1463946104049683
1781863200.0,1.1463946104049683,1.1467890739440918,1.1456066370010376,1.1467890739440918
1781866800.0,1.1466574668884277,1.1470520496368408,1.1462632417678833,1.1463946104049683
1781870400.0,1.1465259790420532,1.1477103233337402,1.1465259790420532,1.147446870803833
1781874000.0,1.147446870803833,1.1475785970687866,1.1461317539215088,1.1466574668884277
1781877600.0,1.1465259790420532,1.147315263748169,1.1461317539215088,1.1470520496368408
1781881200.0,1.147315263748169,1.1477103233337402,1.1466574668884277,1.1466574668884277
1781884800.0,1.1466574668884277,1.147315263748169,1.1465259790420532,1.147315263748169
1781888400.0,1.147315263748169,1.1479737758636475,1.1471836566925049,1.1478420495986938
1781892000.0,1.1479737758636475,1.1485011577606201,1.1477103233337402,1.1479737758636475
1781895600.0,1.1479737758636475,1.148369312286377,1.1478420495986938,1.1481056213378906
1781899200.0,1.1478420495986938,1.1485011577606201,1.147315263748169,1.147315263748169
1781902800.0,1.1469204425811768,1.1469204425811768,1.1469204425811768,1.1469204425811768
1782082800.0,1.1466574668884277,1.1469204425811768,1.1461317539215088,1.1465259790420532
1782086400.0,1.1466574668884277,1.1469204425811768,1.1461317539215088,1.1469204425811768
1782090000.0,1.1471836566925049,1.1475785970687866,1.1467890739440918,1.1467890739440918
1782093600.0,1.1466574668884277,1.1470520496368408,1.1463946104049683,1.1469204425811768
1782097200.0,1.1469204425811768,1.1470520496368408,1.1458691358566284,1.1460003852844238
1782100800.0,1.1460003852844238,1.1460003852844238,1.1456066370010376,1.1458691358566284
1782104400.0,1.1458691358566284,1.1466574668884277,1.1458691358566284,1.1458691358566284
1782108000.0,1.1456066370010376,1.1465259790420532,1.1456066370010376,1.1462632417678833
1782111600.0,1.1463946104049683,1.1465259790420532,1.144819736480713,1.1449507474899292
1782115200.0,1.1449507474899292,1.145737886428833,1.1445575952529907,1.1453442573547363
1782118800.0,1.1453442573547363,1.1465259790420532,1.1453442573547363,1.1461317539215088
1782122400.0,1.1460003852844238,1.1466574668884277,1.1458691358566284,1.1458691358566284
1782126000.0,1.145737886428833,1.1460003852844238,1.145081877708435,1.145081877708435
1782129600.0,1.145213007926941,1.1465259790420532,1.145213007926941,1.1458691358566284
1782133200.0,1.145081877708435,1.145081877708435,1.1432491540908813,1.1432491540908813
1782136800.0,1.1432491540908813,1.1453442573547363,1.1428571939468384,1.144819736480713
1782140400.0,1.1449507474899292,1.1453442573547363,1.1435105800628662,1.1435105800628662
1782144000.0,1.1435105800628662,1.1435105800628662,1.1428571939468384,1.1435105800628662
1782147600.0,1.143379807472229,1.1436413526535034,1.1431183815002441,1.1432491540908813
1782151200.0,1.1432491540908813,1.1435105800628662,1.1425960063934326,1.1425960063934326
1782154800.0,1.1428571939468384,1.1428571939468384,1.1422044038772583,1.1427265405654907
1782158400.0,1.1428571939468384,1.1432491540908813,1.1428571939468384,1.142987847328186
1782162000.0,1.1420739889144897,1.1437721252441406,1.1420739889144897,1.1431183815002441
1782165600.0,1.142987847328186,1.1432491540908813,1.1428571939468384,1.1431183815002441
1782169200.0,1.1431183815002441,1.1432491540908813,1.142987847328186,1.142987847328186
1782172800.0,1.1428571939468384,1.1431183815002441,1.1425960063934326,1.142987847328186
1782176400.0,1.1431183815002441,1.1431183815002441,1.1425960063934326,1.142987847328186
1782180000.0,1.142987847328186,1.1436413526535034,1.1428571939468384,1.142987847328186
1782183600.0,1.142987847328186,1.1432491540908813,1.1423349380493164,1.1432491540908813
1782187200.0,1.1432491540908813,1.143379807472229,1.1423349380493164,1.1423349380493164
1782190800.0,1.1423349380493164,1.1428571939468384,1.1423349380493164,1.1425960063934326
1782194400.0,1.1425960063934326,1.1432491540908813,1.1423349380493164,1.1427265405654907
1782198000.0,1.1427265405654907,1.144164800643921,1.141291856765747,1.1415525674819946
1782201600.0,1.1415525674819946,1.1419435739517212,1.1407711505889893,1.1411616802215576
1782205200.0,1.1410315036773682,1.141422152519226,1.1410315036773682,1.141422152519226
1782208800.0,1.1415525674819946,1.1415525674819946,1.1399909257888794,1.140380859375
1782212400.0,1.1405109167099,1.1405109167099,1.1388224363327026,1.1388224363327026
1782216000.0,1.1389521360397339,1.1398608684539795,1.1386927366256714,1.139211654663086
1782219600.0,1.139211654663086,1.1402509212493896,1.1388224363327026,1.139211654663086
1782223200.0,1.1393414735794067,1.1393414735794067,1.138044834136963,1.1385631561279297
1782226800.0,1.1385631561279297,1.1388224363327026,1.1379153728485107,1.1385631561279297
1782230400.0,1.1385631561279297,1.1386927366256714,1.1381744146347046,1.1383039951324463
1782234000.0,1.1381744146347046,1.1384334564208984,1.138044834136963,1.1383039951324463
1782237600.0,1.1383039951324463,1.1384334564208984,1.1379153728485107,1.1381744146347046
1782241200.0,1.1381744146347046,1.1385631561279297,1.1381744146347046,1.1383039951324463
1782244800.0,1.1381744146347046,1.1385631561279297,1.1381744146347046,1.1384334564208984
1782248400.0,1.1383039951324463,1.1389521360397339,1.1383039951324463,1.1388224363327026
1782252000.0,1.1386927366256714,1.1386927366256714,1.1381744146347046,1.1384334564208984
1782255600.0,1.1384334564208984,1.1386927366256714,1.1381744146347046,1.1383039951324463
1782259200.0,1.1381744146347046,1.1385631561279297,1.1376564502716064,1.1379153728485107
1782262800.0,1.1379153728485107,1.138044834136963,1.1373976469039917,1.1379153728485107
1782266400.0,1.1379153728485107,1.1379153728485107,1.1371389627456665,1.1371389627456665
1782270000.0,1.1371389627456665,1.1371389627456665,1.1364928483963013,1.1370097398757935
1782273600.0,1.1370097398757935,1.1370097398757935,1.1364928483963013,1.1366219520568848
1782277200.0,1.1366219520568848,1.1371389627456665,1.1366219520568848,1.1370097398757935
1782280800.0,1.1371389627456665,1.1377859115600586,1.1362345218658447,1.1362345218658447
1782284400.0,1.1362345218658447,1.1363636255264282,1.135589361190796,1.135589361190796
1782288000.0,1.135589361190796,1.1358473300933838,1.1341726779937744,1.135589361190796
1782291600.0,1.135589361190796,1.1357183456420898,1.1348161697387695,1.1350737810134888
1782295200.0,1.1349449157714844,1.1349449157714844,1.1341726779937744,1.134429931640625
1782298800.0,1.134429931640625,1.1352026462554932,1.1341726779937744,1.1341726779937744
1782302400.0,1.134429931640625,1.1348161697387695,1.1328877210617065,1.133144497871399
1782306000.0,1.1332728862762451,1.1349449157714844,1.1328877210617065,1.1348161697387695
1782309600.0,1.1346874237060547,1.1354604959487915,1.1339154243469238,1.134429931640625
1782313200.0,1.134429931640625,1.1363636255264282,1.134429931640625,1.1353315114974976
1782316800.0,1.1352026462554932,1.1370097398757935,1.1350737810134888,1.1362345218658447
1782320400.0,1.1363636255264282,1.1363636255264282,1.1352026462554932,1.1353315114974976
1782324000.0,1.1354604959487915,1.1363636255264282,1.1354604959487915,1.1357183456420898
1782327600.0,1.1359764337539673,1.1361054182052612,1.1354604959487915,1.1357183456420898
1782331200.0,1.135589361190796,1.1362345218658447,1.135589361190796,1.1361054182052612
1782334800.0,1.1353315114974976,1.1364928483963013,1.1353315114974976,1.1362345218658447
1782338400.0,1.1363636255264282,1.1363636255264282,1.1358473300933838,1.1358473300933838
1782342000.0,1.1358473300933838,1.1359764337539673,1.135589361190796,1.1357183456420898
1782345600.0,1.135589361190796,1.1357183456420898,1.1352026462554932,1.135589361190796
1782349200.0,1.1357183456420898,1.1370097398757935,1.1357183456420898,1.1361054182052612
1782352800.0,1.1361054182052612,1.1368803977966309,1.1361054182052612,1.1366219520568848
1782356400.0,1.1367511749267578,1.1373976469039917,1.1367511749267578,1.137268304824829
1782360000.0,1.1373976469039917,1.1373976469039917,1.1370097398757935,1.1371389627456665
1782363600.0,1.1370097398757935,1.1371389627456665,1.1363636255264282,1.1364928483963013
1782367200.0,1.1366219520568848,1.1367511749267578,1.135589361190796,1.1357183456420898
1782370800.0,1.1357183456420898,1.1362345218658447,1.1349449157714844,1.1362345218658447
1782374400.0,1.1363636255264282,1.1375269889831543,1.1363636255264282,1.1370097398757935
1782378000.0,1.1370097398757935,1.1375269889831543,1.1366219520568848,1.1366219520568848
1782381600.0,1.1364928483963013,1.1364928483963013,1.1346874237060547,1.1348161697387695
1782385200.0,1.1348161697387695,1.1348161697387695,1.1336582899093628,1.1340440511703491
1782388800.0,1.1340440511703491,1.1366219520568848,1.1340440511703491,1.135589361190796
1782392400.0,1.1358473300933838,1.1370097398757935,1.1353315114974976,1.1364928483963013
1782396000.0,1.1367511749267578,1.1384334564208984,1.1367511749267578,1.1377859115600586
1782399600.0,1.1379153728485107,1.1390818357467651,1.1377859115600586,1.1388224363327026
1782403200.0,1.1385631561279297,1.1389521360397339,1.1376564502716064,1.1377859115600586
1782406800.0,1.1376564502716064,1.138044834136963,1.1375269889831543,1.1377859115600586
1782410400.0,1.1377859115600586,1.1383039951324463,1.1373976469039917,1.1377859115600586
1782414000.0,1.1377859115600586,1.1381744146347046,1.137268304824829,1.1376564502716064
1782417600.0,1.1376564502716064,1.1377859115600586,1.137268304824829,1.137268304824829
1782421200.0,1.1370097398757935,1.1379153728485107,1.1366219520568848,1.1375269889831543
1782424800.0,1.1376564502716064,1.1376564502716064,1.1371389627456665,1.137268304824829
1782428400.0,1.137268304824829,1.137268304824829,1.1363636255264282,1.1364928483963013
1782432000.0,1.1364928483963013,1.1370097398757935,1.1364928483963013,1.1368803977966309
1782435600.0,1.1370097398757935,1.137268304824829,1.1361054182052612,1.1362345218658447
1782439200.0,1.1362345218658447,1.1366219520568848,1.1357183456420898,1.1362345218658447
1782442800.0,1.1362345218658447,1.1375269889831543,1.1362345218658447,1.1373976469039917
1782446400.0,1.1373976469039917,1.1379153728485107,1.137268304824829,1.1379153728485107
1782450000.0,1.138044834136963,1.1384334564208984,1.1379153728485107,1.1383039951324463
1782453600.0,1.1381744146347046,1.1384334564208984,1.1375269889831543,1.1379153728485107
1782457200.0,1.1377859115600586,1.139211654663086,1.1376564502716064,1.1390818357467651
1782460800.0,1.1390818357467651,1.1409013271331787,1.1386927366256714,1.1405109167099
1782464400.0,1.140380859375,1.1415525674819946,1.1399909257888794,1.1410315036773682
1782468000.0,1.1411616802215576,1.1411616802215576,1.140380859375,1.1407711505889893
1782471600.0,1.1409013271331787,1.1409013271331787,1.1398608684539795,1.1401208639144897
1782475200.0,1.1401208639144897,1.143379807472229,1.1401208639144897,1.143379807472229
1782478800.0,1.1431183815002441,1.1431183815002441,1.1416828632354736,1.1427265405654907
1782482400.0,1.1428571939468384,1.1428571939468384,1.1398608684539795,1.1398608684539795
1782486000.0,1.1396011114120483,1.1411616802215576,1.1396011114120483,1.1406410932540894
1782489600.0,1.1406410932540894,1.1406410932540894,1.1386927366256714,1.1393414735794067
1782493200.0,1.139211654663086,1.1396011114120483,1.1388224363327026,1.1389521360397339
1782496800.0,1.1389521360397339,1.1394712924957275,1.1389521360397339,1.1390818357467651
1782500400.0,1.1389521360397339,1.139211654663086,1.1384334564208984,1.1390818357467651
1782504000.0,1.1390818357467651,1.1394712924957275,1.1385631561279297,1.1390818357467651
1782507600.0,1.1389521360397339,1.1389521360397339,1.1389521360397339,1.1389521360397339
1782687600.0,1.1389521360397339,1.1390818357467651,1.1385631561279297,1.1389521360397339
1782691200.0,1.1389521360397339,1.139211654663086,1.1386927366256714,1.139211654663086
1782694800.0,1.1390818357467651,1.1393414735794067,1.1388224363327026,1.1388224363327026
1782698400.0,1.1388224363327026,1.1396011114120483,1.1388224363327026,1.139211654663086
1782702000.0,1.1390818357467651,1.1393414735794067,1.1388224363327026,1.1388224363327026
1782705600.0,1.1386927366256714,1.1388224363327026,1.1384334564208984,1.1385631561279297
1782709200.0,1.1385631561279297,1.1398608684539795,1.1385631561279297,1.1397310495376587
1782712800.0,1.1397310495376587,1.1418131589889526,1.1396011114120483,1.1418131589889526
1782716400.0,1.1415525674819946,1.1415525674819946,1.140380859375,1.1405109167099
1782720000.0,1.1406410932540894,1.1410315036773682,1.1396011114120483,1.1398608684539795
1782723600.0,1.1398608684539795,1.1405109167099,1.1398608684539795,1.1405109167099
1782727200.0,1.1406410932540894,1.1409013271331787,1.140380859375,1.1407711505889893
1782730800.0,1.1407711505889893,1.141422152519226,1.1402509212493896,1.141291856765747
1782734400.0,1.1411616802215576,1.1411616802215576,1.140380859375,1.1405109167099
1782738000.0,1.1406410932540894,1.141422152519226,1.140380859375,1.141291856765747
1782741600.0,1.141422152519226,1.1425960063934326,1.1409013271331787,1.1424654722213745
1782745200.0,1.1424654722213745,1.1428571939468384,1.1420739889144897,1.1425960063934326
1782748800.0,1.1427265405654907,1.143379807472229,1.1427265405654907,1.142987847328186
1782752400.0,1.142987847328186,1.1431183815002441,1.1424654722213745,1.142987847328186
1782756000.0,1.142987847328186,1.1432491540908813,1.1428571939468384,1.1428571939468384
1782759600.0,1.1428571939468384,1.142987847328186,1.1425960063934326,1.1428571939468384
1782763200.0,1.1428571939468384,1.142987847328186,1.1425960063934326,1.1427265405654907
1782766800.0,1.1425960063934326,1.1437721252441406,1.1424654722213745,1.142987847328186
1782770400.0,1.1425960063934326,1.1428571939468384,1.1425960063934326,1.1428571939468384
1782774000.0,1.1428571939468384,1.1428571939468384,1.1423349380493164,1.1423349380493164
1782777600.0,1.1422044038772583,1.1423349380493164,1.1415525674819946,1.1419435739517212
1782781200.0,1.1420739889144897,1.1420739889144897,1.1407711505889893,1.1407711505889893
1782784800.0,1.1407711505889893,1.1409013271331787,1.1406410932540894,1.1406410932540894
1782788400.0,1.1406410932540894,1.1409013271331787,1.1399909257888794,1.1402509212493896
1782792000.0,1.1401208639144897,1.1402509212493896,1.1393414735794067,1.1393414735794067
1782795600.0,1.139211654663086,1.1396011114120483,1.1386927366256714,1.1386927366256714
1782799200.0,1.1388224363327026,1.1406410932540894,1.1386927366256714,1.1406410932540894
1782802800.0,1.1406410932540894,1.1411616802215576,1.1401208639144897,1.1402509212493896
1782806400.0,1.1399909257888794,1.1401208639144897,1.1386927366256714,1.1396011114120483
1782810000.0,1.1394712924957275,1.1401208639144897,1.139211654663086,1.1401208639144897
1782813600.0,1.1399909257888794,1.1405109167099,1.1396011114120483,1.1405109167099
1782817200.0,1.1405109167099,1.1405109167099,1.1390818357467651,1.1396011114120483
1782820800.0,1.1396011114120483,1.1405109167099,1.139211654663086,1.1399909257888794
1782824400.0,1.1399909257888794,1.1409013271331787,1.1398608684539795,1.1401208639144897
1782828000.0,1.1399909257888794,1.1436413526535034,1.1396011114120483,1.1436413526535034
1782831600.0,1.1436413526535034,1.1436413526535034,1.1419435739517212,1.1419435739517212
1782835200.0,1.1420739889144897,1.1420739889144897,1.1415525674819946,1.1416828632354736
1782838800.0,1.1418131589889526,1.1425960063934326,1.1418131589889526,1.1424654722213745
1782842400.0,1.1424654722213745,1.142987847328186,1.1423349380493164,1.1425960063934326
1782846000.0,1.1423349380493164,1.142987847328186,1.1419435739517212,1.142987847328186
1782849600.0,1.142987847328186,1.142987847328186,1.1424654722213745,1.1424654722213745
1782853200.0,1.1424654722213745,1.1431183815002441,1.1420739889144897,1.1428571939468384
1782856800.0,1.1425960063934326,1.1425960063934326,1.1422044038772583,1.1423349380493164
1782860400.0,1.1423349380493164,1.1423349380493164,1.1415525674819946,1.1416828632354736
1782864000.0,1.1416828632354736,1.1416828632354736,1.1411616802215576,1.141422152519226
1782867600.0,1.141291856765747,1.141291856765747,1.1406410932540894,1.1407711505889893
1782871200.0,1.1407711505889893,1.1411616802215576,1.1406410932540894,1.1409013271331787
1782874800.0,1.1409013271331787,1.1411616802215576,1.1405109167099,1.1407711505889893
1782878400.0,1.1407711505889893,1.141422152519226,1.1406410932540894,1.141291856765747
1782882000.0,1.1411616802215576,1.141422152519226,1.1407711505889893,1.1409013271331787
1782885600.0,1.1409013271331787,1.1411616802215576,1.140380859375,1.1406410932540894
1782889200.0,1.1406410932540894,1.1406410932540894,1.1396011114120483,1.1405109167099
1782892800.0,1.1405109167099,1.1406410932540894,1.1397310495376587,1.1398608684539795
1782896400.0,1.1397310495376587,1.1402509212493896,1.1389521360397339,1.1390818357467651
1782900000.0,1.1390818357467651,1.1402509212493896,1.1389521360397339,1.1402509212493896
1782903600.0,1.1401208639144897,1.1401208639144897,1.1389521360397339,1.1389521360397339
1782907200.0,1.1389521360397339,1.1390818357467651,1.137268304824829,1.1375269889831543
1782910800.0,1.1373976469039917,1.141291856765747,1.1366219520568848,1.1397310495376587
1782914400.0,1.1401208639144897,1.1406410932540894,1.1389521360397339,1.1397310495376587
1782918000.0,1.1398608684539795,1.1398608684539795,1.1383039951324463,1.1386927366256714
1782921600.0,1.1386927366256714,1.1397310495376587,1.1383039951324463,1.1385631561279297
1782925200.0,1.1385631561279297,1.1389521360397339,1.1383039951324463,1.1384334564208984
1782928800.0,1.1384334564208984,1.1385631561279297,1.1379153728485107,1.1383039951324463
1782932400.0,1.1383039951324463,1.1384334564208984,1.138044834136963,1.1383039951324463
1782936000.0,1.1381744146347046,1.1383039951324463,1.1377859115600586,1.138044834136963
1782939600.0,1.1379153728485107,1.1386927366256714,1.1376564502716064,1.1377859115600586
1782943200.0,1.1383039951324463,1.1383039951324463,1.138044834136963,1.1381744146347046
1782946800.0,1.1381744146347046,1.1381744146347046,1.138044834136963,1.138044834136963
1782950400.0,1.138044834136963,1.1385631561279297,1.1379153728485107,1.138044834136963
1782954000.0,1.138044834136963,1.1388224363327026,1.138044834136963,1.1384334564208984
1782957600.0,1.1384334564208984,1.139211654663086,1.1384334564208984,1.1385631561279297
1782961200.0,1.1385631561279297,1.1386927366256714,1.1381744146347046,1.1385631561279297
1782964800.0,1.1385631561279297,1.1390818357467651,1.1385631561279297,1.1390818357467651
1782968400.0,1.1390818357467651,1.139211654663086,1.1385631561279297,1.1389521360397339
1782972000.0,1.1389521360397339,1.1406410932540894,1.1389521360397339,1.1398608684539795
1782975600.0,1.1397310495376587,1.141291856765747,1.1394712924957275,1.1411616802215576
1782979200.0,1.1411616802215576,1.1423349380493164,1.1411616802215576,1.1422044038772583
1782982800.0,1.1423349380493164,1.1423349380493164,1.141291856765747,1.1415525674819946
1782986400.0,1.141291856765747,1.141422152519226,1.1407711505889893,1.141291856765747
1782990000.0,1.141422152519226,1.1418131589889526,1.140380859375,1.1406410932540894
1782993600.0,1.1406410932540894,1.147446870803833,1.1398608684539795,1.1453442573547363
1782997200.0,1.1454753875732422,1.145737886428833,1.144426703453064,1.145213007926941
1783000800.0,1.1453442573547363,1.1461317539215088,1.1437721252441406,1.144688606262207
1783004400.0,1.144688606262207,1.1453442573547363,1.144426703453064,1.145081877708435
1783008000.0,1.145081877708435,1.145081877708435,1.1439030170440674,1.144164800643921
1783011600.0,1.1440337896347046,1.1440337896347046,1.1432491540908813,1.1432491540908813
1783015200.0,1.143379807472229,1.1440337896347046,1.143379807472229,1.1436413526535034
1783018800.0,1.1436413526535034,1.1436413526535034,1.142987847328186,1.143379807472229
1783022400.0,1.143379807472229,1.1439030170440674,1.143379807472229,1.1436413526535034
1783026000.0,1.1427265405654907,1.1442956924438477,1.1427265405654907,1.1437721252441406
1783029600.0,1.1436413526535034,1.1439030170440674,1.1431183815002441,1.1431183815002441
1783033200.0,1.1432491540908813,1.143379807472229,1.1425960063934326,1.1425960063934326
1783036800.0,1.1427265405654907,1.143379807472229,1.1423349380493164,1.143379807472229
1783040400.0,1.143379807472229,1.144688606262207,1.143379807472229,1.1440337896347046
1783044000.0,1.1440337896347046,1.144819736480713,1.1439030170440674,1.1442956924438477
1783047600.0,1.1442956924438477,1.144426703453064,1.1440337896347046,1.144426703453064
1783051200.0,1.144426703453064,1.144819736480713,1.1442956924438477,1.144819736480713
1783054800.0,1.1449507474899292,1.145737886428833,1.1449507474899292,1.145081877708435
1783058400.0,1.145213007926941,1.1465259790420532,1.145213007926941,1.1458691358566284
1783062000.0,1.1456066370010376,1.1460003852844238,1.145213007926941,1.145737886428833
1783065600.0,1.1458691358566284,1.1460003852844238,1.1454753875732422,1.1456066370010376
1783069200.0,1.1456066370010376,1.1456066370010376,1.144426703453064,1.144426703453064
1783072800.0,1.144426703453064,1.1453442573547363,1.144426703453064,1.145081877708435
1783076400.0,1.1449507474899292,1.1460003852844238,1.1449507474899292,1.145213007926941
1783080000.0,1.1453442573547363,1.1454753875732422,1.1449507474899292,1.1449507474899292
1783083600.0,1.1449507474899292,1.145081877708435,1.144164800643921,1.144164800643921
1783087200.0,1.1442956924438477,1.145081877708435,1.144164800643921,1.144688606262207
1783090800.0,1.1445575952529907,1.144688606262207,1.1439030170440674,1.1440337896347046
1783094400.0,1.1440337896347046,1.1442956924438477,1.1439030170440674,1.1440337896347046
1783098000.0,1.144164800643921,1.144426703453064,1.144164800643921,1.1442956924438477
1783101600.0,1.144426703453064,1.144426703453064,1.144164800643921,1.1442956924438477
1783105200.0,1.144164800643921,1.144426703453064,1.1439030170440674,1.1440337896347046
1783108800.0,1.1439030170440674,1.1440337896347046,1.1437721252441406,1.1440337896347046
1783112400.0,1.1440337896347046,1.1440337896347046,1.1440337896347046,1.1440337896347046
1783292400.0,1.1440337896347046,1.144164800643921,1.1436413526535034,1.1440337896347046
1783296000.0,1.1440337896347046,1.144426703453064,1.1437721252441406,1.144164800643921
1783299600.0,1.144164800643921,1.144164800643921,1.1432491540908813,1.1432491540908813
1783303200.0,1.1432491540908813,1.1437721252441406,1.1431183815002441,1.1437721252441406
1783306800.0,1.1437721252441406,1.1439030170440674,1.1431183815002441,1.1435105800628662
1783310400.0,1.1435105800628662,1.1437721252441406,1.1435105800628662,1.1436413526535034
1783314000.0,1.1435105800628662,1.1435105800628662,1.1427265405654907,1.1427265405654907
1783317600.0,1.142987847328186,1.1432491540908813,1.1423349380493164,1.1424654722213745
1783321200.0,1.1423349380493164,1.1431183815002441,1.1420739889144897,1.142987847328186
1783324800.0,1.142987847328186,1.142987847328186,1.1419435739517212,1.1423349380493164
1783328400.0,1.1423349380493164,1.1424654722213745,1.141422152519226,1.1415525674819946
1783332000.0,1.1416828632354736,1.1424654722213745,1.141291856765747,1.1423349380493164
1783335600.0,1.1423349380493164,1.1423349380493164,1.1415525674819946,1.1419435739517212
1783339200.0,1.1420739889144897,1.1422044038772583,1.1415525674819946,1.1416828632354736
1783342800.0,1.141422152519226,1.1425960063934326,1.1411616802215576,1.1415525674819946
1783346400.0,1.1415525674819946,1.1422044038772583,1.1415525674819946,1.1419435739517212
1783350000.0,1.1420739889144897,1.1428571939468384,1.1419435739517212,1.1428571939468384
1783353600.0,1.1428571939468384,1.1435105800628662,1.1428571939468384,1.143379807472229
1783357200.0,1.1435105800628662,1.1442956924438477,1.1435105800628662,1.1440337896347046
1783360800.0,1.1440337896347046,1.144819736480713,1.1439030170440674,1.144688606262207
1783364400.0,1.144426703453064,1.144688606262207,1.144164800643921,1.1445575952529907
1783368000.0,1.144426703453064,1.1445575952529907,1.1442956924438477,1.144426703453064
1783371600.0,1.145081877708435,1.145081877708435,1.144164800643921,1.145081877708435
1783375200.0,1.144688606262207,1.144819736480713,1.1445575952529907,1.144688606262207
1783378800.0,1.1449507474899292,1.145081877708435,1.144426703453064,1.144426703453064
1783382400.0,1.144426703453064,1.1445575952529907,1.144164800643921,1.1442956924438477
1783386000.0,1.1442956924438477,1.1449507474899292,1.1440337896347046,1.144688606262207
1783389600.0,1.144819736480713,1.1449507474899292,1.1442956924438477,1.1442956924438477
1783393200.0,1.1442956924438477,1.1445575952529907,1.1439030170440674,1.1440337896347046
1783396800.0,1.1440337896347046,1.144164800643921,1.1439030170440674,1.1439030170440674
1783400400.0,1.1440337896347046,1.1440337896347046,1.1432491540908813,1.1435105800628662
1783404000.0,1.1436413526535034,1.1436413526535034,1.1428571939468384,1.1431183815002441
1783407600.0,1.1432491540908813,1.1435105800628662,1.1428571939468384,1.142987847328186
1783411200.0,1.142987847328186,1.1439030170440674,1.1428571939468384,1.1431183815002441
1783414800.0,1.1431183815002441,1.1432491540908813,1.1428571939468384,1.1428571939468384
1783418400.0,1.1427265405654907,1.1436413526535034,1.1427265405654907,1.1436413526535034
1783422000.0,1.1436413526535034,1.144164800643921,1.142987847328186,1.1436413526535034
1783425600.0,1.1435105800628662,1.1445575952529907,1.1435105800628662,1.1439030170440674
1783429200.0,1.1439030170440674,1.144426703453064,1.143379807472229,1.1437721252441406
1783432800.0,1.1440337896347046,1.1440337896347046,1.1428571939468384,1.1437721252441406
1783436400.0,1.1436413526535034,1.1437721252441406,1.1425960063934326,1.1425960063934326
1783440000.0,1.1427265405654907,1.1428571939468384,1.1420739889144897,1.1425960063934326
1783443600.0,1.1427265405654907,1.1432491540908813,1.1425960063934326,1.1431183815002441
1783447200.0,1.1431183815002441,1.1432491540908813,1.1422044038772583,1.1422044038772583
1783450800.0,1.1420739889144897,1.1420739889144897,1.1411616802215576,1.1419435739517212
1783454400.0,1.1418131589889526,1.1420739889144897,1.141422152519226,1.1415525674819946
1783458000.0,1.1427265405654907,1.1427265405654907,1.140380859375,1.1411616802215576
1783461600.0,1.1411616802215576,1.1411616802215576,1.1406410932540894,1.1410315036773682
1783465200.0,1.1410315036773682,1.1411616802215576,1.140380859375,1.1405109167099
1783468800.0,1.140380859375,1.1415525674819946,1.140380859375,1.1411616802215576
1783472400.0,1.1411616802215576,1.141291856765747,1.1402509212493896,1.1409013271331787
1783476000.0,1.1409013271331787,1.1415525674819946,1.1407711505889893,1.1415525674819946
1783479600.0,1.1415525674819946,1.1419435739517212,1.1415525674819946,1.1416828632354736
1783483200.0,1.1416828632354736,1.1419435739517212,1.141422152519226,1.1418131589889526
1783486800.0,1.1418131589889526,1.1423349380493164,1.1415525674819946,1.1423349380493164
1783490400.0,1.1424654722213745,1.1427265405654907,1.1422044038772583,1.1424654722213745
1783494000.0,1.1425960063934326,1.143379807472229,1.1420739889144897,1.142987847328186
1783497600.0,1.1428571939468384,1.1431183815002441,1.1409013271331787,1.141422152519226
1783501200.0,1.1411616802215576,1.141422152519226,1.1401208639144897,1.1409013271331787
1783504800.0,1.1409013271331787,1.1416828632354736,1.1405109167099,1.1411616802215576
1783508400.0,1.1411616802215576,1.141291856765747,1.1397310495376587,1.1399909257888794
1783512000.0,1.1402509212493896,1.1410315036773682,1.1399909257888794,1.1399909257888794
1783515600.0,1.1401208639144897,1.1416828632354736,1.1401208639144897,1.1411616802215576
1783519200.0,1.141291856765747,1.1415525674819946,1.1407711505889893,1.1410315036773682
1783522800.0,1.1409013271331787,1.141422152519226,1.1394712924957275,1.1398608684539795
1783526400.0,1.1398608684539795,1.1418131589889526,1.1398608684539795,1.1416828632354736
1783530000.0,1.1418131589889526,1.142987847328186,1.1418131589889526,1.1422044038772583
1783533600.0,1.1422044038772583,1.1431183815002441,1.1422044038772583,1.142987847328186
1783537200.0,1.1431183815002441,1.1432491540908813,1.1425960063934326,1.1431183815002441
1783540800.0,1.142987847328186,1.1431183815002441,1.1418131589889526,1.1420739889144897
1783544400.0,1.1420739889144897,1.1427265405654907,1.1418131589889526,1.1422044038772583
1783548000.0,1.1420739889144897,1.1422044038772583,1.1419435739517212,1.1422044038772583
1783551600.0,1.1422044038772583,1.1424654722213745,1.1420739889144897,1.1424654722213745
1783555200.0,1.1424654722213745,1.1432491540908813,1.1424654722213745,1.1428571939468384
1783558800.0,1.1428571939468384,1.142987847328186,1.1423349380493164,1.1428571939468384
1783562400.0,1.1428571939468384,1.1431183815002441,1.1427265405654907,1.1427265405654907
1783566000.0,1.1427265405654907,1.143379807472229,1.1425960063934326,1.142987847328186
1783569600.0,1.142987847328186,1.1431183815002441,1.1427265405654907,1.142987847328186
1783573200.0,1.142987847328186,1.1436413526535034,1.142987847328186,1.143379807472229
1783576800.0,1.1437721252441406,1.145081877708435,1.1437721252441406,1.144426703453064
1783580400.0,1.1445575952529907,1.1445575952529907,1.1436413526535034,1.1437721252441406
1783584000.0,1.1439030170440674,1.144164800643921,1.1428571939468384,1.142987847328186
1783587600.0,1.142987847328186,1.1435105800628662,1.1427265405654907,1.143379807472229
1783591200.0,1.143379807472229,1.1435105800628662,1.1424654722213745,1.1425960063934326
1783594800.0,1.1425960063934326,1.1432491540908813,1.1425960063934326,1.1432491540908813
1783598400.0,1.143379807472229,1.1439030170440674,1.1427265405654907,1.1427265405654907
1783602000.0,1.1428571939468384,1.144164800643921,1.1428571939468384,1.144164800643921
1783605600.0,1.1442956924438477,1.144819736480713,1.1435105800628662,1.1436413526535034
1783609200.0,1.1436413526535034,1.1442956924438477,1.1432491540908813,1.144164800643921
1783612800.0,1.1442956924438477,1.144426703453064,1.1439030170440674,1.1440337896347046
1783616400.0,1.1440337896347046,1.144426703453064,1.1439030170440674,1.1440337896347046
1783620000.0,1.144164800643921,1.144164800643921,1.1435105800628662,1.1436413526535034
1783623600.0,1.1437721252441406,1.1437721252441406,1.142987847328186,1.1431183815002441
1783627200.0,1.1431183815002441,1.143379807472229,1.1431183815002441,1.1432491540908813
1783630800.0,1.1437721252441406,1.1437721252441406,1.1424654722213745,1.1435105800628662
1783634400.0,1.143379807472229,1.1436413526535034,1.1432491540908813,1.1436413526535034
1783638000.0,1.1436413526535034,1.1437721252441406,1.1435105800628662,1.1436413526535034
1783641600.0,1.1436413526535034,1.1445575952529907,1.143379807472229,1.144426703453064
1783645200.0,1.1442956924438477,1.145213007926941,1.144164800643921,1.145213007926941
1783648800.0,1.145081877708435,1.1463946104049683,1.145081877708435,1.1461317539215088
1783652400.0,1.1462632417678833,1.1462632417678833,1.145213007926941,1.1453442573547363
1783656000.0,1.145213007926941,1.145213007926941,1.144426703453064,1.1445575952529907
1783659600.0,1.1445575952529907,1.144688606262207,1.1439030170440674,1.1442956924438477
1783663200.0,1.1442956924438477,1.145081877708435,1.1442956924438477,1.1445575952529907
1783666800.0,1.144426703453064,1.1445575952529907,1.1440337896347046,1.1440337896347046
1783670400.0,1.1440337896347046,1.1445575952529907,1.143379807472229,1.143379807472229
1783674000.0,1.143379807472229,1.1436413526535034,1.142987847328186,1.1431183815002441
1783677600.0,1.1431183815002441,1.1439030170440674,1.142987847328186,1.1436413526535034
1783681200.0,1.1436413526535034,1.1437721252441406,1.142987847328186,1.1435105800628662
1783684800.0,1.1435105800628662,1.1440337896347046,1.1427265405654907,1.1432491540908813
1783688400.0,1.1432491540908813,1.1432491540908813,1.1423349380493164,1.1423349380493164
1783692000.0,1.1422044038772583,1.1431183815002441,1.1418131589889526,1.1425960063934326
1783695600.0,1.1425960063934326,1.144164800643921,1.1425960063934326,1.144164800643921
1783699200.0,1.1440337896347046,1.144426703453064,1.143379807472229,1.143379807472229
1783702800.0,1.143379807472229,1.143379807472229,1.1420739889144897,1.1420739889144897
1783706400.0,1.1420739889144897,1.1420739889144897,1.1415525674819946,1.1419435739517212
1783710000.0,1.1419435739517212,1.1419435739517212,1.1416828632354736,1.1419435739517212
1783713600.0,1.1419435739517212,1.1422044038772583,1.1415525674819946,1.1416828632354736
1783717200.0,1.1419435739517212,1.1419435739517212,1.1419435739517212,1.1419435739517212
1783897200.0,1.1397310495376587,1.1406410932540894,1.1397310495376587,1.1406410932540894
1783900800.0,1.1407711505889893,1.1407711505889893,1.1398608684539795,1.1398608684539795
1783904400.0,1.1398608684539795,1.1399909257888794,1.1389521360397339,1.1399909257888794
1783908000.0,1.1401208639144897,1.1402509212493896,1.1397310495376587,1.1398608684539795
1783911600.0,1.1398608684539795,1.1401208639144897,1.1394712924957275,1.1401208639144897
1783915200.0,1.1402509212493896,1.1407711505889893,1.1399909257888794,1.1407711505889893
1783918800.0,1.1407711505889893,1.1411616802215576,1.1401208639144897,1.1401208639144897
1783922400.0,1.1402509212493896,1.1410315036773682,1.1399909257888794,1.140380859375
1783926000.0,1.1405109167099,1.1428571939468384,1.1405109167099,1.1427265405654907
1783929600.0,1.1427265405654907,1.1449507474899292,1.1427265405654907,1.144164800643921
1783933200.0,1.1439030170440674,1.1440337896347046,1.1431183815002441,1.143379807472229
1783936800.0,1.1435105800628662,1.1439030170440674,1.142987847328186,1.1439030170440674
1783940400.0,1.1439030170440674,1.1440337896347046,1.1428571939468384,1.1431183815002441
1783944000.0,1.1431183815002441,1.1432491540908813,1.1424654722213745,1.1432491540908813
1783947600.0,1.1435105800628662,1.1435105800628662,1.1418131589889526,1.1418131589889526
1783951200.0,1.1418131589889526,1.1418131589889526,1.1401208639144897,1.1406410932540894
1783954800.0,1.1409013271331787,1.1409013271331787,1.1399909257888794,1.1406410932540894
1783958400.0,1.1405109167099,1.1405109167099,1.1386927366256714,1.1390818357467651
1783962000.0,1.139211654663086,1.1393414735794067,1.1389521360397339,1.1389521360397339
1783965600.0,1.1389521360397339,1.139211654663086,1.1388224363327026,1.1389521360397339
1783969200.0,1.1390818357467651,1.1390818357467651,1.1385631561279297,1.1385631561279297
1783972800.0,1.1386927366256714,1.1388224363327026,1.1381744146347046,1.1384334564208984
1783976400.0,1.1393414735794067,1.1393414735794067,1.1381744146347046,1.1384334564208984
1783980000.0,1.1385631561279297,1.1388224363327026,1.1384334564208984,1.1384334564208984
1783983600.0,1.1384334564208984,1.1386927366256714,1.1383039951324463,1.1385631561279297
1783987200.0,1.1386927366256714,1.139211654663086,1.1381744146347046,1.1389521360397339
1783990800.0,1.1388224363327026,1.1393414735794067,1.1388224363327026,1.139211654663086
1783994400.0,1.139211654663086,1.1397310495376587,1.139211654663086,1.1394712924957275
1783998000.0,1.1394712924957275,1.1398608684539795,1.139211654663086,1.1397310495376587
1784001600.0,1.1397310495376587,1.1397310495376587,1.1390818357467651,1.1393414735794067
1784005200.0,1.1394712924957275,1.1398608684539795,1.1394712924957275,1.1394712924957275
1784008800.0,1.1394712924957275,1.1397310495376587,1.1388224363327026,1.1389521360397339
1784012400.0,1.1388224363327026,1.1399909257888794,1.1388224363327026,1.1398608684539795
1784016000.0,1.1398608684539795,1.1409013271331787,1.1397310495376587,1.140380859375
1784019600.0,1.1402509212493896,1.1407711505889893,1.1398608684539795,1.140380859375
1784023200.0,1.140380859375,1.1405109167099,1.1394712924957275,1.1394712924957275
1784026800.0,1.1394712924957275,1.1411616802215576,1.1393414735794067,1.1410315036773682
1784030400.0,1.1409013271331787,1.1462632417678833,1.1407711505889893,1.144688606262207
1784034000.0,1.144819736480713,1.145737886428833,1.144819736480713,1.1456066370010376
1784037600.0,1.1453442573547363,1.1461317539215088,1.144426703453064,1.144819736480713
1784041200.0,1.144819736480713,1.1454753875732422,1.142987847328186,1.142987847328186
1784044800.0,1.1431183815002441,1.1437721252441406,1.1428571939468384,1.1436413526535034
1784048400.0,1.1435105800628662,1.1436413526535034,1.1423349380493164,1.1425960063934326
1784052000.0,1.1427265405654907,1.1428571939468384,1.1420739889144897,1.1425960063934326
1784055600.0,1.1427265405654907,1.1428571939468384,1.1424654722213745,1.1424654722213745
1784059200.0,1.1423349380493164,1.1425960063934326,1.1422044038772583,1.1423349380493164
1784062800.0,1.1424654722213745,1.1431183815002441,1.1422044038772583,1.1425960063934326
1784066400.0,1.1424654722213745,1.1424654722213745,1.1420739889144897,1.1424654722213745
1784070000.0,1.1423349380493164,1.1428571939468384,1.1423349380493164,1.1427265405654907
1784073600.0,1.1427265405654907,1.1437721252441406,1.1427265405654907,1.1437721252441406
1784077200.0,1.1437721252441406,1.1440337896347046,1.1435105800628662,1.1439030170440674
1784080800.0,1.1439030170440674,1.144426703453064,1.1436413526535034,1.144426703453064
1784084400.0,1.1442956924438477,1.1445575952529907,1.1437721252441406,1.144164800643921
1784088000.0,1.144164800643921,1.144426703453064,1.1440337896347046,1.1440337896347046
1784091600.0,1.1440337896347046,1.144688606262207,1.1439030170440674,1.144426703453064
1784095200.0,1.144426703453064,1.144688606262207,1.1432491540908813,1.1432491540908813
1784098800.0,1.1432491540908813,1.1435105800628662,1.1423349380493164,1.1425960063934326
1784102400.0,1.1427265405654907,1.1431183815002441,1.1424654722213745,1.1427265405654907
1784106000.0,1.1427265405654907,1.1428571939468384,1.1420739889144897,1.1420739889144897
1784109600.0,1.1420739889144897,1.1422044038772583,1.141422152519226,1.1415525674819946
1784113200.0,1.1419435739517212,1.1422044038772583,1.141422152519226,1.1416828632354736
1784116800.0,1.1416828632354736,1.1432491540908813,1.1410315036773682,1.1432491540908813
1784120400.0,1.1431183815002441,1.1437721252441406,1.1427265405654907,1.1436413526535034
1784124000.0,1.1435105800628662,1.144426703453064,1.143379807472229,1.1439030170440674
1784127600.0,1.1440337896347046,1.144426703453064,1.1435105800628662,1.1439030170440674
1784131200.0,1.1439030170440674,1.1445575952529907,1.143379807472229,1.1445575952529907
1784134800.0,1.1445575952529907,1.1477103233337402,1.1445575952529907,1.1477103233337402
1784138400.0,1.1477103233337402,1.148369312286377,1.1471836566925049,1.1471836566925049
1784142000.0,1.1469204425811768,1.1477103233337402,1.1465259790420532,1.1467890739440918
1784145600.0,1.1467890739440918,1.1467890739440918,1.1463946104049683,1.1466574668884277
1784149200.0,1.1467890739440918,1.147315263748169,1.1463946104049683,1.1467890739440918
1784152800.0,1.1469204425811768,1.1471836566925049,1.1469204425811768,1.1469204425811768
1784156400.0,1.1471836566925049,1.147446870803833,1.1470520496368408,1.147315263748169
1784160000.0,1.147315263748169,1.1477103233337402,1.1470520496368408,1.1477103233337402
1784163600.0,1.1477103233337402,1.1477103233337402,1.1467890739440918,1.1469204425811768
1784167200.0,1.1469204425811768,1.1469204425811768,1.1463946104049683,1.1467890739440918
1784170800.0,1.1467890739440918,1.1471836566925049,1.1466574668884277,1.1469204425811768
1784174400.0,1.1469204425811768,1.1470520496368408,1.1466574668884277,1.1469204425811768
1784178000.0,1.1469204425811768,1.1471836566925049,1.1466574668884277,1.1466574668884277
1784181600.0,1.1467890739440918,1.147446870803833,1.1467890739440918,1.1471836566925049
1784185200.0,1.1471836566925049,1.1479737758636475,1.1470520496368408,1.147315263748169
1784188800.0,1.1471836566925049,1.147446870803833,1.1466574668884277,1.1469204425811768
1784192400.0,1.1469204425811768,1.1470520496368408,1.1463946104049683,1.1469204425811768
1784196000.0,1.1469204425811768,1.1471836566925049,1.1463946104049683,1.1463946104049683
1784199600.0,1.1462632417678833,1.1471836566925049,1.1461317539215088,1.1471836566925049
1784203200.0,1.1471836566925049,1.147315263748169,1.145081877708435,1.145081877708435
1784206800.0,1.145081877708435,1.1462632417678833,1.1449507474899292,1.1454753875732422
1784210400.0,1.1453442573547363,1.145737886428833,1.1442956924438477,1.144688606262207
1784214000.0,1.1445575952529907,1.145213007926941,1.1440337896347046,1.1449507474899292
1784217600.0,1.145081877708435,1.145081877708435,1.1437721252441406,1.1437721252441406
1784221200.0,1.1437721252441406,1.144164800643921,1.1435105800628662,1.1440337896347046
1784224800.0,1.1440337896347046,1.144164800643921,1.1437721252441406,1.144164800643921
1784228400.0,1.144164800643921,1.144426703453064,1.1437721252441406,1.144426703453064
1784232000.0,1.1442956924438477,1.144819736480713,1.144164800643921,1.144819736480713
1784235600.0,1.144426703453064,1.144819736480713,1.1442956924438477,1.1445575952529907
1784239200.0,1.1445575952529907,1.144819736480713,1.1445575952529907,1.144688606262207
1784242800.0,1.144688606262207,1.1449507474899292,1.1445575952529907,1.144819736480713
1784246400.0,1.144819736480713,1.1449507474899292,1.144426703453064,1.1449507474899292
1784250000.0,1.1449507474899292,1.145081877708435,1.144164800643921,1.144164800643921
1784253600.0,1.1442956924438477,1.144426703453064,1.1440337896347046,1.1440337896347046
1784257200.0,1.1440337896347046,1.1442956924438477,1.1439030170440674,1.1442956924438477
1784260800.0,1.1442956924438477,1.1442956924438477,1.1439030170440674,1.1439030170440674
1784264400.0,1.1439030170440674,1.144688606262207,1.1439030170440674,1.1442956924438477
1784268000.0,1.1442956924438477,1.1454753875732422,1.1442956924438477,1.1453442573547363
1784271600.0,1.1453442573547363,1.1456066370010376,1.144688606262207,1.1449507474899292
1784275200.0,1.144819736480713,1.145081877708435,1.1440337896347046,1.1445575952529907
1784278800.0,1.144426703453064,1.1445575952529907,1.1440337896347046,1.1442956924438477
1784282400.0,1.1442956924438477,1.1442956924438477,1.142987847328186,1.142987847328186
1784286000.0,1.142987847328186,1.1439030170440674,1.1428571939468384,1.143379807472229
1784289600.0,1.143379807472229,1.1439030170440674,1.142987847328186,1.1431183815002441
1784293200.0,1.1432491540908813,1.1440337896347046,1.1428571939468384,1.1439030170440674
1784296800.0,1.1439030170440674,1.144688606262207,1.1436413526535034,1.1442956924438477
1784300400.0,1.1442956924438477,1.144688606262207,1.1440337896347046,1.1442956924438477
1784304000.0,1.1442956924438477,1.144426703453064,1.1437721252441406,1.144164800643921
1784307600.0,1.144164800643921,1.144164800643921,1.1436413526535034,1.1437721252441406
1784311200.0,1.1437721252441406,1.1440337896347046,1.1437721252441406,1.1440337896347046
1784314800.0,1.1439030170440674,1.144426703453064,1.1437721252441406,1.144426703453064
1784318400.0,1.144426703453064,1.1445575952529907,1.1439030170440674,1.1440337896347046
1784322000.0,1.1442956924438477,1.1445575952529907,1.1442956924438477,1.1445575952529907
1784502000.0,1.142987847328186,1.1431183815002441,1.1427265405654907,1.142987847328186
1784505600.0,1.142987847328186,1.1436413526535034,1.142987847328186,1.1436413526535034
1784509200.0,1.1437721252441406,1.1439030170440674,1.1435105800628662,1.1439030170440674
1784512800.0,1.1439030170440674,1.1445575952529907,1.1439030170440674,1.144426703453064
1784516400.0,1.144426703453064,1.1445575952529907,1.1442956924438477,1.1445575952529907
1784520000.0,1.1445575952529907,1.144819736480713,1.144426703453064,1.144819736480713
1784523600.0,1.144819736480713,1.144819736480713,1.1442956924438477,1.144426703453064
1784527200.0,1.144426703453064,1.1445575952529907,1.1437721252441406,1.1437721252441406
1784530800.0,1.1437721252441406,1.145213007926941,1.1437721252441406,1.144688606262207
1784534400.0,1.144819736480713,1.144819736480713,1.144164800643921,1.1442956924438477
1784538000.0,1.1442956924438477,1.1442956924438477,1.1431183815002441,1.143379807472229
1784541600.0,1.143379807472229,1.1439030170440674,1.1432491540908813,1.1435105800628662
1784545200.0,1.1435105800628662,1.1442956924438477,1.1432491540908813,1.1432491540908813
1784548800.0,1.1431183815002441,1.1432491540908813,1.1420739889144897,1.1427265405654907
1784552400.0,1.1427265405654907,1.1427265405654907,1.1418131589889526,1.1420739889144897
1784556000.0,1.1419435739517212,1.1420739889144897,1.1406410932540894,1.1410315036773682
1784559600.0,1.1410315036773682,1.1415525674819946,1.1409013271331787,1.1415525674819946
1784563200.0,1.141422152519226,1.1419435739517212,1.141291856765747,1.141422152519226
1784566800.0,1.1415525674819946,1.1418131589889526,1.141422152519226,1.1416828632354736
1784570400.0,1.1416828632354736,1.1422044038772583,1.1416828632354736,1.1418131589889526
1784574000.0,1.1419435739517212,1.1420739889144897,1.1416828632354736,1.1419435739517212
1784577600.0,1.1419435739517212,1.1419435739517212,1.1415525674819946,1.1416828632354736
1784581200.0,1.1419435739517212,1.1423349380493164,1.141291856765747,1.1416828632354736
1784584800.0,1.141422152519226,1.1416828632354736,1.141291856765747,1.1416828632354736
1784588400.0,1.1416828632354736,1.1418131589889526,1.1415525674819946,1.1418131589889526
1784592000.0,1.1419435739517212,1.1420739889144897,1.1415525674819946,1.1416828632354736
1784595600.0,1.1415525674819946,1.1419435739517212,1.1415525674819946,1.1418131589889526
1784599200.0,1.1418131589889526,1.1419435739517212,1.141422152519226,1.141422152519226
1784602800.0,1.1415525674819946,1.1418131589889526,1.141291856765747,1.1415525674819946
1784606400.0,1.1415525674819946,1.1420739889144897,1.1415525674819946,1.1420739889144897
1784610000.0,1.1420739889144897,1.1424654722213745,1.1419435739517212,1.1420739889144897
1784613600.0,1.1422044038772583,1.1425960063934326,1.1420739889144897,1.1425960063934326
1784617200.0,1.1425960063934326,1.142987847328186,1.1424654722213745,1.1425960063934326
1784620800.0,1.1425960063934326,1.1428571939468384,1.1423349380493164,1.1424654722213745
1784624400.0,1.1424654722213745,1.1431183815002441,1.1424654722213745,1.1425960063934326
1784628000.0,1.1425960063934326,1.1431183815002441,1.1423349380493164,1.1424654722213745
1784631600.0,1.1424654722213745,1.1425960063934326,1.1420739889144897,1.1422044038772583
1784635200.0,1.1423349380493164,1.1423349380493164,1.1418131589889526,1.1420739889144897
1784638800.0,1.1419435739517212,1.1420739889144897,1.1409013271331787,1.1415525674819946
1784642400.0,1.1415525674819946,1.1422044038772583,1.1406410932540894,1.1409013271331787
1784646000.0,1.1409013271331787,1.141422152519226,1.1406410932540894,1.1410315036773682
1784649600.0,1.1410315036773682,1.141422152519226,1.1410315036773682,1.1411616802215576
1784653200.0,1.1411616802215576,1.141291856765747,1.1410315036773682,1.1410315036773682
1784656800.0,1.1409013271331787,1.1409013271331787,1.1402509212493896,1.1406410932540894
1784660400.0,1.1407711505889893,1.1407711505889893,1.140380859375,1.140380859375
1784664000.0,1.1405109167099,1.1406410932540894,1.1401208639144897,1.1401208639144897
1784667600.0,1.1399909257888794,1.1406410932540894,1.1398608684539795,1.1406410932540894
1784671200.0,1.140380859375,1.140380859375,1.1402509212493896,1.1402509212493896
1784674800.0,1.1402509212493896,1.1405109167099,1.1401208639144897,1.1405109167099
1784678400.0,1.140380859375,1.1410315036773682,1.140380859375,1.1407711505889893
1784682000.0,1.1407711505889893,1.1410315036773682,1.1401208639144897,1.1406410932540894
1784685600.0,1.1406410932540894,1.141291856765747,1.1405109167099,1.1409013271331787
1784689200.0,1.1409013271331787,1.1411616802215576,1.1407711505889893,1.1410315036773682
1784692800.0,1.1410315036773682,1.1411616802215576,1.1409013271331787,1.1411616802215576
1784696400.0,1.1411616802215576,1.141291856765747,1.1409013271331787,1.141291856765747
1784700000.0,1.141291856765747,1.1416828632354736,1.1410315036773682,1.141422152519226
1784703600.0,1.141422152519226,1.1420739889144897,1.1407711505889893,1.141291856765747
1784707200.0,1.141291856765747,1.1415525674819946,1.1407711505889893,1.141291856765747
1784710800.0,1.141422152519226,1.1415525674819946,1.1407711505889893,1.1407711505889893
1784714400.0,1.1407711505889893,1.1410315036773682,1.140380859375,1.1406410932540894
1784718000.0,1.1407711505889893,1.1410315036773682,1.1406410932540894,1.1409013271331787
1784721600.0,1.1410315036773682,1.1416828632354736,1.1410315036773682,1.141291856765747
1784725200.0,1.1411616802215576,1.1423349380493164,1.1411616802215576,1.1416828632354736
1784728800.0,1.1418131589889526,1.1420739889144897,1.1411616802215576,1.141291856765747
1784732400.0,1.1411616802215576,1.1416828632354736,1.1411616802215576,1.1416828632354736
1784736000.0,1.1416828632354736,1.1416828632354736,1.1410315036773682,1.141291856765747
1784739600.0,1.141291856765747,1.1415525674819946,1.1411616802215576,1.141291856765747
1784743200.0,1.141422152519226,1.141422152519226,1.1411616802215576,1.141422152519226
1784746800.0,1.141422152519226,1.1415525674819946,1.141291856765747,1.141422152519226
1784750400.0,1.141422152519226,1.1415525674819946,1.141422152519226,1.141422152519226
1784754000.0,1.1409013271331787,1.1415525674819946,1.1409013271331787,1.1409013271331787
1784757600.0,1.141291856765747,1.141291856765747,1.1409013271331787,1.1410315036773682
1784761200.0,1.1411616802215576,1.1415525674819946,1.1411616802215576,1.141422152519226
1784764800.0,1.1415525674819946,1.1420739889144897,1.141422152519226,1.1420739889144897
1784768400.0,1.1420739889144897,1.1423349380493164,1.1419435739517212,1.1419435739517212
1784772000.0,1.1419435739517212,1.1431183815002441,1.1419435739517212,1.1431183815002441
1784775600.0,1.1432491540908813,1.143379807472229,1.1427265405654907,1.1432491540908813
1784779200.0,1.1431183815002441,1.1439030170440674,1.1431183815002441,1.1436413526535034
1784782800.0,1.1436413526535034,1.1437721252441406,1.1432491540908813,1.143379807472229
1784786400.0,1.143379807472229,1.1436413526535034,1.1427265405654907,1.1428571939468384
1784790000.0,1.1427265405654907,1.142987847328186,1.1424654722213745,1.1427265405654907
1784793600.0,1.1428571939468384,1.1428571939468384,1.1411616802215576,1.141422152519226
1784797200.0,1.141291856765747,1.1418131589889526,1.141291856765747,1.1415525674819946
1784800800.0,1.1416828632354736,1.1416828632354736,1.1407711505889893,1.1407711505889893
1784804400.0,1.1406410932540894,1.1409013271331787,1.1388224363327026,1.1398608684539795
1784808000.0,1.1397310495376587,1.1397310495376587,1.138044834136963,1.1388224363327026
1784811600.0,1.1389521360397339,1.1389521360397339,1.137268304824829,1.1377859115600586
1784815200.0,1.1377859115600586,1.1377859115600586,1.1367511749267578,1.1373976469039917
1784818800.0,1.1373976469039917,1.1377859115600586,1.1370097398757935,1.1375269889831543
1784822400.0,1.1376564502716064,1.1383039951324463,1.1376564502716064,1.1383039951324463
1784826000.0,1.1383039951324463,1.1384334564208984,1.1375269889831543,1.1375269889831543
1784829600.0,1.1375269889831543,1.1379153728485107,1.1373976469039917,1.1377859115600586
1784833200.0,1.1381744146347046,1.1381744146347046,1.1377859115600586,1.138044834136963
1784836800.0,1.1381744146347046,1.1383039951324463,1.138044834136963,1.138044834136963
1784840400.0,1.1375269889831543,1.1384334564208984,1.1375269889831543,1.1381744146347046
1784844000.0,1.1379153728485107,1.1383039951324463,1.1379153728485107,1.1383039951324463
1784847600.0,1.1383039951324463,1.1383039951324463,1.1379153728485107,1.138044834136963
1784851200.0,1.1379153728485107,1.1386927366256714,1.1379153728485107,1.1386927366256714
1784854800.0,1.1388224363327026,1.1390818357467651,1.1385631561279297,1.1386927366256714
1784858400.0,1.1388224363327026,1.1390818357467651,1.1385631561279297,1.1385631561279297
1784862000.0,1.1384334564208984,1.1385631561279297,1.1381744146347046,1.1385631561279297
1784865600.0,1.1385631561279297,1.1386927366256714,1.138044834136963,1.1381744146347046
1784869200.0,1.1383039951324463,1.1386927366256714,1.138044834136963,1.138044834136963
1784872800.0,1.1381744146347046,1.1389521360397339,1.138044834136963,1.1389521360397339
1784876400.0,1.1390818357467651,1.140380859375,1.1389521360397339,1.1393414735794067
1784880000.0,1.1393414735794067,1.1393414735794067,1.1384334564208984,1.1386927366256714
1784883600.0,1.1385631561279297,1.1390818357467651,1.1385631561279297,1.1390818357467651
1784887200.0,1.139211654663086,1.1396011114120483,1.1385631561279297,1.1386927366256714
1784890800.0,1.1385631561279297,1.1390818357467651,1.1375269889831543,1.1377859115600586
1784894400.0,1.1379153728485107,1.1381744146347046,1.1371389627456665,1.137268304824829
1784898000.0,1.1373976469039917,1.1379153728485107,1.1368803977966309,1.1379153728485107
1784901600.0,1.138044834136963,1.1383039951324463,1.1373976469039917,1.1383039951324463
1784905200.0,1.138044834136963,1.1393414735794067,1.138044834136963,1.1386927366256714
1784908800.0,1.1386927366256714,1.1389521360397339,1.1381744146347046,1.1381744146347046
1784912400.0,1.138044834136963,1.138044834136963,1.1371389627456665,1.137268304824829
1784916000.0,1.137268304824829,1.1373976469039917,1.1370097398757935,1.137268304824829
1784919600.0,1.1373976469039917,1.1375269889831543,1.1371389627456665,1.1373976469039917
1784923200.0,1.1373976469039917,1.1376564502716064,1.1370097398757935,1.1373976469039917
1784926800.0,1.1375269889831543,1.1375269889831543,1.1375269889831543,1.1375269889831543
1785106800.0,1.1393414735794067,1.1398608684539795,1.139211654663086,1.1398608684539795
1785110400.0,1.1399909257888794,1.1415525674819946,1.1399909257888794,1.1405109167099
1785114000.0,1.1406410932540894,1.1416828632354736,1.1406410932540894,1.1416828632354736
1785117600.0,1.1416828632354736,1.1416828632354736,1.1409013271331787,1.1409013271331787
1785121200.0,1.1410315036773682,1.1410315036773682,1.1405109167099,1.1406410932540894
1785124800.0,1.1406410932540894,1.1409013271331787,1.1405109167099,1.1407711505889893
1785128400.0,1.1405109167099,1.1410315036773682,1.1405109167099,1.1409013271331787
1785132000.0,1.1410315036773682,1.1420739889144897,1.1410315036773682,1.141291856765747
1785135600.0,1.1411616802215576,1.141291856765747,1.1402509212493896,1.1402509212493896
1785139200.0,1.1401208639144897,1.1406410932540894,1.1398608684539795,1.1406410932540894
1785142800.0,1.1405109167099,1.1406410932540894,1.1398608684539795,1.1399909257888794
1785146400.0,1.1398608684539795,1.1405109167099,1.1397310495376587,1.1397310495376587
1785150000.0,1.1398608684539795,1.1398608684539795,1.1388224363327026,1.1389521360397339
1785153600.0,1.1390818357467651,1.1393414735794067,1.138044834136963,1.1388224363327026
1785157200.0,1.1385631561279297,1.1389521360397339,1.1376564502716064,1.1376564502716064
1785160800.0,1.1373976469039917,1.1379153728485107,1.137268304824829,1.1373976469039917
1785164400.0,1.1375269889831543,1.138044834136963,1.137268304824829,1.1379153728485107
1785168000.0,1.1377859115600586,1.1388224363327026,1.1377859115600586,1.1383039951324463
1785171600.0,1.1381744146347046,1.1383039951324463,1.1371389627456665,1.1376564502716064
1785175200.0,1.1375269889831543,1.1376564502716064,1.1371389627456665,1.1371389627456665
1785178800.0,1.137268304824829,1.1376564502716064,1.1370097398757935,1.1373976469039917
1785182400.0,1.137268304824829,1.1375269889831543,1.1370097398757935,1.1371389627456665
1785186000.0,1.1364928483963013,1.1384334564208984,1.1364928483963013,1.1375269889831543
1785189600.0,1.137268304824829,1.1375269889831543,1.137268304824829,1.137268304824829
1785193200.0,1.137268304824829,1.1373976469039917,1.1371389627456665,1.137268304824829
1785196800.0,1.1371389627456665,1.1377859115600586,1.1370097398757935,1.1377859115600586
1785200400.0,1.1377859115600586,1.138044834136963,1.1373976469039917,1.1376564502716064
1785204000.0,1.1376564502716064,1.1381744146347046,1.1375269889831543,1.138044834136963
1785207600.0,1.138044834136963,1.1383039951324463,1.1376564502716064,1.1377859115600586
1785211200.0,1.1376564502716064,1.1376564502716064,1.1371389627456665,1.137268304824829
1785214800.0,1.1371389627456665,1.1371389627456665,1.1364928483963013,1.1370097398757935
1785218400.0,1.1370097398757935,1.1375269889831543,1.1368803977966309,1.1371389627456665
1785222000.0,1.1371389627456665,1.1376564502716064,1.1367511749267578,1.1368803977966309
1785225600.0,1.1368803977966309,1.1375269889831543,1.1368803977966309,1.1375269889831543
1785229200.0,1.1376564502716064,1.1376564502716064,1.1359764337539673,1.1359764337539673
1785232800.0,1.1359764337539673,1.1366219520568848,1.1357183456420898,1.1363636255264282
1785236400.0,1.1364928483963013,1.1371389627456665,1.1361054182052612,1.1370097398757935
1785240000.0,1.1368803977966309,1.1371389627456665,1.1364928483963013,1.1370097398757935
1785243600.0,1.1368803977966309,1.1376564502716064,1.1368803977966309,1.1373976469039917
1785247200.0,1.1375269889831543,1.1389521360397339,1.1375269889831543,1.1389521360397339
1785250800.0,1.1389521360397339,1.1405109167099,1.1388224363327026,1.140380859375
1785254400.0,1.140380859375,1.1407711505889893,1.1399909257888794,1.1399909257888794
1785258000.0,1.1398608684539795,1.1399909257888794,1.139211654663086,1.1393414735794067
1785261600.0,1.139211654663086,1.1394712924957275,1.1389521360397339,1.1389521360397339
1785265200.0,1.1389521360397339,1.1394712924957275,1.1389521360397339,1.1390818357467651
1785268800.0,1.1390818357467651,1.139211654663086,1.1388224363327026,1.1389521360397339
1785272400.0,1.1385631561279297,1.1398608684539795,1.1383039951324463,1.1394712924957275
1785276000.0,1.139211654663086,1.1394712924957275,1.1388224363327026,1.1388224363327026
1785279600.0,1.1388224363327026,1.1389521360397339,1.1385631561279297,1.1389521360397339
1785283200.0,1.1388224363327026,1.1393414735794067,1.1385631561279297,1.1393414735794067
1785286800.0,1.1394712924957275,1.1396011114120483,1.1389521360397339,1.1394712924957275
1785290400.0,1.1394712924957275,1.1398608684539795,1.1393414735794067,1.1397310495376587
1785294000.0,1.1397310495376587,1.140380859375,1.1397310495376587,1.1399909257888794
1785297600.0,1.1399909257888794,1.1406410932540894,1.1399909257888794,1.1405109167099
1785301200.0,1.1405109167099,1.1406410932540894,1.1401208639144897,1.1401208639144897
1785304800.0,1.1402509212493896,1.140380859375,1.1393414735794067,1.1394712924957275
1785308400.0,1.1394712924957275,1.140380859375,1.1394712924957275,1.1401208639144897
1785312000.0,1.1401208639144897,1.140380859375,1.1396011114120483,1.1399909257888794
1785315600.0,1.1398608684539795,1.1399909257888794,1.1396011114120483,1.1396011114120483
1785319200.0,1.1394712924957275,1.1396011114120483,1.1386927366256714,1.1388224363327026
1785322800.0,1.1389521360397339,1.139211654663086,1.1384334564208984,1.1384334564208984
1785326400.0,1.1385631561279297,1.1385631561279297,1.1379153728485107,1.138044834136963
1785330000.0,1.1383039951324463,1.1394712924957275,1.138044834136963,1.1393414735794067
1785333600.0,1.1396011114120483,1.1399909257888794,1.1384334564208984,1.1384334564208984
1785337200.0,1.1384334564208984,1.1388224363327026,1.1381744146347046,1.1385631561279297
1785340800.0,1.1385631561279297,1.1388224363327026,1.138044834136963,1.1388224363327026
1785344400.0,1.1388224363327026,1.1402509212493896,1.1388224363327026,1.1399909257888794
1785348000.0,1.1418131589889526,1.1454753875732422,1.1411616802215576,1.1453442573547363
1785351600.0,1.1456066370010376,1.1469204425811768,1.144688606262207,1.145213007926941
1785355200.0,1.145081877708435,1.147315263748169,1.145081877708435,1.1470520496368408
1785358800.0,1.1475785970687866,1.1492931842803955,1.1453442573547363,1.1465259790420532
1785362400.0,1.1469204425811768,1.147446870803833,1.1469204425811768,1.147446870803833
1785366000.0,1.1475785970687866,1.1478420495986938,1.1467890739440918,1.1470520496368408
1785369600.0,1.1470520496368408,1.1471836566925049,1.1460003852844238,1.1461317539215088
1785373200.0,1.1461317539215088,1.1463946104049683,1.1456066370010376,1.1456066370010376
1785376800.0,1.1458691358566284,1.1458691358566284,1.1454753875732422,1.1456066370010376
1785380400.0,1.1456066370010376,1.145737886428833,1.145213007926941,1.1453442573547363
1785384000.0,1.145213007926941,1.145737886428833,1.145213007926941,1.1453442573547363
1785387600.0,1.1453442573547363,1.1460003852844238,1.145213007926941,1.1453442573547363
1785391200.0,1.1454753875732422,1.1454753875732422,1.144688606262207,1.145081877708435
1785394800.0,1.145081877708435,1.1454753875732422,1.1439030170440674,1.144164800643921
1785398400.0,1.144426703453064,1.145737886428833,1.1442956924438477,1.145213007926941
1785402000.0,1.1453442573547363,1.1470520496368408,1.1453442573547363,1.1467890739440918
1785405600.0,1.1467890739440918,1.1486331224441528,1.1465259790420532,1.1477103233337402
1785409200.0,1.1478420495986938,1.1479737758636475,1.1469204425811768,1.1478420495986938
1785412800.0,1.1479737758636475,1.1486331224441528,1.147446870803833,1.1477103233337402
1785416400.0,1.1477103233337402,1.1526048183441162,1.147315263748169,1.1526048183441162
1785420000.0,1.1526048183441162,1.1538017988204956,1.1507480144500732,1.1507480144500732
1785423600.0,1.150483250617981,1.1527377367019653,1.15035080909729,1.1524720191955566
1785427200.0,1.1527377367019653,1.15340256690979,1.1527377367019653,1.1531364917755127
1785430800.0,1.1532695293426514,1.1532695293426514,1.1519410610198975,1.1531364917755127
1785434400.0,1.1535356044769287,1.1538017988204956,1.1531364917755127,1.1538017988204956
1785438000.0,1.1539349555969238,1.1539349555969238,1.1531364917755127,1.1535356044769287
1785441600.0,1.15340256690979,1.1535356044769287,1.1530035734176636,1.1531364917755127
1785445200.0,1.1531364917755127,1.1532695293426514,1.1527377367019653,1.1528706550598145
1785448800.0,1.1530035734176636,1.15340256690979,1.1528706550598145,1.1531364917755127
1785452400.0,1.1532695293426514,1.15340256690979,1.1526048183441162,1.1526048183441162
1785456000.0,1.1527377367019653,1.1530035734176636,1.1519410610198975,1.1522064208984375
1785459600.0,1.1522064208984375,1.152339220046997,1.151410460472107,1.151410460472107
1785463200.0,1.151410460472107,1.1519410610198975,1.151410460472107,1.151543140411377
1785466800.0,1.151543140411377,1.1516757011413574,1.151012897491455,1.1516757011413574
1785470400.0,1.1516757011413574,1.1516757011413574,1.1508804559707642,1.151145339012146
1785474000.0,1.151145339012146,1.1512778997421265,1.1508804559707642,1.151012897491455
1785477600.0,1.1508804559707642,1.1524720191955566,1.1508804559707642,1.1520737409591675
1785481200.0,1.1520737409591675,1.1527377367019653,1.151543140411377,1.1516757011413574
1785484800.0,1.1518083810806274,1.1528706550598145,1.1508804559707642,1.1528706550598145
1785488400.0,1.1527377367019653,1.1527377367019653,1.1507480144500732,1.1508804559707642
1785492000.0,1.1507480144500732,1.151145339012146,1.150483250617981,1.150483250617981
1785495600.0,1.150483250617981,1.150483250617981,1.1488970518112183,1.1488970518112183
1785499200.0,1.1487650871276855,1.1494252681732178,1.1486331224441528,1.1492931842803955
1785502800.0,1.1491611003875732,1.1506155729293823,1.1461317539215088,1.1470520496368408
1785506400.0,1.1470520496368408,1.1508804559707642,1.1466574668884277,1.1508804559707642
1785510000.0,1.151012897491455,1.1522064208984375,1.1500862836837769,1.1522064208984375
1785513600.0,1.1520737409591675,1.1522064208984375,1.1516757011413574,1.1520737409591675
1785517200.0,1.1522064208984375,1.154068112373352,1.1520737409591675,1.1538017988204956
1785520800.0,1.1536686420440674,1.1538017988204956,1.1528706550598145,1.15340256690979
1785524400.0,1.1535356044769287,1.1539349555969238,1.1530035734176636,1.15340256690979
1785528000.0,1.15340256690979,1.155001163482666,1.1528706550598145,1.1532695293426514
1785531600.0,1.1527377367019653,1.1527377367019653,1.1527377367019653,1.1527377367019653
1785711600.0,1.1552680730819702,1.1552680730819702,1.1546010971069336,1.1547343730926514
1785715200.0,1.154334545135498,1.1558021306991577,1.1539349555969238,1.1546010971069336
1785718800.0,1.154334545135498,1.1547343730926514,1.15340256690979,1.1535356044769287
1785722400.0,1.1535356044769287,1.1538017988204956,1.1532695293426514,1.15340256690979
1785726000.0,1.15340256690979,1.15340256690979,1.1530035734176636,1.15340256690979
1785729600.0,1.15340256690979,1.1539349555969238,1.1532695293426514,1.1538017988204956
1785733200.0,1.1538017988204956,1.154068112373352,1.1535356044769287,1.154068112373352
1785736800.0,1.1542012691497803,1.1542012691497803,1.1527377367019653,1.1530035734176636
1785740400.0,1.1531364917755127,1.1535356044769287,1.1524720191955566,1.1530035734176636
1785744000.0,1.1527377367019653,1.1530035734176636,1.1524720191955566,1.1526048183441162
1785747600.0,1.1527377367019653,1.1532695293426514,1.152339220046997,1.1526048183441162
1785751200.0,1.1524720191955566,1.1527377367019653,1.1520737409591675,1.1526048183441162
1785754800.0,1.1527377367019653,1.1535356044769287,1.1524720191955566,1.1535356044769287
1785758400.0,1.1536686420440674,1.1538017988204956,1.1526048183441162,1.1531364917755127
1785762000.0,1.1532695293426514,1.1538017988204956,1.1526048183441162,1.1530035734176636
1785765600.0,1.1526048183441162,1.1530035734176636,1.151410460472107,1.1518083810806274
1785769200.0,1.151543140411377,1.151543140411377,1.1506155729293823,1.1512778997421265
1785772800.0,1.1512778997421265,1.151410460472107,1.1508804559707642,1.151012897491455
1785776400.0,1.1508804559707642,1.1508804559707642,1.150483250617981,1.150483250617981
1785780000.0,1.150483250617981,1.1518083810806274,1.150483250617981,1.1516757011413574
1785783600.0,1.1516757011413574,1.1518083810806274,1.1512778997421265,1.151410460472107
1785787200.0,1.151410460472107,1.151410460472107,1.151012897491455,1.151145339012146
1785790800.0,1.1516757011413574,1.1518083810806274,1.151012897491455,1.151410460472107
1785794400.0,1.151543140411377,1.151543140411377,1.151012897491455,1.151145339012146
1785798000.0,1.1512778997421265,1.151410460472107,1.151012897491455,1.151012897491455
1785801600.0,1.151145339012146,1.1518083810806274,1.1508804559707642,1.1508804559707642
1785805200.0,1.1507480144500732,1.1518083810806274,1.1506155729293823,1.151543140411377
1785808800.0,1.1516757011413574,1.1516757011413574,1.151145339012146,1.151145339012146
1785812400.0,1.151410460472107,1.151543140411377,1.151145339012146,1.151145339012146
1785816000.0,1.1512778997421265,1.151410460472107,1.151012897491455,1.1512778997421265
1785819600.0,1.1512778997421265,1.151410460472107,1.1507480144500732,1.151012897491455
1785823200.0,1.151012897491455,1.1512778997421265,1.1507480144500732,1.151012897491455
1785826800.0,1.151145339012146,1.1519410610198975,1.151145339012146,1.151410460472107
1785830400.0,1.151543140411377,1.1516757011413574,1.151012897491455,1.151145339012146
1785834000.0,1.151145339012146,1.151410460472107,1.1507480144500732,1.151145339012146
1785837600.0,1.151145339012146,1.1522064208984375,1.151145339012146,1.1516757011413574
1785841200.0,1.1516757011413574,1.1526048183441162,1.151543140411377,1.1519410610198975
1785844800.0,1.1520737409591675,1.1526048183441162,1.1516757011413574,1.1518083810806274
1785848400.0,1.1518083810806274,1.1528706550598145,1.151410460472107,1.1527377367019653
1785852000.0,1.1527377367019653,1.15340256690979,1.152339220046997,1.1526048183441162
1785855600.0,1.1527377367019653,1.1530035734176636,1.1518083810806274,1.1528706550598145
1785859200.0,1.1528706550598145,1.1528706550598145,1.1520737409591675,1.1522064208984375
1785862800.0,1.152339220046997,1.1528706550598145,1.152339220046997,1.1527377367019653
1785866400.0,1.1527377367019653,1.1536686420440674,1.1526048183441162,1.1535356044769287
1785870000.0,1.1535356044769287,1.1536686420440674,1.1532695293426514,1.15340256690979
1785873600.0,1.15340256690979,1.1536686420440674,1.15340256690979,1.1535356044769287
1785877200.0,1.1531364917755127,1.15340256690979,1.1530035734176636,1.1532695293426514
1785880800.0,1.15340256690979,1.1535356044769287,1.15340256690979,1.1535356044769287
1785884400.0,1.1535356044769287,1.1536686420440674,1.1532695293426514,1.1535356044769287
1785888000.0,1.1535356044769287,1.1538017988204956,1.15340256690979,1.15340256690979
1785891600.0,1.1532695293426514,1.1535356044769287,1.1530035734176636,1.1530035734176636
1785895200.0,1.1531364917755127,1.154334545135498,1.1531364917755127,1.1538017988204956
1785898800.0,1.1538017988204956,1.1544678211212158,1.1538017988204956,1.154068112373352
1785902400.0,1.154068112373352,1.154334545135498,1.1538017988204956,1.1539349555969238
1785906000.0,1.1538017988204956,1.154068112373352,1.1535356044769287,1.1539349555969238
1785909600.0,1.1538017988204956,1.1548677682876587,1.1535356044769287,1.1548677682876587
1785913200.0,1.1548677682876587,1.1548677682876587,1.1538017988204956,1.1542012691497803
1785916800.0,1.154334545135498,1.1547343730926514,1.1535356044769287,1.1539349555969238
1785920400.0,1.154068112373352,1.1546010971069336,1.1536686420440674,1.154334545135498
1785924000.0,1.154334545135498,1.1544678211212158,1.1538017988204956,1.154334545135498
1785927600.0,1.1544678211212158,1.1558021306991577,1.1544678211212158,1.1555349826812744
1785931200.0,1.1556684970855713,1.1559356451034546,1.1548677682876587,1.1548677682876587
1785934800.0,1.1547343730926514,1.1556684970855713,1.1544678211212158,1.1547343730926514
1785938400.0,1.1551345586776733,1.1559356451034546,1.1548677682876587,1.1556684970855713
1785942000.0,1.1558021306991577,1.1559356451034546,1.1546010971069336,1.155001163482666
1785945600.0,1.1551345586776733,1.1551345586776733,1.1547343730926514,1.1548677682876587
1785949200.0,1.155001163482666,1.1560693979263306,1.1547343730926514,1.1559356451034546
1785952800.0,1.1559356451034546,1.156203031539917,1.1558021306991577,1.1558021306991577
1785956400.0,1.1558021306991577,1.1558021306991577,1.1551345586776733,1.155401587486267
1785960000.0,1.1556684970855713,1.1556684970855713,1.1552680730819702,1.1556684970855713
1785963600.0,1.156336784362793,1.156336784362793,1.155401587486267,1.1555349826812744
1785967200.0,1.1556684970855713,1.1559356451034546,1.1555349826812744,1.1558021306991577
1785970800.0,1.1558021306991577,1.156203031539917,1.1558021306991577,1.1560693979263306
1785974400.0,1.1559356451034546,1.156203031539917,1.1558021306991577,1.1559356451034546
1785978000.0,1.1559356451034546,1.1560693979263306,1.1556684970855713,1.1558021306991577
1785981600.0,1.1559356451034546,1.1560693979263306,1.1556684970855713,1.1556684970855713
1785985200.0,1.1556684970855713,1.1556684970855713,1.155001163482666,1.1552680730819702
1785988800.0,1.1551345586776733,1.1552680730819702,1.155001163482666,1.1552680730819702
1785992400.0,1.1552680730819702,1.155401587486267,1.1548677682876587,1.1552680730819702
1785996000.0,1.1555349826812744,1.1555349826812744,1.1547343730926514,1.1548677682876587
1785999600.0,1.1548677682876587,1.155001163482666,1.1544678211212158,1.1547343730926514
1786003200.0,1.1547343730926514,1.1548677682876587,1.154334545135498,1.1546010971069336
1786006800.0,1.1546010971069336,1.1547343730926514,1.154068112373352,1.1542012691497803
1786010400.0,1.1542012691497803,1.1546010971069336,1.1539349555969238,1.1544678211212158
1786014000.0,1.1546010971069336,1.155001163482666,1.1542012691497803,1.1548677682876587
1786017600.0,1.1547343730926514,1.1548677682876587,1.154068112373352,1.1542012691497803
1786021200.0,1.154334545135498,1.1547343730926514,1.1539349555969238,1.1547343730926514
1786024800.0,1.1547343730926514,1.1547343730926514,1.15340256690979,1.1538017988204956
1786028400.0,1.1538017988204956,1.1538017988204956,1.1522064208984375,1.1524720191955566
1786032000.0,1.152339220046997,1.1526048183441162,1.1519410610198975,1.152339220046997
1786035600.0,1.1524720191955566,1.1526048183441162,1.1520737409591675,1.1526048183441162
1786039200.0,1.1526048183441162,1.1527377367019653,1.1524720191955566,1.1527377367019653
1786042800.0,1.1527377367019653,1.1528706550598145,1.1522064208984375,1.1526048183441162
1786046400.0,1.1526048183441162,1.1527377367019653,1.1522064208984375,1.1527377367019653
1786050000.0,1.1530035734176636,1.1530035734176636,1.1522064208984375,1.1524720191955566
1786053600.0,1.1526048183441162,1.1526048183441162,1.1524720191955566,1.1524720191955566
1786057200.0,1.1526048183441162,1.1527377367019653,1.1526048183441162,1.1527377367019653
1786060800.0,1.1526048183441162,1.1527377367019653,1.1522064208984375,1.1522064208984375
1786064400.0,1.152339220046997,1.1528706550598145,1.1522064208984375,1.1524720191955566
1786068000.0,1.1526048183441162,1.1527377367019653,1.1524720191955566,1.1524720191955566
1786071600.0,1.1524720191955566,1.1526048183441162,1.152339220046997,1.1526048183441162
1786075200.0,1.1526048183441162,1.1527377367019653,1.1524720191955566,1.1527377367019653
1786078800.0,1.1527377367019653,1.1528706550598145,1.1524720191955566,1.1526048183441162
1786082400.0,1.1527377367019653,1.1528706550598145,1.1524720191955566,1.1526048183441162
1786086000.0,1.1524720191955566,1.1527377367019653,1.1522064208984375,1.1526048183441162
1786089600.0,1.1526048183441162,1.1528706550598145,1.1522064208984375,1.1526048183441162
1786093200.0,1.1527377367019653,1.15340256690979,1.1527377367019653,1.1531364917755127
1786096800.0,1.1532695293426514,1.1532695293426514,1.1528706550598145,1.1530035734176636
1786100400.0,1.1531364917755127,1.1536686420440674,1.1530035734176636,1.1536686420440674
1786104000.0,1.1538017988204956,1.1582117080688477,1.1532695293426514,1.1576753854751587
1786107600.0,1.1576753854751587,1.1578094959259033,1.1560693979263306,1.1560693979263306
1786111200.0,1.1560693979263306,1.156738042831421,1.155401587486267,1.1556684970855713
1786114800.0,1.1558021306991577,1.156738042831421,1.155401587486267,1.156203031539917
1786118400.0,1.156203031539917,1.1570056676864624,1.156203031539917,1.156203031539917
1786122000.0,1.156203031539917,1.1566041707992554,1.156203031539917,1.1564704179763794
1786125600.0,1.156336784362793,1.156738042831421,1.156203031539917,1.1566041707992554